TICID,RA,Dec,Tmag,Keywords
120896927,36.8676,-27.6368,8.32,G09031;G09123;20SECONDTARGET
120897195,36.7983,-26.8216,8.55,G09062
120916706,37.1084,-25.0973,15.62,G09123;G09123
120917031,37.2037,-24.9818,8.47,G09062
120931911,37.3946,-24.1037,6.47,G09062
139472130,35.8099,-29.87,7.01,G09062;20SECONDTARGET
139472191,35.7797,-29.5465,10.74,G09123
139483877,35.8727,-26.4892,16.23,G09102;20SECONDTARGET
139485218,36.0372,-24.5708,12.83,G09123
139523946,36.1508,-26.281,15.98,G09102;20SECONDTARGET
139524482,36.2042,-29.8632,8.29,G09062
139525924,36.4256,-27.1442,8.01,G09062
164772507,26.8415,-21.9478,15.23,G09102;G09166;20SECONDTARGET
164789799,27.775,-19.9518,15.68,G09016;G09102;G09017
257395987,34.8436,-18.0752,9.48,G09020
257505350,31.3502,-17.4371,9.32,G09062
257505374,31.2804,-17.6159,7.95,G09123
257505425,31.3515,-17.8912,15.66,G09102;G09166;20SECONDTARGET
266679787,28.1058,-20.6113,8.13,G09062;G09123
266680498,28.2107,-19.5077,6.98,G09062;G09123;20SECONDTARGET
266680717,28.2639,-20.9717,8.77,G09062
266680732,28.2995,-21.0948,9.41,G09123
266716154,28.3692,-20.2691,12.25,G09123
266717906,28.6606,-21.2659,9.48,G09062
266724047,28.9546,-20.5637,7.57,G09062
266735682,29.208,-21.1954,10.37,G09196
266736348,29.2208,-18.7163,12.81,G09180
266736349,29.224,-18.7186,11.02,G09180
266748633,29.7279,-21.1322,6.82,G09062;20SECONDTARGET
266769521,29.7516,-22.9182,7.04,G09062
266769586,29.7616,-23.3853,9.14,G09123
266769592,29.8572,-23.436,7.69,G09062
266769744,29.9235,-23.7224,13.19,G09123
266784171,29.9879,-22.5272,9.94,G09123
266786359,30.4408,-22.3466,12.61,G09180
266786360,30.4394,-22.3456,12.4,G09180
266787391,30.5396,-20.731,12.81,G09194
266817168,31.0774,-19.3678,7.78,G09123
266855794,31.4973,-22.1503,7.72,G09062
268752640,31.6895,-23.2715,15.72,G09102;G09166;20SECONDTARGET
268765554,31.7837,-18.1696,12.55,G09123;20SECONDTARGET
268766053,31.9091,-20.6618,11.76,G09058;G09114;G09031;20SECONDTARGET
268767637,32.1983,-18.2473,11.06,G09180
268767639,32.2066,-18.2487,12.51,G09180
268804003,33.2582,-19.9758,16.4,G09016;G09102;G09017
268804174,33.3037,-21.196,8.45,G09123;G09123
268855656,33.589,-22.9136,16.87,G09102;20SECONDTARGET
268858501,33.7591,-23.5411,6.56,G09062
268859450,33.9247,-18.7591,12.57,G09180
268859453,33.9245,-18.7575,12.57,G09180
268859658,33.942,-18.2391,7.48,G09123
268860764,34.1712,-23.1693,10.4,G09123;20SECONDTARGET
268862474,34.2858,-23.31,13.11,G09123
268862481,34.2289,-23.3704,11.57,G09123
273880637,34.5518,-18.0336,12.74,G09123
273881290,35.2758,-21.1909,16.83,G09016;G09102;G09017;G09166
279342801,35.5829,-23.4156,12.21,G09102;20SECONDTARGET
279342892,35.6371,-23.8168,4.6,G09062;20SECONDTARGET
279343190,35.6719,-21.8319,12.92,G09123
279370312,35.8482,-23.3088,11.53,G09123;20SECONDTARGET
290170805,32.1899,-17.5538,9.15,G09062
313937691,30.3953,-25.6344,8.41,G09062
313938887,30.4241,-26.844,16.83,G09016;G09102;G09017
313939650,30.6293,-25.5354,9.8,G09062
33466447,25.3845,-24.8977,9.65,G09180
33466448,25.3877,-24.8955,12.18,G09180
33490778,25.953,-24.0865,11.95,G09102;20SECONDTARGET
33492406,26.2571,-26.0373,13.01,G09123
33492996,26.4129,-25.053,4.98,G09062;20SECONDTARGET
33524869,26.9322,-27.1957,15.99,G09016;G09102;G09017
33525887,26.9972,-26.4594,13.17,G09123
33526324,27.1797,-23.8697,7.47,G09062
33526761,27.1508,-26.5552,9.17,G09123
33528329,27.382,-24.109,9.29,G09062
33575914,27.9775,-25.6711,12.83,G09123
33576194,28.0026,-27.1133,8.54,G09062
33576915,28.0567,-27.7558,8.07,G09194;G09062;20SECONDTARGET
33596593,29.0739,-24.1314,8.04,G09062
33625362,29.0862,-26.2559,10.79,G09123
33626362,29.3329,-27.7456,9.13,G09062
33664569,30.0631,-24.7654,10.73,G09123
33664799,30.1199,-26.222,8.4,G09062
423750380,29.8217,-17.7772,11.85,G09123;G09180
423750384,29.8227,-17.7791,12.36,G09180;20SECONDTARGET
423761655,30.0551,-17.4791,12.21,G09102;20SECONDTARGET
469974958,32.4138,-18.1739,13.36,G09102;20SECONDTARGET
62380991,28.9837,-17.2221,12.03,G09180
62380992,28.9739,-17.2095,8.65,G09180
62425115,29.7421,-16.671,12.69,G09123
632165592,31.8211,-28.9821,18.36,G09016;G09017
632167587,30.1608,-28.3323,19.14,G09016
632167602,30.1386,-28.2571,18.55,G09016;G09017
632167876,30.6628,-28.2664,17.97,G09016;G09102;G09017;G09166
632168003,31.3474,-28.1649,18.94,G09016;G09017
632190921,29.9202,-28.1779,18.84,G09041
632191126,29.9574,-27.8589,18.73,G09016;G09017
632191421,29.218,-27.8562,18.42,G09016;G09017
632191904,30.3829,-27.6146,13.3,G09194
632194405,30.0975,-26.489,19.23,G09016
632194640,29.4033,-26.6414,18.01,G09016;G09017;G09166
632199439,28.2338,-27.0135,18.56,G09016;G09017
632200361,28.022,-26.3061,18.83,G09016;G09017
632202232,26.9726,-25.9259,17.81,G09016;G09102;G09017;G09166
632202901,28.5332,-25.3688,18.85,G09016;G09017
632203387,27.6575,-25.1086,18.64,G09016;G09017
632203567,27.9988,-25.0545,17.11,G09016;G09102;G09166;20SECONDTARGET
632231028,25.6218,-26.2314,18.39,G09016;G09017
632234113,27.0351,-25.5458,14.9,G09016;G09102;G09017
632234677,26.751,-25.0535,18.84,G09016;G09017
632234743,26.8652,-24.8532,17.89,G09016;G09017
632235475,27.1649,-24.7628,17.61,G09016;G09102;G09017;G09166
632235755,27.4708,-24.4856,18.32,G09016;G09017
632237129,26.0558,-24.0158,18.35,G09016;G09017
632244046,26.206,-23.7517,18.54,G09016;G09017
632244091,26.1428,-23.5693,18.8,G09016;G09017
632327262,34.7668,-29.6721,18.69,G09016;G09017
632327497,35.2521,-29.875,18.71,G09016;G09017
632327628,35.2475,-29.595,18.44,G09016;G09017
632327783,35.5281,-29.5418,18.49,G09016;G09017
632328880,36.574,-29.3982,17.02,G09016;G09102;G09017;G09166
632330102,37.308,-28.6721,19.08,G09016;G09017
632331095,35.9718,-29.0529,19.27,G09016
632331122,36.1387,-28.9167,18.24,G09016;G09017
632332228,36.5134,-28.3431,17.45,G09016;G09102;G09017;G09166
632332425,36.4358,-28.1282,18.22,G09016;G09017
632333025,36.2346,-27.7215,17.2,G09102;G09166
632333250,36.3719,-27.5991,18.64,G09016;G09017
632333301,36.5789,-27.4363,19.22,G09016
632338860,37.9714,-27.3267,19.05,G09016
632340350,37.6282,-27.2744,19.24,G09016
632341115,38.1019,-26.9937,19.04,G09016;G09017
632341549,37.6283,-26.8749,18.71,G09016;G09017
632341912,37.7796,-26.3241,19.17,G09016
632347223,34.3094,-29.0483,19.09,G09016
632347957,34.4928,-28.524,18.84,G09016;G09017
632348386,33.0974,-28.9647,18.8,G09016;G09017
632350194,33.4141,-27.8978,17.46,G09016;G09102;G09017;G09166
632351223,34.8203,-28.0827,17.38,G09016;G09102;G09017
632351415,34.83,-27.8311,17.98,G09016;G09017
632353074,34.3431,-27.5288,19.23,G09016
632354506,35.7198,-26.5831,17.96,G09016;G09102;G09017;G09166
632354561,35.4146,-26.5555,18.04,G09016;G09017
632354757,35.0335,-26.6364,18.45,G09016;G09017
632354903,34.7247,-26.4232,17.86,G09016;G09102;G09017;G09166
632355611,32.8178,-27.8924,17.9,G09016;G09102;G09017;G09166
632355773,32.0156,-28.1472,18.64,G09016;G09017
632356415,33.044,-27.7878,17.7,G09016;G09102;G09017
632357594,31.7164,-27.605,16.9,G09102;20SECONDTARGET
632358703,32.3995,-27.0038,17.84,G09016;G09102;G09017
632359557,32.3069,-26.5677,18.78,G09016;G09017
632359928,33.7019,-27.0074,18.93,G09016;G09017
632360769,34.0492,-26.281,18.48,G09016;G09017
632361799,34.5803,-25.6728,18.67,G09016;G09017
632362562,32.7448,-26.1167,16.97,G09016;G09102;G09017
632365826,36.7353,-25.9235,18.64,G09016;G09017
632366621,36.1823,-25.7903,19.03,G09016
632368159,36.4596,-24.8214,19.25,G09016
632368397,37.8963,-25.4543,18.91,G09016;G09017
632369110,37.7243,-24.9962,18.55,G09016;G09017
632369999,38.6946,-24.4593,16.94,G09177
632370805,37.0305,-24.6662,18.12,G09016;G09017
632370986,37.337,-24.4351,15.87,G09016;G09102;G09017;G09166
632371188,37.1889,-24.0999,19.3,G09016
632371784,37.7569,-23.9725,18.6,G09016;G09017
632373655,36.0256,-24.5252,18.54,G09016;G09017
632373929,35.5568,-24.4612,18.82,G09016;G09017
632374591,35.0253,-24.6162,18.76,G09016;G09017
632375232,34.5001,-24.1253,18.58,G09016;G09017
632375289,35.2216,-24.4214,18.92,G09016;G09017
632375304,35.1471,-24.4194,18.88,G09016;G09017
632375837,34.6801,-24.1118,18.5,G09016;G09017
632376250,35.1709,-23.5499,18.97,G09016;G09017
632376843,36.1539,-24.1341,19.18,G09016
632377658,37.6755,-23.3876,18.67,G09016;G09017
632377723,37.7697,-23.181,18.78,G09016;G09017
632378078,36.837,-23.2082,18.59,G09016;G09017
632378481,36.0041,-23.5141,19.07,G09016
632378733,36.083,-23.3879,17.05,G09102;20SECONDTARGET
632379220,36.0883,-22.9254,17.89,G09016;G09102;G09017
632379895,36.8905,-22.4222,18.83,G09016;G09017
632379990,36.3482,-22.7765,18.17,G09016;G09017
632380377,36.6444,-22.24,18.72,G09016;G09017
632381005,31.3768,-26.3705,17.79,G09016;G09102;G09017
632382270,31.3684,-26.1614,18.5,G09016;G09017
632383494,29.9296,-26.0149,17.97,G09016;G09017
632385416,32.0421,-25.627,18.52,G09016;G09017
632386014,32.4035,-25.0944,17.88,G09016;G09102;G09017;G09166
632388614,32.7062,-24.0972,19.0,G09016;G09017
632388814,32.0945,-24.1681,18.14,G09016;G09017
632389022,32.0599,-23.7551,18.71,G09016;G09017
632390036,29.0894,-25.291,19.15,G09016
632390237,29.6991,-25.0532,17.84,G09016;G09017
632390470,29.4215,-24.8065,19.12,G09016
632390740,30.2908,-24.898,18.39,G09016;G09017
632391707,29.0831,-24.918,18.23,G09016;G09017
632392597,28.9397,-24.237,18.44,G09016;G09017
632392907,29.5923,-24.278,18.87,G09016;G09017
632393101,29.7927,-24.0607,18.96,G09016;G09017
632393197,29.6941,-24.0201,18.93,G09016;G09017
632393556,29.2998,-23.8565,17.14,G09016;G09102;G09017
632394796,30.691,-23.6034,18.43,G09016;G09017
632395106,32.0629,-23.5556,17.3,G09102
632395467,31.0328,-23.3465,19.25,G09016
632397325,31.3894,-22.4401,18.68,G09016;G09017
632397927,33.6356,-24.4996,18.65,G09016;G09017
632399291,34.792,-23.3063,18.73,G09016;G09017
632401274,34.0444,-22.4405,18.65,G09016;G09017
632401734,33.562,-22.2057,17.02,G09102;G09166
632402566,34.8613,-22.4491,18.19,G09016;G09017
632402686,35.1595,-22.3468,17.65,G09016;G09102;G09017;G09166
632402730,34.8903,-22.3908,18.28,G09016;G09017
632403470,35.2707,-22.1234,18.91,G09016;G09017
632403982,34.2389,-22.4566,18.97,G09016;G09017
632404103,34.8827,-22.2177,17.47,G09016;G09102;G09017;G09166
632404135,34.7108,-22.1446,18.78,G09016;G09017
632404831,35.0879,-21.8526,18.81,G09016;G09017
632405643,35.0493,-21.1084,17.39,G09102;G09166
632406868,32.7768,-22.3633,19.18,G09016
632408384,31.369,-21.883,19.11,G09016;G09017
632411426,34.569,-20.592,19.02,G09016;G09017
632411447,34.3252,-20.5844,18.82,G09016;G09017
632411454,34.3962,-20.5421,18.63,G09016;G09017
632411506,34.556,-20.4383,19.0,G09016;G09017
632412241,32.866,-20.7613,18.72,G09016;G09017
632412563,32.9154,-20.4291,18.38,G09016;G09017
632413048,34.0119,-20.053,18.61,G09016;G09017
632415183,38.9547,-23.6994,18.14,G09016;G09017
632416256,39.4177,-22.8536,17.12,G09016;G09102;G09017;G09166
632417095,39.8777,-22.2779,18.26,G09016;G09017
632417815,38.5819,-22.6422,19.17,G09016
632417825,38.3849,-22.6824,18.5,G09016;G09017
632418178,37.6735,-22.5787,17.39,G09016;G09102;G09017;G09166
632418386,37.9137,-22.3059,16.98,G09102;G09166;20SECONDTARGET
632418926,39.058,-21.9891,18.48,G09016;G09017
632420546,37.244,-21.6258,17.99,G09016;G09017
632421172,37.8029,-21.429,17.37,G09016;G09102;G09017;G09166
632421478,37.9715,-21.0598,19.18,G09016
632421540,37.743,-21.0632,17.18,G09016;G09102;G09017;G09166
632422270,38.8672,-21.4843,17.62,G09016;G09102;G09017
632423641,39.0014,-20.5217,18.22,G09016;G09017
632424379,39.4022,-20.1421,17.95,G09016;G09102;G09017;G09166
632426897,37.5377,-20.9102,18.17,G09016;G09017
632427011,37.496,-20.8092,19.11,G09016
632427124,37.5707,-20.5313,18.46,G09016;G09017
632427494,37.3762,-20.3648,17.88,G09016;G09102;G09017;G09166
632427960,36.0538,-20.897,18.98,G09016;G09017
632428986,36.8842,-20.3051,18.34,G09016;G09017
632429890,37.741,-20.3261,18.62,G09016;G09017
632429913,37.9889,-20.2834,16.66,G09177
632429988,38.2358,-20.2734,19.08,G09016
632430983,39.2667,-19.5481,18.71,G09016;G09017
632431189,38.2934,-19.532,17.99,G09102
632432703,37.7435,-19.122,19.15,G09016
632432750,38.0244,-19.02,18.53,G09016;G09017
632432821,38.2092,-18.9772,17.87,G09016;G09102;G09017
632433594,35.283,-20.3308,17.3,G09016;G09102;G09017
632433804,35.4628,-20.1834,19.01,G09016;G09017
632434694,35.5837,-19.7269,18.68,G09016;G09017
632435910,34.6486,-19.5873,17.38,G09016;G09102;G09017
632436109,34.273,-19.5502,18.54,G09016;G09017
632437282,35.2682,-18.5555,18.91,G09016;G09017
632437401,35.0212,-18.3707,18.46,G09016;G09017
632438548,37.1442,-18.6269,18.58,G09016;G09017
632439588,36.3338,-18.4152,18.05,G09016;G09017
632452005,27.9756,-24.1306,19.13,G09016
632453199,29.248,-23.5218,19.14,G09016
632453624,28.4112,-23.1822,18.75,G09016;G09017
632453914,27.5301,-23.812,18.25,G09016;G09017
632454266,28.0513,-23.3626,19.18,G09016
632454634,26.9822,-23.3861,18.76,G09016;G09017
632455507,27.8855,-22.7922,17.47,G09016;G09102;G09017;G09166
632455701,27.8068,-22.5101,18.92,G09016;G09017
632455879,28.2554,-22.2996,17.99,G09016;G09102;G09017;G09166
632456306,29.9509,-22.822,19.0,G09016;G09017
632456741,28.9949,-22.6396,17.95,G09016;G09102;G09017
632457082,29.4269,-22.2327,17.76,G09016;G09102;G09017;G09166
632457162,30.2227,-22.4599,17.16,G09016;G09102;G09017
632457557,30.4894,-21.891,17.52,G09016;G09102;G09017
632458384,29.2826,-22.1201,19.2,G09016
632458733,28.2362,-22.1239,19.2,G09016
632458834,28.8765,-21.9688,18.3,G09016;G09017
632459417,30.0041,-21.4899,18.38,G09016;G09017
632459715,29.2432,-21.4191,18.03,G09016;G09017
632464851,27.8372,-21.507,19.07,G09016
632465428,28.7167,-21.0299,18.33,G09016;G09017
632465704,28.8966,-20.7702,17.17,G09016;G09102;G09017;G09166
632465835,28.4796,-20.7945,18.14,G09016;G09017
632466221,28.7513,-20.3153,17.4,G09016;G09102;G09017
632467905,28.1856,-20.0196,18.37,G09016;G09017
632468844,30.5351,-21.3861,18.79,G09016;G09017
632469006,30.8665,-21.1276,18.98,G09016;G09017
632469238,31.6888,-21.1473,17.62,G09016;G09102;G09017
632469629,31.81,-20.6442,18.45,G09016;G09017
632471337,30.8286,-20.4442,18.46,G09016;G09017
632472115,30.6719,-19.8162,17.78,G09016;G09102;G09017;G09166
632472371,32.3769,-20.326,18.65,G09016;G09017
632472952,32.2502,-19.8902,17.91,G09016;G09102;G09017;G09166
632472967,32.3251,-19.8234,19.2,G09016
632473510,33.5885,-19.4722,17.77,G09102
632474152,32.8496,-19.0414,19.08,G09016
632474415,31.4636,-19.6904,18.88,G09016;G09017
632477148,29.2814,-19.7674,17.86,G09016;G09017
632478407,28.9001,-19.7067,19.21,G09016
632480250,29.4518,-18.339,18.84,G09016;G09017
632481611,32.1607,-18.3381,18.95,G09016;G09017
632481833,31.215,-18.3986,19.0,G09016;G09017
632482421,30.0919,-18.6408,18.3,G09016;G09017
632482999,29.994,-18.0961,18.11,G09016;G09017
632483015,29.8905,-18.0469,19.14,G09016
632500918,28.2436,-19.2557,18.86,G09016;G09017
632502739,28.5195,-17.9187,19.25,G09016
632504919,29.6125,-17.8569,17.55,G09016;G09102;G09017
632505592,29.2378,-17.3446,17.64,G09016;G09102;G09017;G09166
632506450,29.8864,-17.0625,18.67,G09016;G09017
632506457,29.8263,-17.0377,18.28,G09016;G09017
632518524,33.7647,-18.4725,19.16,G09016;G09017
632520793,33.9897,-17.6145,18.05,G09016;G09017
632521010,33.3568,-17.5997,18.23,G09016;G09017
632521095,33.3869,-17.3724,18.78,G09016;G09017
632521130,33.6773,-17.4204,18.54,G09016;G09017
632525338,32.5831,-17.4607,19.16,G09016
632525340,32.6161,-17.43,18.66,G09016;G09017
632525932,33.3767,-17.2509,18.54,G09016;G09017
632527401,31.1753,-16.9814,18.98,G09016;G09017
63940522,35.9785,-18.8803,11.36,G09180
63940523,35.9795,-18.8799,11.42,G09180
63941625,36.1333,-22.7572,10.1,G09180
63941626,36.1317,-22.7549,9.86,G09180
63941686,36.1339,-22.3039,12.06,G09123
63942870,36.351,-21.8105,7.17,G09062
63958517,36.7847,-19.2879,9.33,G09062
63975017,36.9222,-18.9906,16.13,G09016;G09102;G09017;G09166
64008164,37.1742,-19.7989,7.54,G09062;20SECONDTARGET
64008346,37.2149,-18.619,7.55,G09062;20SECONDTARGET
64008666,37.2796,-19.289,7.54,G09062
64008790,37.3686,-20.2047,11.03,G09123
64009050,37.327,-21.9915,12.43,G09180
64009051,37.3212,-21.9916,11.78,G09180
64033264,37.8948,-23.7674,11.74,G09123
64033287,37.994,-23.9293,8.48,G09062
64068679,38.6992,-22.3792,11.03,G09123
64068996,38.783,-20.5601,16.13,G09102
64070180,38.841,-22.8567,16.74,G09016;G09102;G09102;G09102;G09102;G09017
64071894,39.1367,-22.2449,9.64,G09031
64105291,39.3152,-22.3832,11.64,G09123
64107645,39.7601,-20.8872,8.14,G09062
64108432,39.8723,-20.0401,10.14,G09079;G09036;G09039
64109713,39.9911,-19.5251,15.68,G09123
65324009,38.8399,-24.0176,15.1,G09102;20SECONDTARGET
70556495,37.6731,-28.0073,16.65,G09102
72623068,31.8037,-27.8193,8.22,G09062
72638232,32.0578,-24.6957,7.71,G09123
72639014,32.1972,-28.1494,12.42,G09123
72653150,32.9792,-26.3085,8.78,G09062
72667052,33.0804,-26.6402,8.24,G09062
72667488,33.2994,-23.9097,14.62,G09102
72667734,33.2843,-25.449,13.84,G09123
72668830,33.45,-27.8679,10.42,G09031
72669052,33.459,-26.4179,9.53,G09123
72669116,33.3587,-25.9315,14.49,G09123
72669302,33.4003,-24.79,7.42,G09062
72689780,33.5817,-27.9083,7.21,G09062
72689806,33.4864,-28.1734,15.45,G09102;G09166;20SECONDTARGET
72690118,33.6791,-29.358,9.65,G09062
72705077,33.7464,-29.1872,8.8,G09062
72731086,34.5093,-24.6399,10.32,G09123
72746624,34.5871,-27.2684,13.42,G09123
72747245,34.5378,-29.1036,12.36,G09180
72747247,34.5352,-29.1059,11.41,G09180
72747400,34.64,-29.6713,8.47,G09062
72763465,35.0009,-24.4799,8.43,G09062
72764769,35.2396,-28.0305,13.54,G09123
1028794,33.8055,-6.9842,11.59,G09180
1028795,33.8182,-6.9877,12.87,G09180
1030077,33.9222,-9.0157,16.03,G09102;G09166
1030901,34.0231,-8.2267,9.25,G09062
1031299,33.996,-9.4869,10.22,G09123;20SECONDTARGET
1031383,34.0681,-9.8215,6.34,G09062;20SECONDTARGET
1031421,34.0713,-9.9204,16.05,G09102;20SECONDTARGET
1032642,34.1136,-10.4995,12.66,G09180
1032644,34.1124,-10.4993,11.77,G09180
1045526,34.3354,-6.9412,17.26,G09016;G09102;G09017
1045737,34.4961,-6.1988,12.19,G09123
1112857,36.0527,-6.7892,8.35,G09062
1114115,36.3902,-11.7844,10.72,G09123
1114345,36.299,-10.4737,8.49,G09123
1118463,36.4739,-9.9023,7.73,G09062
1119096,36.5281,-10.3784,10.41,G09123
1123245,36.6468,-11.2971,9.67,G09062
1123472,36.8708,-11.1465,8.86,G09123
1127571,36.9807,-10.4629,9.58,G09123
1129033,37.1558,-7.0607,9.63,G09194;G09114;20SECONDTARGET
1129777,37.1941,-11.347,6.64,G09062;20SECONDTARGET
1130183,37.3097,-10.1649,11.44,G09123
1150453,37.4606,-10.3446,14.65,G09123
167450832,33.1401,-9.4455,12.12,G09180
167450834,33.1424,-9.4418,12.68,G09180
167452350,33.4259,-10.0715,8.06,G09062
257484757,30.7677,-12.4847,14.52,G09166;20SECONDTARGET
257485190,30.791,-15.1528,9.63,G09062
257499753,31.1299,-13.8131,7.89,G09062
257506060,31.4543,-13.6411,16.21,G09102;20SECONDTARGET
289719891,36.1313,-17.2801,13.51,G09123
289719940,36.192,-16.9267,11.12,G09123
289720470,36.1178,-13.2933,7.23,G09062
289720545,36.218,-12.7608,13.52,G09123
289730067,36.221,-16.1743,17.21,G09016;G09017
289730802,36.4621,-14.5431,12.52,G09004;20SECONDTARGET
289730842,36.4603,-14.2363,11.76,G09123
289731195,36.4953,-12.1162,12.28,G09123
290168477,31.6429,-14.4646,7.48,G09062;20SECONDTARGET
290170658,31.9424,-12.4162,13.2,G09123
290177950,32.5119,-12.0404,9.67,G09062
290178078,32.5115,-12.8049,11.16,G09123
290178137,32.608,-13.1326,9.74,G09123
29940696,41.7888,-15.3771,7.91,G09062
29958206,41.9297,-12.6611,9.56,G09062
29960084,42.281,-14.6981,12.48,G09004
29960110,42.2482,-14.5371,10.95,G09031;G09123;20SECONDTARGET
302384263,33.0792,-13.5123,9.7,G09123
302438166,33.4669,-13.6183,12.97,G09123
302439949,33.713,-15.2462,10.6,G09123
302457214,33.6479,-12.9128,8.87,G09062
302457612,33.8344,-13.0163,9.83,G09123
302459510,33.9575,-12.6727,10.73,G09123
302465470,34.2852,-14.0867,10.36,G09123
302498974,34.4841,-13.4532,12.77,G09004;G09123
302512634,34.6234,-14.0812,16.68,G09016;G09102;G09017
302512930,34.6661,-12.3673,11.47,G09123
302514873,34.8562,-13.3526,11.71,G09123
302514966,34.9152,-12.7617,8.34,G09062
302515452,35.1684,-15.2462,9.79,G09123
302515524,35.1573,-14.6277,10.71,G09180
302515531,35.1296,-14.5921,10.87,G09180
325681386,36.8948,-16.11,13.94,G09123
325682877,37.1105,-12.5497,11.25,G09031
325684857,37.3306,-12.2921,17.39,G09102
326242565,41.2783,-18.5723,4.03,G09062;G09157;20SECONDTARGET
332954263,35.4686,-5.6989,9.96,G09062
332966927,35.8358,-4.9853,16.81,G09016;G09102;G09017
35101740,35.4112,-15.7683,7.56,G09062
35101904,35.4371,-16.3009,11.76,G09180;G09180
35121456,35.8455,-16.0864,13.3,G09123
35121538,35.7458,-15.542,9.27,G09123
36729678,40.4273,-8.3103,11.74,G09194
36729992,40.419,-9.9778,17.0,G09016;G09102;G09017;G09166
36756564,40.6707,-10.4079,8.47,G09062
36756798,40.679,-11.7794,17.31,G09041;G09102;G09166;20SECONDTARGET
36758163,40.9656,-7.1994,8.18,G09062
36831326,42.3337,-10.5509,7.48,G09062;20SECONDTARGET
36837209,42.4056,-9.5254,8.04,G09062
36837689,42.5959,-11.5338,8.05,G09062
36845873,42.9511,-8.2285,12.06,G09004
36883072,43.3638,-8.8481,7.27,G09123
36883881,43.5293,-10.4423,6.52,G09062
382391899,43.6881,-10.898,11.05,G09058;G09114;20SECONDTARGET
398734243,32.3563,-10.1818,9.07,G09062
404477044,37.4491,-13.2479,8.02,G09020;G09062
404477181,37.3657,-12.5418,10.04,G09123
406450511,32.9133,-7.3737,12.11,G09180
406450513,32.9162,-7.3724,11.71,G09180
406450972,34.7956,-7.1161,12.23,G09123
408110150,32.6874,-9.6405,12.38,G09004;G09123
408110461,32.7078,-7.6848,9.45,G09123
408118225,32.839,-8.6634,13.08,G09123
408118468,32.8424,-10.0534,5.6,G09062;20SECONDTARGET
408128462,35.0917,-8.1418,12.67,G09123
408130113,35.5075,-10.7781,5.09,G09062;20SECONDTARGET
408156736,35.0441,-12.8706,19.01,G09041;G09016;G09017
425077106,41.2434,-17.7811,8.72,G09062
425077133,41.2625,-17.5808,8.01,G09062
425077204,41.2601,-17.2056,15.67,G09102;G09166;20SECONDTARGET
425079955,41.4724,-12.706,15.18,G09102;G09166;20SECONDTARGET
427544839,35.5569,-5.8224,12.29,G09123
441126758,39.4622,-13.1286,7.17,G09062
441130425,40.0108,-12.278,9.35,G09062
441131540,40.0648,-16.5274,16.57,G09016;G09102;G09017
441132837,40.2829,-15.3789,11.68,G09194
441133691,40.3761,-15.101,6.79,G09062
441133778,40.3921,-14.549,5.56,G09062;20SECONDTARGET
441152101,40.8488,-14.6669,16.31,G09102;20SECONDTARGET
441154168,41.0645,-13.6049,12.63,G09004
4620716,37.5191,-7.0794,17.14,G09102
4621616,37.7301,-9.936,12.29,G09194
4628129,37.8442,-7.8119,8.63,G09062
4628419,37.7663,-6.3362,9.43,G09062
4629065,37.8744,-9.0593,10.85,G09020
4645960,38.2188,-8.5532,12.61,G09004
4646810,38.2707,-10.3525,8.87,G09031;G09123;20SECONDTARGET
4671860,38.4553,-7.2605,15.04,G09102;20SECONDTARGET
4672985,38.4708,-10.6575,10.99,G09079;G09036;G09039;G09123;20SECONDTARGET
4698361,38.7338,-6.1536,16.44,G09102;20SECONDTARGET
4715644,38.9689,-8.5655,8.44,G09062
4716763,39.1785,-8.8579,12.89,G09102;20SECONDTARGET
4723156,39.4429,-7.0999,12.49,G09004
4742417,39.7553,-8.9284,6.35,G09062
4746174,39.8184,-11.4253,17.11,G09016;G09102;G09017
4746221,39.8222,-11.748,7.45,G09062
4746245,39.8921,-11.8739,4.29,G09062;20SECONDTARGET
4748040,40.0507,-9.4535,5.3,G09062;20SECONDTARGET
630047389,31.6823,-10.7051,18.53,G09016;G09017
630050036,32.4004,-10.3533,17.95,G09102
630050422,32.0566,-10.1554,18.4,G09016;G09017
630050678,32.5326,-9.8255,18.78,G09016;G09017
630050971,32.7603,-9.8969,18.78,G09016;G09017
630050988,32.811,-9.8392,18.89,G09016;G09017
630053288,32.6511,-8.9304,19.13,G09016
630168263,33.4367,-8.8187,19.3,G09016
630168986,34.8111,-8.3492,18.99,G09016;G09017
630169289,34.4562,-8.245,18.86,G09016;G09017
630169843,33.4979,-8.5906,19.08,G09016
630169949,33.5283,-8.3888,18.02,G09016;G09017;G09166
630170502,33.1162,-8.0731,13.56,G09102;G09166
630170522,33.1808,-8.038,16.18,G09102;G09166
630170930,34.1897,-7.93,18.82,G09016;G09017
630171546,33.946,-7.5412,18.96,G09016;G09017
630171874,35.0567,-8.1287,17.57,G09016;G09102;G09017;G09166
630172425,34.6577,-7.6873,19.11,G09016
630172523,35.1057,-7.6084,16.03,G09016;G09102;G09017
630174666,34.1279,-6.8814,17.99,G09016;G09102;G09017;G09166
630175032,35.5697,-6.7292,18.29,G09016;G09017
630175517,35.3,-6.4234,17.73,G09102;G09166
630180690,33.4422,-6.62,17.22,G09016;G09102;G09017;G09166
630181081,33.5723,-6.3752,18.52,G09016;G09017
630182132,34.3496,-5.6228,18.65,G09016;G09017
630184488,36.3565,-6.8596,18.86,G09016;G09017
630184798,36.8396,-6.4992,19.05,G09016
630185680,37.7114,-6.1223,17.74,G09016;G09017
630185846,37.6372,-5.878,19.27,G09016
630186116,36.8468,-5.885,16.59,G09102
630186251,37.1709,-5.7525,17.85,G09016;G09102;G09017;G09166
630188017,35.9995,-5.3626,15.96,G09102;20SECONDTARGET
630192639,35.0914,-5.5491,18.13,G09016;G09017
630193607,35.6584,-5.0637,17.34,G09016;G09102;G09017
630195548,34.4505,-4.452,19.21,G09016
632439352,37.2036,-17.6544,19.17,G09016
632442406,39.6,-18.4062,19.23,G09016
632442637,39.8897,-17.9615,17.26,G09016;G09102;G09017
632444111,39.124,-17.5874,18.76,G09016;G09017
632445186,38.4005,-17.5685,18.8,G09016;G09017
632446050,39.0817,-17.1619,18.57,G09016;G09017
632446208,39.0522,-16.9262,17.39,G09016;G09102;G09017;G09166
632446380,38.1025,-16.9777,16.76,G09102;G09166;20SECONDTARGET
632447534,37.1186,-16.5242,18.77,G09016;G09017
632447642,37.9154,-16.7221,18.49,G09016;G09017
632447761,37.8433,-16.5864,18.42,G09016;G09017
632448397,38.1171,-15.9735,18.57,G09016;G09017
632449094,39.2837,-16.3835,18.65,G09016;G09017
632449167,38.9365,-16.2873,19.11,G09016
632449724,39.813,-15.5982,19.26,G09016
632449787,39.9155,-15.4785,18.93,G09016;G09017
632450879,39.5636,-15.3519,19.12,G09016
632451357,39.1049,-15.1385,18.32,G09016;G09017
632522351,35.9986,-17.1011,17.65,G09016;G09102;G09017;G09166
632523822,34.4651,-16.7592,18.68,G09016;G09017
632523857,34.6989,-16.6608,18.67,G09016;G09017
632524062,35.1462,-16.6907,17.9,G09016;G09102;G09017;G09166
632524394,35.4379,-16.3009,12.08,G09180
632524458,35.6131,-16.1527,18.06,G09016;G09017;G09166
632529467,33.9736,-15.9287,19.19,G09016
632530267,34.3618,-15.557,17.97,G09016;G09017
632530644,32.8634,-15.9526,19.09,G09016
632530872,33.1565,-15.6366,18.59,G09016;G09017
632531930,33.4357,-15.0611,19.03,G09041;G09016
632531999,33.8084,-15.0001,18.82,G09016;G09017
632532290,36.6253,-16.7321,17.68,G09166
632532314,36.8237,-16.7101,17.46,G09016;G09102;G09017;G09166
632532857,36.0096,-16.2679,17.72,G09016;G09102;G09017
632533348,37.2663,-15.8792,17.68,G09016;G09102;G09017
632534373,36.2826,-15.766,17.93,G09016;G09102;G09017;G09166
632534558,35.5951,-15.8077,18.81,G09016;G09017
632535077,36.7273,-15.5273,18.77,G09016;G09017
632535867,36.4032,-14.843,18.99,G09016;G09017
632536213,37.92,-15.184,17.73,G09016;G09102;G09017;G09166
632536442,37.6141,-15.3631,19.11,G09016
632536598,37.3214,-15.0644,17.69,G09016;G09102;G09017;G09166
632539834,35.1307,-15.5468,18.25,G09016;G09017
632539835,35.129,-15.5465,18.04,G09016;G09017
632540604,35.237,-14.8554,18.6,G09016;G09017
632541034,36.2242,-14.569,18.87,G09016;G09017
632541222,36.3403,-14.3401,17.86,G09016;G09017
632541910,34.1494,-14.7612,18.69,G09016;G09017
632542067,34.9796,-14.3367,18.58,G09016;G09017
632542242,34.3548,-14.5411,18.78,G09016;G09017
632543879,37.0977,-13.791,17.04,G09102;G09166;20SECONDTARGET
632544848,37.7292,-13.3443,19.21,G09016
632548830,31.9558,-15.6833,18.54,G09016;G09017
632550712,31.1869,-15.2831,19.2,G09016
632550745,31.412,-15.1665,18.46,G09016;G09017
632551412,30.9017,-14.549,19.07,G09016;G09017
632551516,32.529,-15.3645,19.07,G09016;G09017
632551777,32.6792,-15.1089,15.95,G09016;G09102;G09017;G09166
632552585,32.9681,-14.5806,17.42,G09016;G09102;G09017
632552675,33.6111,-14.5331,18.95,G09016;G09017
632552887,32.7507,-14.5522,18.45,G09016;G09017
632552891,32.6253,-14.5508,18.2,G09016;G09017
632553279,31.6521,-14.9639,19.19,G09016;G09017
632554847,32.1112,-13.7933,17.81,G09016;G09102;G09017
632556410,30.3076,-14.7931,18.32,G09016;G09017
632557148,30.2759,-14.204,16.9,G09016;G09102;G09017
632559922,30.6404,-14.0641,18.49,G09016;G09017
632560203,30.8791,-13.7879,18.01,G09016;G09017
632560336,30.6227,-13.5835,17.66,G09016;G09017
632561355,31.6678,-12.8735,19.07,G09016
632563780,34.0162,-13.6534,19.19,G09016
632564702,34.2673,-13.4092,18.8,G09016;G09017
632565150,33.0228,-13.8091,17.97,G09016;G09102;G09017
632565455,33.5261,-13.3484,19.08,G09016;G09017
632565796,32.7121,-13.1625,18.73,G09016;G09017
632568986,35.7234,-11.5895,18.79,G09016;G09017
632569582,34.3228,-12.1173,18.93,G09016;G09017
632569878,34.5649,-11.6552,19.04,G09016;G09017
632569974,34.4332,-11.5523,17.21,G09016;G09102;G09017;G09166
632571096,32.572,-12.8867,18.37,G09016;G09017
632572250,33.5389,-12.2009,18.23,G09016;G09017
632573582,31.5734,-11.9678,18.67,G09016;G09017
632575341,34.1522,-11.5434,18.96,G09016;G09017
632576510,34.58,-10.8885,18.75,G09016;G09017
632579543,39.57,-14.4541,18.17,G09016;G09017
632579899,39.3357,-14.0337,18.7,G09016;G09017
632580465,39.3324,-13.6426,17.02,G09016;G09102;G09017
632580873,39.3997,-13.2405,18.93,G09016;G09017
632581611,38.5729,-13.2257,18.11,G09016;G09017;G09166
632581909,38.5736,-12.956,18.82,G09016;G09017
632583274,39.499,-11.9399,18.59,G09016;G09017
632584851,38.3761,-12.2728,17.57,G09016;G09102;G09017;G09166
632585273,38.5777,-11.6349,18.91,G09016;G09017
632586263,38.0129,-11.8112,18.57,G09016;G09017
632587364,39.2368,-11.6085,17.97,G09016;G09102;G09017;G09166
632587773,38.8505,-11.4351,18.81,G09016;G09017
632588477,39.9051,-10.4273,18.71,G09016;G09017
632588785,39.1775,-10.9149,18.55,G09016;G09017
632588813,39.2526,-10.8086,17.64,G09016;G09102;G09017;G09166
632589124,38.3391,-10.7846,19.15,G09041
632589150,38.4108,-10.6411,17.42,G09016;G09102;G09017;G09166
632589387,38.545,-10.3913,19.21,G09016
632590501,39.7368,-9.4481,18.51,G09016;G09017
632591069,36.6132,-11.4171,18.77,G09016;G09017
632593077,36.0726,-10.9153,18.39,G09016;G09017
632593769,36.4065,-10.6695,18.67,G09016;G09017
632594114,37.0774,-10.0727,18.56,G09016;G09017
632595504,38.2169,-9.9627,17.44,G09016;G09102;G09017;G09166
632595561,37.773,-9.9345,19.15,G09016
632595730,38.677,-9.9388,18.97,G09016;G09017
632596041,38.8335,-9.5824,18.35,G09016;G09017
632596340,38.3893,-9.3904,18.58,G09016;G09017
632597473,37.3883,-9.2742,19.09,G09016
632600440,35.7708,-9.3734,18.96,G09016;G09017
632601291,33.95,-9.7043,18.81,G09016;G09017
632601404,33.9684,-9.4221,19.12,G09016
632601522,34.6539,-9.3288,17.36,G09016;G09102;G09017;G09166
632602071,35.4895,-9.005,18.62,G09016;G09017
632602492,35.447,-8.7097,18.42,G09016;G09017
632603912,37.0357,-8.5839,17.14,G09016;G09102;G09017
632604367,36.7572,-8.3318,18.85,G09016;G09017
632604505,37.3369,-8.1678,18.41,G09016;G09017
632604555,37.349,-8.0937,19.11,G09016
632606061,37.0671,-7.8727,19.07,G09016;G09017
632606185,36.679,-7.7027,18.49,G09016;G09017
632606299,36.1929,-7.8059,18.01,G09016;G09017;G09166
632606467,36.1076,-7.6524,19.21,G09016
632608443,39.0602,-8.135,19.12,G09016
632609510,39.1622,-7.809,18.26,G09016;G09017
632609658,39.0721,-7.5837,18.87,G09016;G09017
632610432,37.7994,-8.138,18.77,G09016;G09017
632611680,38.9108,-7.212,18.48,G09016;G09017
632611900,38.4419,-7.0893,18.7,G09016;G09017
632613718,38.4348,-6.4211,18.46,G09016;G09017
632613857,37.7762,-6.5875,18.07,G09016;G09017
632613896,37.422,-6.6453,18.15,G09016;G09017
632616340,38.403,-5.8844,17.82,G09016;G09017
64053930,38.4998,-18.1981,12.42,G09123
651808626,40.7191,-18.1383,19.25,G09016
651808931,41.4033,-17.5707,18.17,G09016;G09017
651811509,41.2998,-16.2255,18.5,G09016;G09017
651811840,40.406,-16.2473,18.68,G09016;G09017
651852017,40.8458,-14.6243,19.17,G09016
651852991,40.2311,-14.8603,19.28,G09016
651853014,40.3599,-14.7336,17.83,G09016;G09102;G09017
651853273,40.3127,-14.386,19.29,G09016
651854714,42.1862,-13.8694,18.66,G09016;G09017
651856061,42.9397,-13.1595,17.09,G09016;G09102;G09017
651856252,42.8405,-12.8791,18.41,G09016;G09017
651856848,41.2833,-13.1533,18.3,G09016;G09017
651856900,40.9507,-13.1473,19.23,G09016
651857802,41.9088,-12.4953,19.26,G09016
651945471,40.6815,-13.2223,17.33,G09016;G09102;G09017;G09166
651947896,40.528,-12.0246,18.59,G09016;G09017
651948363,40.7556,-11.7332,18.98,G09016;G09017
651948608,41.036,-11.4262,19.22,G09016
651948622,40.9133,-11.4285,18.8,G09016;G09017
651949384,40.3314,-11.0052,19.2,G09016
651949442,40.7054,-10.7911,18.75,G09016;G09017
651950406,41.814,-11.3829,17.38,G09016;G09102;G09017;G09166
651950786,43.1688,-11.0885,18.13,G09016;G09017
651950985,43.4355,-10.8485,18.88,G09016;G09017
651951134,43.2933,-10.5725,18.96,G09016;G09017
651951246,42.6728,-10.8338,18.45,G09016;G09017
651951891,41.5004,-10.8502,17.71,G09016;G09017
651952127,41.8795,-10.5529,18.62,G09016;G09017
651952655,42.1353,-10.5823,17.96,G09016;G09102;G09017;G09166
651955264,44.2578,-9.3405,17.83,G09016;G09102;G09017
651955427,44.2988,-9.0661,18.26,G09016;G09017
651955495,43.1369,-9.9857,19.02,G09016
651955548,43.028,-9.783,18.46,G09016;G09017
651956430,43.6984,-9.3968,11.96,G09194
651957637,40.8517,-10.381,18.35,G09016;G09017
651958096,40.3743,-10.1565,19.08,G09016
651958220,40.7799,-10.0203,17.41,G09016;G09102;G09017;G09166
651958619,41.5475,-9.7153,18.1,G09016;G09017
651961212,42.5249,-9.1674,18.07,G09016;G09017
651961656,41.9138,-8.808,18.83,G09016;G09017
651963244,42.0362,-8.5039,18.95,G09016;G09017
651963284,42.0396,-8.3257,19.09,G09016
651963358,41.6952,-8.3195,18.93,G09016;G09017
651965012,40.2178,-8.6411,18.8,G09016;G09017
651966343,40.6743,-7.5106,19.24,G09016
651966346,40.7745,-7.4768,17.72,G09016;G09102;G09017;G09166
651968314,40.7761,-6.8381,19.06,G09016
651978272,43.7792,-8.148,18.14,G09016;G09017;G09166
66555802,37.6754,-14.3461,16.59,G09016;G09102;G09017;G09166
66572802,37.5886,-13.1484,11.14,G09123
66572840,37.6624,-12.8983,10.04,G09020;20SECONDTARGET
66573379,37.8263,-14.2705,9.69,G09062
66604375,37.9813,-15.1077,9.33,G09062
66604391,38.0212,-15.2456,4.29,G09062;20SECONDTARGET
66605369,38.1582,-14.2028,15.1,G09102;20SECONDTARGET
66606102,38.3123,-13.9779,10.06,G09123
66606169,38.3139,-14.3625,7.12,G09062
66606212,38.3144,-14.6091,12.22,G09123
66626552,38.4807,-12.3374,6.56,G09123
66626624,38.5115,-12.716,14.27,G09102;20SECONDTARGET
66667555,38.9704,-15.2419,8.95,G09062
66667956,38.9861,-17.6328,6.29,G09062
66669075,39.2614,-12.1665,17.18,G09016;G09102;G09017;G09166
94943641,39.3582,-12.3596,15.36,G09102;20SECONDTARGET
10787002,20.0763,-10.4275,11.54,G09123
10787084,20.0127,-9.8843,6.24,G09062;20SECONDTARGET
10818907,20.3555,-8.0012,8.79,G09062
10837041,20.9221,-8.7021,10.42,G09123;G09010;20SECONDTARGET
10839729,25.4373,-11.3278,5.82,G09062;20SECONDTARGET
10863087,25.9385,-6.0447,10.39,G09123
10864081,26.1651,-11.656,7.82,G09062
10864129,26.1068,-11.2974,6.87,G09062
10864146,26.171,-11.2044,10.17,G09123
10879648,26.1821,-6.7661,5.75,G09194;20SECONDTARGET
10880669,26.3196,-10.9386,16.5,G09102;20SECONDTARGET
10880919,26.4117,-9.3833,10.66,G09123
10930140,26.4483,-9.9182,17.65,G09166
136842430,22.8083,-10.8963,7.39,G09062;20SECONDTARGET
136844168,23.0935,-11.4566,12.64,G09123
167440233,26.5656,-8.1135,10.0,G09020
212379831,27.2529,-13.1039,14.3,G09123
212381615,27.4789,-12.4651,17.01,G09102;G09166
241392829,24.6856,-5.7358,6.9,G09062;20SECONDTARGET
241392886,24.5018,-4.9983,12.51,G09102;G09166;20SECONDTARGET
241394505,24.7201,-3.948,16.32,G09016;G09102;G09017;G09166
241486158,25.0631,-1.3457,10.93,G09123
241537481,25.2444,-5.4038,7.86,G09123
241577311,25.7697,-4.9931,11.42,G09123
241577470,25.672,-2.5167,12.76,G09123
241578958,25.6055,-2.1607,7.55,G09062;20SECONDTARGET
241630746,25.973,-4.3364,12.62,G09004
241632348,25.992,-1.8251,12.63,G09123
241671692,26.4317,-3.0283,9.64,G09062
241673022,26.2581,-4.3196,12.64,G09123
241673197,26.5391,-1.3941,9.23,G09062
241713072,26.733,-2.7414,17.96,G09016;G09017
248949520,20.7918,-4.684,12.95,G09123
248954240,21.4268,-4.2577,12.79,G09004
248960154,21.9807,-3.5736,7.36,G09062
248962073,22.2269,-2.1951,13.76,G09123
248962112,22.2866,-2.3595,10.64,G09123
248963994,22.5015,-0.752,10.59,G09123
248983244,22.5345,-4.2492,12.65,G09123
248983748,22.5944,-4.8013,15.09,G09102;G09166;20SECONDTARGET
248987025,23.0246,-1.0507,14.26,G09123
248987026,23.0228,-1.0527,12.39,G09123
248988295,23.1279,-3.8973,9.96,G09123
248988814,23.0471,-1.0218,11.08,G09194
248988911,23.1063,-0.4366,10.85,G09123
248989799,23.207,-4.1991,11.2,G09123
248989816,23.1928,-4.2907,12.51,G09123
24908875,27.0937,-5.9269,16.33,G09016;G09102;G09017;G09123
24910325,27.3546,-10.2576,12.87,G09180
24910326,27.3606,-10.2603,12.52,G09180
24910738,27.3951,-10.6871,4.39,G09062;20SECONDTARGET
24921603,27.5661,-6.7038,6.54,G09062;20SECONDTARGET
24923308,27.7712,-6.12,11.27,G09123
24923821,27.8178,-9.1221,10.56,G09123
24924378,27.8854,-11.1999,16.38,G09102;G09166
24926790,28.216,-7.8266,8.57,G09062
24941234,28.7018,-10.0102,12.3,G09194
24941598,28.7174,-7.8369,11.55,G09180
24941601,28.6462,-7.7932,12.2,G09180
24941657,28.6128,-7.3755,8.18,G09062
24941798,28.7023,-6.5926,7.54,G09062;20SECONDTARGET
24942376,28.7771,-8.4399,10.33,G09123
24978373,29.2873,-10.2442,5.68,G09062;G09123;20SECONDTARGET
24980421,29.6709,-6.4782,16.91,G09102;20SECONDTARGET
25001358,30.0541,-8.6816,10.28,G09123;20SECONDTARGET
25002134,30.1515,-10.1298,13.73,G09123
25003448,30.406,-8.1172,12.75,G09123
25003871,30.4919,-6.1183,8.79,G09062
25004100,30.4621,-7.4499,12.71,G09123
25004643,30.5447,-11.1587,13.09,G09123
25030985,30.6562,-8.5966,13.49,G09123
25031408,30.6032,-7.2117,17.05,G09016;G09102;G09017;G09166
250363198,29.4244,-3.5653,12.03,G09123
250380204,29.4813,-3.7127,8.17,G09062
250380619,29.4828,-5.6492,14.0,G09123
250381386,29.579,-2.4809,8.73,G09062
250383940,29.9138,-3.0148,17.43,G09016;G09102;G09017
250386662,30.1235,-2.6665,11.85,G09123
250388764,30.3308,-5.1303,16.63,G09102;G09166;20SECONDTARGET
250410439,30.9077,-4.9883,16.51,G09016;G09102;G09017
250413096,31.3055,-5.2955,17.39,G09016;G09017
250413107,31.3756,-5.2287,12.29,G09194
25062206,30.9641,-6.6516,15.75,G09016;G09102;G09017
287187400,27.2347,-6.0008,11.1,G09123
287187481,27.2693,-6.6149,10.57,G09123
287188478,28.5938,-10.7076,13.38,G09123
287222049,30.2737,-11.0485,7.3,G09062
287222160,30.1941,-10.3585,11.51,G09123
29844890,23.3489,-7.1919,9.16,G09062
29845542,23.4298,-7.026,5.18,G09062;20SECONDTARGET
29847695,23.5808,-8.4581,7.64,G09062
29853348,23.8087,-7.2147,10.68,G09123;20SECONDTARGET
29854433,24.0602,-11.3433,14.27,G09102;G09166;20SECONDTARGET
29854488,24.0692,-10.8765,12.02,G09123
29855342,24.2312,-6.7946,11.4,G09123
29856469,24.2543,-9.2102,17.88,G09025;G09041
29856554,24.2898,-8.7754,13.59,G09123
29856557,24.331,-8.752,14.42,G09123
29901695,24.409,-9.4031,5.74,G09062;20SECONDTARGET
29904349,24.6877,-6.4092,18.12,G09016;G09017
299099679,21.0856,-6.9146,5.52,G09062;20SECONDTARGET
299101421,21.3426,-8.3116,17.31,G09102
299101463,21.4245,-8.1134,12.02,G09180;G09180
299120888,21.7095,-8.8963,11.02,G09123
299138035,22.2773,-6.8479,7.68,G09062;20SECONDTARGET
299176263,22.2544,-7.9198,14.94,G09123
299176653,22.2411,-10.4947,11.41,G09123
299177660,22.3597,-6.6974,13.14,G09123
299177896,22.4765,-6.6814,9.13,G09123
299178185,22.4282,-8.4,12.7,G09123;20SECONDTARGET
299178501,22.4839,-10.5661,7.49,G09062;20SECONDTARGET
29918916,24.7403,-7.281,10.95,G09132
29919137,24.9457,-6.0017,10.87,G09123
29919288,24.9218,-7.0385,11.48,G09123
29919831,24.8586,-10.8063,8.19,G09062
299199358,22.6947,-5.9808,10.28,G09036
299200024,22.6703,-10.4641,10.8,G09123
29920044,25.0401,-11.4739,9.25,G09062
29923559,25.0081,-6.6982,13.4,G09123
328116807,28.1735,-4.7534,11.45,G09123
332707753,32.4521,-4.8783,10.12,G09123
332744099,32.9653,-3.9013,12.78,G09123
35649663,23.3951,-4.8375,14.28,G09123
35650010,23.2943,-2.868,13.94,G09123
35666205,23.7009,-3.4462,9.35,G09062
35705900,24.075,-0.9228,10.78,G09123
35706202,24.2245,-0.531,8.43,G09062
369555560,26.8297,-8.6683,13.77,G09123
382323697,29.4321,-11.514,11.58,G09079;G09036;G09039;G09123
382325722,29.4266,-6.8138,16.38,G09016;G09102;G09017
382340650,26.5128,-12.9797,16.67,G09102;20SECONDTARGET
38350596,24.2707,-2.1275,16.28,G09102;20SECONDTARGET
404461000,25.3305,-12.1473,9.39,G09062
404461151,25.3132,-12.9177,9.06,G09062
404467239,25.7044,-12.2541,15.81,G09102;20SECONDTARGET
406430078,28.695,-4.7314,11.91,G09180
406430082,28.6713,-4.7159,11.96,G09180
406447793,28.9588,-5.5867,10.81,G09123
406448202,28.9517,-3.3349,13.34,G09123
408083839,18.8054,-8.8567,12.75,G09123
423387588,29.0032,-3.7689,14.99,G09123
423397212,31.3145,-8.1887,17.37,G09102
427543167,28.4969,-4.1533,12.54,G09004
427543467,28.5726,-2.3964,12.44,G09004
471012330,27.7143,-8.3396,12.68,G09123
54016731,23.757,-12.0852,8.05,G09062
54018297,23.8994,-11.942,8.86,G09196
610601285,18.2615,-10.1044,18.92,G09016;G09017
610601348,18.496,-9.987,17.7,G09016;G09102;G09017
610601862,19.0704,-9.73,18.7,G09016;G09017
610601952,19.2212,-9.7824,19.02,G09016;G09017
610604291,18.5727,-9.3263,17.89,G09016;G09102;G09017
610604570,18.5431,-9.1922,20.12,G09041
610605806,19.8332,-8.9601,19.17,G09016
610606307,19.4468,-8.7656,18.86,G09016;G09017
610607536,19.2508,-8.0531,18.93,G09016;G09017
610647318,19.8732,-7.1904,18.61,G09016;G09017
62383330,29.3841,-12.2392,14.2,G09123
62422756,29.3145,-13.3193,9.27,G09123
629992426,27.2308,-13.9917,17.98,G09016;G09102;G09017
630014932,24.424,-12.5522,19.23,G09016
630024062,22.642,-11.6859,17.5,G09016;G09102;G09017;G09166
630024634,22.4036,-11.4426,18.57,G09016;G09017
630024857,22.4927,-11.3015,18.31,G09016;G09017
630024898,22.5576,-11.212,18.51,G09016;G09017
630025039,22.2857,-11.13,17.98,G09016;G09102;G09017
630025233,23.5016,-11.1366,19.16,G09016
630025862,23.0116,-10.7327,20.17,G09041
630027789,22.46,-10.3119,18.45,G09016;G09017
630028147,22.8029,-9.9722,18.81,G09016;G09017
630028857,28.0676,-14.1088,18.68,G09016;G09017
630029125,28.3875,-13.7574,19.03,G09016
630029230,28.0267,-13.885,17.69,G09102
630029804,28.7106,-13.5506,18.82,G09016;G09017
630032060,28.6169,-12.6962,19.3,G09016
630036255,29.7159,-11.3943,19.28,G09016
630037497,26.5929,-12.6998,19.11,G09016
630038630,26.8337,-12.1182,18.98,G09016;G09017
630038652,26.9673,-11.9857,19.14,G09016;G09017
630038793,27.346,-11.8258,18.54,G09016;G09017
630039786,25.4085,-11.9503,18.87,G09016;G09017
630040128,26.7416,-11.9799,18.23,G09016;G09017
630041030,27.0366,-11.1105,19.15,G09016
630042448,28.6375,-11.1456,19.11,G09016
630042564,29.2128,-11.0351,19.05,G09016
630043113,28.865,-10.6563,17.41,G09102
630044162,27.0914,-10.7077,18.67,G09016;G09017
630044283,27.4253,-10.5617,18.32,G09016;G09017
630044901,28.6183,-10.1407,18.44,G09016;G09017
630046307,30.3256,-11.3883,17.76,G09016;G09102;G09017
630047758,30.168,-11.1586,17.8,G09016;G09102;G09017;G09166
630047928,30.4958,-10.9107,16.93,G09016;G09102;G09017;G09166;20SECONDTARGET
630048489,30.1849,-10.6069,18.74,G09016;G09017
630053987,29.724,-10.4591,19.14,G09016
630055523,30.5786,-9.3088,19.16,G09016
630055847,30.2178,-9.4088,17.14,G09041;G09102;G09166
630057648,29.9157,-8.9333,19.23,G09016
630058468,30.6241,-9.283,18.13,G09016;G09017
630059538,31.3304,-8.6522,17.55,G09016;G09102;G09017;G09166
630061001,29.8847,-8.4743,19.08,G09016;G09017
630061217,29.7938,-8.2816,18.88,G09016;G09017
630061611,31.1609,-8.147,19.27,G09016
630062030,31.1206,-7.6631,18.7,G09016;G09017
630062361,30.513,-7.699,18.48,G09016;G09017
630062451,30.873,-7.6912,18.62,G09016;G09017
630062800,25.4505,-11.8378,18.59,G09016;G09017
630062924,25.0225,-11.692,19.01,G09016
630065535,24.7958,-10.7101,18.96,G09016;G09017
630066477,25.7468,-10.3736,19.07,G09016
630066503,25.6549,-10.3331,18.16,G09016;G09017
630068324,26.4462,-9.908,17.7,G09016;G09102;G09017
630068440,27.4214,-10.1125,18.49,G09016;G09017
630068827,27.9879,-9.5617,19.24,G09016
630070038,26.1159,-9.585,18.9,G09016;G09017
630071558,26.7562,-8.7841,17.5,G09016;G09102;G09017
630071609,26.9831,-8.6179,18.75,G09016;G09017
630071619,26.763,-8.6809,17.72,G09016;G09102;G09017;G09166
630071748,26.8442,-8.5169,17.54,G09016;G09102;G09017
630071809,23.9698,-10.7072,18.64,G09016;G09017
630072823,23.6738,-9.968,16.91,G09016;G09102;G09017
630073522,24.9469,-9.3089,18.81,G09016;G09017
630074493,23.4924,-9.7078,19.05,G09016;G09017
630075524,23.6578,-9.2957,18.6,G09016;G09017
630078110,26.5843,-8.4389,17.41,G09016;G09102;G09017
630078150,26.4752,-8.3729,18.83,G09016;G09017
630080012,24.796,-8.0007,19.07,G09016
630081658,28.049,-9.084,19.18,G09016
630081677,28.558,-9.2212,17.54,G09016;G09102;G09017
630084378,27.2175,-8.5269,18.34,G09016;G09017
630085382,28.3036,-7.9022,18.52,G09016;G09017
630086060,28.2316,-7.3018,18.38,G09016;G09017
630086149,29.3776,-8.2294,18.36,G09016;G09017
630086968,29.5513,-7.7631,18.43,G09016;G09017
630087000,29.4404,-7.6428,19.16,G09016
630087738,30.3031,-7.2147,18.98,G09016;G09017
630089988,29.9505,-6.5768,19.03,G09016
630090154,29.9113,-6.3787,18.55,G09016;G09017
630091485,26.5161,-7.7313,18.18,G09016;G09017;G09166
630091965,27.5387,-7.6232,18.75,G09016;G09017
630094152,25.9816,-6.819,17.95,G09016;G09017
630094194,25.9354,-6.6712,18.38,G09016;G09017
630097383,28.6327,-5.8188,17.45,G09016;G09102;G09017;G09166
630097448,28.9609,-5.8021,18.75,G09016;G09017
630100597,20.9044,-10.7389,15.74,G09102;G09166
630103626,20.4558,-10.1336,17.31,G09016;G09102;G09017
630105115,21.2641,-8.8775,19.17,G09016
630105682,20.9367,-8.7024,18.96,G09016;G09017
630106222,20.4042,-8.6225,18.89,G09016;G09017
630107271,22.5278,-9.4337,18.13,G09016;G09017
630107583,22.8849,-9.0229,18.39,G09016;G09017
630109821,21.6437,-8.6776,17.85,G09016;G09102;G09017
630110111,22.1034,-8.3828,18.34,G09016;G09017
630110181,22.2264,-8.1863,18.17,G09016;G09017
630110507,21.4245,-8.1127,12.38,G09180
630111558,22.2458,-7.7066,18.13,G09016;G09017
630112291,23.8975,-7.892,18.13,G09016;G09017
630112511,24.1013,-7.6777,18.96,G09016;G09017
630113471,24.6109,-7.4615,18.34,G09016;G09017
630114089,23.9292,-7.1932,19.01,G09016
630114556,23.3208,-7.5867,18.6,G09016;G09017
630114728,23.0476,-7.4449,18.62,G09016;G09017
630116701,23.3247,-6.5595,16.81,G09102;G09166;20SECONDTARGET
630118645,22.2226,-7.4068,17.36,G09016;G09102;G09017;G09166
630118659,22.227,-7.3615,18.62,G09016;G09017
630119632,20.5983,-7.4363,18.99,G09016;G09017
630120251,20.1222,-7.0704,18.02,G09016;G09017
630121329,20.6337,-6.5468,18.05,G09016;G09017;G09166
630122507,22.005,-6.5919,17.62,G09016;G09102;G09017
630122873,22.5335,-6.076,19.18,G09016
630123582,22.9501,-5.9834,17.7,G09016;G09102;G09017;20SECONDTARGET
630125544,22.5936,-5.4454,18.78,G09016;G09017
630126941,24.7742,-6.4908,18.28,G09016;G09017
630127128,25.3768,-6.3139,18.91,G09016;G09017
630127410,26.2688,-6.3132,18.47,G09016;G09017
630128086,25.602,-5.907,18.56,G09016;G09017
630128206,26.0144,-5.7974,18.95,G09016;G09017
630130396,24.793,-5.3842,17.72,G09016;G09102;G09017;G09166
630134277,26.7363,-4.438,18.19,G09016;G09017
630135816,23.4925,-5.5797,18.7,G09016;G09017
630136880,24.2791,-4.957,18.67,G09016;G09017
630136897,24.3514,-4.8815,19.16,G09016
630136984,24.4067,-4.782,18.63,G09016;G09017
630137752,23.5963,-4.8333,19.22,G09016
630138637,23.7306,-4.531,17.98,G09016;G09017
630139559,23.7621,-3.7564,19.21,G09016
630139960,25.6654,-4.2102,18.58,G09016;G09017
630140017,25.8614,-4.1281,18.13,G09016;G09017
630141810,24.5996,-3.9502,19.13,G09016
630142273,24.9785,-3.4192,18.42,G09016;G09017
630142710,24.6549,-3.2722,17.8,G09102
630143233,25.8688,-3.0231,18.22,G09016;G09017
630146363,20.7724,-5.0572,17.11,G09102
630147064,21.7041,-4.8531,19.03,G09016;G09017
630148751,20.9754,-4.3043,18.88,G09016;G09017
630153643,21.6044,-3.6579,19.01,G09016
630153657,21.6824,-3.5604,18.03,G09016;G09017
630153733,21.2262,-3.5887,18.97,G09016;G09017
630155101,22.5535,-2.558,18.18,G09016;G09017
630155857,23.6009,-2.9293,19.29,G09016
630156412,24.5345,-2.5138,17.18,G09016;G09102;G09017;G09123
630156711,24.2113,-2.6448,17.35,G09016;G09102;G09017;G09166
630156886,23.9571,-2.4239,17.93,G09016;G09102;G09017;G09166
630157724,23.3986,-2.234,18.62,G09016;G09017
630157986,22.7078,-2.2464,18.69,G09016;G09017
630158232,23.2724,-1.9349,19.02,G09016
630159245,23.6981,-1.5879,18.87,G09016;G09017
630159249,23.6685,-1.5621,18.17,G09016;G09017
630159259,23.7747,-1.5033,18.97,G09016;G09017
630160508,22.1093,-2.6992,18.09,G09016;G09017
630164169,22.5189,-1.6978,19.2,G09016
630164771,23.6707,-1.1507,18.01,G09016;G09017
630167348,22.6897,-0.3363,18.83,G09016;G09017
630177925,31.6684,-7.6199,19.11,G09016
630178822,31.7186,-6.8731,18.67,G09016;G09017
630201026,30.9451,-7.0274,17.2,G09016;G09102;G09017;20SECONDTARGET
630201703,30.381,-6.6666,16.38,G09102;20SECONDTARGET
630202557,32.1346,-5.8252,17.93,G09016;G09017
630202997,31.5044,-5.741,18.76,G09016;G09017
630204049,30.4332,-5.671,18.97,G09016;G09017
630204231,30.8359,-5.8433,19.05,G09016
630204577,31.1186,-5.5196,18.86,G09016;G09017
630206320,32.1689,-4.9816,18.6,G09016;G09017
630206933,32.8455,-4.9399,18.76,G09016;G09017
630208438,31.4977,-4.375,19.09,G09016
630209443,32.2294,-3.9169,18.99,G09016;G09017
630210465,29.3903,-5.1793,18.36,G09016;G09017
630210950,30.7011,-4.8216,19.06,G09016
630211472,30.4026,-4.3688,19.1,G09016
630212486,28.8138,-4.6459,19.24,G09016
630212543,29.03,-4.5845,19.17,G09016;G09017
630212657,28.5666,-4.4465,18.56,G09016;G09017
630214867,31.601,-4.0245,19.16,G09016
630215579,31.213,-3.3872,18.0,G09016;G09017;G09166
630215670,31.6681,-3.377,18.93,G09016;G09017
630216624,29.807,-3.4324,19.18,G09016;G09017
630217611,30.8388,-2.9636,19.06,G09016
630217657,30.4319,-3.0334,17.18,G09016;G09102;G09017;G09166
630279163,27.737,-4.3173,19.24,G09016
630279474,28.1393,-3.9152,18.53,G09016;G09017
630279619,28.1248,-3.8092,18.35,G09016;G09017
630279759,28.9519,-3.8889,18.52,G09016;G09017
630280172,29.1098,-3.5218,18.93,G09016;G09017
630280762,28.8344,-3.1909,18.03,G09016;G09017;G09166
630281635,27.3243,-3.4315,18.45,G09016;G09017
630281651,27.4145,-3.327,18.63,G09016;G09017
630282330,28.4443,-2.9148,18.54,G09016;G09017
630282639,27.631,-2.8322,18.81,G09016;G09017
630282706,28.2085,-2.7659,19.05,G09016
630283431,29.9102,-2.8406,17.35,G09016;G09102;G09017
630285358,28.7573,-2.5798,18.68,G09016;G09017
630287507,26.5106,-3.2424,19.12,G09016
630287528,26.7234,-3.2148,18.75,G09016;G09017
630289220,27.4155,-2.3176,19.08,G09016
630290340,25.6258,-2.1449,17.71,G09016;G09102;G09017
630291526,26.5858,-1.6473,18.99,G09016;G09017
630314200,25.5069,-2.0389,18.61,G09016;G09017
630314437,25.8485,-1.833,17.02,G09016;G09102;G09017;20SECONDTARGET
630315645,26.1612,-1.2218,18.61,G09016;G09017
630315790,25.5874,-1.4001,18.46,G09016;G09017
630316464,24.3022,-1.4998,18.89,G09016;G09017
630317396,25.2041,-1.0508,19.22,G09016
630317477,25.3927,-0.9367,18.86,G09016;G09017
630322675,23.9406,-0.9611,18.68,G09016;G09017
92983560,28.057,-12.206,16.67,G09016;G09102;G09017;G09166;20SECONDTARGET
92983926,28.0959,-14.3969,9.39,G09062
92993373,28.4933,-13.4091,9.81,G09062
92995279,28.658,-13.9138,7.83,G09062
93017596,28.8299,-14.1048,8.28,G09062
11528365,18.6677,-23.9608,10.7,G09123
11598971,20.4449,-24.1278,8.34,G09194
11614485,20.7132,-24.665,11.62,G09123;G09123;20SECONDTARGET
136885277,21.3729,-17.4746,12.87,G09123
164681986,24.6351,-19.9117,15.39,G09102;20SECONDTARGET
164695231,24.7921,-17.9825,13.25,G09123;20SECONDTARGET
164695419,24.9082,-18.9636,17.58,G09102;G09166
164696496,25.0789,-22.6936,16.78,G09016;G09102;G09017;G09166
164698728,25.2917,-21.72,8.3,G09194
164699594,25.5082,-19.1927,7.3,G09062
164720205,25.5333,-18.1262,8.5,G09062
164720249,25.5665,-17.8886,6.85,G09062;20SECONDTARGET
164752884,25.8101,-21.6198,7.5,G09123
164767175,26.209,-18.4017,9.46,G09123;20SECONDTARGET
164767496,26.1947,-20.1513,8.41,G09062
167455821,17.4517,-17.5421,9.24,G09123
167456185,17.4843,-15.1747,12.22,G09123
167457708,17.6791,-16.3338,11.17,G09180
167457709,17.686,-16.3289,11.4,G09180
167457891,17.6239,-15.1685,12.39,G09123
167458680,17.772,-14.0898,11.36,G09123
212375873,26.7142,-16.8723,13.29,G09123
212384020,27.909,-15.1544,8.13,G09062
212384268,27.8693,-16.7411,8.02,G09062
212384325,27.8746,-16.9943,17.6,G09102;G09166
257397333,22.1646,-14.9683,10.79,G09123
257420015,22.1092,-13.8779,14.34,G09123
257420064,22.1855,-13.6353,8.43,G09062
257422924,22.4211,-13.2244,6.82,G09062;20SECONDTARGET
257437391,23.1707,-17.4616,11.87,G09123
257437952,23.2835,-14.6152,12.65,G09004;G09123
257439461,24.1264,-16.0613,10.95,G09123
257439987,24.1514,-17.7891,13.49,G09123
268529700,14.489,-21.4195,10.07,G09079;G09036;G09039
268529817,14.4912,-20.6764,7.37,G09123
268529943,14.4956,-19.83,11.02,G09079;G09036;G09039
268532343,14.827,-19.7711,10.83,G09058;G09114;20SECONDTARGET
268534259,15.1177,-19.3898,7.41,G09062;20SECONDTARGET
268535538,15.3046,-21.0631,12.82,G09004
268617034,16.0627,-18.0291,16.23,G09102;20SECONDTARGET
268617503,16.2058,-20.7325,7.03,G09062
268634769,16.5102,-22.4539,9.16,G09123
268635135,16.5629,-20.0605,8.26,G09062
268636197,16.704,-22.8565,6.88,G09123
268637115,16.8001,-19.5935,9.68,G09123;20SECONDTARGET
268637378,16.8249,-17.9719,12.24,G09123
268637449,16.8949,-18.2851,9.6,G09123
268637611,16.9299,-19.3137,7.2,G09062
268639026,17.0866,-19.5167,14.58,G09123
268639053,17.0339,-19.3223,12.55,G09123
268651896,17.3212,-18.099,9.52,G09062
268652078,17.3877,-19.0221,16.35,G09102;G09166;20SECONDTARGET
268652258,17.4409,-20.2162,9.1,G09194
268686251,17.6451,-19.7331,11.84,G09180
268686254,17.6557,-19.7539,12.57,G09180
268687113,17.7413,-22.208,10.73,G09123
268717977,18.3513,-22.902,11.57,G09123;20SECONDTARGET
28054692,13.1344,-20.9969,7.24,G09062;20SECONDTARGET
28054706,13.0545,-21.1084,7.17,G09062;20SECONDTARGET
28091870,13.8263,-20.1336,9.73,G09194
28116365,14.3522,-21.5504,10.87,G09031
28116853,23.7865,-23.447,8.02,G09062
28128509,23.9929,-19.4734,15.75,G09016;G09102;G09017
29862344,24.3127,-17.4587,15.26,G09102;G09166;20SECONDTARGET
29921357,24.3801,-13.9451,14.42,G09123
29928131,24.6115,-15.4625,7.76,G09062
29928567,24.7822,-17.9467,9.12,G09123;G09123;20SECONDTARGET
29939923,25.1188,-16.1095,9.69,G09123
306344182,14.6323,-17.6246,10.8,G09123
32532698,19.8825,-14.2618,16.15,G09016;G09102;G09017
32533653,19.9911,-15.815,6.77,G09062;20SECONDTARGET
32535054,20.3202,-12.0537,12.07,G09123
32535669,20.3029,-15.7404,12.74,G09123
32535758,20.245,-16.3799,15.98,G09016;G09102;G09017;G09166
32535846,20.2521,-16.9455,12.14,G09123
32549233,20.5326,-17.5389,12.53,G09123
32551714,20.859,-14.2068,7.58,G09062;20SECONDTARGET
32552155,21.0069,-12.5872,14.07,G09123
32553278,21.1813,-15.6884,12.58,G09004
336875715,17.755,-11.3837,7.66,G09062
382328609,26.4786,-17.0204,12.9,G09123
404466241,25.6683,-17.2369,16.93,G09016;G09102;G09017
415974305,15.6629,-16.259,12.89,G09123
419013508,16.3425,-13.986,16.3,G09102;20SECONDTARGET
419015728,26.0037,-15.9311,2.75,G09062;G09123;G09123;20SECONDTARGET
423699193,21.5141,-17.3103,8.68,G09062
423699300,21.563,-17.9753,11.73,G09180
423699302,21.5678,-17.9842,10.19,G09180
423700466,21.715,-13.0564,5.21,G09062;20SECONDTARGET
423703638,22.8749,-15.2546,14.93,G09123
423725456,22.9821,-17.7014,8.35,G09062
439402949,18.2149,-14.0919,12.64,G09123
439403362,18.137,-16.9943,9.07,G09123;20SECONDTARGET
439404052,18.2532,-14.2678,10.08,G09180
439404053,18.2529,-14.2658,12.99,G09180
439404145,18.2909,-13.6599,16.06,G09102;20SECONDTARGET
439404318,18.2532,-12.5791,11.33,G09123
439404889,18.4094,-15.184,15.12,G09102;20SECONDTARGET
439410158,19.3083,-17.5582,11.64,G09123
439411447,19.4092,-13.8027,12.74,G09180
439411449,19.4101,-13.8031,11.65,G09194;G09180
439411981,19.4538,-17.4468,10.31,G09194
439456192,18.9266,-18.4166,7.97,G09062
439456714,19.0763,-20.9541,11.73,G09031;G09123;20SECONDTARGET
439456794,19.1213,-21.3166,11.2,G09123
439458950,19.2713,-23.2379,9.71,G09180
439458951,19.2736,-23.2386,8.6,G09062;G09180
439460574,19.6385,-21.9173,17.28,G09102
439460803,19.5796,-23.5006,7.21,G09062
439464854,20.3155,-18.5144,13.02,G09123
439466970,20.6265,-19.0817,6.04,G09062
439468768,20.7669,-18.3451,16.81,G09016;G09102;G09017
439469159,20.8839,-19.9088,11.4,G09180
439469160,20.8818,-19.9097,12.31,G09180
439488901,20.8806,-23.7632,12.97,G09123
439490708,21.1869,-22.4854,16.87,G09102;G09166;20SECONDTARGET
439496110,21.8549,-20.3516,6.46,G09062
439496630,21.9381,-23.413,15.61,G09016;G09102;G09017;G09166
439498608,22.2192,-23.6625,17.01,G09041;G09102;20SECONDTARGET
439499498,22.24,-17.9374,6.2,G09062
439501096,22.5045,-19.6059,7.76,G09062;G09123
439501914,22.6975,-21.6261,11.9,G09180
439501915,22.6994,-21.6272,11.77,G09180
441492130,23.0318,-23.6491,6.95,G09123
441492393,23.0042,-22.0407,12.76,G09180
441492394,23.0042,-22.0378,12.78,G09180
441492995,23.0681,-18.5666,8.05,G09194
441495748,23.4667,-21.035,7.52,G09062;20SECONDTARGET
441495895,23.3911,-21.8425,18.34,G09016;G09017
441497101,23.5497,-19.2905,9.19,G09062
441497175,23.5086,-18.8606,14.49,G09123
469969504,20.0944,-19.0395,12.29,G09123
469970022,22.9148,-20.3329,15.56,G09102;G09166;20SECONDTARGET
471015514,17.3231,-13.6119,18.14,G09016;G09017
471016688,17.8503,-18.4915,17.35,G09016;G09102;G09102;G09102;G09102;G09017
54002556,23.5215,-14.4191,11.62,G09031;G09123;20SECONDTARGET
54003038,23.492,-17.6413,10.46,G09123
54003343,23.6006,-16.1187,13.87,G09016;G09102;G09017;G09166;20SECONDTARGET
54071627,23.9733,-17.534,6.53,G09062;20SECONDTARGET
610153485,18.1546,-23.2304,17.7,G09016;G09102;G09017;G09166
610155444,16.1899,-22.7089,19.18,G09016
610155961,17.2792,-22.4893,18.99,G09016;G09017
610156347,16.8835,-22.5093,18.9,G09016;G09017
610156806,18.284,-22.8673,18.37,G09016;G09017
610157704,18.2553,-22.1636,18.74,G09016;G09017
610160212,18.0379,-21.6531,18.36,G09016;G09017
610160360,18.5916,-21.5476,17.77,G09016;G09102;G09017
610160984,18.4247,-21.2102,18.69,G09016;G09017
610166764,17.4631,-21.4688,16.78,G09102;G09166
610168931,16.429,-20.9904,18.39,G09016;G09017
610171153,16.797,-19.815,18.07,G09016;G09017
610173740,19.5765,-20.4589,17.27,G09016;G09102;G09017
610174184,19.1925,-19.9987,17.63,G09016;G09102;G09017;G09166
610174211,19.2769,-20.0052,19.12,G09016
610176984,18.774,-19.2553,17.44,G09016;G09102;G09017
610177109,18.824,-18.986,18.23,G09016;G09017
610178573,18.5433,-19.2035,17.68,G09016;G09102;G09017;G09166
610178740,18.2671,-19.0181,17.53,G09016;G09102;G09017;G09166
610179281,18.0986,-18.7055,19.26,G09016
610179398,17.9844,-18.6744,18.34,G09016;G09017
610180356,19.0908,-18.8888,19.27,G09016
610181043,19.0078,-18.4781,18.24,G09016;G09017
610181374,19.242,-18.0386,19.07,G09016
610181635,18.6077,-18.1854,18.37,G09016;G09017
610181807,19.2674,-17.9395,17.92,G09041
610182663,19.0422,-17.5429,18.43,G09016;G09017
610184469,14.9361,-20.9911,19.19,G09016
610184890,15.2101,-20.614,18.66,G09016;G09017
610186787,14.1137,-20.5658,17.41,G09016;G09102;G09017
610187892,13.7829,-19.7418,18.4,G09016;G09017
610189251,16.0875,-19.9025,17.97,G09016;G09102;G09017;G09166
610190884,15.156,-19.4418,18.95,G09016;G09017
610192131,16.1278,-18.8771,18.39,G09016;G09017
610192680,15.4686,-18.6761,18.51,G09016;G09017
610194551,13.9157,-19.4977,18.92,G09016;G09017
610199251,14.923,-18.5955,19.16,G09016
610199595,15.1574,-18.3035,17.48,G09016;G09102;G09017;G09166
610203222,16.9329,-19.2901,18.03,G09016;G09017
610204108,17.0163,-18.6954,18.3,G09016;G09017
610205107,17.2992,-18.236,17.9,G09016;G09102;G09017;G09166
610205343,17.5593,-18.0829,18.62,G09016;G09017
610205672,16.1025,-18.7566,18.94,G09016;G09017
610205925,16.2213,-18.3315,17.25,G09016;G09102;G09017
610207544,16.6344,-17.7906,18.05,G09016;G09017;G09166
610207908,17.0322,-17.3846,18.75,G09016;G09017
610208204,18.4482,-17.9932,18.17,G09016;G09017
610208526,18.9275,-17.5761,18.12,G09166
610208704,17.9679,-17.8281,16.84,G09102;20SECONDTARGET
610208955,17.91,-17.5433,19.27,G09016
610209168,18.3357,-17.2464,19.01,G09016
610209777,19.4662,-16.9913,17.8,G09016;G09017
610210690,17.8445,-17.1928,18.43,G09016;G09017
610210976,18.137,-16.9943,12.3,G09123
610212022,18.4059,-16.6027,18.69,G09016;G09017
610212967,18.3092,-16.0289,17.41,G09016;G09102;G09017
610217352,15.3811,-16.4861,18.56,G09016;G09017
610217353,15.3794,-16.4858,18.63,G09016;G09017
610217435,15.8726,-16.4128,17.82,G09016;G09017
610218129,15.7466,-16.0782,18.77,G09016;G09017
610218612,16.9287,-16.569,18.58,G09016;G09017
610218888,17.041,-16.3127,17.27,G09016;G09102;G09017
610219692,17.5644,-16.0958,17.89,G09016;G09102;G09017;G09166
610221166,16.0285,-15.9616,18.68,G09016;G09017
610221862,15.9165,-15.4948,18.27,G09016;G09017
610222065,16.3901,-15.2911,19.17,G09016
610339668,16.2951,-14.8746,18.96,G09016;G09017
610339910,16.2363,-14.5351,19.02,G09016
610339921,16.1646,-14.5218,18.86,G09016;G09017
610561141,19.9373,-17.1473,17.55,G09016;G09102;G09017;G09166
610561839,19.371,-16.3077,18.31,G09016;G09017
610562527,19.0224,-16.1183,18.91,G09016;G09017
610562831,19.3849,-15.8501,17.13,G09102
610563429,18.5482,-15.4857,18.96,G09016;G09017
610563472,18.9891,-15.6597,18.27,G09016;G09017
610564289,19.2121,-15.2828,19.02,G09016;G09017
610565073,18.3812,-15.569,19.02,G09016
610565693,18.6459,-15.0126,17.69,G09016;G09102;G09017;G09166
610566278,18.4403,-14.7968,17.98,G09016;G09017
610567800,18.899,-14.038,18.58,G09016;G09017
610568057,17.3192,-14.8463,18.37,G09016;G09017
610568991,17.7865,-14.1616,17.77,G09016;G09102;G09017
610569272,18.4028,-14.2849,18.54,G09016;G09017
610570482,18.0655,-13.6338,19.12,G09016
610572005,19.3088,-13.5705,17.95,G09016;G09017
610572934,18.6847,-13.1339,18.61,G09016;G09017
610573182,19.2278,-12.8509,18.78,G09016;G09017
610573547,19.5636,-12.9671,17.43,G09016;G09102;G09017
610574759,16.6943,-14.0405,19.28,G09016
610580955,17.7469,-12.6198,17.97,G09016;G09017
610582326,18.5416,-12.0169,19.17,G09016
610583528,17.3356,-12.2268,17.82,G09016;G09102;G09017
610583537,17.3421,-12.1625,18.2,G09016;G09017
610584047,17.429,-11.7359,16.94,G09102;20SECONDTARGET
610584692,18.8253,-11.3878,17.55,G09016;G09102;G09017;G09166
616695584,19.2349,-22.9174,17.83,G09016;G09102;G09017;G09166
616695964,19.6552,-22.917,16.17,G09102
629960995,21.1007,-19.9971,17.41,G09016;G09102;G09017
629961382,21.9052,-19.8447,19.04,G09016;G09017
629962754,20.9149,-19.6178,19.08,G09016
629964573,21.2073,-18.3823,18.31,G09016;G09017
629964582,21.1366,-18.3313,18.8,G09016;G09017
629965538,20.087,-18.053,18.95,G09016;G09017
629966832,22.0064,-18.8669,17.86,G09016;G09102;G09017;G09166
629967687,23.3684,-18.2585,19.16,G09016
629967703,23.3329,-18.1914,18.63,G09016;G09017
629968092,23.2206,-17.914,18.73,G09016;G09017
629969579,22.6711,-17.9651,18.4,G09016;G09017
629970086,22.1796,-17.7533,17.59,G09016;G09102;G09017
629970930,24.2524,-17.797,18.04,G09016;G09017
629971435,23.4755,-17.4379,18.02,G09016;G09017
629973705,22.8475,-16.6657,18.98,G09016;G09017
629974546,23.7818,-16.3881,18.69,G09016;G09017
629975005,23.894,-15.8654,18.98,G09016;G09017
629975343,21.4184,-17.8401,18.36,G09016;G09017
629977306,21.7732,-16.7418,19.02,G09016
629978955,21.1235,-16.4949,18.78,G09016;G09017
629979393,20.8905,-16.3992,18.9,G09016;G09017
629979514,20.5224,-16.3486,19.15,G09016
629981488,23.7449,-15.6016,17.0,G09016;G09102;G09017;G09166
629983566,22.3159,-15.4083,18.37,G09016;G09017
629984801,25.5823,-16.5649,17.64,G09016;G09102;G09017;G09166
629987698,24.665,-15.1564,18.65,G09016;G09017
629988008,25.531,-15.2225,18.44,G09016;G09017
629988418,24.661,-15.1326,17.66,G09016;G09102;G09017
629988510,25.0112,-14.8415,18.67,G09016;G09017
629989417,27.0723,-14.9153,16.91,G09016;G09102;G09017;G09166
629991299,25.9382,-14.5811,17.32,G09102
629993379,23.6007,-15.4047,17.36,G09016;G09102;G09017
629998489,24.8561,-14.039,18.45,G09016;G09017
630002018,20.0489,-16.5652,18.18,G09016;G09017
630002079,20.2472,-16.3804,18.43,G09016;G09017
630003069,20.0493,-15.4264,18.23,G09016;G09017
630005840,21.9479,-14.1578,18.81,G09016;G09017
630005927,21.6306,-14.095,17.36,G09016;G09102;G09017
630008781,20.3074,-13.3603,18.87,G09016;G09017
630008861,20.7206,-13.3778,18.17,G09016;G09017
630009105,20.7763,-13.0077,19.19,G09016
630019626,21.531,-12.5393,17.22,G09016;G09102;G09017
632226375,23.8476,-25.9242,19.08,G09016
632226669,23.1327,-25.9177,17.94,G09016;G09017
632228597,22.7751,-25.4583,18.54,G09016;G09017
632229085,22.0559,-25.1598,18.97,G09016;G09017
632232310,24.0389,-25.9371,18.04,G09016;G09017
632239026,23.6124,-25.1801,18.66,G09016;G09017
632239063,23.5077,-25.156,19.01,G09016;G09017
632240633,23.3608,-24.8533,19.02,G09016;G09017
632241446,23.1373,-24.5027,18.32,G09016;G09017
632242311,23.4321,-24.1254,18.7,G09016;G09017
632245294,24.8577,-23.5193,19.15,G09016
632245370,25.0868,-23.2815,19.13,G09016
632246850,24.9761,-22.5177,18.16,G09016;G09017
632246973,25.5179,-22.3788,18.95,G09016;G09017
632249662,21.5954,-24.8927,18.91,G09016;G09017
632249903,21.895,-24.6056,18.73,G09016;G09017
632250336,21.8897,-24.3605,18.32,G09016;G09017
632251149,20.1546,-24.4847,18.76,G09016;G09017
632254512,22.3213,-23.8634,18.34,G09016;G09017
632257031,21.9674,-22.8703,18.68,G09016;G09017
632257892,22.3228,-22.7249,18.97,G09016;G09017
632258583,23.6906,-22.9347,18.45,G09016;G09017
632261024,23.6381,-21.8662,18.78,G09016;G09017
632261658,23.8665,-21.8297,18.69,G09016;G09017
632264614,21.1234,-22.0375,18.57,G09016;G09017
632267218,22.6054,-21.8821,18.46,G09016;G09017
632268537,23.1969,-21.0309,19.3,G09016
632268584,23.0579,-20.8872,18.96,G09016;G09017
632268983,23.1082,-20.7857,18.45,G09016;G09017
632269435,23.162,-20.1538,18.85,G09016;G09017
632269657,21.6828,-20.9327,18.81,G09016;G09017
632270254,21.353,-20.6153,19.11,G09016
632270464,21.7123,-20.4192,17.87,G09016;G09102;G09017;G09166
632271656,22.3271,-19.6712,16.99,G09102
632462806,25.6056,-22.2669,18.07,G09025;G09041
632485244,25.4697,-21.175,18.35,G09016;G09017
632485463,25.3329,-20.7713,19.2,G09016
632485639,25.849,-20.9846,19.26,G09016
632488340,25.3265,-19.9595,17.82,G09016;G09102;G09017
632491554,26.854,-19.1907,18.34,G09016;G09017
632492598,23.8619,-20.4068,18.89,G09016;G09017
632492651,23.9057,-20.4033,18.82,G09016;G09017
632494783,22.9542,-19.8156,19.26,G09016
632495459,22.7766,-19.2237,18.4,G09016;G09017
632495486,23.164,-19.3614,15.93,G09102;20SECONDTARGET
632495601,23.3229,-19.108,18.33,G09016;G09017
632495838,23.9132,-19.2174,19.19,G09016
632496702,23.917,-18.4802,18.89,G09016;G09017
632496887,25.182,-19.262,19.2,G09016
632497302,24.9807,-19.0067,18.47,G09016;G09017
632497346,25.1751,-18.8605,18.95,G09016;G09017
632497829,26.0465,-18.6054,18.79,G09016;G09017
632499595,24.7817,-17.9459,9.4,G09123;20SECONDTARGET
632499823,25.394,-18.0448,18.15,G09016;G09017
632503308,27.1334,-18.4163,17.93,G09016;G09017
632503314,27.2131,-18.3765,10.2,G09194
632509197,26.5556,-17.9331,18.55,G09016;G09017
632509245,26.7474,-17.8649,17.98,G09016;G09017
632509596,26.3114,-17.8122,17.77,G09016;G09102;G09017;G09166
632509685,26.5931,-17.6237,19.26,G09016
632510662,27.0373,-17.2122,17.31,G09016;G09102;G09017
632510948,27.5583,-16.8168,18.57,G09016;G09017
632512110,26.3223,-16.6573,18.79,G09016;G09017
632512343,26.7666,-16.7515,17.11,G09016;G09102;G09017
632517088,27.8857,-15.2087,17.4,G09016;G09102;G09017;20SECONDTARGET
66534227,16.6066,-14.2916,12.41,G09123
66534229,16.6097,-14.2971,8.65,G09123
66534879,16.7272,-17.5083,12.45,G09004
66550650,16.842,-16.1942,10.18,G09123
66551222,16.9791,-16.2332,14.2,G09123
66551667,16.9158,-13.5869,14.8,G09123
66555044,17.3225,-16.2666,13.56,G09123
92982777,27.9335,-16.2356,10.8,G09180
92982786,28.0118,-16.2044,12.26,G09180
92992944,28.5069,-15.9873,8.37,G09062
92994182,28.5339,-15.6084,11.52,G09123;20SECONDTARGET
97468415,23.9176,-24.1179,11.77,G09180
97468416,23.9199,-24.119,9.63,G09180
97469843,24.1651,-25.2019,11.46,G09180
97469844,24.1655,-25.195,10.71,G09180
97470196,24.2903,-25.0151,7.79,G09062
142865550,50.511,-33.8188,10.88,G09180;20SECONDTARGET
142865552,50.5058,-33.8214,11.05,G09180;20SECONDTARGET
142875660,51.5482,-30.6161,7.21,G09123
142875987,51.6429,-31.0618,14.35,G09102;20SECONDTARGET
142929481,52.0536,-31.8232,9.83,G09123
142930285,52.213,-32.6393,16.71,G09016;G09102;G09017
142930396,52.1803,-33.2077,8.63,G09062
142937186,52.2923,-31.3627,9.01,G09031;G09123;20SECONDTARGET
142938846,52.5751,-34.0431,12.14,G09004
142944290,52.8765,-30.7138,13.84,G09123
142944595,53.038,-30.7116,12.19,G09123;20SECONDTARGET
142958513,53.0951,-33.5016,8.05,G09062
142959819,53.2584,-33.4548,9.52,G09062
142960439,53.4513,-34.9937,12.88,G09004
142976476,53.4864,-31.0796,5.72,G09062;20SECONDTARGET
142976580,53.4742,-30.5468,12.15,G09004
142977635,53.6243,-34.8328,6.66,G09062;20SECONDTARGET
142978194,53.7673,-34.0741,10.76,G09194
142981956,53.8739,-32.3096,12.82,G09004
142982488,53.8904,-34.8341,16.05,G09016;G09102;G09017;20SECONDTARGET
143021681,54.3397,-34.6496,7.97,G09062;20SECONDTARGET
143021874,54.2146,-33.7806,6.45,G09062;20SECONDTARGET
143022688,54.2683,-30.0745,10.21,G09123
143028327,54.6203,-31.4882,12.59,G09004
143041454,54.9844,-30.9266,14.09,G09123
143042212,55.0123,-34.5507,7.31,G09062
143043648,55.0757,-30.2611,15.89,G09102;G09166;20SECONDTARGET
144598282,53.0092,-27.0477,11.52,G09123
144598510,53.0193,-25.9487,17.77,G09041
144600802,53.311,-25.8715,11.74,G09102
144622139,53.8695,-25.7394,16.38,G09025;G09041;G09102;G09123;20SECONDTARGET
144651951,53.9609,-26.7875,8.19,G09062
144653213,54.1318,-26.333,12.73,G09123;20SECONDTARGET
152371331,65.3808,-25.7289,5.74,G09062;20SECONDTARGET
152371865,65.3675,-27.9854,10.62,G09123
152372557,65.5342,-28.8187,10.16,G09123;20SECONDTARGET
152372681,65.5536,-28.2836,12.22,G09123;20SECONDTARGET
166699464,55.3563,-32.1098,12.45,G09004
166713218,55.7886,-31.7518,17.86,G09041
166741952,56.2566,-31.8528,10.32,G09123
166742866,56.4402,-32.4813,8.06,G09062
166762338,56.8347,-29.9022,6.06,G09062;20SECONDTARGET
166774841,57.2654,-33.0847,8.22,G09062;20SECONDTARGET
166778944,57.5161,-31.0939,11.4,G09031
166791431,57.8253,-33.7499,7.65,G09062
166791648,57.7133,-34.7999,8.66,G09123
166805007,58.0873,-34.3569,8.12,G09062
166806344,58.264,-30.8047,13.74,G09142;20SECONDTARGET
166833243,58.4633,-35.4599,14.3,G09102;20SECONDTARGET
166833457,58.4291,-34.3283,12.39,G09058;20SECONDTARGET
166869904,59.103,-31.1948,11.83,G09123;20SECONDTARGET
166870842,59.1608,-33.2196,7.86,G09062
166871595,59.3046,-34.9673,9.83,G09123;20SECONDTARGET
166871751,59.2872,-34.1554,9.33,G09123
166873855,59.4677,-35.5929,10.27,G09062
166874846,59.6637,-31.5955,8.81,G09123
166874908,59.6597,-31.2773,10.17,G09196;20SECONDTARGET
166933207,60.2724,-32.3961,11.36,G09102;20SECONDTARGET
166968974,60.5083,-30.4683,8.01,G09062
168632811,60.5179,-34.4823,6.67,G09062
168657397,60.9405,-31.0547,8.57,G09062
168657537,61.0088,-31.7795,8.33,G09062
168657862,61.0483,-33.4229,9.24,G09062;20SECONDTARGET
168674422,61.1479,-31.0634,14.02,G09025
168675839,61.2325,-35.4467,7.77,G09062;20SECONDTARGET
168695971,61.3814,-31.8749,12.47,G09004
168696027,61.4675,-31.6439,9.38,G09123;20SECONDTARGET
168696165,61.4031,-31.0511,6.45,G09062
168697314,61.6328,-34.2614,11.38,G09123;20SECONDTARGET
168698627,61.6863,-30.9203,8.03,G09062
168703180,61.9925,-30.7742,16.22,G09177
168726017,62.2317,-31.4835,11.62,G09123;20SECONDTARGET
168727902,62.5143,-34.4975,5.29,G09123
168751223,62.6717,-32.9924,13.37,G09031
168752196,62.7679,-34.113,8.06,G09062
168752540,62.8377,-32.4381,15.79,G09102;G09102;G09102;G09102
168784826,62.9649,-33.6969,10.1,G09062
168786254,63.1002,-31.5819,6.79,G09062
168792735,63.8358,-32.9863,14.47,G09123
168847194,64.4741,-33.7984,3.7,G09123;20SECONDTARGET
168847460,64.451,-32.5164,11.27,G09180
168847461,64.4513,-32.5144,11.29,G09180
168850387,64.8339,-31.5765,8.88,G09123
179034327,64.1839,-26.7668,9.06,G09031;G09123;G09126;20SECONDTARGET
179047457,64.2945,-26.757,16.82,G09016;G09102;G09017
179050471,64.5863,-29.6387,10.77,G09123
179105394,65.0566,-26.4394,12.81,G09123
179107237,65.0896,-29.5738,15.92,G09016;G09102;G09017;20SECONDTARGET
257433294,57.2291,-27.4052,12.76,G09123
369376538,59.9361,-35.8955,9.21,G09062
369376579,60.8181,-36.1584,11.19,G09123;20SECONDTARGET
44646061,59.3298,-27.1849,13.43,G09123
44647437,59.4106,-25.1899,12.94,G09031
44670258,60.0166,-29.038,9.02,G09123;20SECONDTARGET
44678751,60.1094,-26.1598,12.41,G09123
44679783,60.2268,-28.8237,12.03,G09123
44679890,60.2697,-28.2706,8.37,G09062
44680152,60.2154,-27.0533,17.59,G09166
44681349,60.3381,-26.5168,6.99,G09062;20SECONDTARGET
44735561,60.6789,-27.483,6.89,G09062;20SECONDTARGET
44735785,60.5905,-28.5312,7.11,G09062;20SECONDTARGET
44737596,60.9494,-25.4089,13.82,G09142;G09031;20SECONDTARGET
44741327,61.3397,-28.3616,11.96,G09180
44741330,61.3211,-28.3515,9.12,G09180
44743153,61.4882,-28.163,13.01,G09123
44745133,61.6578,-25.3496,12.58,G09058;20SECONDTARGET
44791149,61.7981,-29.3095,10.39,G09123;20SECONDTARGET
44791283,61.8275,-28.69,8.6,G09062
44792534,61.941,-25.2089,9.78,G09058;G09123;20SECONDTARGET
44793036,62.0227,-27.526,11.65,G09123
44793998,62.0934,-27.7446,12.1,G09123
44795539,62.1685,-27.0972,12.57,G09123;20SECONDTARGET
44796053,62.2085,-29.5621,16.99,G09166
44796596,62.4181,-27.8225,13.09,G09123
44796602,62.3483,-27.8098,8.26,G09062
44796808,62.4142,-26.8142,10.86,G09123;20SECONDTARGET
44798313,62.457,-28.3341,13.16,G09102;20SECONDTARGET
44798589,62.5378,-29.6115,12.87,G09004
44799663,62.5615,-25.2245,17.83,G09016;G09017
44799692,62.6844,-25.0965,6.79,G09062
44890689,63.2599,-26.4342,8.0,G09062;20SECONDTARGET
44891114,63.2529,-28.5403,7.61,G09062;20SECONDTARGET
44891214,63.2862,-28.9819,13.49,G09123
44892011,63.4181,-27.0751,14.41,G09123
44897584,63.938,-25.5706,10.67,G09123
44898913,64.1317,-28.3166,14.27,G09142;G09031;G09123;20SECONDTARGET
471014386,58.0431,-30.4234,17.62,G09177
471015340,62.2817,-25.3708,16.4,G09177
651118167,59.1779,-35.9524,18.81,G09016;G09017
651118333,58.9756,-35.8024,18.51,G09016;G09017
651123955,57.1837,-35.2388,18.72,G09016;G09017
651124836,57.8498,-34.7642,18.31,G09016;G09017
651124913,57.3863,-35.0675,16.02,G09016;G09102;G09017;G09166
651126087,59.6537,-35.0426,19.04,G09016
651126208,59.3075,-34.9698,17.69,G09102;G09166
651126322,59.3368,-34.8359,18.68,G09016;G09017
651126422,58.7757,-35.1145,18.98,G09016;G09017
651127039,59.028,-34.5296,19.0,G09016
651128414,58.5353,-34.6062,17.31,G09016;G09102;G09017;G09166
651128909,58.6189,-34.211,17.99,G09016;G09102;G09017;G09166
651128934,58.5104,-34.2013,18.64,G09016;G09017
651129037,58.7392,-33.9454,18.0,G09016;G09102;G09017;G09166
651130145,59.4213,-33.7584,18.65,G09016;G09017
651131167,59.0225,-33.0051,18.19,G09016;G09017;G09166
651139622,55.903,-35.4846,18.91,G09016;G09017
651142595,55.1158,-34.9568,19.12,G09016
651142749,54.4795,-35.2284,19.19,G09016
651151385,54.1821,-33.8643,18.37,G09016;G09017
651153280,53.7773,-33.8343,18.68,G09016;G09017
651154465,56.4711,-35.2395,18.57,G09016;G09017
651155161,56.1111,-34.9577,18.04,G09016;G09017
651156747,56.5125,-34.2772,18.34,G09016;G09017
651158064,55.1894,-34.5557,17.78,G09016;G09017;G09166
651158663,55.4214,-33.9154,17.9,G09016;G09102;G09017;G09166
651158812,55.5962,-33.6322,19.09,G09016
651159368,56.4706,-33.5377,18.21,G09016;G09017
651159570,55.9844,-33.685,17.13,G09016;G09102;G09017;G09166
651161329,57.4199,-33.3188,18.69,G09016;G09017
651161937,58.4548,-33.1158,18.55,G09016;G09017
651163476,56.7203,-33.1242,17.08,G09102
651163686,57.2377,-32.8792,19.0,G09016;G09017
651167141,54.6419,-33.467,18.61,G09025;G09016;G09017
651167982,55.3816,-33.0346,18.46,G09016;G09017
651169508,54.2165,-32.9683,18.25,G09016;G09017
651172746,55.9242,-32.3649,17.31,G09102;G09166
651173399,56.2689,-31.7154,18.1,G09016;G09017;G09166
651175092,55.8591,-31.7147,19.13,G09016
651175694,55.8124,-31.1529,19.0,G09016;G09017
651176950,56.5576,-30.7981,18.96,G09016;G09017
651178143,59.7905,-33.1918,18.87,G09016;G09017
651181146,59.9811,-31.51,18.57,G09016;G09017
651181329,59.5713,-31.4497,18.3,G09016;G09017
651182234,58.4945,-31.5716,19.17,G09016
651183871,59.0539,-30.7289,18.94,G09016;G09017
651186436,57.6822,-31.2039,18.77,G09016;G09017
651187110,58.0433,-30.4232,17.45,G09016;G09102;G09017;G09166;20SECONDTARGET
651187439,57.4623,-30.529,17.77,G09016;G09017
651188639,57.9,-30.2049,19.28,G09016
651189427,57.0122,-30.4028,18.7,G09016;G09017
651190190,56.683,-29.9359,17.79,G09016;G09102;G09017;G09166
651191409,58.0142,-29.2251,18.7,G09016;G09017
651191482,58.0443,-29.0093,18.96,G09016;G09017
651193677,58.9361,-28.9674,18.62,G09016;G09017
651194959,59.5276,-28.2618,18.27,G09016;G09017
651196367,58.5244,-28.3409,18.85,G09016;G09017
651196979,58.951,-28.0764,19.2,G09016
651197018,59.4799,-28.1539,18.2,G09016;G09017
651198026,59.026,-27.5583,18.42,G09016;G09017
651198218,59.865,-27.7815,18.65,G09016;G09017
651198242,59.7107,-27.7547,18.33,G09016;G09017
651198576,59.9493,-27.2862,18.54,G09016;G09017
651199033,59.8144,-27.0465,18.88,G09016;G09017
651319301,51.6905,-34.4403,20.34,G09025;G09041
651323811,51.7361,-33.7939,19.1,G09016
651323942,51.7767,-33.5192,18.33,G09016;G09017
651325339,52.5072,-32.7594,18.96,G09016;G09017
651334798,51.0818,-31.9717,18.75,G09016;G09017
651341495,54.2334,-31.4955,19.14,G09016
651341732,54.2739,-31.4408,19.11,G09016
651344367,53.4388,-30.6952,19.12,G09016
651344709,53.0151,-30.9011,19.07,G09016
651345502,55.026,-31.0462,19.03,G09016
651345776,55.2566,-30.8974,18.17,G09016;G09017
651346664,54.6489,-30.3494,18.74,G09016;G09017
651347368,55.7309,-30.023,19.02,G09016
651347743,55.0749,-29.9986,18.57,G09016;G09017
651350458,55.3329,-29.1388,19.15,G09016
651352183,51.7102,-30.5662,18.42,G09016;G09017
651353025,53.0148,-30.1341,17.53,G09016;G09102;G09017;G09166
651353073,53.3539,-30.0525,16.77,G09102
651353479,52.5203,-29.8835,18.26,G09016;G09017
651353554,52.1665,-29.9125,17.1,G09016;G09102;G09017;G09166
651353697,52.8978,-29.833,19.08,G09016;G09017
651353721,52.7241,-29.83,19.18,G09016
651353974,52.8277,-29.5591,17.73,G09016;G09102;G09017;G09166
651355927,52.282,-29.2636,19.09,G09016;G09017
651391280,52.7053,-27.7937,17.49,G09016;G09102;G09017;G09166
651392562,52.8018,-26.7185,18.84,G09016;G09017
651528828,56.4693,-29.3856,17.9,G09016;G09017
651528927,56.5875,-29.2222,18.25,G09016;G09017
651529397,55.8397,-29.1352,17.85,G09016;G09017;G09166
651529675,56.2215,-28.8937,18.71,G09016;G09017
651529743,56.1992,-28.6926,18.69,G09016;G09017
651530583,56.5184,-28.7381,19.24,G09016
651532035,55.1575,-28.9014,18.88,G09016;G09017
651533418,56.4807,-27.8452,18.5,G09016;G09017
651535694,57.6255,-27.5865,19.08,G09016;G09017
651536620,58.7328,-27.059,18.49,G09016;G09017
651536980,58.0072,-27.1927,18.12,G09016;G09017
651537360,58.3313,-26.8047,19.04,G09016
651537732,56.9819,-27.4782,18.48,G09016;G09017
651539440,58.0834,-26.6251,18.5,G09016;G09017
651540318,57.5452,-26.2942,18.78,G09016;G09017
651541464,54.2249,-28.0267,18.75,G09016;G09017
651542700,55.2063,-27.4626,18.59,G09016;G09017
651542792,55.38,-27.3625,18.96,G09016;G09017
651542793,55.3779,-27.3611,19.23,G09016
651542830,55.2794,-27.306,19.2,G09016
651543018,55.3007,-27.1513,18.25,G09016;G09017
651543330,55.4605,-26.9218,17.78,G09016;G09102;G09017;G09166
651545145,54.9949,-26.8154,18.35,G09016;G09017
651546554,56.2373,-26.9853,18.48,G09016;G09017
651548731,57.3452,-25.7861,18.55,G09016;G09017
651550141,55.7675,-25.9487,18.23,G09016;G09017
651552374,56.1683,-24.7326,19.11,G09016
651553060,59.4231,-26.5358,19.13,G09016
651553641,59.1925,-26.3501,18.14,G09016;G09017
651554417,59.2554,-26.1051,17.96,G09016;G09017
651555115,59.7661,-25.4129,18.42,G09016;G09017
651556318,58.0552,-25.6859,19.24,G09016
651556715,58.3567,-25.412,18.92,G09016;G09017
651557305,59.1847,-25.3903,18.3,G09016;G09017
651560018,57.4165,-25.6168,19.21,G09016;G09017
651560035,57.3787,-25.5957,18.67,G09016;G09017
651563299,57.3236,-24.8678,18.14,G09016;G09017;G09166
651563872,56.6647,-24.5861,16.98,G09016;G09102;G09017;G09166
651564022,56.6526,-24.488,19.26,G09016
651577989,54.194,-25.2761,19.15,G09016
651578003,54.3755,-25.1928,18.72,G09016;G09017
651578356,54.9089,-24.8283,18.7,G09016;G09017
651578917,55.6821,-24.7483,17.43,G09016;G09102;G09017;G09166
651579258,55.3135,-24.6572,19.07,G09016;G09017
651581434,55.0129,-24.2984,19.21,G09016
651581619,54.6799,-24.139,18.21,G09016;G09017
651581769,55.3131,-24.0552,17.36,G09102
651582015,54.5077,-24.2147,18.29,G09016;G09017
651588215,53.5288,-24.3102,17.24,G09016;G09102;G09017
651589508,54.176,-23.7596,17.11,G09016;G09102;G09017;G09166
651589671,53.8825,-23.6196,17.75,G09016;G09102;G09017;G09166
685968761,61.1212,-35.9839,17.83,G09016;G09102;G09017
685969483,60.5642,-35.7154,17.34,G09102
685970335,60.062,-35.5483,17.72,G09016;G09102;G09017;G09166
685970907,60.96,-35.0753,18.94,G09016;G09017
685971680,60.5533,-34.5876,18.72,G09016;G09017
686048225,63.6512,-36.1431,19.27,G09016
686048412,62.9917,-36.3584,17.46,G09016;G09102;G09017;G09166
686051872,62.3928,-35.5585,18.95,G09016;G09017
686053659,62.9358,-34.9424,18.28,G09016;G09017
686058302,64.2472,-34.0243,17.29,G09016;G09102;G09017
686058838,63.9088,-33.9706,18.2,G09016;G09017
686060049,64.4532,-33.5812,18.08,G09016;G09017
686060362,64.3885,-33.2156,17.28,G09102;20SECONDTARGET
686229848,62.3907,-34.8439,18.56,G09016;G09017
686230405,61.5428,-34.7429,17.55,G09016;G09102;G09017;G09166
686230572,62.1193,-34.5862,17.91,G09016;G09017
686231567,63.055,-34.0491,18.78,G09016;G09017
686233113,61.4681,-34.2323,19.15,G09016
686234118,61.8274,-34.0744,19.2,G09016
686234650,62.47,-33.6191,19.72,G09025
686234885,62.3421,-33.3517,18.54,G09016;G09017
686235231,61.2992,-33.5545,19.27,G09016
686237013,62.965,-33.2002,18.8,G09016;G09017
686237174,63.3606,-33.1183,18.57,G09016;G09017
686237426,63.917,-33.4096,18.13,G09016;G09017
686239013,63.7782,-32.4164,17.78,G09016;G09102;G09017;G09166
686239338,62.7177,-33.0379,17.5,G09016;G09102;G09017;G09166
686239499,62.5055,-32.9931,18.8,G09016;G09017
686241357,63.7242,-32.1381,17.14,G09102;G09166;20SECONDTARGET
686241506,63.6262,-32.0145,17.77,G09016;G09017
686241564,63.501,-31.9121,17.05,G09177
686242635,60.3636,-33.9637,18.53,G09016;G09017
686242844,60.9085,-33.7776,17.23,G09016;G09102;G09017;G09166
686242851,60.9069,-33.7262,18.64,G09016;G09017
686243398,60.3245,-33.5348,19.23,G09016
686244131,61.3699,-33.1607,19.3,G09016
686244247,60.9003,-33.176,18.16,G09016;G09017;G09166
686247526,60.269,-31.7256,18.65,G09016;G09017
686248449,61.5915,-32.3511,19.08,G09016
686249444,62.8079,-31.6454,19.09,G09016
686250284,62.1172,-31.4307,18.68,G09016;G09017
686250327,62.0118,-31.3934,18.57,G09016;G09017
686251855,61.0667,-31.409,18.96,G09016;G09017
686252130,61.1518,-31.2726,18.22,G09016;G09017
686254070,61.8627,-30.3347,18.45,G09016;G09017
686254161,62.028,-30.1787,19.1,G09016
686255005,64.882,-31.9405,18.33,G09016;G09017
686255275,64.4552,-31.9912,18.09,G09016;G09017
686258529,63.5156,-31.6061,18.77,G09016;G09017
686259378,64.7779,-31.2632,18.58,G09016;G09017
686260704,64.8423,-30.4451,16.82,G09016;G09102;G09017;G09166
686260811,64.4551,-30.4272,18.71,G09016;G09017
686264852,65.2457,-30.3257,18.73,G09016;G09017
686265928,65.299,-29.7574,18.9,G09016;G09017
686270428,64.3949,-29.769,19.08,G09016
686270756,63.632,-29.8321,18.65,G09016;G09017
686272340,62.4064,-29.917,19.04,G09016
686273089,63.2887,-29.6925,18.91,G09016;G09017
686274565,63.1181,-28.9449,18.67,G09016;G09017
686276503,65.4797,-29.1771,17.82,G09016;G09102;G09017
686277441,65.011,-28.758,18.89,G09016;G09017
686278393,64.234,-28.9817,18.55,G09016;G09017
686278542,63.8084,-28.8558,19.12,G09016
686278786,64.3254,-28.6462,18.07,G09016;G09017
686280245,64.5489,-28.3324,18.41,G09016;G09017
686281693,64.6265,-27.4738,18.2,G09016;G09017
686282699,60.6473,-30.6329,19.21,G09016
686283169,60.4072,-30.4926,19.13,G09016
686283636,61.4753,-30.3664,19.09,G09016
686284007,61.5274,-30.1178,18.73,G09016;G09017
686284021,61.5181,-30.0364,18.19,G09016;G09017
686284801,61.1581,-29.739,19.24,G09016
686285053,61.2327,-29.4605,18.88,G09016;G09017
686285950,60.7746,-29.421,18.68,G09016;G09017
686287740,62.2188,-29.5622,17.07,G09016;G09102;G09017
686288213,61.7567,-29.4051,18.16,G09016;G09017
686291434,60.9646,-28.7876,17.36,G09016;G09102;G09017;G09166
686291669,60.6213,-28.6046,19.29,G09016
686293484,61.8325,-27.8493,18.47,G09016;G09017
686295525,63.2854,-27.3007,17.8,G09102;G09166
686302577,61.5489,-27.3687,19.13,G09016;G09017
686303986,60.2133,-27.0465,17.6,G09016;G09102;G09017
686304905,60.8946,-26.3669,18.77,G09016;G09017
686305715,61.7544,-27.1046,17.88,G09016;G09017
686307018,62.1026,-26.2204,18.84,G09016;G09017
686308606,62.5413,-25.6298,18.49,G09016;G09017
686310852,62.2818,-25.3708,16.67,G09102
686311510,61.4998,-25.1597,17.61,G09016;G09102;G09017
686311683,61.8568,-25.0572,18.03,G09016;G09017
686331170,65.0057,-27.3311,18.86,G09016;G09017
686331230,65.2074,-27.2824,18.67,G09016;G09017
686373652,65.0358,-26.8172,17.35,G09016;G09017;G09102;G09166
686374775,64.5194,-26.214,18.79,G09016;G09017
686375429,65.8005,-26.0228,18.88,G09016;G09017
686376382,65.557,-25.5573,19.13,G09016
686376804,64.2234,-26.2076,17.96,G09016;G09102;G09017;G09166
686377117,64.1782,-26.122,18.29,G09016;G09017
686379305,64.3467,-25.4378,18.66,G09016;G09017
686379353,64.2059,-25.4067,17.99,G09016;G09102;G09017;G09166
686390687,62.548,-25.1184,19.28,G09016
686428665,60.1947,-26.1919,18.76,G09016;G09017
686429645,60.6385,-25.4057,18.07,G09016;G09017;G09166
686430295,60.677,-24.9529,18.14,G09016;G09017;G09166
686430445,60.3313,-24.85,17.87,G09016;G09017
686430839,61.0145,-24.8675,19.27,G09016
89061857,54.36,-24.7615,16.94,G09016;G09102;G09017
89062277,54.5158,-25.3691,12.29,G09180
89062278,54.5077,-25.3747,12.77,G09180
89063099,54.6086,-29.7381,12.87,G09004
89094846,54.6735,-24.0482,9.22,G09062
89094978,54.7574,-24.5686,13.51,G09123;20SECONDTARGET
89096297,54.9725,-28.5123,6.44,G09062
89111480,54.986,-26.2221,8.74,G09062
89114587,55.4543,-28.7877,8.8,G09123
89115385,55.498,-24.6525,6.31,G09062;20SECONDTARGET
89148712,55.9017,-24.663,15.1,G09102;20SECONDTARGET
89185670,57.4786,-25.5025,7.68,G09062
89187590,57.5753,-24.8097,10.14,G09123
89188376,57.7151,-26.9609,17.07,G09102;20SECONDTARGET
89203710,57.846,-25.6819,15.73,G09016;G09102;G09017
89204162,57.9588,-24.2503,13.04,G09123
89204401,57.922,-25.4713,15.98,G09102;G09166;20SECONDTARGET
89239383,58.3377,-29.8068,10.99,G09123
89240252,58.4262,-25.4507,12.31,G09123
89255038,58.4803,-29.2818,10.31,G09123
89255318,58.6319,-29.0778,13.4,G09123
89256140,58.6295,-24.8911,7.63,G09062;20SECONDTARGET
89256802,58.7257,-26.4232,13.74,G09031;20SECONDTARGET
89257074,58.7916,-27.6248,9.5,G09123
89257097,58.82,-27.73,8.75,G09062
89263418,58.7949,-29.5437,13.18,G09123
89264837,59.0025,-25.0354,11.2,G09180
89264838,58.9978,-25.0363,10.98,G09180
89265486,58.9917,-28.3462,14.17,G09123
89320803,59.1203,-25.1834,6.17,G09062
117627542,67.6334,-15.0889,9.27,G09062
120957377,54.0111,-21.8564,15.65,G09016;G09102;G09017;G09166
120958071,54.1439,-22.2583,16.56,G09016;G09102;G09017
120979217,54.9913,-22.4146,12.24,G09180
120979223,54.9894,-22.4358,10.49,G09180
121006435,55.1822,-20.0028,12.05,G09004
121007602,55.2562,-21.8011,13.25,G09123
121011020,55.6659,-20.5453,8.42,G09123
121026331,56.1087,-18.6228,12.64,G09004
121027055,56.0259,-22.0319,8.61,G09062
121048719,56.238,-21.5828,8.0,G09062
121048789,56.2002,-21.2942,8.79,G09123
121049256,56.2582,-19.135,8.17,G09062
121078952,56.7283,-22.9077,12.78,G09004
121087754,56.7861,-23.1047,16.87,G09016;G09102;G09017
121089579,57.1137,-19.7444,10.64,G09123
121104002,57.4538,-22.7849,15.05,G09016;G09102;G09017;G09166
121106998,57.7335,-20.8045,14.12,G09041
121133362,57.8465,-20.3867,12.98,G09180
121133363,57.8449,-20.387,10.64,G09180
121157898,58.2415,-19.9309,16.59,G09102;G09166;20SECONDTARGET
121158260,58.1913,-18.3687,11.56,G09123;20SECONDTARGET
121158680,58.3179,-19.2893,8.89,G09062
136887637,61.0783,-15.7253,4.33,G09123;20SECONDTARGET
136888130,61.0529,-13.6948,12.13,G09004
136888305,61.0948,-12.7922,4.71,G09123;20SECONDTARGET
139526882,63.5433,-21.4253,16.39,G09102;20SECONDTARGET
139527641,63.5446,-18.2092,9.23,G09062
139528693,63.7563,-22.1164,11.83,G09114;20SECONDTARGET
139548291,63.9309,-22.7551,9.8,G09062
139552249,64.4136,-20.1026,10.58,G09180
139552250,64.4142,-20.1016,10.06,G09180
139575826,64.5443,-23.4137,9.72,G09123
139578766,64.7006,-23.1718,17.61,G09166
139593929,65.0567,-20.208,12.41,G09194
139595280,65.1845,-22.0891,14.35,G09102;20SECONDTARGET
139635924,65.1999,-19.1604,17.35,G09102
139636194,65.3155,-20.192,7.67,G09062
139637712,65.4485,-21.7709,7.02,G09062;20SECONDTARGET
139638029,65.4353,-20.4423,10.8,G09180
139638039,65.3738,-20.3983,10.61,G09180
139648221,65.5564,-19.4211,8.0,G09062
139667496,65.7525,-23.4124,12.76,G09194
139668651,65.9005,-20.2742,7.6,G09062
139670393,66.038,-21.7828,13.51,G09123
139671163,66.1223,-23.1957,16.49,G09177
139680713,66.1717,-20.1201,11.71,G09041;20SECONDTARGET
139682680,66.2162,-22.6992,12.25,G09180;G09180
139683549,66.443,-21.9005,12.99,G09123;20SECONDTARGET
139701741,66.3968,-18.8007,11.69,G09196
139704026,66.6056,-22.7271,10.8,G09036
139705151,66.7225,-18.656,6.5,G09062
139723870,66.755,-19.57,9.35,G09062
139725959,66.8835,-20.7065,12.67,G09004
149846221,62.5061,-18.7112,7.75,G09062
149846788,62.5467,-19.8148,13.84,G09102;20SECONDTARGET
149859684,62.7722,-18.4268,7.84,G09062;20SECONDTARGET
149859965,62.8387,-19.7999,9.55,G09180
149859967,62.8375,-19.8062,11.46,G09180
152370762,65.2933,-24.5392,8.77,G09123;20SECONDTARGET
152371007,65.3841,-24.2914,8.34,G09062
152373738,65.6013,-24.1323,17.2,G09166
156215534,56.245,-16.8784,15.05,G09102;20SECONDTARGET
156218734,56.2222,-13.346,16.34,G09177
156928126,57.2658,-13.7214,12.55,G09004
178199994,58.4724,-19.2538,9.88,G09123
178215592,58.9345,-20.1164,17.94,G09016;G09017
178215855,58.9125,-21.5958,8.11,G09062
178241984,58.9667,-20.6866,13.76,G09123
178242590,59.1578,-18.2375,11.42,G09079;G09036;G09039
178242805,59.0777,-19.4123,11.33,G09123
178249461,59.4339,-20.267,8.05,G09123
178251714,59.6313,-20.1171,11.85,G09123
178273822,60.0476,-23.3315,12.18,G09194
178274673,60.0012,-19.2469,6.66,G09062
178284266,60.4589,-18.3673,7.23,G09062
178284729,60.3876,-20.4505,12.27,G09180
178284730,60.3855,-20.4509,10.31,G09114;G09031;G09180;20SECONDTARGET
178284735,60.4672,-20.475,7.33,G09062
178285451,60.5235,-23.7004,9.48,G09123
178286929,60.6279,-19.4985,7.42,G09062
178289267,60.9482,-19.0569,11.71,G09058;G09114;20SECONDTARGET
178320743,61.1062,-19.8415,12.3,G09123
178322956,61.248,-21.4623,12.61,G09194
178348507,61.4609,-19.6564,12.34,G09123
178349868,61.5582,-21.8273,13.01,G09123
178350442,61.5224,-19.2949,9.63,G09123
178351350,61.6456,-20.8589,8.47,G09123
178351535,61.6904,-21.6727,7.38,G09062
178352046,61.8233,-23.6451,11.11,G09079;G09036;G09039
178353054,61.797,-18.7426,16.1,G09016;G09102;G09017;G09166
178805087,66.0479,-23.943,9.81,G09123
179034958,64.4047,-24.3308,10.71,G09123;20SECONDTARGET
206734823,55.5175,-17.1461,7.34,G09062
229078120,63.3578,-22.8091,16.89,G09166
229078338,63.4957,-23.8727,9.54,G09123
229078909,63.4954,-21.3757,16.82,G09102
279373233,57.6462,-11.9954,7.23,G09062
279401253,57.6573,-15.0263,11.26,G09034;G09123;20SECONDTARGET
279401333,57.6326,-15.4062,12.77,G09004
279402565,57.7654,-14.7078,8.04,G09062
279404314,57.8895,-17.5017,11.35,G09194
279433960,58.1953,-17.1808,14.78,G09102;20SECONDTARGET
279434608,58.2238,-14.1112,8.71,G09062
279453152,58.4086,-13.905,12.93,G09004
279454212,58.4774,-16.9546,10.1,G09079;G09036;G09039
279455062,58.4663,-12.9189,12.39,G09004
279483438,58.5429,-16.8813,17.24,G09041;G09102;G09166;20SECONDTARGET
279484490,58.6956,-14.2688,16.1,G09102;G09166;20SECONDTARGET
279493306,58.929,-12.4851,12.79,G09004
279537689,59.4005,-14.1649,9.69,G09036
319312735,61.8672,-14.9384,10.34,G09123
319313276,61.8649,-17.1877,14.23,G09102;20SECONDTARGET
325686660,59.6044,-15.8373,8.76,G09062
332532562,61.2745,-16.2934,12.87,G09004
332532653,61.3086,-15.9006,14.12,G09123
332534326,61.4013,-14.9267,12.8,G09058;20SECONDTARGET
332558858,61.6863,-16.7559,12.59,G09058;20SECONDTARGET
332579395,62.1708,-12.584,17.08,G09016;G09102;G09017
332622018,62.4164,-17.763,12.98,G09123
332622374,62.6107,-16.6957,16.51,G09016;G09102;G09017
332644133,62.6343,-16.6347,17.8,G09041
332699983,63.5462,-16.126,16.33,G09177
332706753,63.7456,-14.4051,8.47,G09062
38588212,56.779,-11.9694,16.05,G09102
44897947,63.9944,-24.0078,8.24,G09194;G09062
461714934,59.8408,-15.1394,7.94,G09062
461715780,59.9843,-16.5832,12.26,G09004;G09123
461720392,60.3036,-15.8635,8.04,G09062
471013751,59.1221,-17.7229,16.88,G09177
471015389,66.1725,-16.7164,16.64,G09177
471015762,64.3213,-13.8071,14.75,G09123
471016004,65.0153,-24.3302,18.26,G09016;G09017
651567731,59.7417,-23.5636,18.3,G09016;G09017
651567802,59.7065,-23.3939,17.82,G09016;G09102;G09017;G09166
651568303,59.7705,-23.207,16.01,G09016;G09102;G09017
651598946,56.1773,-22.2183,19.0,G09016;G09017
651601569,58.4218,-21.7007,19.1,G09016
651602491,56.5179,-22.2215,19.0,G09016;G09017
651605754,54.6741,-22.2656,18.63,G09016;G09017
651606113,55.6653,-22.2138,17.98,G09016;G09102;G09017;G09166
651609814,54.694,-21.0808,17.53,G09016;G09102;G09017
651610034,56.4888,-21.7242,18.31,G09016;G09017
651610543,56.6989,-21.1931,18.43,G09016;G09017
651610795,55.8573,-21.3693,18.83,G09016;G09017
651610801,55.7795,-21.3618,18.58,G09016;G09017
651611906,57.1871,-20.6074,18.51,G09016;G09017
651613037,56.138,-20.8439,18.83,G09016;G09017
651613922,55.4237,-20.3057,19.13,G09016
651614311,56.553,-20.286,18.28,G09016;G09017
651615293,56.2205,-19.6028,18.0,G09016;G09017
651615352,59.8907,-22.6845,18.99,G09016;G09017
651616260,59.8529,-21.9053,16.74,G09016;G09102;G09017;G09166
651616479,59.5605,-21.6372,18.08,G09016;G09017
651617685,58.4009,-21.3673,18.92,G09016;G09017
651619024,59.9355,-20.5865,18.17,G09016;G09017
651619216,59.4858,-20.458,18.76,G09016;G09017
651620548,58.0508,-20.4473,18.78,G09016;G09017
651622011,58.8294,-19.8565,19.13,G09016
651622906,59.4375,-19.4881,17.81,G09016;G09017
651625343,58.9353,-19.5654,18.82,G09016;G09017
651625742,57.9971,-19.5026,17.86,G09016;G09102;G09017
651626555,56.8272,-19.8234,18.54,G09016;G09017
651628089,58.1718,-18.9002,18.52,G09016;G09017
651629525,59.5914,-18.9684,18.13,G09016;G09017;G09166
651632933,58.4401,-18.0392,19.03,G09016
651633554,59.1221,-17.7229,16.82,G09102
651634399,58.9895,-17.4771,16.62,G09102
651634480,59.3568,-17.2653,19.18,G09016
651635266,59.447,-17.2225,17.45,G09016;G09102;G09017;G09166
651635379,59.578,-16.9987,19.09,G09016
651662178,55.0307,-19.7497,18.08,G09016;G09017
651662648,55.4108,-19.7343,17.73,G09016;G09102;G09017;G09166
651663552,55.552,-19.1637,18.06,G09016;G09017;G09166
651665552,55.0903,-19.0052,18.61,G09016;G09017
651712510,56.6667,-18.7462,17.87,G09016;G09102;G09017;G09166
651713142,56.0402,-18.4816,18.7,G09016;G09017
651713207,56.3318,-18.311,19.04,G09016
651714116,56.4237,-18.091,18.23,G09016;G09017
651714145,56.7645,-18.0483,17.48,G09016;G09102;G09017
651715754,55.3774,-17.9809,17.86,G09016;G09102;G09017;G09166
651715982,56.2864,-17.9558,18.63,G09016;G09017
651716178,56.3332,-17.6961,18.66,G09016;G09017
651717728,57.6684,-17.5879,18.84,G09016;G09017
651718023,57.4539,-17.5424,18.51,G09016;G09017
651719228,58.8246,-16.8509,18.81,G09016;G09017
651719869,58.4522,-16.6139,19.09,G09016
651720726,57.3368,-16.9253,18.42,G09016;G09017
651721463,56.7178,-16.6199,19.12,G09016
651721923,58.026,-16.5996,18.19,G09016;G09017
651721986,57.9127,-16.433,19.28,G09016
651727940,55.8567,-16.4922,18.93,G09016;G09017
651728260,56.1381,-16.1567,18.42,G09016;G09017
651730559,55.6715,-15.6062,18.04,G09016;G09017;G09166
651733190,59.2808,-16.1979,18.61,G09016;G09017
651735349,58.2159,-15.9948,18.9,G09016;G09017
651737462,58.9904,-15.0365,18.56,G09016;G09017
651738415,59.8121,-14.6871,19.09,G09016
651741214,58.2711,-14.6068,19.28,G09016
651742252,58.4463,-14.0198,19.19,G09016
651742722,57.2641,-14.5165,17.47,G09016;G09102;G09017;G09166
651742986,57.2778,-14.3076,17.81,G09016;G09102;G09017
651743563,56.6492,-14.1719,18.11,G09016;G09017;G09166
651744827,57.6813,-13.6285,17.39,G09016;G09102;G09017
651745863,58.6101,-13.9654,18.93,G09016;G09017
651746101,58.7299,-13.7862,18.24,G09016;G09017
651746246,59.0081,-13.6732,18.65,G09016;G09017
651746875,59.7622,-13.4414,19.11,G09016
651748668,58.0045,-13.34,19.1,G09016
651749835,59.6526,-12.681,19.06,G09016
651769057,56.2444,-14.2278,19.01,G09016
651769239,56.3747,-14.0135,18.74,G09016;G09017
651771277,56.6433,-13.0097,18.13,G09016;G09017
651774397,58.0026,-12.9156,18.95,G09016;G09017
651776003,58.5399,-12.0291,18.72,G09016;G09017
651776027,58.631,-11.9871,19.0,G09016;G09017
651776046,58.4376,-11.9765,18.5,G09041
651776981,56.9165,-12.3843,18.58,G09016;G09017
651777882,56.5943,-11.7821,18.76,G09016;G09017
651778241,57.5141,-11.8817,18.46,G09016;G09017
651778465,57.8057,-11.5791,18.73,G09016;G09017
651778998,57.6327,-11.3955,19.28,G09016
671485508,67.0316,-18.3562,18.68,G09016;G09017
671486664,66.6208,-17.7429,17.47,G09016;G09102;G09017
671498729,67.0668,-16.8338,18.68,G09016;G09017
671501162,65.3646,-16.804,17.85,G09016;G09017
671501631,66.1724,-16.7163,16.89,G09016;G09102;G09017
671504319,67.3584,-16.4275,17.43,G09016;G09017;G09102;G09166
671504357,67.4409,-16.3333,19.3,G09016
671507380,66.7789,-15.9955,18.54,G09016;G09017
671509822,67.0595,-15.2829,18.16,G09016;G09017
671510451,67.7358,-14.7317,18.79,G09016;G09017
671541496,64.8819,-16.412,18.34,G09016;G09017
671541835,64.4771,-16.4107,18.84,G09016;G09017
671543622,65.2775,-15.7075,19.14,G09016
671543773,64.8376,-15.6256,16.86,G09102;G09166
671544649,63.7166,-15.9583,18.51,G09016;G09017
671545016,64.3215,-15.7132,19.24,G09016
671545481,63.6323,-15.6676,17.45,G09016;G09102;G09017
671546549,65.3637,-15.0819,18.1,G09016;G09017
671547816,66.1503,-15.4623,18.28,G09016;G09017
671547843,66.335,-15.4969,18.68,G09016;G09017
671547859,66.2763,-15.4744,18.34,G09016;G09017
671548112,66.152,-15.2854,17.48,G09016;G09102;G09017
671548968,65.4715,-15.0714,17.89,G09016;G09102;G09017
671549661,66.801,-14.9089,18.22,G09016;G09017
671549802,67.0348,-14.691,17.55,G09016;G09102;G09017;G09166
671552404,65.0013,-14.6625,19.29,G09016
671552830,65.4714,-14.2793,17.94,G09016;G09102;G09017;G09166
671553627,65.9768,-13.999,19.27,G09016
671556767,63.938,-15.0416,18.84,G09016;G09017
671557066,63.7873,-14.7664,18.84,G09016;G09017
671561072,62.9647,-13.9002,17.91,G09016;G09017
671561520,63.6022,-13.5744,18.34,G09016;G09017
671561691,63.0808,-13.5262,18.12,G09016;G09017
671561716,63.2473,-13.5127,18.67,G09016;G09017
671562376,65.252,-13.8964,18.01,G09016;G09017;G09166
671563257,64.9493,-13.5585,18.94,G09016;G09017
671563285,64.7781,-13.58,19.18,G09016
671563389,64.3653,-13.5518,18.3,G09016;G09017
671563899,65.4805,-13.4253,17.68,G09016;G09102;G09017
671564582,65.3135,-13.277,18.98,G09016;G09017
671564823,65.0392,-13.1226,19.3,G09016
671565515,64.2783,-13.564,18.77,G09016;G09017
671566705,63.9958,-12.9858,17.97,G09016;G09102;G09017
671771242,61.9231,-13.2268,17.56,G09016;G09102;G09017;G09166
671771366,62.2202,-13.0273,19.01,G09016;G09017
671772488,61.2028,-13.2369,17.65,G09016;G09102;G09017;G09166
671774149,62.1705,-12.5836,17.47,G09016;G09102;G09017
671774232,62.1898,-12.4025,18.18,G09016;G09017
671774312,61.5478,-12.7563,17.29,G09016;G09102;G09017
671784300,60.9682,-12.1444,18.17,G09016;G09017
686381923,66.181,-24.743,18.77,G09016;G09017
686383057,66.3005,-24.6743,18.29,G09016;G09017
686384300,65.9785,-24.7029,18.56,G09016;G09017
686385425,65.4084,-24.1709,18.61,G09016;G09017
686386241,66.276,-23.9653,19.96,G09166
686386502,65.6093,-24.1235,17.28,G09016;G09102;G09017
686386605,65.8508,-24.0033,18.27,G09016;G09017
686392241,62.667,-24.1563,18.96,G09016;G09017
686394638,65.2436,-23.9621,17.3,G09102
686395230,64.4296,-23.855,19.29,G09016
686396801,65.1395,-23.2089,18.26,G09016;G09017
686398584,63.8833,-23.2225,19.16,G09016
686398973,64.6957,-23.1772,17.71,G09016;G09102;G09017
686415642,66.2157,-22.6987,12.55,G09180
686415711,66.4907,-22.5746,18.45,G09016;G09017
686416008,65.5566,-22.6949,18.36,G09016;G09017
686416813,66.5283,-22.4021,18.65,G09016;G09017
686418956,65.6337,-21.9506,18.99,G09016;G09017
686419135,65.0858,-22.1809,18.66,G09016;G09017
686419609,65.5988,-21.7858,19.27,G09016
686425082,66.8568,-21.2417,19.28,G09016
686428021,66.9158,-20.1544,16.9,G09016;G09102;G09017
686433144,61.0313,-23.8471,18.91,G09016;G09017
686434206,60.3443,-23.3373,18.1,G09016;G09017
686435360,61.7247,-24.0387,18.2,G09016;G09017
686437461,62.5586,-23.0836,17.9,G09016;G09102;G09017
686439527,61.9439,-23.069,18.89,G09016;G09017
686440864,62.0722,-22.2655,18.29,G09016;G09017
686441200,63.2552,-23.0885,19.1,G09016
686441435,63.3001,-22.9172,18.82,G09016;G09017
686441469,63.361,-22.8113,16.89,G09016;G09102;G09017
686444568,62.613,-22.4884,18.51,G09016;G09017
686445774,62.1245,-21.8977,18.75,G09016;G09017
686445991,62.8329,-21.7147,18.99,G09016;G09017
686446054,62.7598,-21.6924,18.79,G09016;G09017
686446086,62.3815,-21.8159,19.09,G09016
686446253,62.5199,-21.5073,18.68,G09016;G09017
686447586,62.9979,-21.1278,19.27,G09016
686450260,61.443,-21.8352,17.11,G09102;G09166
686450765,61.4158,-21.6532,19.01,G09016;G09017
686452041,60.7892,-21.1907,19.11,G09016
686452964,61.6299,-21.7379,18.11,G09166
686453747,61.7781,-21.3165,18.95,G09016;G09017
686454581,62.6068,-21.0413,17.24,G09016;G09102;G09017
686455595,62.059,-20.646,18.04,G09016;G09017
686460692,64.8027,-20.976,18.97,G09016;G09017
686462329,65.66,-20.4883,19.02,G09016;G09017
686462349,65.5002,-20.4768,19.23,G09016
686463490,63.5856,-20.9765,18.04,G09016;G09017
686463538,63.5043,-20.9173,19.04,G09016;G09017
686464435,64.7989,-20.4568,17.99,G09016;G09102;G09017
686464602,64.7369,-20.285,18.84,G09016;G09017
686464793,65.0326,-20.1204,19.2,G09016
686465463,64.3875,-19.902,18.77,G09016;G09017
686467936,66.4798,-19.7587,19.66,G09041
686468347,67.0693,-19.4128,19.11,G09016;G09017
686471654,66.2593,-18.8702,19.24,G09016
686471884,65.9132,-18.994,18.19,G09016;G09017
686472414,66.2668,-18.5967,18.56,G09016;G09017
686472547,66.0097,-18.5137,18.36,G09016;G09017
686474665,64.2244,-19.7826,19.13,G09016
686474895,64.0535,-19.6864,18.77,G09016;G09017
686480555,64.8859,-18.7781,18.83,G09016;G09017
686481518,64.8036,-18.4034,18.38,G09016;G09017
686481694,65.3096,-18.6522,18.98,G09016;G09017
686482941,65.0958,-17.9947,18.3,G09016;G09017
686483324,65.3809,-17.7482,19.09,G09016
686483513,63.9864,-18.5768,19.04,G09016
686484228,64.3106,-18.1673,18.45,G09016;G09017
686485125,64.0749,-17.7626,16.36,G09102;G09166
686485170,63.8335,-17.7186,19.11,G09016
686487968,60.6372,-20.1809,18.99,G09016;G09017
686489744,60.5255,-19.5218,18.06,G09016;G09017
686490450,60.2707,-19.3641,18.77,G09016;G09017
686491355,60.8733,-18.6125,18.64,G09016;G09017
686492795,62.1519,-19.0154,18.66,G09016;G09017
686493466,61.6074,-18.7125,18.21,G09016;G09017;G09166
686494318,62.5909,-18.3413,18.72,G09016;G09017
686495291,62.7604,-17.9831,18.74,G09016;G09017
686495383,62.3745,-18.0278,18.12,G09016;G09017
686497416,61.6447,-17.9151,18.6,G09016;G09017
686502508,63.1322,-16.8938,18.43,G09016;G09017
686503340,62.4854,-16.6737,17.96,G09016;G09102;G09017;G09166
686505265,60.6615,-17.8835,19.09,G09016
686505553,60.7943,-17.8689,19.13,G09016
686506133,60.1078,-17.5002,18.55,G09016;G09017
686507406,60.891,-17.1058,18.43,G09016;G09017
686508048,60.9621,-16.5605,18.57,G09016;G09017
686508769,60.2452,-16.671,17.91,G09016;G09102;G09017
686508833,60.5522,-16.5492,19.17,G09016;G09017
686509090,61.0697,-16.2504,18.82,G09016;G09017
686509486,60.2707,-16.2461,17.97,G09016;G09102;G09017;G09166
686510178,61.9592,-16.6276,18.59,G09016;G09017
686510746,62.1406,-16.1839,18.0,G09016;G09102;G09017
686512970,62.8573,-15.3901,19.11,G09041
686515154,61.83,-15.2565,16.49,G09102;20SECONDTARGET
686516705,60.2165,-15.508,18.28,G09016;G09017
686516807,60.5466,-15.5544,18.32,G09016;G09017
686517230,60.7678,-15.1713,19.01,G09016
686517237,60.8359,-15.124,17.25,G09102;G09166
686517487,60.9005,-15.0042,18.73,G09016;G09017
686518213,60.4744,-14.6778,18.23,G09041
686521058,60.3511,-13.8765,19.0,G09016;G09017
686521260,60.4585,-13.8333,19.26,G09016
686521589,60.5438,-13.3569,18.63,G09016;G09017
70597337,60.6998,-14.056,10.95,G09194
70887357,63.8578,-16.9022,8.65,G09079;G09036;G09039
70911898,64.6066,-15.6349,12.76,G09123
70960821,64.8483,-17.1798,12.51,G09123
70963660,65.0194,-17.4525,14.46,G09102;20SECONDTARGET
70987703,65.2392,-16.4709,16.89,G09102
71010853,65.4726,-15.0806,17.75,G09166
71011070,65.4354,-16.0043,16.99,G09102
71013469,65.6589,-13.3586,16.89,G09041
71047543,66.4665,-14.465,16.59,G09016;G09017;G09166
71047654,66.4536,-14.9333,9.79,G09062
71090087,66.6342,-16.9104,10.49,G09123
71108915,66.9166,-17.794,9.68,G09123
71131756,67.2453,-13.6616,8.12,G09062
97524002,60.4232,-14.8916,9.35,G09062
10008689,51.2123,-10.2285,11.74,G09194
118653298,53.9881,-10.5169,12.68,G09004
120956785,54.0542,-18.5508,7.26,G09062
12530777,51.8467,-10.5731,12.7,G09004
12549312,52.2809,-11.7056,13.45,G09102
12571097,52.3249,-10.5547,7.11,G09062;20SECONDTARGET
12605683,52.7968,-11.3873,8.15,G09062
12632682,53.0884,-11.7937,16.91,G09016;G09102;G09017;G09166
137862331,48.3144,-19.5438,10.61,G09180
137862332,48.3139,-19.5425,12.11,G09180
141287662,44.9519,-9.224,12.59,G09004
141307592,45.2261,-10.0358,7.17,G09062
141333291,45.8831,-10.9759,6.65,G09062;20SECONDTARGET
206694588,54.162,-13.3187,9.08,G09062
206714579,54.7316,-14.4888,9.86,G09062
206720132,55.2939,-13.3286,9.19,G09062
218986171,42.2547,-18.5212,16.54,G09016;G09102;G09017;G09166
23168549,46.3153,-8.9446,8.57,G09194
23170835,46.5588,-9.81,10.37,G09194
23192405,47.0433,-11.5633,16.32,G09102;20SECONDTARGET
257555898,46.5208,-20.4928,16.15,G09016;G09102;G09017
257566573,46.6639,-19.0402,17.49,G09016;G09102;G09017;G09166
257567390,52.8121,-21.2915,12.51,G09004;G09123;20SECONDTARGET
257602545,53.2998,-19.2511,11.78,G09180
257602546,53.301,-19.2525,12.67,G09180
274000625,42.6478,-18.8541,12.29,G09004
29942265,41.867,-17.3692,9.17,G09062
326330717,43.5806,-19.7173,10.81,G09123
344335536,47.9927,-20.902,15.61,G09102;20SECONDTARGET
36916151,43.8965,-11.7627,12.46,G09004
382393538,44.1765,-11.8498,13.07,G09194
38464735,55.1405,-11.2771,7.79,G09062
406453945,47.0702,-12.5927,8.79,G09062
406474860,50.4916,-16.6054,12.92,G09004
406476142,50.5115,-13.342,12.58,G09194
406476495,50.5051,-12.2772,12.84,G09004
406477000,50.6699,-13.7789,8.53,G09062
406477030,50.6836,-13.8943,9.71,G09062
406479277,53.5583,-19.6644,10.27,G09123
423442495,51.1048,-15.6546,6.95,G09062;20SECONDTARGET
423448336,51.3164,-17.3763,16.84,G09016;G09102;G09017
423448777,51.3115,-15.0413,7.35,G09062;20SECONDTARGET
423448938,51.253,-14.1159,7.4,G09062
425139495,44.2088,-10.4133,9.35,G09062
425178414,44.9046,-9.4165,8.05,G09194
425178569,44.884,-8.6215,9.13,G09062
441499712,46.722,-12.1999,16.47,G09177;G09102
441500236,46.7196,-14.7755,9.76,G09062
441500413,46.7172,-15.6168,9.73,G09062
441500792,46.7025,-17.3921,16.71,G09102;G09166;20SECONDTARGET
441502016,46.791,-12.4894,8.82,G09062
441502959,47.3163,-13.8096,12.27,G09194
441503832,47.5637,-15.3791,12.51,G09004
441504146,47.5488,-13.8617,8.95,G09194
441504216,47.5086,-13.5723,12.76,G09004
441507299,47.8781,-13.5252,7.27,G09062;20SECONDTARGET
441515154,48.7748,-17.644,11.66,G09194
441518050,49.045,-15.377,12.89,G09004
441539124,49.3981,-17.6452,8.46,G09062
471013821,52.9875,-16.2842,16.43,G09177
471014034,49.6862,-12.8319,16.63,G09177
55891662,49.8806,-17.2364,16.05,G09102;G09166
55895344,50.3619,-15.798,8.45,G09062
651527719,45.159,-20.073,17.7,G09016;G09102;G09017
651644930,51.4182,-21.4783,18.46,G09016;G09017
651645517,52.2536,-21.3863,18.78,G09016;G09017
651650623,49.2945,-21.1578,18.58,G09016;G09017
651651175,50.5609,-21.527,19.29,G09016
651651224,51.1099,-21.5458,17.48,G09102;G09166
651651524,50.2586,-21.559,18.84,G09016;G09017
651651995,50.4516,-21.1299,19.25,G09016
651653018,50.926,-20.4991,18.89,G09016;G09017
651653213,51.1629,-20.3258,19.28,G09016
651654367,49.8398,-20.4273,19.2,G09016
651654590,50.7963,-20.362,18.43,G09016;G09017
651654625,50.5445,-20.4613,18.91,G09016;G09017
651659648,53.5026,-20.6732,19.22,G09016
651659870,53.1979,-20.3599,19.13,G09016
651660329,53.0783,-20.3152,18.9,G09016;G09017
651660419,53.3783,-20.1193,18.5,G09016;G09017
651667669,52.1699,-19.6437,18.07,G09016;G09017
651667989,52.6254,-19.6642,16.92,G09016;G09102;G09017
651668781,52.4663,-19.0954,19.28,G09016
651668807,52.7686,-19.0286,17.54,G09016;G09102;G09017;G09166
651671452,53.7194,-19.1294,19.06,G09016
651672807,54.1107,-18.3991,19.08,G09016
651674205,52.813,-18.2735,19.04,G09016
651675091,53.1158,-17.9072,18.17,G09016;G09017
651675554,53.3787,-17.617,18.03,G09016;G09017
651678555,47.5679,-20.8333,18.23,G09016;G09017
651678973,46.7109,-20.6677,17.8,G09016;G09102;G09017
651679084,47.0284,-20.6053,19.1,G09016
651679650,48.1329,-20.2211,18.39,G09016;G09017
651680030,47.265,-20.2233,18.96,G09016;G09017
651682027,50.5475,-19.4582,18.34,G09016;G09017
651682959,48.4457,-19.8369,18.77,G09016;G09017
651683940,48.4331,-19.0486,19.21,G09016
651686137,46.4999,-19.7603,18.93,G09016;G09017
651686242,46.3103,-19.6386,18.27,G09016;G09017
651689580,47.5506,-19.155,18.1,G09016;G09017;G09166
651689843,48.0112,-18.9257,19.18,G09016;G09017
651690289,47.741,-18.7294,18.55,G09016;G09017
651690337,48.0473,-18.6279,18.21,G09016;G09017
651690604,48.7147,-18.5764,19.19,G09016
651692428,46.7742,-18.1636,18.84,G09016;G09017
651694431,50.196,-18.9242,16.97,G09016;G09102;G09017;G09166
651694651,50.7606,-18.7049,18.19,G09016;G09017
651694860,50.6076,-18.3961,18.86,G09016;G09017
651694967,51.3928,-18.6106,18.26,G09016;G09017
651696328,49.8999,-18.3936,18.15,G09016;G09017
651697511,50.6808,-17.7461,18.11,G09016;G09017
651698086,50.233,-17.439,17.49,G09016;G09102;G09017;G09166
651701029,51.9567,-16.9432,18.89,G09016;G09017
651701647,51.5381,-16.5889,18.5,G09016;G09017
651702027,51.9659,-16.5282,19.12,G09016
651703010,49.4561,-17.9672,18.89,G09016;G09017
651704324,50.3171,-17.1213,19.3,G09016
651705648,48.9505,-16.7558,17.4,G09177;G09016;G09102;G09017
651706559,49.8461,-16.3685,17.35,G09102;G09166
651706719,49.5251,-16.1841,19.24,G09016
651706799,48.9125,-16.3951,18.43,G09016;G09017
651707198,49.0514,-15.8823,19.1,G09016
651710112,50.1288,-15.7264,18.73,G09016;G09017
651710480,49.5068,-15.5779,18.65,G09016;G09017
651710660,49.71,-15.515,18.0,G09016;G09102;G09017;G09166
651711131,51.0005,-15.2548,17.6,G09016;G09102;G09017
651711395,50.3173,-15.2418,19.2,G09016
651711767,50.7467,-14.738,19.24,G09016
651725400,53.968,-17.154,15.8,G09102;G09166
651725648,54.5429,-16.8968,17.93,G09016;G09102;G09017
651751610,52.9875,-16.2842,16.86,G09102;G09166
651753549,52.9609,-15.8087,19.06,G09016;G09017
651753565,52.9141,-15.7527,18.05,G09016;G09017;G09166
651753987,52.3632,-15.491,18.67,G09016;G09017
651754116,52.9245,-15.3718,18.96,G09016;G09017
651755622,54.7526,-15.3194,18.12,G09016;G09017
651756071,54.3308,-15.2252,19.28,G09016
651757941,54.6683,-14.6253,18.92,G09016;G09017
651758589,53.9341,-14.2404,18.56,G09016;G09017
651759364,54.6807,-13.99,18.98,G09016;G09017
651760224,52.602,-15.0402,17.14,G09102;G09166
651760280,52.1793,-15.0833,18.86,G09016;G09017
651760403,51.5509,-15.2161,17.46,G09102
651761671,52.3473,-14.4273,17.68,G09016;G09102;G09017;G09166
651762243,51.3494,-14.7611,18.22,G09016;G09017
651764481,53.3305,-14.2011,18.45,G09016;G09017
651765752,54.1202,-13.2994,18.88,G09016;G09017
651765810,54.7794,-13.3003,18.49,G09016;G09017
651767301,52.4982,-13.2508,19.11,G09016
651767989,53.2279,-12.9496,17.94,G09016;G09102;G09017;G09166
651772427,54.9187,-13.2235,18.74,G09016;G09017
651779537,54.8692,-13.1028,19.27,G09016
651779620,55.105,-12.9037,18.99,G09016;G09017
651780303,54.4959,-12.5164,18.24,G09016;G09017
651782208,54.385,-11.8823,18.92,G09016;G09017
651783125,55.0323,-11.5674,18.92,G09016;G09017
651798158,44.4155,-19.9662,18.8,G09016;G09017
651798783,43.8074,-19.513,18.26,G09016;G09017
651799490,43.5914,-19.4703,18.45,G09016;G09017
651800059,42.7456,-19.0376,18.79,G09016;G09017
651800258,43.4139,-19.2915,18.76,G09016;G09017
651800793,43.0882,-18.8113,17.36,G09016;G09102;G09017
651804623,42.0559,-19.0773,18.79,G09016;G09017
651804742,42.7174,-18.9166,18.64,G09016;G09017
651805244,42.2146,-18.4841,18.75,G09016;G09017
651805481,43.0416,-18.3573,19.09,G09016
651805833,42.755,-18.1815,18.6,G09016;G09017
651806641,41.8324,-17.9786,18.66,G09016;G09017
651807272,42.2222,-17.7826,17.95,G09016;G09102;G09017;G09166
651807752,41.7613,-17.3802,19.3,G09016
651807819,42.1775,-17.3601,18.56,G09016;G09017
651807900,42.0694,-17.3202,19.09,G09016
651812816,45.1169,-19.1419,18.42,G09016;G09017
651813133,45.3891,-18.7855,18.73,G09016;G09017
651813426,44.6568,-18.6751,17.8,G09016;G09102;G09017;G09166
651815775,45.0932,-17.9754,17.83,G09016;G09102;G09017;G09166
651815867,44.7479,-17.8394,16.82,G09016;G09102;20SECONDTARGET
651817062,46.4908,-17.5572,19.14,G09016
651817598,47.0432,-17.4943,19.25,G09016
651817773,46.975,-17.1962,19.09,G09016;G09017
651818830,46.0963,-17.2237,18.04,G09016;G09017
651819499,45.6716,-16.4142,18.23,G09016;G09017
651819747,46.797,-16.5916,19.23,G09016
651819900,46.6184,-16.2577,18.05,G09016;G09017
651820805,43.7093,-17.519,17.63,G09016;G09102;G09017;G09166
651821719,44.3778,-16.8885,18.16,G09016;G09017
651822274,42.8165,-17.4904,19.07,G09016
651823447,43.9718,-16.3877,17.32,G09016;G09102;G09017
651824539,45.257,-16.2013,17.61,G09016;G09102;G09017
651825091,45.871,-16.1677,18.01,G09016;G09017
651826301,44.8789,-15.7119,18.82,G09016;G09017
651826834,44.1157,-15.2593,17.24,G09102;20SECONDTARGET
651826981,45.2253,-15.3919,18.31,G09016;G09017
651828311,48.2491,-16.1015,18.13,G09016;G09017
651830029,47.1141,-15.8678,18.82,G09016;G09017
651830147,47.6473,-15.7258,19.08,G09016
651830587,47.2411,-15.5485,18.87,G09016;G09017
651831281,47.4437,-15.3411,18.96,G09016;G09017
651831674,47.7897,-14.7811,18.75,G09016;G09017
651832268,49.5549,-15.0662,18.47,G09016;G09017
651832940,49.8517,-14.9541,19.05,G09016;G09017
651833682,49.6572,-14.4128,17.98,G09016;G09102;G09017;G09166
651834720,48.3014,-14.5076,18.05,G09016;G09017
651835458,49.743,-13.935,18.57,G09016;G09017
651839232,46.1928,-14.0952,19.14,G09016
651839792,46.4012,-13.6959,19.03,G09016
651840941,47.7251,-13.3308,17.47,G09016;G09102;G09017;G09166
651841093,48.3329,-13.7001,18.31,G09016;G09017
651841345,48.6584,-13.3686,18.61,G09016;G09017
651841786,48.6387,-12.9872,18.83,G09016;G09017
651842174,47.0798,-13.3149,19.29,G09016
651842625,46.6943,-13.0518,18.35,G09016;G09017
651842944,47.7802,-13.0311,17.4,G09016;G09102;G09017;G09166
651843002,48.0226,-12.9077,18.99,G09016;G09017
651843302,47.9918,-12.4859,18.69,G09016;G09017
651843333,48.2422,-12.4904,18.82,G09016;G09017
651843719,48.0569,-12.2497,18.97,G09016;G09017
651843982,42.2887,-16.4748,17.67,G09102
651844683,42.9222,-16.2451,18.38,G09016;G09017
651845213,42.7118,-15.8401,19.16,G09016
651845230,42.7863,-15.7731,19.14,G09016
651847631,43.8506,-15.1815,19.14,G09016
651847989,43.0831,-14.9725,18.65,G09016;G09017
651848122,43.8714,-14.7853,18.92,G09016;G09017
651848149,43.7619,-14.7099,18.59,G09016;G09017
651848295,44.2508,-14.9266,18.13,G09016;G09017
651848311,44.241,-14.8416,17.81,G09016;G09102;G09017
651851056,43.5119,-13.323,18.84,G09016;G09017
651859063,45.696,-13.5696,18.11,G09016;G09017
651859398,46.0078,-13.259,19.0,G09016
651859939,45.7233,-12.7354,18.11,G09016;G09017
651859943,45.7554,-12.7319,18.4,G09016;G09017
651860084,44.1336,-13.6188,17.66,G09016;G09102;G09017;G09166
651860944,45.2367,-12.9244,18.0,G09016;G09017
651862837,46.9131,-12.2721,18.96,G09016;G09017
651863123,47.4413,-11.8504,19.12,G09016
651864992,46.7897,-11.2803,19.16,G09016
651865492,46.5091,-10.9147,17.71,G09016;G09102;G09017;G09166
651866241,43.7511,-12.3888,19.03,G09016
651866956,44.0541,-12.0322,18.15,G09016;G09017
651869573,45.3693,-11.442,18.52,G09016;G09017
651869774,44.6517,-11.4764,18.79,G09016;G09017
651870138,44.8548,-11.007,18.2,G09016;G09017
651870399,45.5942,-11.0392,19.19,G09016
651871651,44.5906,-10.8076,16.71,G09016;G09102;G09017;G09166
651872095,44.6108,-10.4917,17.71,G09102
651873753,50.7727,-13.8675,19.14,G09016
651874820,51.8334,-13.2054,17.98,G09016;G09102;G09017
651875504,51.4037,-12.7838,17.4,G09016;G09102;G09017;G09166
651875714,49.6955,-13.628,18.24,G09016;G09017
651876182,50.316,-12.9967,18.1,G09016;G09017
651876643,49.6928,-13.0009,17.64,G09016;G09102;G09017
651876765,50.6685,-13.1963,18.69,G09016;G09017
651877766,50.8141,-12.2926,18.16,G09016;G09017
651878545,51.6063,-12.8394,19.12,G09016
651878886,52.2101,-12.3898,19.29,G09016
651879063,51.9184,-12.1254,18.49,G09016;G09017
651879083,52.0016,-12.0735,18.29,G09016;G09017
651880742,51.7038,-11.9699,19.06,G09016;G09017
651881853,52.4766,-11.3567,18.95,G09016;G09017
651882009,52.321,-11.1705,18.35,G09016;G09017
651882221,51.6994,-11.3365,18.76,G09016;G09017
651882784,49.3353,-12.8122,17.3,G09016;G09102;G09017;G09166
651882837,49.6862,-12.832,17.18,G09016;G09102;G09017
651884758,49.9311,-11.6124,17.93,G09016;G09017
651885946,49.1509,-11.4995,19.02,G09016;G09017
651886960,50.4011,-11.6788,18.52,G09016;G09017
651888215,51.1648,-10.9583,19.08,G09016
651888291,51.5187,-10.9662,17.93,G09102;G09166
651888463,51.7303,-10.7408,17.76,G09016;G09017
651888974,51.5161,-10.4615,19.07,G09016;G09017
651890034,49.9002,-10.5431,19.01,G09016;G09017
651891114,50.1915,-10.1033,17.87,G09016;G09102;G09017;G09166
651892068,53.7517,-11.1447,18.93,G09016;G09017
651892677,53.448,-10.8257,19.24,G09016
651893145,54.2076,-10.8406,18.07,G09016;G09017
651893987,52.887,-11.1172,18.64,G09016;G09017
651894260,53.2349,-10.8166,19.13,G09016
651894390,53.0792,-10.7204,19.05,G09016
651894904,52.8795,-10.386,17.48,G09016;G09102;G09017
651895732,53.0859,-10.3247,18.1,G09016;G09017
651901309,51.9736,-10.3501,18.9,G09016;G09017
651901314,51.9116,-10.3282,18.35,G09016;G09017
651903405,51.3764,-10.0375,18.39,G09016;G09017
651910962,48.0219,-11.748,17.73,G09016;G09102;G09017;G09166
651911498,47.6318,-11.2899,18.64,G09016;G09017
651914627,47.698,-10.0321,18.79,G09016;G09017
651914688,47.8629,-9.88,18.23,G09016;G09017
651915703,49.4362,-9.829,18.82,G09016;G09017
651916890,48.549,-10.1077,18.49,G09016;G09017
651917102,48.3713,-9.74,18.42,G09016;G09017
651920563,46.9198,-9.7039,17.97,G09016;G09017
651921581,45.5124,-9.7332,17.43,G09016;G09102;G09017
651922105,46.3973,-9.3348,19.6,G09041
651922730,45.9759,-8.9956,18.72,G09016;G09017
651923737,47.1597,-8.9791,18.08,G09016;G09017
651970123,45.5201,-9.1271,19.26,G09016
651970380,44.8853,-9.0605,17.19,G09016;G09102;G09017
71344353,45.0066,-19.7638,9.21,G09062
92234254,48.8723,-18.1751,6.86,G09062
92234823,49.0786,-21.0222,15.84,G09102;20SECONDTARGET
92248525,49.3293,-19.6732,12.68,G09004
92250728,49.5246,-20.3785,12.1,G09004
92252166,49.6724,-18.5603,5.51,G09194;G09062;20SECONDTARGET
92252848,49.8637,-21.1538,15.67,G09102;20SECONDTARGET
92280373,50.371,-19.3835,16.62,G09102;G09166
92280613,50.3262,-20.8191,17.32,G09016;G09102;G09017;G09166
92282348,50.6333,-19.1134,15.96,G09102;G09166;20SECONDTARGET
92343769,51.0964,-19.4161,16.52,G09016;G09102;G09017
92346061,51.3031,-21.0723,7.36,G09062;20SECONDTARGET
92347098,51.4379,-20.7068,10.25,G09123
92347186,51.542,-20.2721,17.22,G09102;G09166
92347271,51.4848,-19.8706,11.22,G09180
92347272,51.4877,-19.8671,12.9,G09180
92355716,51.771,-19.5401,16.3,G09016;G09102;G09017;G09166
92356230,51.8898,-19.0043,9.68,G09062
92358656,52.1484,-20.993,16.24,G09177;G09102;20SECONDTARGET
92361821,52.4679,-20.5639,17.41,G09016;G09102;G09017
92362554,52.6669,-19.4356,6.85,G09062;20SECONDTARGET
92363023,52.6805,-22.0039,12.64,G09031
93031595,52.1405,-12.3293,16.49,G09102;20SECONDTARGET
93050976,52.4403,-14.4285,8.03,G09062
93051463,52.3869,-16.9988,8.17,G09062
93090598,53.0337,-15.0467,12.74,G09004
93105467,53.438,-15.1289,6.62,G09062;20SECONDTARGET
93122197,53.6593,-12.2984,7.19,G09062;20SECONDTARGET
94945019,51.6371,-16.0892,15.37,G09102;20SECONDTARGET
97492473,44.0994,-18.7039,8.61,G09062
9859432,48.6373,-9.6869,7.24,G09062;20SECONDTARGET
98680014,43.6356,-16.7916,8.74,G09062
98728379,44.1952,-13.2383,7.58,G09062;20SECONDTARGET
98756201,44.5113,-15.8371,7.6,G09062;20SECONDTARGET
98759683,44.9123,-12.3908,15.31,G09102;20SECONDTARGET
98778252,45.0828,-17.7489,12.46,G09004;20SECONDTARGET
98794593,45.3338,-17.2297,7.69,G09062;20SECONDTARGET
98796344,45.4613,-16.5953,8.84,G09031;G09123;20SECONDTARGET
98869821,46.5168,-13.4348,7.66,G09062
9899460,48.9951,-11.9145,9.25,G09062
9901935,49.4116,-10.5192,15.28,G09102;G09166
9965327,50.5598,-10.3344,12.81,G09004
9967126,50.6485,-11.7008,8.21,G09062
9967279,50.818,-11.347,7.15,G09062
122506764,38.4621,-29.9327,6.88,G09062;20SECONDTARGET
122522574,38.635,-29.9497,7.67,G09062;20SECONDTARGET
122543145,39.1931,-30.649,14.26,G09123
122556837,39.5809,-30.1718,11.47,G09180
122556844,39.5786,-30.1946,5.37,G09062;20SECONDTARGET
122608433,40.3643,-30.821,12.95,G09123;20SECONDTARGET
122612091,41.0401,-30.1691,10.46,G09058;G09114;20SECONDTARGET
122615715,41.4227,-30.0658,11.71,G09180
122615716,41.4238,-30.0644,11.05,G09180
122615835,41.4807,-30.4813,7.21,G09062;20SECONDTARGET
122617317,41.6861,-31.1791,10.72,G09031
122669996,42.0043,-32.106,10.11,G09180
122669997,42.0043,-32.1048,10.5,G09180
137884253,48.5563,-22.5957,18.19,G09041;G09016;G09017
137885889,48.7097,-23.0905,12.04,G09180
137885896,48.7347,-23.1167,9.85,G09180
144480615,49.2848,-29.4073,12.7,G09004
144480642,49.3019,-29.1963,16.73,G09102;20SECONDTARGET
144481708,49.5316,-24.951,9.07,G09062
144481929,49.462,-26.3525,7.06,G09062
144482739,49.5536,-28.8837,17.11,G09016;G09102;G09017
144496130,49.6833,-25.429,8.02,G09062
144503312,50.0152,-28.7843,7.72,G09123;20SECONDTARGET
144503325,50.0179,-28.8546,6.76,G09123
144504128,50.1887,-26.6063,5.89,G09062;20SECONDTARGET
144504487,50.0935,-24.4894,11.83,G09180
144504488,50.0988,-24.4859,11.04,G09180
144504552,50.1166,-24.1148,7.23,G09062
144521339,50.8035,-26.1154,7.19,G09062
144521956,50.7789,-29.3652,8.5,G09062
144522026,50.7673,-29.7585,14.98,G09102;20SECONDTARGET
144522734,50.9024,-26.1132,11.73,G09180
144522735,50.9035,-26.1102,11.61,G09180
144539611,52.3471,-24.1001,8.09,G09020;G09123
176798823,48.6559,-31.4789,10.87,G09194
176841549,49.1901,-32.0893,8.85,G09062
176842955,49.4129,-31.2417,8.79,G09062
178154168,42.5868,-31.5381,14.07,G09123
178154190,42.7202,-31.7254,11.83,G09194
178155533,42.8449,-30.4378,7.12,G09062;20SECONDTARGET
178155732,42.9854,-30.8137,5.91,G09062;G09123;G09126;20SECONDTARGET
204611265,41.3871,-19.8593,17.17,G09016;G09102;G09017
204613780,41.6885,-21.6394,6.12,G09062;20SECONDTARGET
204613785,41.6098,-21.6606,6.83,G09062;20SECONDTARGET
204614039,41.6811,-23.0856,8.75,G09123
204614426,41.7961,-22.4861,6.06,G09062;G09123;20SECONDTARGET
204614470,41.7771,-22.3018,17.23,G09102
209406565,44.9484,-30.1731,7.77,G09062
209406740,44.9113,-31.3243,9.33,G09062;20SECONDTARGET
209429132,45.2689,-33.1098,6.74,G09062
209431286,45.6179,-32.9508,13.09,G09123
209450558,45.6901,-31.2772,12.39,G09180
209450559,45.6883,-31.2777,12.42,G09180
209452383,45.933,-30.4632,16.11,G09102;20SECONDTARGET
209459275,46.8185,-31.1632,10.57,G09058;G09114;20SECONDTARGET
209463180,47.3125,-30.7155,12.41,G09180
209463181,47.3146,-30.7149,9.76,G09180;20SECONDTARGET
209463384,47.4124,-30.2433,13.48,G09123;20SECONDTARGET
218987263,42.4527,-22.4884,10.35,G09123
219001266,42.5722,-22.6908,16.96,G09016;G09102;G09017
257526233,45.9475,-21.3617,6.67,G09062;20SECONDTARGET
257527578,46.2927,-21.9337,10.65,G09123;20SECONDTARGET
257554755,46.36,-21.8537,12.17,G09180
257554758,46.3715,-21.846,10.54,G09180
274016533,42.798,-21.4244,8.07,G09194
322512367,43.3652,-23.6145,14.54,G09123
322736925,37.5914,-30.3524,8.79,G09062
407585696,49.8643,-31.5609,8.26,G09062
423763742,51.5624,-25.3106,14.8,G09102;20SECONDTARGET
423783847,52.1282,-25.7004,8.18,G09062
471014005,43.1922,-30.9794,17.27,G09177
471014115,37.7173,-28.5734,17.39,G09177
632313373,39.469,-30.6927,16.89,G09102;G09166;20SECONDTARGET
632313975,39.0841,-30.3747,19.23,G09016
632320197,37.9692,-30.5002,18.16,G09016;G09017
632320635,38.5463,-30.4416,17.85,G09016;G09102;G09017;G09166
632321390,38.2781,-29.7328,18.23,G09016;G09017
632322276,37.4681,-29.8451,18.99,G09016;G09017
632322384,37.0868,-30.0216,18.29,G09016;G09017
632323074,37.7189,-29.6202,19.22,G09016
632330236,37.7173,-28.5735,17.29,G09102
632333493,39.5064,-29.5692,17.61,G09016;G09102;G09017;G09166;20SECONDTARGET
632333828,39.5635,-29.2138,18.88,G09016;G09017
632333958,38.9301,-29.4858,17.97,G09016;G09017
632334234,39.5354,-29.157,18.39,G09016;G09017
632334450,39.1548,-28.8496,17.34,G09016;G09102;G09017;G09166
632334909,39.611,-28.4775,18.23,G09016;G09017
632335447,39.1771,-28.7232,18.78,G09016;G09017
632335521,38.8244,-28.761,18.71,G09016;G09017
632336729,39.8353,-27.8627,18.42,G09016;G09017
632337845,37.8595,-28.5154,17.8,G09016;G09102;G09017;G09166
632337951,38.1334,-28.1792,19.03,G09016
632338022,38.0422,-28.1948,18.83,G09016;G09017
632338303,38.3698,-27.8789,18.19,G09016;G09017
632339642,38.4346,-27.0555,18.52,G09016;G09017
632342076,39.3108,-27.0587,18.92,G09016;G09017
632342257,39.273,-26.7561,16.85,G09016;G09102;G09017;G09166
632343815,39.2075,-25.8339,18.0,G09016;G09017
632344235,38.6894,-25.8387,18.5,G09016;G09017
632344580,39.5837,-25.7258,18.99,G09016;G09017
632344692,39.4177,-25.5671,19.51,G09041
632415035,39.9173,-22.9941,17.16,G09016;G09102;G09017
632416384,39.9637,-22.6602,18.35,G09016;G09017
64109026,39.9756,-23.9299,7.6,G09062;20SECONDTARGET
651273830,47.1313,-33.6123,18.44,G09016;G09017
651274587,47.5797,-33.6636,19.25,G09016
651274618,47.5117,-33.6151,18.73,G09016;G09017
651304835,45.4721,-33.1268,19.12,G09016
651305930,46.5216,-32.4541,18.95,G09016;G09017
651306018,46.2448,-32.398,19.07,G09016
651307070,46.4689,-31.5607,19.11,G09016
651309596,44.1549,-32.3483,18.14,G09016;G09017
651311203,43.5821,-32.4769,18.23,G09016;G09017
651312912,45.4199,-32.0445,19.09,G09016
651313061,45.3176,-31.8652,18.7,G09016;G09017
651313774,45.9491,-31.7213,19.18,G09016
651315324,44.77,-31.3837,18.08,G09016;G09017
651316448,45.0947,-30.9425,18.72,G09016;G09017
651328964,49.5423,-33.7831,19.12,G09016
651329771,49.3589,-33.0513,17.39,G09102;20SECONDTARGET
651329818,49.148,-33.1118,19.29,G09016
651331086,49.9163,-32.5025,18.59,G09016;G09017
651332078,48.2228,-32.9178,19.23,G09016
651332489,48.7428,-32.5551,18.34,G09016;G09017
651332662,48.6242,-32.308,18.95,G09016;G09017
651337051,49.8616,-31.9095,18.32,G09016;G09017
651337198,50.0597,-31.6015,18.82,G09016;G09017
651337309,49.8684,-31.6702,18.67,G09016;G09017
651337335,49.9607,-31.5412,17.7,G09016;G09102;G09017;G09166
651338693,50.3598,-31.0295,18.21,G09016;G09017
651354972,50.7481,-30.0196,18.91,G09016;G09017
651363428,47.8789,-31.8809,16.3,G09041
651364854,48.647,-31.0956,18.18,G09016;G09017
651366300,47.0275,-30.8491,17.76,G09016;G09102;G09017;G09166
651370909,48.5522,-30.1487,19.04,G09016
651371222,48.8778,-29.9536,18.58,G09016;G09017
651372366,49.174,-29.4834,18.98,G09016;G09017
651372643,49.3698,-29.2723,18.89,G09016;G09017
651374593,46.5592,-30.2445,18.76,G09016;G09017
651374759,46.4086,-30.0652,18.63,G09016;G09017
651375989,47.2172,-29.4726,18.52,G09016;G09017
651376753,45.2941,-30.2216,18.5,G09016;G09017
651376850,45.529,-29.9713,19.07,G09016
651376917,45.097,-29.9164,17.54,G09016;G09102;G09017
651377476,46.5551,-29.6894,18.82,G09016;G09017
651378218,46.2118,-29.3806,19.04,G09016;G09017
651378798,47.8007,-29.9339,17.85,G09016;G09102;G09017
651379528,47.6173,-29.4972,19.01,G09016
651379879,47.8473,-29.2018,18.25,G09016;G09017
651379880,47.8473,-29.214,18.25,G09016;G09017
651380565,48.512,-28.7831,18.04,G09016;G09017
651381542,48.3195,-28.3654,18.56,G09016;G09017
651383705,47.405,-28.1331,17.59,G09016;G09102;G09017
651384089,47.9076,-27.6751,18.41,G09016;G09017
651384574,50.7231,-29.44,19.28,G09016
651384594,50.5004,-29.5091,17.95,G09016;G09017
651385601,50.5002,-28.8802,18.35,G09016;G09017
651387765,50.161,-28.5774,17.38,G09016;G09102;G09017;G09166
651387988,49.5539,-28.7356,19.19,G09016
651396126,49.0899,-27.9862,18.75,G09025
651396130,49.0989,-27.9647,18.57,G09016;G09017
651400874,50.3576,-26.913,18.52,G09016;G09017
651401704,50.5408,-26.4011,18.77,G09016;G09017
651402281,51.3747,-26.2042,17.73,G09016;G09102;G09017
651402842,50.7915,-26.017,18.85,G09016;G09017
651403205,51.1429,-25.7227,18.69,G09016;G09017
651403332,51.2747,-25.4498,18.31,G09016;G09017
651405813,50.4461,-24.7975,18.89,G09016;G09017
651435087,41.6525,-31.8711,18.86,G09016;G09017
651435633,41.8579,-31.2299,16.94,G09016;G09102;G09017;G09166
651436327,41.5198,-30.8241,17.85,G09016;G09017
651436400,42.0814,-31.1861,18.41,G09016;G09017
651436821,42.7113,-30.5978,18.66,G09016;G09017
651438430,43.1923,-30.9793,17.15,G09016;G09102;G09017;G09166
651438615,43.1472,-30.7267,17.87,G09016;G09017
651438681,43.214,-30.6286,20.09,G09041
651439080,44.3091,-30.6183,18.77,G09016;G09017
651439460,44.5333,-30.1633,17.37,G09016;G09102;G09017
651439763,43.8975,-30.1397,17.98,G09102
651439765,43.8963,-30.1372,17.97,G09166
651439863,44.1246,-29.9076,18.74,G09016;G09017
651440062,44.3748,-29.7542,18.13,G09016;G09017
651441499,42.636,-29.6238,19.15,G09016
651442086,44.1442,-29.2681,18.88,G09016;G09017
651443051,40.8921,-31.0673,18.7,G09016;G09017
651443805,40.2079,-30.5785,18.74,G09016;G09017
651444068,40.6644,-30.3358,19.19,G09016
651444659,42.0588,-30.0234,17.99,G09016;G09017
651445290,41.762,-29.6902,18.97,G09016;G09017
651446756,40.906,-29.2178,18.89,G09016;G09017
651447534,42.1856,-29.8972,18.54,G09016;G09017
651449565,42.4995,-28.4468,18.78,G09016;G09017
651451757,41.8386,-27.9334,18.59,G09016;G09017
651453458,40.4494,-28.084,18.27,G09016;G09017
651454716,41.6073,-27.1003,18.86,G09016;G09017
651454901,41.5497,-26.8569,18.51,G09016;G09017
651455390,40.2308,-27.19,17.8,G09016;G09102;G09017;G09166
651456226,40.5201,-26.8453,19.11,G09016
651456968,40.5219,-26.0865,19.04,G09016
651458567,45.0876,-28.7836,18.55,G09016;G09017
651460871,44.9873,-28.5159,18.13,G09016;G09017
651461497,44.7494,-28.0794,18.48,G09016;G09017
651461505,44.5739,-28.1487,19.18,G09016
651461531,44.8469,-28.0926,19.02,G09016
651462582,46.8881,-27.7697,17.11,G09016;G09102;G09017;20SECONDTARGET
651462942,46.2483,-27.7906,18.17,G09016;G09017
651463265,47.113,-27.6566,17.5,G09016;G09102;G09017;G09166
651464481,45.8201,-27.6917,17.93,G09016;G09017
651464573,45.6142,-27.6789,18.22,G09016;G09017
651465230,45.4196,-27.0861,19.12,G09016
651468727,44.1808,-26.8368,18.88,G09016;G09017
651469478,42.3832,-27.3231,17.87,G09016;G09102;G09017;G09166
651470131,43.8904,-26.8851,19.03,G09016
651470197,44.135,-26.6473,18.13,G09016;G09017
651471167,45.0485,-26.8235,17.52,G09016;G09102;G09017;G09166
651471212,44.9883,-26.7238,17.87,G09016;G09102;G09017;G09166
651473032,45.7638,-25.5249,18.66,G09016;G09017
651474069,44.9599,-25.8466,17.41,G09016;G09102;G09017;G09166
651474380,45.5392,-25.4129,19.13,G09016
651475154,47.816,-27.0063,17.99,G09016;G09017
651475777,47.6518,-26.6454,19.23,G09016
651475909,47.2833,-26.4645,17.48,G09102;G09166
651477662,47.155,-26.4642,17.11,G09016;G09102;G09017;G09166
651478322,47.0451,-25.9748,18.98,G09016;G09017
651479361,48.1567,-25.1651,18.9,G09016;G09017
651479471,47.4395,-25.4601,17.57,G09016;G09102;G09017
651479556,47.5972,-25.2973,18.21,G09016;G09017
651479767,47.7422,-25.1579,18.49,G09016;G09017
651479886,47.6905,-25.0232,18.56,G09016;G09017
651480587,49.3272,-25.3136,18.75,G09016;G09017
651481703,50.2929,-24.8976,18.51,G09016;G09017
651481716,50.1993,-24.8643,18.09,G09016;G09017
651482406,49.7899,-24.4676,18.55,G09016;G09017
651482509,50.1087,-24.2437,19.25,G09016
651482646,49.9831,-24.1765,17.84,G09016;G09102;G09017;G09166
651484841,48.6681,-23.848,18.36,G09016;G09017
651485849,46.2122,-25.3447,18.93,G09016;G09017
651485884,46.1511,-25.2098,18.8,G09166
651486061,46.44,-25.2169,19.13,G09016
651486283,46.4976,-24.7662,17.35,G09016;G09102;G09017
651486830,47.1284,-24.6306,18.8,G09016;G09017
651486961,46.8306,-24.7015,18.74,G09016;G09017
651487664,45.4935,-24.8457,18.67,G09016;G09017
651488044,45.5286,-24.7607,18.41,G09016;G09017
651488115,45.1832,-24.661,18.19,G09016;G09017
651488714,46.4953,-24.0756,18.63,G09016;G09017
651488715,46.4947,-24.0752,19.25,G09016;G09017
651488998,46.8466,-23.8852,18.88,G09016;G09017
651489845,47.8215,-24.0844,18.6,G09016;G09017
651489996,48.3385,-23.9518,18.95,G09016;G09017
651490025,48.0692,-24.0509,18.55,G09016;G09017
651491020,48.3185,-23.5647,18.87,G09016;G09017
651492014,47.1023,-23.8826,17.64,G09016;G09102;G09017;G09166
651492606,46.753,-23.4793,18.55,G09016;G09017
651495342,43.0562,-26.3696,18.71,G09016;G09017
651496461,41.65,-26.2978,11.99,G09180
651496584,41.2496,-26.1744,17.95,G09016;G09102;G09017;G09166
651500511,44.4568,-24.3582,18.67,G09016;G09017
651500975,42.9634,-24.6923,19.2,G09016
651501491,42.5469,-24.5696,19.01,G09016
651502550,43.5252,-23.9272,18.77,G09016;G09017
651505314,40.241,-24.6239,19.03,G09016
651506562,42.1001,-24.5046,18.68,G09016;G09017
651506563,42.0985,-24.5039,18.87,G09016;G09017
651506779,42.5655,-24.2466,19.29,G09016
651507328,42.1252,-23.7369,18.2,G09016;G09017
651507679,42.701,-23.6993,19.02,G09016;G09017
651509397,41.3736,-23.2068,18.85,G09016;G09017
651509569,41.3926,-22.7918,17.96,G09016;G09102;G09017;G09166
651510223,42.077,-22.5884,19.03,G09016
651510386,42.1035,-22.5783,18.45,G09016;G09017
651510403,42.2304,-22.4319,18.77,G09016;G09017
651510774,44.8081,-24.2728,18.71,G09016;G09017
651510974,45.6168,-23.9407,19.11,G09016
651511587,44.8083,-23.7421,18.69,G09016;G09017
651512536,45.4749,-23.1283,18.82,G09016;G09017
651514098,44.9889,-23.1827,18.49,G09016;G09017
651516034,45.8702,-22.8028,19.08,G09016
651516777,47.7505,-22.0742,19.17,G09016
651516798,47.5841,-21.9935,17.94,G09016;G09102;G09017;G09166
651517141,46.4208,-22.0247,18.74,G09016;G09017
651517635,45.7777,-22.3092,16.54,G09016;G09102;G09017;G09166
651517760,45.7476,-22.2158,17.57,G09016;G09102;G09017;G09166
651518538,45.5673,-21.7346,19.0,G09016;G09017
651519377,46.1041,-21.2865,18.86,G09016;G09017
651520044,43.9089,-22.7842,17.05,G09041;G09102;20SECONDTARGET
651520087,44.2295,-22.68,18.85,G09016;G09017
651521548,44.0975,-22.0033,18.43,G09016;G09017
651521618,43.6788,-21.9894,18.49,G09016;G09017
651587972,51.7917,-23.7257,18.7,G09016;G09017
651636857,50.5381,-23.9096,18.76,G09016;G09017
651637673,51.3297,-23.5663,18.95,G09016;G09017
651637890,51.7926,-23.247,18.67,G09016;G09017
651637992,51.6074,-23.2321,19.04,G09016
651638047,50.9498,-23.6182,19.11,G09016
651646475,49.2142,-22.7568,18.23,G09016;G09017
651649260,48.1797,-22.0161,19.03,G09016
651649377,48.0622,-21.8824,18.92,G09016;G09017
651788858,40.5335,-23.5321,17.66,G09016;G09102;G09017;G09166
651789026,40.4564,-23.2357,18.41,G09016;G09017
651789426,40.6823,-23.0776,18.84,G09016;G09017
651789830,40.4306,-22.7861,18.45,G09016;G09017
651789944,40.1616,-22.7195,17.74,G09016;G09017
651790407,41.6834,-22.2562,18.28,G09016;G09017
651790751,41.7456,-21.9355,18.45,G09016;G09017
651791885,40.7793,-21.9827,18.42,G09016;G09017
651794376,42.0622,-20.9525,18.77,G09016;G09017
651794473,42.8407,-21.2571,18.08,G09016;G09017
651794748,43.3914,-20.7979,18.63,G09041
651794866,43.3075,-20.5848,18.45,G09016;G09017
651795546,41.22,-21.0361,18.83,G09016;G09017
651801131,40.8634,-20.5398,18.93,G09016;G09017
651801359,41.1684,-20.2533,19.01,G09016
651802062,41.3835,-19.9665,18.48,G09016;G09017
65291141,38.3057,-29.5107,10.11,G09123
65326097,39.1445,-25.5843,12.54,G09123
65344134,39.3088,-26.3155,12.56,G09180
65344135,39.3073,-26.3146,12.33,G09180
65344368,39.1983,-25.0243,7.15,G09062;20SECONDTARGET
65345033,39.3644,-26.5827,10.92,G09123
65345479,39.4211,-29.3235,8.19,G09062
65345801,39.4875,-28.2008,14.07,G09123
65346941,39.672,-26.7207,16.27,G09102;20SECONDTARGET
65347620,39.7969,-28.2983,7.92,G09062
65348276,39.7777,-24.339,7.79,G09062
65398518,40.6131,-29.0564,12.61,G09123
65414117,40.6449,-28.0455,18.09,G09041
65415064,40.7933,-25.941,9.06,G09062
65415951,40.939,-27.8992,6.84,G09194
65416038,40.924,-28.3442,10.66,G09031
65416676,41.1103,-26.9978,10.35,G09123
65416950,41.0621,-25.495,6.38,G09062;20SECONDTARGET
65434220,41.4623,-25.444,11.95,G09194;G09180
65434221,41.4611,-25.4443,12.21,G09180
65435568,41.65,-26.2986,11.18,G09180;G09180
65479610,42.4046,-24.7372,12.64,G09123
65480941,42.7513,-29.0026,8.47,G09123
65481072,42.7447,-28.1325,8.26,G09062
65482799,42.9576,-29.6858,12.87,G09180
65482800,42.9586,-29.6843,11.95,G09180
65483190,42.9123,-27.0433,13.16,G09123
65483825,43.1232,-24.2881,10.77,G09123
65516748,43.42,-26.1557,8.71,G09150
71344774,44.9228,-22.6655,16.47,G09016;G09102;G09017;G09166
71372407,45.6528,-23.031,15.94,G09102;20SECONDTARGET
71446697,47.6558,-21.8535,16.42,G09016;G09102;G09017;G09166
71469312,47.7796,-22.9017,15.42,G09102;20SECONDTARGET
88338809,44.0823,-28.9503,7.75,G09062
88345402,44.1038,-25.3531,11.97,G09123
88347087,44.1505,-29.9219,16.39,G09102
88347496,44.2879,-28.5757,13.12,G09123
88365885,44.7075,-29.6928,12.71,G09123
88379410,44.8704,-28.3743,9.21,G09062
88380516,44.9023,-25.2735,5.32,G09062;20SECONDTARGET
88381400,45.1542,-29.5713,16.86,G09102;G09166;20SECONDTARGET
88405010,45.1811,-27.6427,7.08,G09062
88405751,45.4091,-28.0948,5.11,G09062;20SECONDTARGET
88409685,45.793,-28.7896,9.3,G09062
88416301,45.9047,-25.5917,9.38,G09123;20SECONDTARGET
88453383,46.1541,-25.8465,12.46,G09123
88466332,46.8766,-27.7651,17.04,G09166
88478727,46.9795,-28.2206,8.46,G09123
88479623,47.0302,-24.7587,8.74,G09123
88482433,47.3432,-29.4994,17.18,G09016;G09102;G09017
88508496,47.6857,-24.1612,12.9,G09180
88508497,47.6839,-24.1606,12.27,G09180
88523071,48.0219,-28.983,3.45,G09062;20SECONDTARGET
88532366,48.3507,-28.9752,7.33,G09062
88532457,48.4257,-29.5469,12.9,G09004
88571421,48.8605,-24.2626,10.99,G09079;G09036;G09039
89044697,47.5488,-33.348,8.48,G09062
89045042,47.5945,-31.1265,8.86,G09079;G09036;G09039
91543187,43.8301,-32.112,17.04,G09016;G09102;G09017
91556284,44.0957,-30.1164,13.95,G09102;20SECONDTARGET
91590767,44.132,-32.7866,8.68,G09062
91591889,44.321,-31.5837,13.43,G09123
91592246,44.4978,-30.4537,16.44,G09102;20SECONDTARGET
91592587,44.5406,-32.5884,11.13,G09180
91592589,44.5393,-32.5889,11.93,G09180
92230185,48.771,-23.9376,8.99,G09062
92261675,50.1795,-23.3052,8.07,G09062
92261741,50.1786,-22.9266,12.85,G09004
92280860,50.3782,-22.4523,17.07,G09016;G09102;G09017
92303437,50.5627,-23.666,14.29,G09123
92361191,52.3966,-23.4755,6.44,G09062
92361302,52.5593,-23.7452,8.38,G09062
97506355,44.2549,-21.7391,11.2,G09123
97507947,44.3032,-23.8098,14.51,G09123
97508331,44.4916,-21.5706,16.27,G09016;G09102;G09017;G09166
97519814,44.6029,-23.2952,12.17,G09180
97519815,44.6009,-23.2982,12.78,G09180
114921565,72.4079,-15.8097,7.77,G09062;20SECONDTARGET
114925422,72.595,-15.2873,12.73,G09180
114925427,72.5721,-15.2756,11.19,G09180
114955465,72.7887,-17.8568,9.1,G09062
114956507,72.8978,-14.5888,7.57,G09180
114956508,72.9013,-14.5873,11.72,G09180;20SECONDTARGET
117626744,67.6441,-17.9595,14.08,G09123
117645279,67.7948,-17.4471,13.77,G09123
117648603,68.0039,-17.7465,10.28,G09036;G09123
117649333,68.1813,-15.3364,9.85,G09123
117651099,68.2699,-14.8705,9.88,G09123
117733581,68.8186,-16.1136,12.84,G09123
117748478,69.2398,-16.2187,10.73,G09123;20SECONDTARGET
117772810,69.6965,-16.4557,16.31,G09102;G09166;20SECONDTARGET
117772850,69.589,-16.2965,11.51,G09180
117772851,69.5885,-16.2941,9.51,G09180
117775924,69.8164,-17.8661,13.83,G09123
117798466,70.0992,-17.3448,11.87,G09123
117842959,70.2718,-15.3165,16.48,G09102;20SECONDTARGET
117843554,70.2432,-17.1502,12.76,G09180
117843557,70.2496,-17.1528,12.73,G09180
117880865,70.706,-14.8752,11.88,G09123;20SECONDTARGET
117896343,70.9004,-15.5239,12.53,G09123
117899477,71.1454,-17.6785,15.41,G09102;20SECONDTARGET
117924053,71.2825,-14.6223,11.99,G09180
117924054,71.2823,-14.6237,11.12,G09180
117979850,71.8096,-17.2488,7.83,G09062
117979897,71.8245,-17.1152,12.07,G09058;20SECONDTARGET
117979951,71.9022,-16.9332,4.9,G09062;20SECONDTARGET
118034753,72.1356,-16.3292,5.26,G09062;20SECONDTARGET
121548959,68.6432,-19.5061,12.79,G09123
121549920,68.8888,-19.9627,11.68,G09123;20SECONDTARGET
121550586,68.8012,-22.682,16.5,G09016;G09102;G09017
121568625,69.3542,-21.6456,9.25,G09020
121594249,69.8039,-18.7678,17.24,G09102
121634404,70.0416,-18.8846,12.2,G09180
121634766,70.1079,-18.3452,14.66,G09123;20SECONDTARGET
121634915,70.0436,-18.8804,11.4,G09180
121635147,70.1107,-19.6722,2.32,G09123;20SECONDTARGET
121635619,70.1182,-21.4221,11.76,G09123
121636424,70.2679,-23.4876,10.83,G09180
121636425,70.2664,-23.4875,10.66,G09180
121637793,70.2223,-18.7099,12.91,G09123;20SECONDTARGET
121639679,70.379,-23.9764,5.38,G09123
121644774,72.5549,-18.5771,9.46,G09062
121646979,72.7224,-23.6332,16.88,G09102;20SECONDTARGET
121707431,72.9072,-18.5616,9.69,G09062
121709933,73.0452,-21.2213,16.38,G09177
121710826,72.9739,-18.4795,13.22,G09123
13064125,75.6749,-24.8071,15.88,G09102
13064883,75.8117,-25.3781,9.51,G09079;G09036;G09039
13071034,75.8552,-24.2808,17.29,G09025
13133610,76.5754,-24.0668,16.23,G09016;G09102;G09017;20SECONDTARGET
13136934,76.6992,-25.1384,9.36,G09180
13136937,76.7022,-25.1242,11.61,G09180
13271550,78.1083,-24.9225,8.16,G09062
13275369,78.3999,-24.0605,17.81,G09016;G09017
13321014,78.4038,-25.343,8.64,G09062
13324350,78.5135,-25.2844,11.8,G09123
139725285,66.9005,-23.2831,12.29,G09123
139725412,66.8942,-22.7802,10.09,G09123
139731951,66.9805,-21.5044,6.86,G09194
139733308,67.2228,-21.4821,11.9,G09058;G09031;G09123;20SECONDTARGET
139758315,67.6351,-20.8944,11.42,G09180
139758317,67.6403,-20.8931,8.61,G09180
139766919,68.0018,-19.3491,16.46,G09016;G09102;G09017
139826494,68.284,-19.3582,7.59,G09123
139827347,68.3229,-20.8933,8.77,G09123
139829027,68.3265,-23.5795,9.07,G09123
146307240,73.4894,-22.3716,13.78,G09123
146308722,73.7026,-20.3896,8.01,G09062
146322354,73.9094,-23.2409,6.93,G09123;20SECONDTARGET
146340999,74.099,-23.2608,16.38,G09177
146341012,74.1108,-23.2876,7.62,G09062
146344020,74.346,-20.9611,11.81,G09036
146346686,74.4696,-18.5055,9.13,G09123
146347898,74.6013,-20.9995,16.42,G09016;G09102;G09017;G09166;20SECONDTARGET
146348863,74.7146,-23.7157,16.93,G09016;G09102;G09102;G09102;G09102;G09017;G09166
146349874,74.6867,-20.5479,8.79,G09062
146380072,74.874,-20.7538,11.32,G09123
146380122,74.7881,-20.9004,12.73,G09123
146381318,74.9082,-23.045,10.47,G09123
146420492,75.0373,-23.1936,12.99,G09123
146435275,75.3264,-23.7074,7.08,G09062;20SECONDTARGET
146437857,75.5883,-19.5378,10.6,G09004
146439804,75.7337,-22.229,11.4,G09123
146516874,76.3057,-21.3548,12.87,G09180;G09180
146517192,76.3655,-22.3716,1.78,G09123
146520115,76.5941,-18.9841,10.56,G09194
146520535,76.6497,-20.2456,11.05,G09031;G09123;G09126;20SECONDTARGET
146522418,76.7084,-21.586,8.46,G09123
146522419,76.7062,-21.5847,9.15,G09123;20SECONDTARGET
146522930,76.6921,-19.9658,11.26,G09036
146523123,76.7904,-19.3898,5.87,G09062;20SECONDTARGET
146524459,76.8486,-20.7023,11.9,G09180;G09180
146536674,76.9479,-22.4078,15.82,G09102;20SECONDTARGET
146539195,77.114,-21.0291,11.62,G09123;20SECONDTARGET
146556980,77.3718,-17.9782,17.42,G09102
146558830,77.313,-23.6001,17.11,G09166
146559012,77.5178,-23.678,10.82,G09123;20SECONDTARGET
146559015,77.5208,-23.671,11.56,G09123;20SECONDTARGET
146559098,77.4919,-23.3992,9.97,G09062
146594601,77.6483,-18.4722,12.31,G09180
146594603,77.6499,-18.4725,10.62,G09180
146596217,77.6649,-23.6689,16.56,G09102;G09166;20SECONDTARGET
146598640,77.929,-19.011,8.97,G09062
152376126,75.0751,-16.9066,12.91,G09180
152376130,75.0892,-16.9002,11.58,G09180
152415589,75.3287,-17.5581,7.55,G09062
152416325,75.3167,-15.1903,16.46,G09016;G09102;G09017;G09166
160180978,79.5362,-16.1869,6.8,G09062
169304622,75.8968,-17.1865,16.13,G09016;G09102;G09017
169305054,75.8245,-15.9684,13.67,G09123
169305167,75.7813,-15.6063,15.85,G09102
169342739,76.3843,-17.5292,16.73,G09016;G09017;G09102
169379648,76.4699,-17.3738,15.3,G09016;G09102;G09017;20SECONDTARGET
169380520,76.6155,-15.8254,8.53,G09123;20SECONDTARGET
169395153,76.7862,-17.3011,6.58,G09062;20SECONDTARGET
169416733,77.0805,-14.8436,16.64,G09016;G09102;G09017
169419074,77.1534,-15.3825,17.09,G09016;G09102;G09017
169530372,77.9426,-17.0914,12.69,G09123;20SECONDTARGET
169534187,78.1507,-14.9509,6.42,G09123
169554310,78.3896,-16.8473,10.07,G09062
178896096,67.8679,-24.6991,15.43,G09102;20SECONDTARGET
178945062,68.7274,-25.0393,6.93,G09062;20SECONDTARGET
178947400,68.8247,-24.533,6.24,G09062;20SECONDTARGET
188968931,78.582,-16.0252,15.81,G09102;20SECONDTARGET
188969240,78.6202,-15.2486,12.64,G09123;20SECONDTARGET
188987909,78.6584,-17.4292,12.71,G09123
188989112,78.7683,-15.2699,14.02,G09123
189011662,78.9991,-16.353,8.45,G09062
189012795,79.0861,-16.5599,15.23,G09041;20SECONDTARGET
189016090,79.2334,-14.9323,12.21,G09180
189016091,79.236,-14.9339,8.82,G09180
189017508,79.2708,-17.4282,11.74,G09123;20SECONDTARGET
229079718,68.4797,-18.1789,7.14,G09062
246897668,73.1027,-16.8243,9.24,G09123;20SECONDTARGET
246902275,73.4614,-17.7782,8.82,G09123
30927998,79.2105,-25.5988,10.3,G09194
316835177,73.9472,-16.3392,10.77,G09123
316874070,74.1038,-17.5036,11.72,G09180
316874075,74.1051,-17.5062,12.94,G09180
316877231,74.4084,-15.8136,16.19,G09102;G09102;G09102;G09102
316918406,74.6492,-15.6252,10.49,G09123;20SECONDTARGET
316919351,74.775,-17.1456,12.21,G09180
316919370,74.7719,-17.1084,12.0,G09180
316919585,74.7547,-16.375,5.44,G09062;20SECONDTARGET
348772705,75.1828,-17.5852,8.1,G09062
389855767,77.9591,-18.4274,9.65,G09123
398778114,71.9704,-21.4524,12.76,G09180
398778117,71.9738,-21.4579,10.37,G09180
398792541,72.2612,-18.6915,17.51,G09041
398792575,72.2665,-18.7892,12.16,G09123
398792837,72.3311,-19.633,9.39,G09062
398796167,72.4063,-18.1166,15.81,G09102;G09166;20SECONDTARGET
398801392,78.3552,-18.5589,7.13,G09062
398841686,78.5682,-23.3581,12.79,G09004
402147365,70.7679,-23.572,12.57,G09004
406498177,70.8221,-23.6284,6.68,G09062;20SECONDTARGET
406500993,70.9884,-21.1084,12.06,G09180
423498764,71.644,-22.7798,8.26,G09062
423517986,71.7096,-18.3995,7.43,G09062
423518609,71.7417,-20.3253,16.86,G09016;G09102;G09017;G09166
423520078,71.9012,-22.6372,17.01,G09016;G09017;G09166
423520098,71.8482,-22.5613,8.23,G09062
423811636,71.4289,-25.3394,16.39,G09102
471015359,77.1529,-14.8664,16.53,G09177
594723,72.0972,-24.838,13.14,G09036
609330,72.2651,-24.2104,16.72,G09016;G09102;G09017
612870,72.6371,-24.2225,12.87,G09004;G09123
612908,72.5746,-24.369,7.08,G09123
627018,72.9427,-24.0029,12.11,G09123;20SECONDTARGET
671082489,79.0917,-25.9779,18.5,G09016;G09017
671085063,78.223,-25.8449,18.9,G09016;G09017
671085940,78.0322,-25.9222,19.18,G09016
671088673,78.2083,-25.1751,18.47,G09016;G09017
671089017,78.7338,-25.0016,19.05,G09016
671104116,75.5793,-25.2802,17.95,G09016;G09017
671104504,75.8188,-25.0675,17.63,G09016;G09017
671105839,77.7223,-25.3784,19.18,G09016
671106728,77.2127,-25.205,19.23,G09016
671108935,78.3016,-24.6786,18.73,G09016;G09017
671109884,77.6516,-24.4332,17.46,G09016;G09102;G09017
671111315,76.5677,-24.7827,17.16,G09016;G09102;G09017
671111917,76.9717,-24.584,18.8,G09016;G09017
671112201,76.1766,-24.8016,19.14,G09016
671112678,76.1954,-24.477,18.55,G09016;G09017
671113289,76.7704,-24.1031,16.78,G09102;20SECONDTARGET
671113738,77.4918,-24.197,17.78,G09016;G09102;G09017;G09166
671114621,77.6348,-23.8867,17.95,G09016;G09102;G09017
671115050,77.1013,-24.0204,16.67,G09102;G09166;20SECONDTARGET
671115803,77.5465,-23.5256,18.82,G09016;G09017
671118604,75.3129,-25.1876,16.68,G09102
671118746,75.3651,-25.0291,18.42,G09016;G09017
671121561,73.8671,-24.8924,19.05,G09016;G09017
671123927,74.4661,-24.1119,19.26,G09016
671125325,74.6311,-23.6835,17.22,G09102
671130962,76.6965,-22.8591,19.15,G09016
671130971,76.6612,-22.8327,18.99,G09016;G09017
671131722,75.6857,-23.4556,19.05,G09016
671132171,75.3745,-23.2013,18.24,G09016;G09017
671132886,74.9058,-23.1595,17.47,G09016;G09102;G09017
671134690,76.1368,-22.6495,17.72,G09016;G09102;G09017;G09166
671135100,75.636,-22.7597,17.84,G09016;G09102;G09017
671135549,75.4471,-22.5138,19.03,G09016
671135569,75.5827,-22.4758,18.7,G09016;G09017
671137688,79.0695,-23.8701,19.24,G09016
671137856,79.0594,-23.6853,19.09,G09016;G09017
671138016,78.3659,-24.0625,19.26,G09016
671138597,78.8139,-23.8524,16.55,G09102
671138747,78.9601,-23.7145,18.25,G09016;G09017
671142468,77.9654,-23.6382,17.24,G09102
671145355,78.6367,-23.0454,17.98,G09016;G09102;G09017;G09166
671145952,79.315,-22.6264,18.68,G09016;G09017
671146932,78.3486,-22.6097,19.29,G09016
671147703,78.7916,-22.1852,18.88,G09016;G09017
671152632,77.454,-23.1382,19.16,G09016
671153666,77.7568,-22.7185,18.49,G09016;G09017
671154087,77.689,-22.4811,19.23,G09016
671156394,77.8877,-22.1771,18.73,G09016;G09017
671157246,77.8381,-22.1702,16.95,G09016;G09102;G09017
671158071,77.9667,-21.848,18.4,G09016;G09017
671163101,77.6218,-21.1974,18.25,G09016;G09017
671164237,77.5654,-20.9542,19.06,G09016
671169624,78.9183,-20.7671,17.74,G09016;G09102;G09017
671172647,77.4572,-20.7217,18.04,G09016;G09017
671173332,77.8914,-20.5049,19.06,G09016
671174306,78.6126,-20.3071,18.34,G09016;G09017
671175247,79.1367,-19.8467,18.03,G09016;G09017
671177810,79.4363,-20.0159,17.07,G09016;G09102;G09017
671179491,79.1503,-19.5661,18.44,G09016;G09017
671183222,72.8569,-24.1878,18.43,G09016;G09017
671183331,72.9711,-24.0716,18.26,G09016;G09017
671183998,72.9962,-23.6792,19.21,G09016
671187097,72.761,-23.5835,18.93,G09016;G09017
671192564,73.9479,-22.6073,19.03,G09016;G09017
671193743,74.9871,-22.3384,17.5,G09016;G09102;G09017;G09166
671194820,74.8213,-22.1498,18.54,G09016;G09017
671198574,74.4869,-21.9664,19.08,G09016;G09017
671199517,75.0603,-21.2516,18.25,G09016;G09017;G09166
671199603,74.6148,-21.4286,17.82,G09016;G09102;G09017
671201581,71.6543,-22.8608,17.66,G09016;G09102;G09017;G09166
671201690,72.1248,-22.8326,17.82,G09016;G09017
671201750,72.0404,-22.7319,18.63,G09016;G09017
671203412,72.2637,-22.4583,19.07,G09016
671204323,72.2905,-22.1204,18.54,G09016;G09017
671206684,70.8279,-21.8698,18.97,G09016;G09017
671207062,70.7582,-21.7772,18.85,G09016;G09017
671207222,71.0207,-21.534,18.27,G09016;G09017
671207998,72.158,-21.3396,19.2,G09016
671210756,72.5419,-21.4691,18.76,G09016;G09017
671213733,73.6563,-20.5739,18.38,G09016;G09017
671215495,72.1691,-20.564,19.08,G09016;G09017
671216831,73.6104,-20.1948,18.17,G09016;G09017
671217091,73.5109,-20.0409,19.24,G09016
671219266,76.1376,-21.5022,18.55,G09016;G09017
671219414,76.305,-21.3548,12.95,G09180
671222131,76.848,-20.7025,12.64,G09180
671228267,75.6739,-20.1446,18.53,G09016;G09017
671228463,75.2931,-20.0565,18.8,G09016;G09017
671236210,76.6126,-19.621,19.25,G09016
671237053,76.3784,-19.6929,19.27,G09016
671237328,76.4534,-19.4299,19.0,G09016;G09017
671237728,76.6777,-19.4231,17.6,G09016;G09102;G09017;G09166
671239231,77.3353,-18.8549,16.63,G09016;G09102;G09017;G09166
671241662,77.3052,-18.2454,18.62,G09016;G09017
671241879,74.6897,-20.47,16.98,G09016;G09102;G09017
671241906,74.8568,-20.4113,18.16,G09016;G09017
671244692,75.1417,-19.7985,18.52,G09016;G09017
671247546,73.7806,-19.6646,18.73,G09016;G09017
671249123,74.0861,-19.1409,18.41,G09016;G09017
671249476,73.7972,-18.9751,18.37,G09016;G09017
671250630,74.8537,-18.8456,18.7,G09016;G09017
671251494,74.1305,-18.6994,18.64,G09016;G09017
671254534,75.8081,-18.7023,18.82,G09016;G09017
671255207,76.7476,-18.7324,18.82,G09016;G09017
671261365,75.8446,-17.92,18.93,G09016;G09017
671261758,76.1357,-17.7198,18.69,G09016;G09017
671264300,70.6051,-21.6255,18.16,G09166
671265605,70.1799,-20.9577,17.96,G09016;G09102;G09017;G09166
671265857,70.9875,-21.1082,12.21,G09180
671266428,71.6188,-20.7124,18.92,G09016;G09017
671266878,70.6487,-20.8827,17.91,G09016;G09102;G09017
671270928,69.9098,-20.2874,18.48,G09016;G09017
671270942,69.8552,-20.2684,17.96,G09016;G09017
671273347,71.4437,-20.0227,19.14,G09016
671274749,73.0053,-19.5675,18.42,G09016;G09017
671278332,70.9895,-18.8908,18.86,G09016;G09017
671279238,71.9068,-18.8446,19.27,G09016
671280068,71.824,-18.7024,18.93,G09016;G09017
671283578,69.9061,-19.2552,18.28,G09016;G09017
671284352,69.5984,-19.1574,17.98,G09016;G09102;G09017
671285142,68.6001,-19.5197,18.14,G09016;G09017
671285411,68.359,-19.3381,19.0,G09016;G09017
671287859,68.3419,-18.7742,18.92,G09016;G09017
671288348,68.7491,-18.4469,18.06,G09016;G09017;G09166
671289814,69.8548,-18.8151,19.11,G09016
671291024,71.0198,-18.3647,18.41,G09016;G09017
671291987,70.6176,-18.2299,19.09,G09016
671293090,69.4309,-18.4915,17.7,G09102
671293657,70.1256,-18.0503,19.02,G09016
671296031,69.8078,-17.4843,18.29,G09016;G09017
671297017,72.9225,-19.156,18.59,G09016;G09017
671298056,72.8721,-18.7981,18.11,G09016;G09017
671299303,73.7732,-18.4883,17.52,G09016;G09017;G09102;G09166
671301120,73.6513,-17.9076,18.88,G09016;G09017
671303336,72.2324,-17.8548,19.26,G09016
671303981,73.1382,-17.8033,16.87,G09102;20SECONDTARGET
671304874,72.897,-17.6615,18.06,G09016;G09017
671307724,74.0408,-17.5579,19.22,G09016
671309460,75.4968,-17.1657,18.57,G09016;G09017
671310236,74.7213,-17.1221,19.03,G09016
671310954,75.1593,-16.7509,16.93,G09177
671312696,73.9969,-16.832,18.45,G09016;G09017
671314491,74.4556,-16.6943,18.04,G09016;G09017
671317570,71.9711,-17.7576,17.76,G09102
671317761,72.3173,-17.5064,18.75,G09016;G09017
671319166,71.6925,-16.9906,17.58,G09016;G09017;G09102;G09166
671323125,70.6891,-16.7248,19.05,G09016
671323470,70.9593,-16.6943,19.25,G09016
671327477,72.5549,-16.3584,17.98,G09016;G09102;G09017;G09166
671329140,74.1897,-15.7624,17.9,G09102
671329397,74.1487,-15.7103,19.16,G09016
671329811,73.3379,-15.8548,18.95,G09016;G09017
671329982,73.6674,-15.6248,19.25,G09016
671331934,72.5816,-15.7465,18.91,G09016;G09017
671337566,79.1453,-18.7517,18.62,G09016;G09017
671338513,78.4188,-18.548,18.56,G09016;G09017
671342339,78.0742,-18.6362,17.2,G09016;G09102;G09017;G09166
671345399,78.089,-17.6532,18.3,G09016;G09017
671348047,78.8128,-17.3213,18.63,G09016;G09017
671356030,77.0544,-17.4809,18.83,G09016;G09017
671357113,77.9104,-17.4023,17.49,G09102
671358468,78.5125,-16.7693,17.88,G09016;G09102;G09017
671360588,76.4994,-17.351,19.03,G09016
671362996,76.473,-16.5609,18.54,G09016;G09017
671364037,77.5792,-16.4504,18.61,G09016;G09017
671366030,77.1696,-15.8849,19.16,G09016
671366129,77.4528,-15.8243,19.09,G09016
671369081,79.0824,-16.0274,17.34,G09016;G09102;G09017
671369363,78.4959,-15.9569,18.6,G09016;G09017
671370060,79.6781,-15.9496,17.15,G09016;G09102;G09017;G09166
671371828,78.9122,-15.8169,18.26,G09016;G09017
671372590,79.5247,-15.4187,18.66,G09016;G09017
671372896,79.3176,-15.3541,19.07,G09016;G09017
671377515,79.3656,-15.0252,18.94,G09016;G09017
671378344,78.535,-15.0612,17.73,G09016;G09102;G09017
671385119,75.9219,-16.9375,18.31,G09016;G09017
671387112,75.4349,-16.1583,18.81,G09016;G09017
671394788,75.4849,-15.2747,18.84,G09016;G09017
671394794,75.5387,-15.2583,18.04,G09016;G09017
671396736,77.4317,-15.1994,18.81,G09016;G09017
671398768,77.1539,-14.8668,16.91,G09016;G09102;G09017
671399218,78.1468,-14.9228,19.25,G09016
671399625,77.9717,-14.7484,17.62,G09102;G09166
671408784,74.6075,-15.1865,17.95,G09016;G09017
671408880,74.836,-15.351,19.02,G09016
671410944,75.4145,-14.8163,18.14,G09016;G09017
671411072,75.3754,-14.7131,18.84,G09016;G09017
671412710,74.9399,-14.3486,18.55,G09016;G09017
671413637,74.0985,-14.8479,18.29,G09016;G09017
671413685,73.9429,-14.7816,18.33,G09016;G09017
671415914,74.4073,-14.3425,18.74,G09016;G09017
671430147,78.7967,-14.3337,18.99,G09016;G09017
671483434,67.9679,-18.6236,17.91,G09016;G09102;G09017;G09166
671487462,67.9269,-17.5306,18.28,G09016;G09017
671489293,69.3156,-17.533,17.85,G09016;G09102;G09017;G09166
671489809,68.7368,-17.5038,19.23,G09016
671493150,68.2486,-16.9948,17.44,G09016;G09102;G09017;G09166
671494560,68.8233,-16.6481,17.3,G09016;G09102;G09017
671494990,69.1416,-16.3955,17.31,G09016;G09102;G09017;G09166
671495059,69.027,-16.2973,18.94,G09016;G09017
671515072,69.5312,-16.0562,17.51,G09102;G09166
671516887,70.289,-15.4055,19.03,G09016
671517367,70.6058,-15.1412,17.59,G09016;G09017;G09102;G09166
671517642,69.8503,-15.2629,18.77,G09016;G09017
671522635,72.118,-14.3068,18.24,G09016;G09017
671524675,70.7943,-14.4082,18.78,G09016;G09017
671527884,69.081,-15.3496,18.15,G09016;G09017
671528180,69.5874,-15.0988,18.71,G09016;G09017
686224694,73.4917,-25.6191,19.17,G09016
686226999,72.2558,-25.4435,17.0,G09102;G09166;20SECONDTARGET
686350352,71.4841,-25.218,19.04,G09016
686351007,71.4312,-24.9065,19.18,G09016
686353003,72.6603,-24.3842,18.53,G09016;G09017
686353088,72.4962,-24.2677,18.12,G09016;G09017;G09166
686353482,70.965,-25.1607,18.89,G09016;G09017
686353713,70.9293,-24.9372,17.45,G09016;G09102;G09017
686353743,70.786,-24.9067,18.49,G09016;G09017
686354529,70.8619,-24.7203,18.83,G09016;G09017
686355757,71.6781,-24.1727,18.91,G09016;G09017
686356307,72.1568,-23.8325,18.98,G09016;G09017
686356371,72.1336,-23.7271,17.76,G09016;G09102;G09017;G09166
686356860,71.3979,-23.676,18.83,G09016;G09017
686358325,69.1711,-25.0939,18.58,G09016;G09017
686360365,69.9409,-24.4331,17.8,G09016;G09102;G09017;G09166
686360537,69.5169,-24.7053,18.29,G09016;G09017
686360866,69.2208,-24.4913,18.7,G09016;G09017
686362857,68.2133,-24.5923,18.8,G09016;G09017
686368773,70.7043,-23.2775,19.06,G09016
686369768,69.6183,-23.4749,18.79,G09016;G09017
686370675,69.0027,-23.3048,18.7,G09016;G09017
686371537,70.0937,-23.0686,17.93,G09016;G09102;G09017;G09166
686372172,70.5981,-22.5038,18.89,G09016;G09017
686400671,67.6053,-24.4174,17.94,G09016;G09017
686401581,67.1231,-24.232,18.88,G09016;G09017
686401653,67.0422,-24.102,18.13,G09016;G09017
686405944,67.6985,-22.8532,17.89,G09102;G09166
686406773,67.3269,-22.5654,18.28,G09016;G09017
686409057,69.1027,-22.2083,18.09,G09016;G09017
686410572,69.1476,-21.9998,19.06,G09016
686410857,69.5071,-21.8298,18.96,G09016;G09017
686413184,69.1464,-21.7642,18.27,G09016;G09017
686414668,69.0154,-21.0832,17.48,G09016;G09102;G09017;G09166
686423530,68.1523,-21.0403,18.52,G09016;G09017
686426803,67.4958,-20.6394,18.08,G09016;G09017
1167254,70.9347,-32.9853,11.31,G09123
1167538,70.9976,-31.9067,10.01,G09123;G09126;20SECONDTARGET
1168117,71.1217,-30.3625,15.97,G09016;G09102;G09017;G09166
1196437,71.1137,-35.2964,15.84,G09016;G09102;G09017;G09166;20SECONDTARGET
1223040,71.6202,-34.8678,13.9,G09123
1224672,71.8501,-33.159,9.05,G09180
1224695,71.8484,-33.1227,11.97,G09180
1250339,72.2359,-33.4721,7.54,G09062
1250913,72.1667,-35.6571,12.38,G09123
1272684,72.6105,-33.3467,17.71,G09016;G09017
1273249,72.6749,-31.2751,10.07,G09123
1274935,72.8131,-34.4183,11.65,G09123
13068806,75.7391,-28.0502,9.57,G09194
13069633,75.9064,-28.9698,9.03,G09062
13072717,75.982,-28.9091,14.32,G09102;20SECONDTARGET
1309015,72.9767,-34.2386,6.18,G09062
1309019,72.9006,-34.2263,13.77,G09142;20SECONDTARGET
13095967,76.3968,-29.861,13.12,G09123
1312638,73.1814,-34.4375,10.3,G09123
13145348,76.8468,-27.1217,10.88,G09123
13145983,76.8444,-29.182,10.14,G09180
13145994,76.851,-29.2093,12.19,G09180
13147218,77.0047,-26.7978,7.49,G09062;20SECONDTARGET
13220060,77.5473,-29.4488,12.78,G09004
1333933,73.3553,-32.8003,13.96,G09142;20SECONDTARGET
1334395,73.3359,-34.5797,16.45,G09177
1335183,73.5244,-34.4182,16.21,G09016;G09102;G09017;G09166
1353822,73.5433,-30.6094,12.38,G09004
1354091,73.6773,-31.4358,7.5,G09062;20SECONDTARGET
1354894,73.6686,-34.4467,16.24,G09016;G09102;G09017;G09166
1354950,73.6003,-34.6645,16.27,G09102;G09166
1356036,73.8061,-33.3499,10.14,G09062
1357792,73.8293,-32.2059,12.6,G09004
13915281,74.6305,-37.8346,9.36,G09062
13931687,74.8348,-36.8707,6.66,G09062;20SECONDTARGET
13931999,74.9515,-38.0378,9.42,G09062
1395782,74.2565,-35.6262,12.49,G09004
1398159,74.415,-31.922,16.68,G09016;G09102;G09017;G09166
1399339,74.5701,-35.9082,16.85,G09016;G09102;G09017;G09166
14001734,76.0994,-37.5058,11.74,G09123
14004112,76.1845,-38.2067,10.75,G09123;G09180
14004113,76.1824,-38.2044,12.58,G09180
14084226,76.9474,-36.1631,12.32,G09180
14084228,76.9469,-36.1739,12.69,G09180
14084821,77.0467,-37.9104,9.49,G09062
14162401,77.9449,-36.1848,12.17,G09004
14162411,77.9356,-36.2101,13.02,G09123
14165625,78.0373,-37.7083,11.39,G09031
1439071,74.7555,-30.9997,11.94,G09123
1439586,74.6882,-32.5918,11.97,G09180
1439587,74.6886,-32.593,11.17,G09180
1441539,74.8076,-32.7172,12.98,G09123
1447223,74.8548,-30.9323,12.03,G09004
1448845,74.966,-34.067,10.29,G09062
1449640,75.1716,-35.2027,11.92,G09079;G09036;G09039
1449750,75.1905,-34.8375,17.36,G09166
1517398,75.3062,-32.1061,16.3,G09177;G09102
1526470,75.632,-35.2386,15.3,G09102;20SECONDTARGET
1528696,75.7953,-30.3995,13.17,G09058;G09142;20SECONDTARGET
1535810,75.9979,-30.891,12.85,G09123
168851948,64.9572,-35.0228,9.38,G09123
168852029,64.878,-35.3466,16.83,G09016;G09102;G09017;G09166
168874602,65.4094,-31.2844,9.07,G09062
168901962,65.4378,-31.7265,16.57,G09102;20SECONDTARGET
168902678,65.5099,-34.8971,7.93,G09062
170591376,66.0009,-31.3879,12.8,G09123
170631655,66.2267,-30.4306,13.58,G09123
170632659,66.235,-34.7582,6.13,G09062
170634116,66.3709,-30.6004,9.68,G09058;G09114;20SECONDTARGET
170635351,66.4764,-34.439,9.54,G09036
170636418,66.6275,-32.8162,6.43,G09062;20SECONDTARGET
170636897,66.6354,-30.804,11.07,G09123;20SECONDTARGET
170671853,66.9405,-33.4619,13.13,G09123;20SECONDTARGET
170672048,66.9486,-32.6156,11.04,G09194
170672094,66.9197,-32.4086,6.63,G09062
170672891,66.9761,-30.7442,8.6,G09062
170673066,67.0919,-31.4564,7.86,G09062
170673464,67.048,-33.0004,17.66,G09025
170673573,66.9574,-33.4503,12.99,G09123;20SECONDTARGET
170675902,67.3275,-31.3984,13.52,G09123
170698265,67.6931,-33.0674,12.58,G09123
170699102,67.9149,-30.2539,17.04,G09025;G09041
170699118,67.8735,-30.3197,9.79,G09123
170699194,67.8821,-30.6062,11.67,G09194
170699229,67.9111,-30.7142,11.81,G09123;20SECONDTARGET
170699427,67.899,-31.52,7.14,G09062;20SECONDTARGET
170729393,67.8946,-35.9054,7.93,G09062
170731528,68.1484,-32.9029,17.06,G09102
170732273,68.2355,-35.9578,16.24,G09102;20SECONDTARGET
170749770,68.245,-33.4968,10.71,G09079;G09036;G09039
170752712,68.5793,-33.8303,16.93,G09016;G09102;G09017;G09166
170766490,68.7119,-35.7892,10.01,G09123;20SECONDTARGET
170786161,69.0963,-30.8323,8.36,G09062
170789460,69.4101,-29.9047,7.68,G09062
170789802,69.615,-31.1893,11.84,G09031
170790508,69.4837,-33.8979,8.91,G09062
170804210,69.8323,-33.4302,7.66,G09062
170805099,70.0283,-34.7349,10.86,G09194;G09180
170805100,70.0285,-34.7338,12.44,G09180
170806089,70.0056,-31.0741,9.24,G09123
170846549,70.1561,-33.5106,16.84,G09016;G09102;G09017
170846745,70.1301,-34.2839,17.4,G09166
170849515,70.3397,-32.3205,14.86,G09142;G09031;20SECONDTARGET
170867837,70.5215,-33.922,8.73,G09123
170869314,70.6081,-32.1003,15.05,G09102;20SECONDTARGET
170882264,70.744,-33.4336,7.93,G09062
170882467,70.7488,-32.7614,11.04,G09196;G09196
170882537,70.8007,-32.4453,11.9,G09123
178829758,66.3367,-28.2552,16.54,G09016;G09102;G09017;G09166
178858648,66.8505,-27.9354,9.45,G09020
178858769,66.8578,-28.4844,17.28,G09166
178858961,66.8612,-29.1958,7.04,G09062
178879452,67.4386,-27.6233,11.7,G09123
178879588,67.4186,-28.1972,13.26,G09058;G09142;20SECONDTARGET
178879947,67.3494,-29.5021,13.4,G09123
178893906,67.6132,-27.8727,13.64,G09102;20SECONDTARGET
178924482,68.204,-29.238,11.73,G09180
178924483,68.2142,-29.2395,12.91,G09180
178937531,68.3933,-27.8903,16.05,G09102;20SECONDTARGET
178946294,68.8134,-29.3573,7.88,G09062
178952927,69.1414,-27.5787,5.68,G09123;20SECONDTARGET
178953197,69.1661,-26.429,8.17,G09062
178969584,69.6907,-27.034,13.07,G09123
178969585,69.6836,-27.0339,7.89,G09123
178994042,69.748,-28.9377,16.73,G09102;G09166;20SECONDTARGET
178996712,70.0633,-27.7353,8.59,G09196
179013690,70.166,-27.4585,8.62,G09062
257644579,71.4513,-36.2627,9.77,G09123
257689590,74.7516,-37.0337,17.01,G09016;G09102;G09017;G09166;20SECONDTARGET
369394241,73.4695,-36.8207,14.0,G09102;20SECONDTARGET
408256539,70.6205,-26.2299,12.01,G09123
423786241,71.1474,-29.5213,13.71,G09123
423810968,71.3203,-27.4405,16.36,G09016;G09102;G09017
423810969,71.3339,-27.4343,12.66,G09004;G09123
471015280,69.6879,-36.0669,16.43,G09177
471015330,73.1775,-26.7928,16.36,G09177
471015360,77.6054,-28.1039,16.53,G09177
593228,71.847,-27.8419,9.22,G09123
593230,71.8449,-27.8403,8.28,G09123
607907,72.1207,-28.4189,8.41,G09123
624458,72.8596,-26.3454,12.23,G09180
624460,72.8584,-26.3476,12.75,G09180
664269,73.0823,-29.4323,7.98,G09062;20SECONDTARGET
671058832,77.9763,-28.5447,18.11,G09016;G09017;G09166
671059528,78.7775,-28.5915,17.88,G09016;G09102;G09017;G09166
671060353,79.0724,-28.0611,18.19,G09016;G09017
671060359,79.0822,-28.0512,18.29,G09041
671067704,77.2469,-28.2244,17.98,G09016;G09102;G09017;G09166
671068050,77.6055,-28.1042,17.29,G09102
671070985,78.2399,-27.4211,18.72,G09016;G09017
671073875,77.1177,-27.0705,18.29,G09016;G09017
671075197,77.3919,-27.1919,16.96,G09102;G09166;20SECONDTARGET
671094726,75.9746,-27.2093,19.25,G09016
671393,73.4005,-28.5931,12.04,G09123
672624,73.5056,-27.0563,8.12,G09123
682256,73.9098,-27.8123,9.79,G09062
682491,73.9262,-28.5656,7.11,G09123
682778,73.8997,-29.4827,15.18,G09102;G09166;20SECONDTARGET
685701846,74.9763,-38.1127,17.86,G09016;G09017
685702857,73.9852,-37.7904,18.24,G09016;G09017
685714859,74.429,-37.0704,18.94,G09016;G09017
685714995,73.9518,-37.1324,18.62,G09016;G09017
685715825,73.7884,-36.9994,19.18,G09016;G09017
685716892,72.7818,-37.4807,19.29,G09016
685717629,72.2192,-37.1741,19.06,G09016
685717706,71.9374,-37.1737,18.5,G09016;G09017
685718446,73.1806,-37.0248,18.83,G09016;G09017
685718705,73.0086,-36.7732,19.16,G09016
685719520,72.68,-36.6923,19.06,G09016
685719583,72.9693,-36.5775,18.94,G09016;G09017
685720179,73.2122,-36.0873,18.78,G09016;G09017
685766452,77.7243,-37.3007,18.01,G09016;G09017
685777448,76.9985,-37.2851,18.72,G09016;G09017
685780405,75.4988,-37.0344,17.35,G09016;G09102;G09017;G09166
685782039,75.8502,-36.842,18.73,G09016;G09017
685785030,77.834,-36.2894,18.48,G09016;G09017
685785227,77.6849,-36.3576,18.3,G09016;G09017
685785799,77.0181,-36.3187,17.8,G09016;G09102;G09017;G09166
685786172,77.5017,-36.0258,19.3,G09016
685787396,78.4763,-35.67,18.97,G09016;G09017
685789411,76.7497,-35.9222,19.33,G09166
685789515,76.676,-35.7394,17.38,G09016;G09017;G09102;G09166
685789584,77.0541,-35.8897,19.21,G09016
685790602,76.1431,-35.5924,18.54,G09016;G09017
685791747,77.5428,-35.2633,12.64,G09180
685793843,77.2899,-34.3929,18.15,G09016;G09017
685794296,74.3031,-36.8321,18.82,G09016;G09017
685795183,74.1589,-36.7067,19.01,G09016
685795402,74.2401,-36.4036,17.77,G09016;G09102;G09017;G09166
685800962,74.5215,-35.3494,18.79,G09016;G09017
685802945,74.4842,-34.401,17.68,G09016;G09102;G09017;G09166
685804510,75.7886,-34.8796,18.95,G09016;G09017
685805568,76.6672,-34.7139,18.1,G09016;G09017;G09166
685806337,77.2205,-34.2102,19.27,G09016
685806640,76.8975,-34.0568,18.56,G09016;G09017
685807984,75.1914,-34.8438,18.01,G09016;G09017
685808958,75.5178,-34.1329,19.34,G09017
685810640,75.948,-33.7212,18.75,G09016;G09017
685810750,76.303,-33.8486,19.14,G09016
685811711,75.4218,-33.511,18.04,G09016;G09017
685814448,78.4654,-34.6981,18.72,G09016;G09017
685820700,78.7265,-33.602,19.01,G09016;G09017
685822360,78.6022,-33.0283,18.78,G09016;G09017
685822362,78.6006,-33.0283,17.72,G09016;G09017;G09102;G09166
685827474,77.8659,-33.6487,18.59,G09016;G09017
685829238,77.9956,-33.2126,17.48,G09016;G09102;G09017;G09166
685829255,78.2504,-33.2622,18.92,G09016;G09017
685830045,78.365,-32.7964,18.62,G09016;G09017
685831154,78.1079,-32.4602,18.67,G09016;G09017
685831873,76.6341,-33.1583,18.54,G09016;G09017
685831982,76.6232,-33.0881,18.73,G09016;G09017
685832389,77.182,-32.7989,18.18,G09166
685833430,76.2767,-32.4877,17.59,G09016;G09102;G09017;G09166
685837003,78.4601,-32.4236,18.13,G09016;G09017
685837179,78.737,-32.1851,18.52,G09016;G09017
685838137,78.5549,-31.9729,18.51,G09016;G09017
685838299,78.2227,-32.0378,18.17,G09016;G09017
685838950,78.553,-31.6949,20.38,G09025
685841989,77.8192,-31.7692,19.23,G09016
685843548,78.0454,-31.2167,19.11,G09016
685844432,78.8678,-30.9656,17.54,G09016;G09102;G09017;G09166
685846011,78.384,-30.4087,19.2,G09016
685846579,78.6736,-30.196,17.7,G09016;G09017
686000164,67.2196,-36.7745,18.49,G09016;G09017
686000251,67.562,-36.6361,19.13,G09016
686004237,70.9974,-37.328,18.64,G09016;G09017
686004867,70.8233,-37.2575,18.67,G09016;G09017
686007278,69.57,-36.9908,18.36,G09016;G09017
686009194,70.2328,-36.2911,17.63,G09016;G09102;G09017;G09166
686011429,71.9277,-36.0308,18.66,G09016;G09017
686011866,72.4518,-36.088,18.38,G09016;G09017
686014643,71.5864,-35.6056,18.98,G09016;G09017
686014967,70.6387,-35.9156,19.12,G09016
686016577,72.1116,-35.2274,19.19,G09016
686017122,71.521,-35.157,18.96,G09016;G09017
686018227,68.9555,-36.9209,18.8,G09016;G09017
686018956,69.0698,-36.3039,17.23,G09016;G09102;G09017;G09166
686019952,68.9604,-35.9885,18.44,G09016;G09017
686020076,69.6238,-36.3063,17.45,G09016;G09102;G09017;G09166
686020250,69.6883,-36.0673,17.01,G09177;G09016;G09102;G09017
686021647,69.815,-35.3533,18.06,G09016;G09017
686022622,68.8351,-35.6266,18.5,G09016;G09017
686026025,70.3882,-35.2228,19.29,G09016
686026764,70.1096,-35.0494,18.32,G09016;G09017
686027135,70.274,-34.8947,19.12,G09016
686030315,70.1381,-34.2879,17.66,G09016;G09102;G09017
686031108,69.6106,-34.1444,18.16,G09016;G09017;G09166
686042146,66.1273,-35.7469,17.61,G09016;G09102;G09017;G09166
686042690,67.1029,-35.7508,18.38,G09016;G09017
686043360,66.4426,-35.529,18.43,G09016;G09017
686044219,65.4539,-35.9806,17.17,G09016;G09102;G09017;G09166;20SECONDTARGET
686045741,66.0613,-35.3665,18.64,G09016;G09017
686047049,66.0247,-34.6881,19.18,G09025
686055647,64.7379,-34.5415,18.12,G09016;G09017
686056567,65.5468,-34.1992,18.83,G09016;G09017
686056642,65.8288,-34.0055,18.8,G09016;G09017
686057056,65.1978,-34.0594,18.42,G09016;G09017
686061046,67.4379,-35.3597,18.64,G09016;G09017
686061612,67.8597,-34.8534,19.24,G09016
686061990,67.082,-34.9718,17.69,G09016;G09017
686062198,67.4594,-34.8682,17.2,G09016;G09102;G09017;G09166
686062590,67.4242,-34.4408,18.81,G09016;G09017
686062826,68.2925,-34.556,18.6,G09016;G09017
686063120,68.5222,-34.5151,18.84,G09016;G09017
686063140,68.624,-34.4743,18.66,G09016;G09017
686063466,68.56,-34.207,18.81,G09016;G09017
686063717,68.0415,-34.3619,17.69,G09016;G09017
686064932,67.0335,-34.4536,18.7,G09016;G09017
686065108,67.0321,-34.2975,17.48,G09016;G09102;G09017;G09166
686066934,67.7308,-33.555,19.12,G09016
686068050,67.3747,-32.9429,18.93,G09016;G09017
686068058,67.4774,-32.949,18.2,G09016;G09017
686069029,69.1939,-33.2471,17.76,G09016;G09102;G09017;G09166
686070346,69.4198,-33.0769,18.98,G09016;G09017
686070700,70.0593,-32.7652,17.95,G09016;G09017
686072378,68.227,-32.887,16.25,G09102;G09166;20SECONDTARGET
686072682,68.4401,-32.7696,17.99,G09016;G09102;G09017;G09166
686074830,68.8137,-32.0727,18.45,G09016;G09017
686076434,66.2936,-33.3937,17.58,G09016;G09102;G09017;G09166
686076712,65.8408,-33.5747,18.42,G09016;G09017
686077746,66.5576,-33.1157,18.66,G09016;G09017
686079063,66.5442,-32.4845,17.09,G09102;G09166;20SECONDTARGET
686079848,65.9766,-32.7188,18.76,G09016;G09017
686080451,65.0746,-32.6021,18.82,G09016;G09017
686081808,65.7752,-32.3253,18.45,G09016;G09017
686083836,66.8687,-32.1014,19.21,G09016
686084545,68.3368,-31.845,18.18,G09016;G09017
686087233,66.5461,-31.517,17.78,G09016;G09102;G09017;G09166
686087674,66.861,-31.2498,18.7,G09016;G09017
686087902,66.7049,-30.9721,18.28,G09016;G09017
686089596,67.7804,-30.295,18.86,G09016;G09017
686089678,67.412,-30.4071,17.66,G09016;G09102;G09017
686091793,73.0568,-34.5351,18.98,G09016;G09017
686092435,73.8798,-34.3997,18.41,G09016;G09017
686092698,74.4176,-34.2141,18.38,G09016;G09017
686093407,73.2099,-34.1424,19.0,G09016;G09017
686094840,72.8866,-34.2635,18.17,G09016;G09017;G09166
686095842,72.6911,-33.949,18.13,G09016;G09017;G09166
686095935,72.6184,-33.771,19.05,G09016
686098898,74.418,-33.6428,18.84,G09016;G09017
686099158,74.9538,-33.5612,18.69,G09016;G09017
686099933,74.3353,-33.3453,19.02,G09016
686101772,74.8736,-32.9556,18.39,G09016;G09017
686102046,74.6336,-32.8169,19.07,G09025
686102996,74.0544,-33.2288,18.54,G09016;G09017
686103588,74.2232,-32.8292,19.13,G09016
686107719,72.088,-33.8269,18.94,G09016;G09017
686108682,71.5083,-33.3591,18.89,G09016;G09017
686109750,72.5161,-32.9632,18.79,G09016;G09017
686110488,72.11,-32.8911,18.74,G09016;G09017
686114024,71.7778,-32.2312,18.49,G09016;G09017
686114220,72.2107,-32.2055,18.54,G09016;G09017
686114969,71.2029,-32.0204,17.96,G09102
686116157,73.1195,-32.1817,19.17,G09016
686118671,74.0206,-31.3106,17.84,G09016;G09017
686118943,73.4845,-31.4705,18.22,G09016;G09017
686119340,73.5239,-31.1564,17.79,G09016;G09102;G09017;G09166
686119656,74.0239,-30.9009,18.85,G09016;G09017
686119862,73.7251,-30.8493,19.2,G09016
686123894,73.0391,-30.4017,18.83,G09016;G09017
686126616,75.945,-31.4146,18.07,G09016;G09017
686128966,76.4636,-30.943,17.9,G09016;G09102;G09017;G09166
686130973,75.475,-31.1468,18.55,G09016;G09017
686135150,76.9616,-30.8534,18.24,G09016;G09017
686136134,77.3418,-30.299,18.27,G09016;G09017
686136730,77.8006,-30.2592,19.22,G09016
686139969,76.2907,-30.2299,18.22,G09016;G09017
686140866,76.8389,-29.5824,18.73,G09016;G09017
686141378,77.5716,-29.7674,19.23,G09016
686143758,77.3761,-28.7697,19.06,G09016;G09017
686146520,75.1772,-30.277,17.12,G09016;G09102;G09017
686147556,74.7128,-30.0497,19.09,G09016
686148480,73.7469,-30.5295,19.11,G09016;G09017
686150070,73.8741,-29.9024,18.26,G09016;G09017
686151477,75.009,-29.2294,18.85,G09016;G09017
686151971,74.4665,-29.3203,17.05,G09102;G09166;20SECONDTARGET
686154085,76.2276,-29.1324,19.06,G09016
686155234,75.806,-28.9916,19.2,G09016
686156692,77.0005,-28.6071,18.76,G09016;G09017
686158829,75.1977,-28.6762,18.33,G09016;G09017
686160823,75.9553,-28.3855,17.73,G09025;G09102;G09166;20SECONDTARGET
686161520,76.5649,-27.9938,18.16,G09016;G09017
686162496,75.606,-27.7717,18.83,G09016;G09017
686166234,70.7719,-31.4971,18.58,G09016;G09017
686166412,70.9059,-31.3084,17.82,G09016;G09102;G09017;G09166
686169089,69.5664,-30.7445,19.29,G09016
686170683,70.2577,-30.541,18.53,G09016;G09017
686171147,71.7186,-31.2531,18.26,G09016;G09017
686171559,71.6805,-30.9057,18.23,G09016;G09017
686173664,72.4419,-30.2699,18.37,G09016;G09017
686173800,72.3958,-30.0554,18.32,G09016;G09017
686174621,72.0326,-29.9912,17.86,G09016;G09102;G09017;G09166
686175827,71.0834,-30.1065,18.5,G09016;G09017
686176004,71.4379,-30.0749,18.5,G09016;G09017
686176857,70.9762,-29.9402,18.19,G09016;G09017
686179796,69.1441,-30.8768,18.47,G09016;G09017
686184772,68.2606,-29.5584,18.69,G09016;G09017
686188880,71.192,-28.9537,17.98,G09016;G09102;G09017;G09166
686192313,69.3448,-28.2712,18.31,G09016;G09017
686194325,70.2518,-27.6269,18.69,G09016;G09017
686199666,72.6292,-28.7673,18.05,G09016;G09017;G09166
686199893,72.6726,-28.4315,19.23,G09016
686200133,72.3367,-28.5516,17.7,G09016;G09102;G09017;G09166
686201661,73.7213,-27.8839,19.3,G09016
686202117,72.8901,-28.0215,19.03,G09016
686204794,74.1214,-27.7547,19.0,G09016
686207599,75.1473,-26.9387,19.22,G09016
686209360,73.4267,-27.217,19.08,G09016
686210245,74.8078,-26.8806,18.41,G09016;G09017
686210344,74.3849,-27.0212,19.11,G09016
686210436,74.2279,-26.9158,18.45,G09016;G09017
686210655,74.9171,-26.8332,18.51,G09016;G09017
686211104,74.683,-26.5329,17.38,G09016;G09102;G09017;G09166
686211511,73.9811,-26.6961,18.6,G09016;G09017
686214133,71.5304,-27.6754,18.78,G09016;G09017
686214393,72.4127,-27.8333,18.54,G09016;G09017
686214889,72.8473,-27.5235,18.0,G09016;G09017
686216161,72.5054,-26.9737,18.19,G09016;G09017
686217039,71.3105,-27.4944,17.55,G09016;G09017;G09102;G09166
686219354,72.1347,-26.543,18.34,G09016;G09017
686220999,73.1282,-26.6638,18.98,G09016;G09017
686224945,72.559,-26.4293,18.94,G09016;G09017
686256396,65.6757,-31.5028,19.11,G09016
686261902,66.4439,-30.4015,19.28,G09016
686265122,65.8928,-30.1049,17.9,G09016;G09102;G09017
686267547,65.7528,-29.0397,17.41,G09016;G09102;G09017
686312080,67.5808,-29.7511,18.65,G09016;G09017
686314763,67.8034,-28.7237,19.08,G09016
686315204,68.2667,-28.3589,17.43,G09016;G09017;G09102;G09166
686316286,67.0864,-28.6558,18.96,G09016;G09017
686316471,66.4421,-28.9407,17.43,G09016;G09017;G09102
686316957,66.8554,-28.4772,17.35,G09016;G09102;G09017
686320378,68.4193,-27.9817,18.53,G09016;G09017
686324751,68.25,-26.706,17.92,G09016;G09102;G09017;G09166
686328416,66.1668,-27.5087,18.96,G09016;G09017
686330077,66.5465,-26.9209,17.45,G09016;G09102;G09017;G09166
686334145,67.5411,-26.7793,18.68,G09016;G09017
686336705,68.1526,-25.9784,18.69,G09016;G09017
686343116,71.0822,-26.5024,18.73,G09016;G09017
686345278,69.5483,-26.2419,19.02,G09016
686345585,70.0081,-26.0586,17.61,G09016;G09102;G09017;G09166
711914,74.3059,-28.1313,14.35,G09016;G09102;G09017
711970,74.2469,-27.9982,8.95,G09062
737327,74.37,-29.163,9.15,G09123
737546,74.5151,-29.933,10.54,G09196
7690679,65.5877,-36.1025,14.62,G09123
7697120,65.8098,-36.3325,7.7,G09062;20SECONDTARGET
7697437,65.9691,-36.9312,12.99,G09194
770554,74.9343,-27.2431,15.97,G09102;20SECONDTARGET
77288515,70.5149,-37.1427,4.67,G09062;20SECONDTARGET
77339881,70.9947,-36.7219,12.42,G09123;20SECONDTARGET
77359410,72.1517,-37.4356,8.31,G09062
77360048,72.3152,-36.8248,14.76,G09102;20SECONDTARGET
77437193,73.1278,-37.505,16.3,G09102;20SECONDTARGET
77477081,73.3839,-37.0285,15.91,G09102;20SECONDTARGET
77670537,76.2017,-31.5888,8.73,G09062
77671085,76.2871,-30.2203,18.21,G09166
77703308,76.5163,-35.1531,10.93,G09123
77743426,77.5422,-35.2639,12.35,G09180
77835048,77.61,-32.8852,12.39,G09123
77835050,77.7237,-32.8903,11.22,G09180
77835053,77.724,-32.8959,11.3,G09180
77835564,77.6761,-34.4128,8.81,G09062
778357,75.2108,-28.0648,10.6,G09180;G09180
77836699,77.8727,-33.8809,7.5,G09062;20SECONDTARGET
77837822,77.8382,-30.4664,13.08,G09123
77840668,78.1496,-34.4802,9.09,G09123
77840675,78.1583,-34.4666,10.47,G09123
77841332,78.0551,-32.6944,17.46,G09025
7785194,67.3248,-36.1409,12.71,G09123
77861221,78.5829,-33.3491,7.71,G09062
778852,75.2268,-29.6894,13.7,G09102;20SECONDTARGET
77893078,78.7249,-33.0739,11.95,G09123
10001347440,92.7279,-31.6746,16.88,G09166
100479167,85.643,-34.2616,10.55,G09123;20SECONDTARGET
100481123,85.8616,-30.4203,11.69,G09123;20SECONDTARGET
100509149,85.8365,-34.888,17.39,G09025;G09041;G09102;20SECONDTARGET
100510452,85.909,-33.5952,11.96,G09123
100527824,86.0512,-35.4302,15.33,G09102;G09166;20SECONDTARGET
100531398,86.3044,-31.6693,6.5,G09062;20SECONDTARGET
100531561,86.3942,-32.0196,14.26,G09123
100588508,86.517,-35.7256,17.58,G09166
100589904,86.4996,-32.3066,5.47,G09150;20SECONDTARGET
100608026,86.7486,-32.5321,10.88,G09031
100608178,86.7774,-32.1781,11.58,G09123;20SECONDTARGET
100609635,86.982,-30.7777,8.84,G09123
100610506,86.8713,-32.7058,9.26,G09062
100656225,87.128,-31.7687,9.4,G09123
100777591,88.3978,-33.8915,11.27,G09194
140209922,84.7054,-35.492,9.54,G09123;20SECONDTARGET
140211218,84.8293,-32.9331,10.07,G09062
140212820,84.9683,-30.7657,11.98,G09036;G09123
140214221,84.9123,-34.0743,2.65,G09164;20SECONDTARGET
140284119,85.3285,-35.4042,17.08,G09025
140286133,85.4094,-30.6745,8.21,G09062
140286859,85.477,-30.9594,13.89,G09102;20SECONDTARGET
143095959,89.1332,-33.4344,7.31,G09123
143103732,89.2285,-34.6587,9.45,G09123
143106235,89.275,-31.2571,8.11,G09062
143107923,89.4134,-32.6033,15.96,G09016;G09102;G09017
143107924,89.4259,-32.6043,15.93,G09166
143108992,89.3842,-35.2832,4.54,G09150;20SECONDTARGET
143141922,89.5491,-35.0136,10.56,G09123
143143769,89.5988,-30.8118,12.37,G09031;G09123;20SECONDTARGET
143144496,89.7408,-30.6526,11.5,G09123
143168991,89.9001,-30.1332,11.18,G09031
143205487,90.2897,-31.7264,7.89,G09062;20SECONDTARGET
143209291,90.3563,-32.4202,10.76,G09123
143229203,90.398,-31.3961,11.31,G09180
143229204,90.3969,-31.3961,12.43,G09180
143230081,90.583,-30.0145,7.87,G09062
143232813,90.5126,-35.5977,10.36,G09196
143234741,90.6297,-32.38,11.41,G09036
143234933,90.6701,-32.016,8.08,G09062
143235267,90.7444,-31.3304,10.31,G09123
143275534,90.9947,-34.2928,15.14,G09102;20SECONDTARGET
143314827,91.1598,-32.1349,13.38,G09123
144486394,84.2569,-37.8243,16.99,G09016;G09102;G09017
144486786,84.1477,-36.9141,13.3,G09123
144516734,84.5625,-37.8654,9.27,G09062
153097724,89.1589,-29.6955,9.09,G09062
153166843,89.6218,-27.8221,10.36,G09020
153182595,89.7909,-28.9656,16.3,G09177;G09102
160328683,91.1961,-32.5802,14.2,G09031
160329848,91.2542,-35.0613,10.87,G09062
160330299,91.4007,-35.8914,12.72,G09180
160330305,91.4234,-35.8803,10.39,G09180
160379153,91.7044,-31.7476,11.87,G09180
160379154,91.6971,-31.7469,10.04,G09180
167658216,79.4226,-37.6187,8.26,G09062
167658314,79.4087,-37.967,9.34,G09062
167661833,79.7557,-38.4147,16.49,G09016;G09102;G09017;20SECONDTARGET
167673218,79.785,-37.6752,9.75,G09036
167674352,79.9211,-37.8077,11.71,G09196
192788554,81.8815,-38.1645,11.35,G09180
192788555,81.8844,-38.164,12.5,G09180
192789064,81.9317,-36.5435,9.81,G09062
192800872,82.3319,-36.5717,8.3,G09062
192825635,82.467,-37.7047,12.82,G09123
192826603,82.7141,-36.6311,13.91,G09142;G09031;20SECONDTARGET
20061482,88.6437,-38.1169,15.42,G09102;G09166;20SECONDTARGET
20072435,88.93,-38.1044,7.0,G09123
20095932,89.4662,-36.9801,12.87,G09180
20095936,89.4668,-36.9845,12.03,G09180
20096356,89.4617,-38.0677,8.85,G09123
201373582,91.7653,-34.312,5.85,G09164;20SECONDTARGET
201375066,91.7825,-31.8971,7.42,G09062
201426753,92.33,-35.8257,9.2,G09123;20SECONDTARGET
201430036,92.4258,-30.5991,18.52,G09016;G09017
201432628,92.5687,-33.3558,8.39,G09020
201433128,92.5246,-34.1012,14.86,G09041
20143614,89.5612,-37.5744,14.79,G09102;20SECONDTARGET
20144774,89.8058,-37.067,10.81,G09180
20144775,89.8011,-37.0683,11.05,G09180
201468889,92.7241,-30.9831,13.91,G09123
201495954,92.8869,-31.5195,8.71,G09062
201513771,93.1599,-32.8993,16.51,G09102;G09166;20SECONDTARGET
20231817,90.5433,-37.6976,9.62,G09062
20297123,90.8015,-37.3793,12.29,G09123
20297345,90.7983,-36.938,10.29,G09062
21503443,85.6446,-35.9639,12.79,G09004
21507177,85.9217,-37.7086,8.03,G09062
21622364,86.9633,-37.3326,12.6,G09123
21651176,87.619,-37.621,5.45,G09123
21726939,88.0453,-37.1403,8.65,G09062
24358417,81.3447,-34.6682,11.7,G09058;G09123;20SECONDTARGET
24360361,81.5223,-30.6728,8.1,G09062
24397647,81.6648,-35.5997,16.14,G09016;G09102;G09017;G09166
24397887,81.5463,-34.788,16.61,G09177
24397947,81.6628,-34.6164,10.76,G09079;G09036;G09039
24399433,81.6254,-30.4802,10.53,G09123
24400247,81.7772,-31.5659,6.63,G09062
24401034,81.6902,-34.0734,12.34,G09123
24430313,81.8102,-33.8825,17.52,G09102
24431267,81.8502,-31.1179,16.08,G09016;G09102;G09017;G09166;20SECONDTARGET
24449149,82.1512,-31.0845,8.18,G09123
24450869,82.2357,-33.4712,10.06,G09123;20SECONDTARGET
24451049,82.2968,-34.0149,17.56,G09166
24451239,82.3506,-34.5154,7.89,G09123;20SECONDTARGET
24452802,82.4363,-32.6539,10.91,G09123;20SECONDTARGET
24462175,82.5264,-34.557,10.46,G09180
24462176,82.5189,-34.5585,10.65,G09180
24525628,82.9233,-34.7585,9.19,G09180
24525630,82.9127,-34.7588,12.07,G09180
24535497,83.4612,-34.5707,10.29,G09123
24585000,83.6157,-34.0983,12.86,G09194
24587624,83.7027,-32.66,11.51,G09123
24588623,83.7589,-35.4739,7.9,G09062
24608426,83.7672,-34.2979,10.84,G09123
24608799,83.8611,-33.2684,6.25,G09062;20SECONDTARGET
24610262,83.9448,-30.4188,13.07,G09123
24623618,84.1413,-31.6362,9.61,G09180
24623623,84.1408,-31.6321,11.94,G09180
24626896,84.4347,-34.9715,8.77,G09062
24628299,84.3979,-31.1322,12.78,G09194
24671341,84.5708,-35.4695,8.71,G09062
300112535,92.2426,-36.7977,8.29,G09062
300112712,92.3553,-37.123,9.11,G09194
31051091,80.3405,-28.0929,15.88,G09041
31051782,80.4401,-29.8543,12.55,G09180
31051783,80.4414,-29.8541,12.2,G09180
31093159,80.8539,-29.184,13.75,G09123
31117309,81.1285,-29.3364,12.15,G09180
31117310,81.1296,-29.3433,12.45,G09180
31118078,81.2419,-28.5037,18.57,G09041
31194341,81.9842,-29.3964,12.94,G09123
31259167,82.1024,-28.04,10.46,G09123
31259676,82.1269,-29.3489,8.38,G09062
31281820,82.3556,-28.8743,12.63,G09123
31281821,82.3684,-28.8756,14.38,G09123
31281832,82.3709,-28.9188,16.19,G09016;G09102;G09017;G09166
31301801,82.6412,-29.3202,11.65,G09180
31301804,82.641,-29.3211,12.71,G09180
31303242,82.8069,-27.1513,10.14,G09020
31373667,83.2973,-29.2389,11.89,G09123;20SECONDTARGET
31377680,83.4306,-27.231,15.89,G09102
31406847,83.747,-29.9009,9.61,G09123;20SECONDTARGET
31471821,83.9214,-27.6224,7.55,G09062
31476478,84.0529,-29.7517,12.87,G09180
31476480,84.0542,-29.7523,11.71,G09180
32499519,84.2373,-27.5746,12.92,G09004
32499655,84.3267,-27.9726,13.54,G09142;G09031;20SECONDTARGET
32500064,84.2982,-29.1735,17.06,G09025
32500750,84.4356,-28.6894,4.83,G09062;20SECONDTARGET
32543519,84.5287,-27.2108,5.09,G09123
32545814,84.7122,-29.6823,12.96,G09123
32644711,85.5995,-27.9676,13.11,G09123;20SECONDTARGET
32702481,86.0309,-28.6105,8.92,G09123
32706905,86.0663,-27.9364,12.88,G09123
32707784,86.1426,-29.7126,16.63,G09016;G09102;G09017
32816814,86.8247,-28.9367,11.72,G09123;20SECONDTARGET
32828818,86.8416,-27.1346,6.69,G09062;20SECONDTARGET
32874669,87.2776,-27.5654,9.55,G09123;20SECONDTARGET
32930236,87.5894,-29.2557,10.39,G09123;20SECONDTARGET
32949762,87.6797,-27.6234,12.34,G09058;G09031;G09123;20SECONDTARGET
33005217,87.9302,-28.9053,11.9,G09196
33006416,88.0666,-28.6572,8.48,G09123;20SECONDTARGET
33063882,88.5583,-29.1474,5.96,G09062;20SECONDTARGET
33103633,88.9025,-29.9164,7.41,G09062;20SECONDTARGET
343864440,93.0596,-36.7572,8.6,G09062
37118148,90.6663,-28.7693,14.6,G09102;20SECONDTARGET
37118328,90.6647,-28.4478,12.39,G09123
37198629,91.0228,-28.3645,11.89,G09180
37198631,91.0226,-28.3655,12.59,G09180
37250075,91.3529,-28.6762,8.01,G09062;20SECONDTARGET
37250076,91.3528,-28.6779,7.82,G09194
37251296,91.4699,-29.0983,15.35,G09166
37300880,91.5725,-27.9012,11.31,G09123
37300889,91.5691,-27.9056,8.12,G09123
37351923,91.9558,-29.7469,16.95,G09166
37351925,91.945,-29.742,17.13,G09016;G09102;G09017
37352458,91.9202,-28.8839,16.55,G09016;G09102;G09017
37501256,92.8162,-28.299,10.0,G09062
37543678,92.9043,-27.9275,7.38,G09062;20SECONDTARGET
37604071,93.1277,-29.0185,6.93,G09062
393314942,92.0665,-36.9796,12.16,G09180
393314943,92.0672,-36.9788,12.9,G09180
393315347,92.2068,-36.1306,7.58,G09062;20SECONDTARGET
393315435,92.1776,-35.9451,10.48,G09062
453121720,91.6967,-36.9595,10.57,G09180
453121738,91.7144,-36.9863,11.41,G09180
671047325,79.7859,-30.5273,18.94,G09016;G09017
671050862,79.8831,-29.0902,17.97,G09016;G09102;G09017;G09166
671050973,79.9025,-29.0096,19.02,G09016
671062557,79.8959,-28.0907,18.67,G09016;G09017
685749866,79.8069,-37.8411,19.12,G09016
685750078,79.942,-37.5327,18.81,G09016;G09017
685763358,79.6091,-37.3067,18.51,G09016;G09017
685770628,79.6776,-36.3756,19.15,G09016
685771249,79.7357,-36.0599,18.55,G09016;G09017
685771987,79.7442,-35.7268,18.36,G09016;G09017
685773763,79.6566,-35.1126,16.33,G09177;G09102
705338529,92.0488,-38.0201,18.05,G09016;G09017;G09166
705345754,90.9321,-38.1528,18.07,G09016;G09017
705346669,91.1811,-37.721,17.2,G09016;G09102;G09017;G09166
705346991,91.4284,-37.7368,18.01,G09016;G09017;G09166
705360978,87.8329,-38.097,18.49,G09016;G09017
705362785,88.7112,-38.0213,17.55,G09016;G09102;G09017;G09166
705366735,90.3594,-38.207,17.94,G09102;G09166
705373420,90.4641,-37.081,17.86,G09016;G09102;G09017;G09166
705376307,89.3135,-37.3175,18.36,G09016;G09017
705378540,88.8674,-37.022,18.89,G09016;G09017
705387284,93.1517,-37.6157,18.95,G09016;G09017
705387794,92.5642,-37.9374,18.62,G09016;G09017
705394311,93.5483,-37.0017,18.96,G09016;G09017
705396503,92.0845,-37.4008,18.77,G09016;G09017
705401741,92.9705,-36.5965,18.87,G09016;G09017
705403032,93.2572,-36.3027,18.02,G09016;G09017;G09166
705403498,92.4545,-36.5391,19.12,G09016
705405529,92.7611,-35.9913,17.63,G09016;G09102;G09017;G09166
705418312,93.4492,-36.21,19.02,G09016
705430854,91.1333,-36.8525,17.07,G09016;G09017
705432160,91.5844,-36.2616,18.43,G09016;G09017
705433381,90.904,-36.3212,16.93,G09016;G09102;G09017;G09166
705436286,92.5027,-35.8648,18.87,G09016;G09017
705436492,92.6741,-35.7592,18.47,G09016;G09017
705436676,92.5052,-35.7114,17.88,G09102;G09166
705437860,91.9816,-35.6983,19.18,G09016
705439524,91.8425,-35.3645,19.01,G09016
705439750,92.1052,-35.1467,19.32,G09025
705441336,91.2165,-35.8787,19.26,G09016
705445545,91.2775,-35.3731,19.2,G09016
705447891,91.2145,-35.0635,18.12,G09016;G09017
705451907,93.3859,-35.0784,18.05,G09016;G09017;G09166
705454630,92.9581,-34.7371,19.05,G09016
705463499,92.6695,-34.1808,18.64,G09016;G09017
705464417,91.8554,-34.3698,18.34,G09016;G09017
705468517,93.2888,-33.7273,19.07,G09016
705470319,92.752,-33.5064,17.84,G09016;G09102;G09017;G09166
705471378,92.7365,-33.3923,17.47,G09016;G09102;G09017;G09166
705471628,92.9641,-33.2261,17.91,G09016;G09102;G09017
705472377,92.7316,-33.0702,18.78,G09016;G09017
705474833,86.9044,-38.0163,18.83,G09016;G09017
705476851,88.1036,-37.5536,17.14,G09016;G09102;G09017;G09166
705480189,87.7175,-36.7075,17.2,G09016;G09017;G09166
705480679,86.4997,-37.7142,17.84,G09016;G09102;G09017;G09166
705483698,86.596,-36.8318,19.07,G09016;G09017
705485993,87.6601,-36.2768,17.19,G09016;G09102;G09017;G09166
705493982,89.5858,-35.947,16.83,G09016;G09102;G09017
705501818,88.7015,-35.4788,18.2,G09016;G09017
705502000,88.7554,-35.3616,18.55,G09016;G09017
705502855,89.0788,-35.1103,19.1,G09016
705503014,88.9168,-35.0717,18.28,G09016;G09017
705504061,88.2919,-35.1374,18.6,G09016;G09017
705506207,85.7623,-37.1154,18.51,G09016;G09017
705506325,85.7313,-37.0117,17.7,G09016;G09017
705508257,85.5698,-36.5551,18.14,G09016;G09017
705508492,85.2887,-36.4725,17.85,G09102;G09166
705508568,85.189,-36.4086,18.5,G09016;G09017
705508671,85.4201,-36.3801,17.65,G09016;G09017;G09102;G09166
705509461,85.5188,-36.1223,17.96,G09016;G09017
705510788,86.517,-35.7229,17.61,G09016;G09102;G09017
705517178,85.1545,-35.1963,18.74,G09016;G09017
705517724,85.8897,-35.2927,18.06,G09025
705518540,86.4297,-34.9509,18.87,G09016;G09017
705522328,87.5027,-35.0555,19.24,G09016
705524251,87.069,-34.7355,18.73,G09016;G09017
705524695,86.9264,-34.6731,17.01,G09016;G09102;G09017;G09166
705526688,88.1437,-34.2686,19.05,G09016
705529659,86.6561,-34.6568,18.81,G09016;G09017
705531960,85.9047,-34.2125,18.8,G09016;G09017
705533192,86.4681,-33.582,18.9,G09016;G09017
705533334,87.2621,-34.0158,18.77,G09016;G09017
705535310,86.8085,-33.7408,17.3,G09016;G09102;G09017;G09166
705536306,87.2938,-33.3944,19.18,G09016;G09017
705537669,90.3261,-35.2905,18.51,G09016;G09017
705539708,89.592,-35.2439,19.26,G09016
705542441,90.7069,-34.7338,19.21,G09016
705543563,91.0965,-34.404,17.98,G09016;G09102;G09017;G09166
705546432,90.82,-33.8793,18.98,G09016;G09017
705548385,89.2419,-34.3632,19.23,G09016
705551345,89.4035,-33.9699,17.73,G09016;G09102;G09017;G09166
705570224,91.0956,-32.9972,19.17,G09016
705575200,91.0889,-32.4369,18.43,G09016;G09017
705575439,91.4607,-32.3112,18.91,G09016;G09017
705577034,91.719,-31.9224,18.88,G09016;G09017
705577356,90.9378,-32.3126,18.36,G09016;G09017
705579289,91.603,-31.6054,18.81,G09016;G09017
705587633,89.0015,-32.9056,18.63,G09016;G09017
705590451,87.987,-33.2128,19.21,G09016
705590710,87.8,-33.1166,19.25,G09016
705592512,87.5323,-32.8516,19.2,G09016
705593096,87.6059,-32.6699,19.12,G09016
705595000,88.3821,-32.4962,18.99,G09016;G09017
705596316,88.8917,-32.0615,17.52,G09016;G09102;G09017
705598507,88.7561,-31.7144,19.1,G09016
705602514,89.8274,-31.9678,19.18,G09016
705603917,89.7892,-31.8026,18.89,G09016;G09017
705604881,90.874,-31.8406,19.0,G09016;G09017
705604882,90.8728,-31.8391,18.32,G09016;G09017
705615053,89.1437,-30.909,19.0,G09016;G09017
705615257,89.2156,-30.9437,18.57,G09016;G09017
705616443,89.8486,-30.9153,19.18,G09016
705912032,92.7345,-32.4194,18.86,G09016;G09017
705925651,92.4228,-31.5744,18.68,G09016;G09017
705930240,92.6869,-31.1647,19.03,G09016
705935388,93.0184,-30.2748,17.82,G09102
705956029,92.9642,-30.1391,19.16,G09016
705970805,90.9521,-30.4537,17.51,G09016;G09017;G09166
705977611,92.3444,-29.768,18.92,G09016;G09017
705979872,90.5407,-30.2061,19.3,G09016
705985176,91.6073,-29.7021,19.15,G09016
705987181,91.6401,-29.2731,17.83,G09016;G09102;G09017;G09166
705996940,92.7648,-28.8617,19.01,G09016;G09017
706005183,92.3744,-28.9275,19.17,G09016
706005773,92.1225,-28.9479,19.02,G09016
706007176,92.4213,-28.617,18.81,G09016;G09017
706007289,92.2335,-28.6179,17.66,G09016;G09102;G09017;G09166
706007424,92.2243,-28.5444,18.15,G09016;G09017
706010674,91.9177,-28.1905,18.99,G09016;G09017
706014885,92.352,-28.1601,18.79,G09016;G09017
706181501,84.5599,-35.2841,18.92,G09016;G09017
706186521,85.4371,-33.9661,18.67,G09016;G09017
706195200,84.2252,-33.0525,19.27,G09016
706197206,86.1991,-33.4093,18.35,G09016;G09017
706200990,86.5819,-32.8146,18.86,G09016;G09017
706201085,86.7147,-32.6793,19.02,G09016
706201207,86.9267,-32.6313,18.7,G09016;G09017
706201210,86.9749,-32.6545,17.68,G09016;G09102;G09017;G09166
706203444,86.4347,-32.1891,19.13,G09016
706203607,84.9494,-33.3697,18.3,G09016;G09017
706204138,84.8529,-33.0639,19.18,G09016
706204707,85.7451,-32.8307,17.03,G09177
706211611,82.7275,-33.9585,20.69,G09025
706214418,82.938,-32.8788,18.9,G09016;G09017
706215607,84.1676,-32.9152,17.07,G09016;G09102;G09017;G09166
706217551,83.4674,-32.5781,18.54,G09016;G09017
706217613,83.585,-32.4736,16.99,G09102;G09166
706219830,82.1148,-32.8511,18.89,G09016;G09017
706220419,82.2643,-32.7283,19.02,G09016
706221225,82.9383,-32.6667,19.11,G09016;G09017
706221290,82.9497,-32.6212,17.82,G09016;G09102;G09017;G09166
706221990,82.9989,-32.2085,18.16,G09016;G09017
706222539,83.1791,-32.1706,19.26,G09016
706223271,82.8934,-32.0441,18.43,G09016;G09017
706227375,84.0684,-31.8522,20.15,G09025
706228167,84.4163,-31.6381,19.25,G09016
706228663,85.352,-31.7778,17.35,G09016;G09102;G09017;G09166
706228785,85.2827,-31.6623,19.03,G09016
706238436,84.0442,-30.4306,17.47,G09102
706238442,84.0654,-30.4031,17.84,G09016;G09102;G09017;G09166
706240912,87.6265,-32.0357,18.12,G09016;G09017
706250289,86.8702,-31.1642,18.48,G09016;G09017
706252506,87.1875,-31.3311,18.16,G09016;G09017
706253516,87.2693,-30.8203,18.43,G09016;G09017
706254334,87.4071,-30.6969,18.4,G09016;G09017
706254968,86.7392,-30.865,16.83,G09102;20SECONDTARGET
706255920,87.2965,-30.5019,18.9,G09016;G09017
706256440,87.0239,-30.3835,19.19,G09016
706256554,86.93,-30.3483,18.26,G09016;G09017
706258223,89.0984,-30.8865,17.92,G09016;G09102;G09017;G09166
706260840,88.684,-30.4511,18.8,G09016;G09017
706262809,89.184,-30.3071,18.37,G09016;G09017
706267712,87.6901,-30.4672,16.85,G09177;G09102
706267986,87.9288,-30.2946,19.28,G09016
706273465,89.1198,-29.2189,17.53,G09102
706274092,88.9682,-28.9957,19.03,G09016
706274299,88.1531,-29.4494,17.68,G09016;G09102;G09017;G09166
706276811,85.9903,-31.1342,18.9,G09016;G09017
706277065,85.5646,-31.1514,17.78,G09016;G09102;G09017
706281004,86.6831,-30.2624,19.28,G09016
706284285,86.3688,-29.6362,18.25,G09016;G09017
706290613,86.077,-29.0582,19.13,G09016
706295854,87.0444,-29.1694,18.64,G09025
706305281,86.5694,-28.2082,18.33,G09016;G09017
706307025,87.6316,-27.8808,18.87,G09016;G09017
706307132,87.2829,-28.0322,17.79,G09102;G09166
706308434,86.5372,-27.9699,19.2,G09016
706312060,81.0471,-32.0795,17.4,G09016;G09102;G09017
706312507,81.6108,-31.8225,18.71,G09016;G09017
706313268,82.174,-31.9896,17.95,G09016;G09017
706314254,82.8748,-31.3207,17.91,G09016;G09017;G09102;G09166
706318219,80.7112,-31.3914,18.91,G09016;G09017
706318239,80.6085,-31.4459,18.11,G09016;G09017
706318640,80.5328,-31.188,18.23,G09016;G09017
706318904,81.0186,-31.0643,17.38,G09016;G09102;G09017
706321730,81.2584,-30.501,18.53,G09016;G09017
706322433,81.3293,-30.3382,16.83,G09102;G09166
706324691,82.5813,-30.7936,18.96,G09016;G09017
706325311,82.6113,-30.4045,19.24,G09016
706331608,81.8861,-30.3048,18.04,G09016;G09017
706332882,82.1147,-29.6324,18.57,G09016;G09017
706339033,81.2075,-30.3391,17.56,G09102
706339882,80.4346,-30.1086,17.68,G09016;G09102;G09017;G09166
706340232,80.2319,-30.0247,19.06,G09016
706341303,80.0934,-30.0197,19.23,G09016
706343292,80.1264,-28.8195,16.87,G09102;G09166;20SECONDTARGET
706345501,81.3614,-29.1221,19.05,G09016
706348915,82.1909,-28.4354,17.91,G09102
706349272,82.0221,-28.3432,17.99,G09016;G09102;G09017;G09166
706350633,81.4565,-28.537,17.74,G09102;G09166
706353021,81.3895,-28.17,18.03,G09016;G09017
706357539,84.0128,-29.6442,19.19,G09016
706357814,84.1546,-29.402,19.28,G09016
706358229,83.7987,-29.2375,17.2,G09016;G09102;G09017;G09166
706360271,85.1191,-28.8398,18.16,G09016;G09017
706362261,84.7741,-28.47,18.59,G09016;G09017
706364252,83.6807,-28.7241,18.42,G09016;G09017
706365726,83.1356,-28.6268,19.02,G09016;G09017
706370068,84.2796,-27.7103,18.84,G09016;G09017
706376203,86.8231,-27.3468,18.75,G09016;G09017
706377116,86.0924,-27.5185,18.95,G09016;G09017
706382901,84.9114,-26.9521,18.37,G09016;G09017
706388369,83.2814,-28.2234,18.63,G09016;G09017
706388425,83.3649,-28.0859,18.88,G09016;G09017
706391224,83.4868,-27.749,18.71,G09016;G09017
706392808,83.194,-27.4348,18.63,G09016;G09017
706393834,83.7808,-26.9979,19.27,G09016
706394928,82.0657,-27.5496,19.09,G09016
706397345,82.2563,-26.8925,18.43,G09016;G09017
706417764,90.1778,-29.5118,18.12,G09016;G09017
706420127,89.5398,-29.5142,19.05,G09016
706424793,91.095,-28.6017,17.35,G09016;G09102;G09017;G09166
706425401,91.1212,-28.5158,18.98,G09016;G09017
706433462,89.0859,-28.3891,18.6,G09016;G09017
706440539,91.5907,-28.1501,18.99,G09016;G09017
706446323,92.1626,-27.7391,19.19,G09016
706447554,92.2195,-27.4351,18.73,G09016;G09017
706449325,92.5504,-27.1269,18.67,G09016;G09017
706451106,91.8255,-27.0928,17.85,G09016;G09017
706452539,92.0048,-26.8696,19.19,G09016
706458387,90.8317,-27.0236,17.99,G09016;G09102;G09017
706459157,90.7027,-26.8727,18.98,G09016;G09017
706467854,88.8668,-28.0609,18.76,G09016;G09017
706471794,89.5162,-27.5881,19.09,G09016
706474370,89.1286,-27.3962,18.83,G09016;G09017
706478670,88.0381,-27.3482,17.1,G09177;G09102
706482378,88.4945,-26.997,17.98,G09016;G09017;G09102
708311699,80.6019,-27.7115,19.13,G09016
708312132,80.326,-27.6652,19.07,G09016;G09017
708312223,80.2019,-27.6022,18.92,G09016;G09017
708312812,81.1295,-27.6207,18.38,G09016;G09017
708313132,80.6208,-27.5402,17.54,G09016;G09102;G09017
708313225,80.9871,-27.4267,19.07,G09016
708314247,80.3947,-27.4689,18.7,G09016;G09017
708314450,80.5453,-27.3023,18.64,G09016;G09017
734989459,86.3972,-38.1306,17.39,G09016;G09102;G09017;G09166
734993762,86.1494,-38.1969,16.22,G09016;G09102;G09017
735002117,83.763,-38.5291,17.64,G09102
735002539,83.5999,-38.2456,17.24,G09016;G09102;G09017
735002747,83.5834,-38.1347,18.61,G09016;G09017
735006522,82.9655,-38.1252,17.89,G09016;G09102;G09017;G09166
735008370,82.8072,-37.734,18.97,G09016;G09017
735010716,84.0965,-38.1119,19.04,G09016
735011506,84.5334,-37.7275,17.79,G09016;G09102;G09017;G09166
735013911,85.297,-36.9986,18.2,G09016;G09017
735016140,83.8849,-37.4165,18.09,G09016;G09017
735016236,83.6234,-37.5619,18.99,G09016;G09017
735016256,83.6063,-37.4873,18.95,G09016;G09017
735017421,83.3082,-37.5143,16.9,G09016;G09102;G09017;G09166
735017712,83.5529,-37.1478,19.26,G09016
735019652,84.2702,-36.5899,18.03,G09016;G09017
735021081,83.782,-36.368,19.26,G09016
735026663,81.1925,-38.3105,16.7,G09016;G09102;G09017;G09166
735034404,81.9619,-36.9326,19.07,G09016
735035085,82.1172,-36.6403,18.67,G09016;G09017
735037300,80.5702,-37.078,18.15,G09016;G09017
735040772,81.7911,-35.984,18.23,G09016;G09017
735041560,83.1052,-36.6825,17.65,G09016;G09102;G09017;G09166
735042451,83.0292,-36.3883,17.86,G09016;G09102;G09017;G09166
735045439,84.1899,-35.6287,19.21,G09016
735045584,83.9225,-35.6431,17.73,G09016;G09102;G09017;G09166
735046745,83.2438,-35.4031,18.68,G09016;G09017
735046990,83.9182,-35.4105,19.23,G09016
735047295,83.5987,-35.2581,17.96,G09016;G09017
735048592,82.7489,-35.7682,17.08,G09102;G09166;20SECONDTARGET
735049454,82.0236,-35.6186,18.98,G09016;G09017
735055359,80.1772,-36.27,16.63,G09102;G09166
735058604,80.6544,-35.176,18.36,G09016;G09017
735059538,80.5404,-35.0915,19.16,G09025
735063928,82.2099,-34.7801,16.68,G09177
735065508,81.8438,-34.462,18.38,G09016;G09017
735066260,82.3097,-34.0192,17.75,G09016;G09102;G09017
735066660,81.9909,-33.9071,19.13,G09016
735068643,80.7417,-34.1441,18.14,G09166
735069214,81.0789,-34.002,18.53,G09016;G09017
735070429,81.7143,-33.6944,18.58,G09016;G09017
735072246,81.4867,-33.2934,17.1,G09016;G09102;G09017;G09166
735073065,80.04,-34.1022,18.49,G09016;G09017
735075234,80.6241,-33.1453,17.96,G09016;G09017
735075272,80.719,-33.0313,18.6,G09016;G09017
735077277,80.6655,-32.5575,18.81,G09016;G09017
735077989,80.321,-32.4053,18.03,G09016;G09017
77995349,79.8709,-30.6791,12.79,G09123
78011077,79.8978,-35.9455,10.5,G09062
78014057,80.1923,-32.031,12.96,G09123
78052788,80.4026,-35.0875,10.49,G09123
78053513,80.267,-33.0127,10.8,G09180
78053519,80.2785,-33.0028,12.74,G09180
78055054,80.5383,-30.9708,12.85,G09058;G09031;G09123;20SECONDTARGET
78055893,80.4832,-33.1202,11.21,G09123
78055898,80.4461,-33.1345,9.56,G09123
78109269,80.9753,-32.9488,10.17,G09062
123573766,89.1216,-19.4931,12.06,G09079;G09036;G09039
123574104,89.1067,-20.0384,7.96,G09062
123626539,89.2872,-20.8589,17.36,G09102
123662875,89.8136,-23.6555,12.58,G09123;20SECONDTARGET
123762910,90.2282,-22.0839,13.01,G09180
123762911,90.2271,-22.0837,12.28,G09180
123800210,90.4948,-20.6974,11.53,G09194
123849820,90.6165,-20.5395,17.32,G09102
123901010,90.854,-21.791,6.92,G09062
123930573,91.1758,-21.3187,17.08,G09102
124026958,91.5998,-23.3456,10.07,G09123
124029363,91.5559,-20.3521,12.33,G09102;20SECONDTARGET
124029677,91.5403,-19.9536,11.21,G09058;G09123;20SECONDTARGET
124033255,91.7144,-19.8397,12.14,G09079;G09036;G09039
124033256,91.6228,-19.8414,17.03,G09016;G09102;G09017;G09166
124085445,91.9535,-18.4002,9.87,G09194
124086703,91.9195,-19.8586,14.97,G09102;20SECONDTARGET
124127620,92.0534,-18.8664,15.42,G09102
124128680,92.1933,-18.0484,9.61,G09031
124185370,92.3581,-21.209,17.68,G09016;G09017
124229161,92.4506,-22.7739,5.26,G09062;20SECONDTARGET
124279525,92.6431,-21.87,6.41,G09123;20SECONDTARGET
139410918,80.1808,-23.2231,12.04,G09194
139420192,80.2809,-23.1429,12.62,G09123
139421669,80.4348,-21.0238,17.07,G09016;G09017;G09102;G09166;20SECONDTARGET
139442285,80.5871,-23.5323,12.57,G09194
139443994,80.7203,-22.4209,11.72,G09180
139444004,80.7185,-22.4171,11.81,G09180
143337175,82.2225,-17.6736,16.64,G09016;G09102;G09017;G09166
143350469,82.3307,-16.2884,10.68,G09194;G09123;G09180
153095597,89.2111,-26.0112,12.72,G09123
153210624,89.9841,-25.1537,9.28,G09123
160301040,88.6264,-19.7045,6.85,G09194;G09123
255752747,81.494,-19.6901,7.03,G09123
255752750,81.4993,-19.6956,5.42,G09062;20SECONDTARGET
290051427,91.6717,-16.2646,11.55,G09180
290051429,91.6745,-16.2599,7.61,G09180
306330414,90.8244,-16.0434,6.94,G09062;20SECONDTARGET
306362738,91.0899,-16.9655,10.82,G09058;20SECONDTARGET
306363129,91.1029,-16.3935,16.68,G09102
306363166,91.0944,-16.3402,12.5,G09031
306368940,91.4836,-14.834,10.62,G09180
306368941,91.4825,-14.8342,11.4,G09180
31090358,80.636,-25.5837,7.98,G09062
31091702,80.8206,-25.4603,15.93,G09152
31141348,81.2363,-24.6545,13.2,G09123
31142436,81.3978,-25.5174,11.77,G09031
31142648,81.3002,-25.954,16.57,G09177;G09102;20SECONDTARGET
31303733,82.84,-26.0069,11.23,G09123
31304279,82.8021,-24.856,18.06,G09016;G09017
317021301,86.293,-15.1594,9.36,G09194
317024829,86.4247,-15.8677,12.2,G09180
317094165,86.679,-16.7235,8.86,G09062
317094355,86.6948,-16.3791,9.84,G09123
317186207,86.9977,-14.77,12.82,G09123
317330474,87.5079,-15.6002,10.64,G09079;G09036;G09039
317480495,88.0474,-17.5523,6.96,G09062
317482049,88.1166,-15.8448,9.52,G09194
317546326,88.2945,-15.61,15.5,G09102;G09166;20SECONDTARGET
317546574,88.256,-15.9628,17.97,G09025
317548889,88.3783,-16.2657,6.78,G09062;G09123;20SECONDTARGET
317601284,88.4624,-17.6814,16.76,G09177;G09102;20SECONDTARGET
317601968,88.6473,-17.1519,13.46,G09123
317716576,88.9576,-14.7615,12.86,G09180
317716577,88.9632,-14.7623,12.35,G09180
317800288,89.2451,-15.551,9.44,G09062
317801371,89.1924,-17.2542,13.35,G09123
317921889,89.905,-16.7861,7.25,G09062;20SECONDTARGET
318015989,90.0956,-14.8812,17.35,G09016;G09102;G09017
322571084,89.6385,-23.33,11.11,G09196;G09196
322572746,89.6165,-20.6911,9.52,G09062
32497972,84.1097,-24.2449,11.53,G09031
32498273,84.3069,-24.4022,7.25,G09194
32498450,84.2844,-24.8374,16.63,G09102;G09166
32498653,84.3259,-25.3394,12.41,G09180
32498659,84.3179,-25.3424,12.97,G09180
32554144,84.8509,-25.243,7.26,G09062;20SECONDTARGET
32606889,85.1924,-24.9265,11.64,G09036
32677675,85.7046,-25.9966,12.71,G09036
32679466,85.7457,-24.1808,16.15,G09016;G09102;G09017
32680457,85.8502,-24.638,17.21,G09102;G09102;G09102;G09102;G09166
32681367,85.8688,-25.6224,8.06,G09194
32705970,86.0559,-26.1043,10.0,G09123;20SECONDTARGET
32759110,86.2432,-24.9371,12.57,G09123
32829486,86.822,-25.8838,17.28,G09016;G09102;G09017
32947827,87.6948,-24.1473,16.68,G09016;G09102;G09017
32953011,87.8285,-26.1535,16.59,G09016;G09017;G09102
33003331,87.9184,-25.5012,16.75,G09016;G09102;G09017;G09166
33061033,88.4261,-24.0632,10.72,G09196;G09196
33100462,88.7169,-24.0906,13.95,G09123
33418838,87.5139,-22.9902,16.7,G09016;G09102;G09017
33419790,87.4027,-21.2397,9.49,G09020
33422869,87.6009,-19.7898,18.42,G09016;G09017
33469537,87.7132,-23.2844,14.44,G09102
33472996,87.9015,-18.3783,16.6,G09102
33521996,88.1468,-19.0316,13.34,G09142;G09031;20SECONDTARGET
33552799,88.2193,-21.3814,10.75,G09123
37156765,90.9268,-24.2159,16.0,G09016;G09102;G09017;G09166
37203510,91.2965,-24.0753,10.11,G09196
37203905,91.2568,-24.6301,13.37,G09025
37254960,91.5874,-24.4344,13.17,G09123
37306866,91.8213,-24.6595,16.8,G09016;G09102;G09017
37348844,91.8723,-25.5949,13.61,G09142;G09010;20SECONDTARGET
37437272,92.3865,-25.2754,7.72,G09062;20SECONDTARGET
389856488,81.708,-19.3578,10.26,G09123
389857253,81.7201,-21.3609,11.18,G09123
393748329,80.8103,-23.157,16.41,G09016;G09102;G09017;G09166
393749316,80.7897,-20.3334,12.62,G09123;20SECONDTARGET
393792592,80.9668,-21.4956,17.21,G09102
393794445,81.0552,-21.0787,11.83,G09123;20SECONDTARGET
393795166,81.1242,-19.0986,18.14,G09016;G09017
393796002,81.1919,-18.9824,11.76,G09180
393796003,81.1835,-18.9847,11.51,G09180
393804343,81.3207,-20.9077,12.96,G09123
393804473,81.3568,-20.5528,16.82,G09102
393805345,81.3039,-18.3396,9.69,G09062
408231638,82.3493,-23.7619,13.39,G09031
408235290,82.4621,-19.6595,13.99,G09123
408236966,82.4838,-23.1122,12.2,G09180
408236968,82.4838,-23.1133,11.49,G09180
408907858,92.0701,-17.2301,9.52,G09062
408908804,92.0264,-15.9015,6.5,G09062;20SECONDTARGET
420963002,82.0811,-19.652,9.72,G09123
420964096,82.0865,-22.4328,6.22,G09062;20SECONDTARGET
442920705,80.5729,-17.1925,10.82,G09194
442921455,80.4919,-15.4708,8.6,G09194
442926107,80.7827,-17.2239,8.24,G09123
442931466,81.0904,-17.8201,10.31,G09180
442931507,81.0918,-17.7449,11.61,G09180
442962289,81.4481,-17.5642,16.57,G09016;G09102;G09017;G09166;20SECONDTARGET
442963044,81.5159,-16.6335,7.93,G09062
445063418,91.2276,-17.5058,17.55,G09166
453448764,81.6004,-20.7151,7.43,G09194
46271787,82.9663,-16.1953,12.49,G09004
46366733,83.2422,-15.475,11.65,G09196;G09196
46430860,83.7769,-17.1094,11.92,G09123
46432937,83.8689,-14.5971,12.37,G09058;G09031;20SECONDTARGET
46530889,84.5208,-14.637,12.43,G09004
46531745,84.5342,-16.2707,13.54,G09123
46556441,84.6586,-16.9201,7.03,G09062;20SECONDTARGET
46556630,84.5916,-16.5334,15.87,G09102
46562304,84.7831,-17.831,7.76,G09062
46627823,85.1818,-17.5457,11.04,G09079;G09036;G09039
46740513,85.6119,-14.7218,15.36,G09102
46744856,85.7715,-16.4827,12.81,G09102
706387351,85.681,-26.17,17.68,G09016;G09102;G09017;G09166
706404704,84.3325,-26.1683,18.19,G09016;G09017
706410615,83.8639,-25.9879,19.1,G09016;G09017
706412041,83.7864,-25.7444,18.27,G09016;G09017
706412992,84.3513,-25.7054,18.77,G09016;G09017
706413102,84.5475,-25.6164,17.93,G09016;G09102;G09017
706413686,84.4647,-25.4518,19.01,G09016
706466281,91.4018,-25.9963,19.36,G09025
706498172,90.7535,-25.8747,17.8,G09016;G09102;G09017;G09166
706499106,90.6603,-25.5817,19.2,G09016
706499443,90.6438,-25.5424,17.46,G09016;G09102;G09017;G09166
706502195,89.4461,-25.9509,19.09,G09016
706503164,89.1327,-25.9829,18.45,G09016;G09017
706509879,89.3947,-25.2389,17.26,G09016;G09017
706509991,89.4766,-25.1322,18.01,G09016;G09017
706511572,89.9922,-24.9231,19.23,G09016
706531563,91.9568,-26.0558,19.21,G09016
706534860,92.8657,-25.7598,19.17,G09016;G09017
706540528,92.8885,-25.1369,18.42,G09016;G09017
706542313,92.7762,-24.6879,18.8,G09016;G09017
706586005,91.0457,-25.181,17.14,G09016;G09102;G09017;G09166
706587279,91.1738,-25.0596,19.07,G09016
706587629,91.2023,-24.8504,17.99,G09016;G09017
706599877,90.6098,-24.5909,19.08,G09016
706605784,91.6878,-23.926,17.69,G09016;G09102;G09017;G09166
706607689,90.8464,-23.968,18.1,G09016;G09017
706608014,91.1312,-23.8076,19.09,G09016
706611617,92.6263,-24.1467,18.97,G09016;G09017
706631173,92.2889,-23.2165,19.05,G09016;G09017
706635407,92.144,-22.7363,17.04,G09102
706643071,92.5966,-22.4017,17.95,G09016;G09102;G09017;G09166
706657703,86.3657,-25.702,18.88,G09016;G09017
706659041,87.1253,-25.5786,18.91,G09016;G09017
706660883,86.9255,-25.4607,18.57,G09016;G09017
706668580,88.6942,-24.8581,18.97,G09016;G09017
706671877,89.0339,-24.8385,18.55,G09016;G09017
706673669,89.5078,-24.3922,18.93,G09016;G09017
706674566,89.2211,-24.1972,18.66,G09016;G09017
706682340,88.8628,-23.9266,18.83,G09016;G09017
706682703,89.0202,-23.7934,18.47,G09016;G09017
706684345,88.2124,-23.6965,18.49,G09016;G09017
706688289,85.37,-25.4542,17.42,G09041
706696637,85.5551,-24.7232,19.08,G09016
706696872,85.6279,-24.4827,18.53,G09016;G09017
706701880,86.0936,-23.7756,19.03,G09016;G09017
706702501,85.6011,-23.8992,18.78,G09016;G09017
706716704,87.103,-23.3122,17.55,G09016;G09102;G09017
706718218,85.9444,-23.4014,17.94,G09016;G09102;G09017;G09166
706721866,87.866,-22.674,17.42,G09016;G09102;G09017;G09166
706722347,87.297,-22.6165,18.99,G09016;G09017
706724038,86.7852,-22.4577,19.11,G09016
706724847,87.0161,-22.4245,12.84,G09180
706727464,90.2256,-24.1557,17.63,G09102
706730125,89.5133,-23.8854,19.21,G09016
706735170,90.9432,-23.3095,18.09,G09016;G09017
706737507,90.249,-23.1781,18.69,G09016;G09017
706739164,90.6819,-22.8605,18.63,G09016;G09017
706741470,89.5823,-23.4109,18.82,G09016;G09017
706744409,88.9664,-23.0316,17.23,G09016;G09017;G09102;G09166
706744430,89.3006,-23.2881,19.26,G09016
706751856,89.9272,-22.4287,19.04,G09016
706753644,91.3782,-23.1308,19.18,G09016;G09017
706758977,90.9812,-22.4148,17.83,G09016;G09102;G09017;G09166
706764230,92.4234,-22.0236,18.16,G09016;G09017
706775140,90.8215,-21.871,18.48,G09016;G09017
706778059,91.2509,-21.7847,18.78,G09016;G09017
706790976,88.8121,-22.2956,18.59,G09016;G09017
706791581,88.7003,-22.2447,18.96,G09016;G09017
706792443,89.4731,-22.421,17.73,G09102
706796488,88.7127,-22.0916,18.78,G09016;G09017
706802242,88.2534,-21.7435,18.21,G09016;G09017
706805938,88.7985,-21.7843,18.66,G09016;G09017
706806831,88.5558,-21.614,18.6,G09016;G09017
706808218,88.922,-21.3997,19.2,G09016
706809942,88.1057,-21.4144,19.25,G09016
706817011,89.5287,-21.4786,18.07,G09016;G09017
706821434,90.5767,-20.8783,19.15,G09016
706828791,89.3004,-21.0257,18.61,G09016;G09017
706834017,89.1222,-20.3424,18.85,G09016;G09017
706835728,89.742,-20.4325,19.02,G09016
707607820,92.1006,-20.8105,17.97,G09016;G09102;G09017;G09166
707668994,91.0915,-19.9645,17.85,G09016;G09102;G09017;G09166
707683004,91.0085,-19.4175,18.82,G09016;G09017
707683005,91.0081,-19.4168,17.52,G09016;G09102;G09017;G09166
707687259,90.7302,-18.8849,18.99,G09016;G09017
708322306,82.4631,-26.0435,18.9,G09016;G09017
708322318,82.3844,-26.0489,17.03,G09016;G09102;G09017;G09166
708324275,82.2315,-25.4062,18.88,G09016;G09017
708325062,80.7932,-26.0573,18.42,G09016;G09017
708326115,80.6877,-26.039,18.74,G09016;G09017
708326323,80.4033,-25.9883,18.58,G09016;G09017
708331883,83.2912,-25.2964,19.01,G09016
708332304,82.7039,-25.4993,17.55,G09016;G09102;G09017
708335512,83.9295,-24.691,19.21,G09016
708339309,82.6011,-24.3172,19.09,G09016
708340086,81.9424,-24.4129,19.22,G09016
708345088,80.3276,-25.5448,17.08,G09016;G09102;G09017
708345277,80.2172,-25.438,17.78,G09016;G09017
708345662,80.636,-25.4006,18.23,G09016;G09017
708348197,81.2678,-24.6415,18.97,G09016;G09017
708359698,80.0945,-24.5922,18.18,G09016;G09017
708363840,81.2814,-24.0574,17.49,G09016;G09102;G09017
708367865,82.1356,-23.2379,17.32,G09016;G09017;G09102;G09166
708372204,80.9844,-23.0857,18.71,G09016;G09017
708376218,81.7965,-22.3605,17.77,G09016;G09017
708377306,80.2332,-22.9349,18.97,G09016;G09017
708381967,80.5343,-21.9662,19.28,G09016
708382879,80.8795,-21.6598,19.15,G09016
708382880,80.879,-21.6594,18.87,G09016;G09017
708389040,83.9303,-23.7425,19.06,G09016
708392509,85.4165,-23.1404,18.64,G09016;G09017
708393299,84.4812,-23.3089,18.93,G09016;G09017
708394158,85.1796,-23.0373,18.94,G09016;G09017
708394895,83.7054,-23.9259,17.09,G09016;G09102;G09017
708399455,84.5938,-23.0757,19.21,G09016
708402979,84.3853,-22.4136,18.9,G09016;G09017
708404238,85.9704,-23.1064,18.36,G09016;G09017
708405095,85.7209,-22.7977,17.76,G09016;G09017;G09166
708407725,85.7784,-22.5701,18.06,G09016;G09017
708411544,86.8405,-21.7371,18.43,G09016;G09017
708414476,85.116,-22.4883,18.75,G09016;G09017
708414697,85.1871,-22.4154,18.88,G09016;G09017
708415351,85.0813,-22.1984,19.12,G09016
708420511,85.6687,-21.517,18.2,G09016;G09017
708441337,83.1922,-21.0612,17.95,G09016;G09102;G09017;G09166
708442234,84.4699,-21.857,19.28,G09016
708444291,84.6944,-21.255,18.18,G09016;G09017;G09166
708444942,84.3004,-21.4127,17.77,G09016;G09102;G09017
708447582,85.3003,-20.9551,18.21,G09016;G09017;G09166
708450348,84.6169,-20.6747,18.5,G09016;G09017
708458189,84.5955,-20.2359,19.06,G09016
708460966,84.2159,-19.8549,17.77,G09016;G09102;G09017
708462307,87.0879,-21.7819,19.17,G09016
708462439,87.0236,-21.705,17.43,G09016;G09102;G09017
708469986,88.0757,-20.7063,18.65,G09016;G09017
708470625,87.4261,-20.9598,17.7,G09016;G09102;G09017
708477462,86.6078,-20.5774,17.53,G09102;G09166
708482935,86.8216,-19.8716,18.89,G09016;G09017
708492002,89.4528,-19.7862,18.14,G09016;G09017
708492844,89.3702,-19.6239,18.52,G09016;G09017
708494605,89.6696,-19.416,18.93,G09016;G09017
708496213,88.8405,-19.4448,17.87,G09016;G09102;G09017
708498646,89.4233,-18.9669,18.93,G09016;G09017
708498660,89.372,-18.9968,18.76,G09016;G09017
708510884,88.595,-18.6149,18.61,G09016;G09017
708512865,86.024,-20.3882,18.59,G09016;G09017
708513923,86.1008,-20.2166,18.23,G09016;G09017
708515379,85.719,-20.1232,19.22,G09016
708516365,85.64,-19.969,17.61,G09016;G09102;G09017;G09166
708522611,86.4387,-19.046,17.53,G09016;G09102;G09017;G09166
708523381,85.2848,-19.7426,18.34,G09016;G09017
708524072,85.0852,-19.4984,18.27,G09016;G09017
708524294,85.3004,-19.6221,18.02,G09016;G09017
708524306,85.3312,-19.5854,18.9,G09016;G09017
708524810,85.3116,-19.5109,18.71,G09016;G09017
708525186,85.3443,-19.3512,17.06,G09016;G09102;G09017;G09166
708526059,84.5867,-19.5423,18.47,G09016;G09017
708530362,85.969,-18.7298,17.63,G09016;G09102;G09017
708532067,85.7988,-18.758,18.74,G09016;G09017
708534944,87.6174,-19.0581,19.11,G09016
708537563,86.9252,-18.7488,19.04,G09016
708541930,88.0918,-18.3048,18.92,G09016;G09017
708544528,87.9765,-18.0817,19.15,G09016
708548745,86.8756,-18.04,18.09,G09016;G09017
708549381,86.261,-18.273,18.47,G09016;G09017
708556395,86.9152,-17.446,18.53,G09016;G09017
708559447,81.5417,-21.4198,19.11,G09016
708560763,81.3581,-21.4872,18.99,G09041
708560876,81.3031,-21.3916,16.86,G09016;G09102;G09017
708562643,82.2879,-21.2298,19.01,G09016;G09017
708562769,82.2021,-21.1229,19.11,G09016
708565332,81.85,-20.7046,19.21,G09016
708567080,80.9057,-21.1118,18.75,G09016;G09017
708569581,80.2775,-20.6749,19.17,G09016
708570647,80.9229,-20.2847,18.0,G09016;G09017
708578316,82.6646,-19.8829,19.05,G09016
708580851,84.0218,-19.6299,18.77,G09016;G09017
708585345,82.6045,-19.4926,18.61,G09016;G09017
708590991,82.712,-18.6909,19.19,G09016
708596217,81.2404,-19.5611,17.44,G09016;G09102;G09017;G09166
708598319,81.0604,-19.167,18.12,G09016;G09017
708600026,80.7784,-18.7954,18.17,G09016;G09017
708602771,82.1545,-18.8579,17.45,G09016;G09102;G09017;G09166
708604447,81.5517,-18.7303,18.71,G09016;G09017
708611231,81.1887,-18.0689,19.14,G09016
708614708,81.8035,-17.5421,18.67,G09016;G09017
708614736,81.6975,-17.5668,18.14,G09016;G09017;G09166
708618135,84.8045,-19.0429,19.14,G09016
708618664,84.9338,-18.7412,18.07,G09016;G09017;G09166
708620286,84.0694,-18.6721,18.33,G09016;G09017
708623383,85.7194,-18.2329,18.61,G09016;G09017
708627766,83.6555,-18.3268,18.88,G09016;G09017
708631110,83.6132,-17.7302,17.81,G09016;G09017
708634034,84.3346,-17.5684,17.58,G09016;G09102;G09017;G09166
708634076,84.2847,-17.5237,19.11,G09016
708634095,84.1141,-17.6234,16.82,G09102
708634619,84.0359,-17.4621,18.59,G09016;G09017
708652627,84.9916,-16.6304,16.98,G09102;G09166
708653516,85.7871,-16.6788,19.06,G09016;G09017
708657626,85.8922,-16.2048,18.57,G09016;G09017
708658149,85.8708,-15.9618,18.35,G09016;G09017
708658507,85.6739,-15.9502,18.73,G09016;G09017
708660669,83.1332,-17.6371,18.59,G09016;G09017
708665997,83.4846,-17.0633,17.21,G09102
708669156,82.6659,-17.0944,17.03,G09016;G09102;G09017
708669730,82.4194,-16.9717,18.73,G09016;G09017
708671267,82.324,-16.7791,18.81,G09016;G09017
708671894,82.1174,-16.5768,19.06,G09016;G09017
708673082,82.8203,-16.537,16.87,G09016;G09102;G09017;G09166
708673800,83.5361,-16.3129,19.05,G09016
708675316,82.3312,-16.2877,11.51,G09180
708676550,82.8645,-15.9406,16.86,G09102;20SECONDTARGET
708680440,83.9927,-16.2631,19.11,G09016
708684247,85.3447,-15.7404,18.73,G09016;G09017
708699156,80.5059,-17.5539,19.04,G09016
708701388,81.4358,-16.966,18.61,G09016;G09017
708702343,80.7273,-16.8692,19.27,G09016
708706516,81.6392,-16.8565,19.19,G09016
708707968,81.854,-16.3471,18.45,G09016;G09017
708708243,81.8493,-16.2317,18.79,G09016;G09017
708709495,81.7856,-16.0833,18.28,G09016;G09017
708711046,82.1902,-15.864,18.58,G09016;G09017
708711345,82.475,-15.8659,18.88,G09016;G09017
708714401,80.761,-16.2322,16.68,G09102
708714598,81.176,-16.0128,17.88,G09102
708715918,81.1752,-15.6234,17.81,G09016;G09102;G09017
708719244,82.199,-15.0504,19.13,G09025
708720585,81.216,-15.0047,18.87,G09016;G09017
708724185,82.515,-15.2448,18.77,G09016;G09017
708725171,82.9682,-14.971,18.61,G09016;G09017
708726514,83.6095,-14.8919,19.18,G09016
708726777,83.7695,-14.7878,19.18,G09016
708732808,82.8397,-14.5112,19.17,G09016
708743350,80.7513,-14.9969,16.48,G09016;G09102;G09017;G09166
708744560,81.3263,-14.4283,18.68,G09016;G09017
708783203,90.0621,-18.3868,17.16,G09016;G09017;G09102
708783247,90.0573,-18.3176,17.56,G09016;G09102;G09017;G09166
708783790,90.5764,-18.7016,19.27,G09016
708785647,91.0669,-18.3032,17.8,G09016;G09017
708785665,91.0736,-18.3039,17.68,G09166
708797384,89.1992,-17.9101,19.17,G09016
708797516,88.998,-17.9195,17.74,G09016;G09102;G09017
708798858,90.2721,-17.8421,16.82,G09016;G09102;G09017;G09166
708811233,91.2248,-17.4961,17.56,G09016;G09102;G09017
708824287,90.5516,-17.417,19.28,G09016
708828195,90.2714,-17.1115,18.75,G09016;G09017
708835286,91.7258,-16.3533,18.93,G09016;G09017
708842226,88.3197,-17.8521,19.0,G09016;G09017
708846927,88.8506,-17.3138,18.67,G09016;G09017
708848247,89.3583,-17.4647,19.29,G09016
708854401,89.4096,-16.6256,18.67,G09016;G09017
708855863,87.8751,-17.3086,19.3,G09016
708856831,87.9635,-17.0729,17.91,G09016;G09102;G09017;G09166
708862596,88.3915,-16.7358,17.15,G09016;G09102;G09017;G09166
708866654,88.2646,-16.159,18.62,G09016;G09017
708870250,89.9882,-16.4785,18.3,G09016;G09017
708894738,89.7985,-14.7978,19.09,G09016
708991019,91.2742,-15.1248,17.97,G09016;G09102;G09017
708993596,91.1734,-14.7706,19.16,G09016
709005667,90.4095,-14.7455,18.9,G09016;G09017
709069038,87.5134,-16.5056,17.02,G09102;G09166;20SECONDTARGET
709073521,87.8722,-16.185,19.17,G09016;G09017
709074172,87.7191,-16.0701,18.75,G09016;G09017
709075328,88.3827,-15.7753,17.71,G09016;G09102;G09017;G09166
709076655,87.624,-15.9132,17.84,G09102
709078048,87.5057,-15.5036,17.77,G09016;G09102;G09017
709078050,87.5116,-15.4962,17.77,G09166
709084800,86.3932,-15.4777,18.96,G09016;G09017
709090199,87.1632,-14.8672,18.35,G09016;G09017
709093683,89.0088,-15.106,18.85,G09016;G09017
709094869,88.3548,-15.2203,17.56,G09016;G09102;G09017;G09166
709096873,88.8805,-14.8287,18.04,G09016;G09017
709096918,88.8387,-14.7886,18.36,G09016;G09017
709107734,87.5491,-14.6735,18.06,G09016;G09017
709128543,84.9449,-14.9612,18.92,G09016;G09017
92845906,82.5796,-19.2756,8.94,G09123
92845910,82.6516,-19.2675,12.57,G09123
92869300,82.9338,-18.3613,14.1,G09123
92878753,83.1221,-20.7258,9.78,G09123;20SECONDTARGET
92880889,83.2533,-20.3769,9.77,G09123
92882593,83.3396,-23.1261,13.69,G09123
93027490,84.1645,-18.7121,10.04,G09194
93052912,84.3067,-22.8186,16.69,G09016;G09102;G09017
93125144,84.8466,-19.5585,9.68,G09123;G09126;20SECONDTARGET
93126844,85.0865,-19.6698,8.5,G09123;20SECONDTARGET
93129631,85.1316,-22.1558,7.55,G09062
93238424,85.7065,-19.0198,15.38,G09016;G09102;G09017
93242288,85.9268,-23.7116,12.8,G09123
93243778,85.9417,-20.5405,12.8,G09123
93243779,85.9388,-20.5405,13.58,G09123
93244307,85.9499,-19.6517,6.75,G09062
93280676,86.1135,-22.4511,3.1,G09062;G09157;20SECONDTARGET
93281916,86.1182,-20.1263,5.82,G09062;20SECONDTARGET
93334206,86.5201,-18.2985,11.63,G09079;G09036;G09039
93372641,86.6769,-21.8269,8.08,G09123
93443076,87.0163,-22.4248,12.06,G09180;G09180
93443909,87.0956,-23.9691,12.62,G09180
93443910,87.0928,-23.9702,12.73,G09180
93443984,87.2543,-23.8095,7.68,G09062;20SECONDTARGET
93444702,87.2253,-22.4239,16.42,G09177
94987316,81.7916,-16.5247,6.89,G09062;20SECONDTARGET
94988963,81.9468,-15.5674,12.87,G09004
95328477,90.6023,-16.5809,10.39,G09123;20SECONDTARGET
124377750,92.9456,-22.803,8.41,G09062
124379043,93.1147,-23.4925,12.07,G09058;20SECONDTARGET
124428559,93.1649,-20.7917,11.65,G09180
124428560,93.1656,-20.7926,12.54,G09180
142463497,103.1376,-16.1741,16.84,G09016;G09102;G09017
142523214,103.1966,-14.3571,16.61,G09041
142532090,103.4105,-13.4364,11.99,G09132
142667952,103.5466,-13.6395,7.38,G09062;20SECONDTARGET
147034452,104.2404,-16.7464,13.19,G09031
147178211,104.5244,-17.74,16.08,G09041
172081160,97.7894,-24.6927,9.18,G09062
172081181,97.8045,-24.6638,14.41,G09123
172361463,99.6506,-25.5537,12.3,G09079;G09036;G09039
172467837,100.1985,-24.387,14.96,G09041;G09102;20SECONDTARGET
172698381,101.1432,-24.4729,17.87,G09166
172925290,101.8836,-24.0964,15.26,G09102;20SECONDTARGET
287842750,97.6633,-17.9236,6.99,G09062
287913071,97.7492,-14.4889,8.71,G09150
288356728,98.5829,-16.0105,7.17,G09062
299903137,97.3599,-25.2248,10.86,G09020
299967130,97.5387,-24.5437,13.35,G09123
322739572,101.1423,-16.9739,18.61,G09016;G09017
322814068,101.1919,-14.2657,16.85,G09016;G09102;G09017;G09166
322897154,101.3207,-15.5848,14.08,G09041;20SECONDTARGET
322899410,101.3217,-16.8595,13.11,G09041
322900030,101.2716,-17.2419,17.57,G09016;G09102;G09017
322900369,101.2064,-17.4335,8.79,G09079;G09036;G09039
333499483,100.4323,-16.2106,8.54,G09062
33692053,93.1265,-15.3508,17.34,G09016;G09102;G09017;20SECONDTARGET
33798269,93.5391,-17.7805,12.26,G09180
33798272,93.5356,-17.7783,10.24,G09180
33798564,93.574,-17.4805,7.33,G09062
33866942,93.5161,-17.0871,12.63,G09180
33866951,93.5186,-17.0819,11.01,G09180
33938658,93.7889,-15.0252,11.7,G09123
34142502,94.4499,-15.6911,14.11,G09123
34187770,94.5931,-17.6491,17.14,G09166
34259379,94.6599,-16.6893,17.82,G09166
34378156,95.2153,-16.6132,15.76,G09123
34524641,95.4805,-16.5043,15.31,G09123
34527902,95.5275,-16.5144,12.67,G09123
34590771,95.6749,-17.9559,9.36,G09150
346434159,96.9409,-14.6885,17.39,G09166
34652088,95.7431,-15.0362,17.2,G09102
34726609,95.9426,-16.4988,16.03,G09016;G09102;G09017;G09166
35481236,101.969,-16.7157,9.97,G09020
35827381,102.5608,-15.6876,17.05,G09166
37601240,93.1552,-25.269,8.96,G09196
37737816,93.5618,-25.0767,16.78,G09177
37770169,94.0101,-25.0316,10.7,G09031;G09123;20SECONDTARGET
37878288,94.4031,-25.423,16.05,G09166
37879043,94.4064,-24.4456,7.04,G09062;20SECONDTARGET
407686084,96.7094,-23.2516,8.72,G09117
409010876,92.6806,-14.838,16.93,G09102
421832755,100.6768,-16.7408,11.92,G09194
443450339,98.7842,-15.1789,12.24,G09196
443507234,99.0852,-15.0771,16.14,G09016;G09102;G09017;G09166
443546268,99.2889,-14.2584,9.28,G09194
443547096,99.2576,-14.6713,8.25,G09062
443556801,99.3639,-15.4809,11.37,G09031;G09123;20SECONDTARGET
445145849,100.7382,-15.7342,7.4,G09062
445260885,100.8735,-14.0495,10.04,G09062
4614765,102.028,-20.9767,16.3,G09016;G09102;G09017
4616072,101.9942,-21.9107,12.89,G09058;20SECONDTARGET
47499442,96.894,-19.5736,16.62,G09016;G09102;G09017;20SECONDTARGET
47517148,98.316,-24.4704,9.22,G09194
47546294,97.1611,-21.6278,16.2,G09016;G09102;G09017;G09166
47596312,97.2753,-20.9671,16.9,G09102
47600599,97.3566,-22.591,6.93,G09194
47634940,104.1538,-24.8645,8.09,G09062
47642257,97.4871,-18.8208,10.05,G09180
47642259,97.484,-18.8256,11.35,G09180
47648930,97.6047,-22.298,10.54,G09062
47717097,97.8382,-20.631,7.56,G09194
47720259,97.8917,-23.9516,10.28,G09031
47763235,97.964,-23.4184,4.65,G09150;20SECONDTARGET
47856136,98.1921,-23.4486,9.86,G09062
47859191,98.2279,-20.8602,13.09,G09123
47910521,98.2381,-22.9187,16.83,G09016;G09102;G09017;G09166
47911178,98.3511,-23.486,9.79,G09058;G09114;20SECONDTARGET
48047540,98.6982,-21.3512,8.52,G09062
48093802,98.7993,-20.7685,15.33,G09102
48177984,99.1772,-23.5368,17.69,G09166
48178703,99.1316,-22.9338,12.8,G09180
48178704,99.1296,-22.9323,12.6,G09180
48235733,99.1968,-20.3866,8.91,G09196
48322129,99.3408,-23.0457,16.66,G09177
48519256,99.8101,-23.1792,8.77,G09062
48543298,96.2801,-25.1364,11.43,G09123
48544437,96.4968,-24.1194,10.15,G09062
48544557,96.4856,-24.2519,8.73,G09062
48620502,96.5663,-24.5175,11.84,G09123
48621773,96.7478,-24.9211,17.1,G09041
48652745,100.3501,-20.8483,8.22,G09062
48756323,100.4102,-19.3734,16.9,G09102
48947167,100.8089,-20.4741,8.91,G09062
48949059,100.8353,-21.6792,17.18,G09102
49185262,101.3245,-21.7217,17.06,G09016;G09102;G09017
49185274,101.326,-21.7286,17.0,G09166
49190173,101.5187,-22.7765,17.05,G09102
49245329,101.5097,-19.9882,16.75,G09025
49609982,95.3004,-24.5123,8.21,G09062;G09123
49610019,95.2189,-24.4672,9.95,G09194
49669872,95.6194,-24.8141,17.51,G09102;G09166
49703944,95.8658,-25.1912,15.86,G09102;20SECONDTARGET
49775101,96.1937,-24.5428,10.09,G09062
53604257,103.164,-24.8977,17.06,G09102
53746254,103.5235,-24.6948,14.43,G09102;20SECONDTARGET
53898748,103.6508,-24.7769,11.56,G09196
59710513,93.6729,-18.0815,7.7,G09194
59751429,94.0027,-21.2567,12.75,G09036
59752641,93.9109,-19.8051,7.69,G09062;20SECONDTARGET
59843967,94.1121,-22.5469,12.76,G09058;20SECONDTARGET
59846132,94.266,-22.7172,5.53,G09062;20SECONDTARGET
59849848,94.2234,-18.7709,9.19,G09062
59850018,94.2192,-18.6065,6.89,G09062;20SECONDTARGET
59884578,94.3648,-21.608,11.71,G09196
59948913,94.4842,-20.5145,17.31,G09166
60034959,95.0039,-23.5834,16.82,G09016;G09102;G09017
60040774,94.985,-17.9723,16.88,G09016;G09102;G09017;20SECONDTARGET
60040830,94.9933,-17.8854,16.75,G09016;G09102;G09017;G09166
60122948,95.2362,-19.6061,17.74,G09016;G09017
60234491,95.4768,-20.9236,10.17,G09196
60349321,95.9906,-22.381,13.55,G09123
60349894,95.9605,-21.8395,11.38,G09180
60349896,95.9605,-21.8382,12.44,G09180
60350450,96.0435,-21.3334,17.35,G09102
60521063,96.494,-22.9505,9.82,G09062
60527886,96.5867,-18.8348,15.77,G09102
60584862,96.6104,-22.1296,16.27,G09102
63041201,104.391,-24.6301,5.04,G09062;20SECONDTARGET
706159421,96.3025,-25.5373,17.23,G09016;G09102;G09017;G09166
706167019,94.6395,-25.7912,17.45,G09102
706173543,96.3177,-25.2823,18.09,G09016;G09017
706537085,93.3476,-25.3703,17.91,G09102
706540512,92.9054,-25.1602,18.89,G09016;G09017
706549609,94.3013,-25.0459,18.2,G09016;G09017
706557657,94.8118,-24.687,18.8,G09016;G09017
706558016,94.6052,-24.6251,18.22,G09016;G09017
706564848,93.8775,-24.7037,18.93,G09016;G09017
706565205,94.1233,-24.6037,18.73,G09016;G09017
706568463,93.2504,-24.3814,19.07,G09016
706574569,94.6908,-23.9981,19.03,G09016
706610280,92.9587,-24.4468,18.81,G09016;G09017
706611782,92.9413,-24.1316,18.99,G09016;G09017
706612443,93.1412,-24.1268,18.64,G09016;G09017
706619263,93.5907,-23.6843,17.55,G09102;G09166
706624182,93.3459,-23.2547,18.08,G09016;G09017
706626547,93.6836,-22.862,18.77,G09016;G09017
706636202,93.1297,-23.0197,19.23,G09016
706639497,93.2146,-22.4823,18.97,G09016;G09017
706971172,99.9239,-24.1194,18.42,G09016;G09017
706981010,97.02,-25.7818,19.06,G09016
706996504,97.7567,-24.8174,18.21,G09016;G09017
707001373,97.4589,-24.8056,19.0,G09016;G09017
707030123,96.5523,-24.0031,18.95,G09016;G09017
707040878,98.8995,-23.9263,18.93,G09016;G09017
707044408,98.2167,-24.0286,16.38,G09177
707048143,98.6149,-23.7767,18.25,G09016;G09017
707054465,99.1747,-23.5459,17.75,G09016;G09102;G09017
707056206,99.3674,-23.4716,17.91,G09016;G09102;G09017
707071196,97.4767,-23.5909,19.24,G09016
707084208,97.7786,-22.7349,17.33,G09102
707085323,98.3952,-23.0962,18.65,G09016;G09017
707086394,98.5678,-22.9068,17.46,G09016;G09102;G09017
707088151,98.4124,-22.8196,18.35,G09016;G09017
707091969,98.7721,-22.6279,17.91,G09016;G09102;G09017;G09166
707124791,99.5681,-21.8302,19.24,G09016
707126952,99.1032,-21.9997,18.65,G09016;G09017
707134999,99.7228,-21.8993,18.57,G09016;G09017
707138817,99.9546,-21.2871,18.46,G09016;G09017
707140366,99.7865,-21.3966,17.1,G09102
707142939,99.3907,-21.267,18.87,G09016;G09017
707144181,99.7295,-21.2388,19.23,G09016
707145167,99.6628,-21.1643,18.99,G09016;G09017
707148642,95.6313,-24.3655,18.33,G09016;G09017
707154546,95.4631,-24.1178,18.67,G09016;G09017
707170758,96.1239,-22.9877,18.81,G09016;G09017
707189510,95.4971,-22.6487,19.25,G09016
707198822,97.233,-22.8257,18.11,G09166
707198823,97.2246,-22.8229,18.2,G09016;G09017
707201584,97.5142,-22.4904,19.04,G09016
707208244,96.9442,-22.2937,17.18,G09102;G09166
707208767,96.8502,-22.2041,18.85,G09016;G09017
707208969,97.0336,-22.2453,15.85,G09041;20SECONDTARGET
707209286,97.1182,-22.1175,17.54,G09102;G09166
707231321,96.9743,-22.0071,18.96,G09016;G09017
707232957,96.6945,-21.9565,18.6,G09016;G09017
707238117,96.4636,-21.7793,18.8,G09016;G09017
707238759,96.4265,-21.6149,19.25,G09016
707263064,93.7541,-22.7386,19.1,G09016
707266786,94.2044,-22.1784,18.84,G09016;G09017
707270059,95.3878,-22.2162,12.57,G09194
707273666,94.8855,-22.029,19.11,G09016
707275341,94.5968,-21.8188,17.79,G09016;G09017;G09166
707279356,93.6317,-22.3951,18.79,G09016;G09017
707284157,93.1636,-22.0726,19.2,G09016
707287385,93.4036,-21.6948,18.98,G09016;G09017
707289414,94.4744,-21.6407,18.68,G09016;G09017
707293272,94.3863,-21.3057,19.08,G09016
707299295,94.2849,-20.9237,18.94,G09016;G09017
707302616,95.5686,-21.5668,18.09,G09016;G09017
707309108,95.2132,-21.1937,19.19,G09016
707313482,96.4552,-21.1444,19.05,G09016
707315081,96.3776,-20.9632,18.49,G09016;G09017
707317032,96.9972,-20.7692,18.56,G09016;G09017
707321039,96.189,-20.6653,19.06,G09016;G09017
707334593,94.4913,-20.5188,17.38,G09016;G09102;G09017
707339651,95.6646,-20.2668,18.5,G09016;G09017
707345356,95.168,-19.8854,18.52,G09016;G09017
707351257,98.135,-21.6712,17.75,G09016;G09102;G09017;G09166
707361633,98.3434,-21.2405,18.45,G09016;G09017
707363933,98.2668,-21.0025,18.48,G09016;G09017
707367056,99.2432,-21.0479,18.66,G09016;G09017
707391068,98.1631,-20.6041,19.26,G09016
707416076,98.5612,-19.5982,16.98,G09016;G09102;G09017;G09166
707434796,99.2266,-19.6094,18.87,G09016;G09017
707466981,97.0265,-20.1919,16.7,G09102
707505814,97.2073,-19.2207,18.83,G09016;G09017
707517630,96.8969,-18.5577,18.36,G09016;G09017
707527925,98.0392,-18.9695,19.23,G09016
707533257,98.6138,-18.4457,18.82,G09016;G09017
707569701,98.5647,-18.094,18.11,G09166
707569706,98.5563,-18.0996,18.21,G09016;G09017
707573275,98.3549,-17.7052,19.22,G09016
707574982,98.9921,-17.5869,18.57,G09016;G09017
707579575,98.2489,-17.5756,18.48,G09016;G09017
707582748,98.5627,-17.3817,18.55,G09016;G09017
707602140,93.1943,-20.7247,18.54,G09016;G09017
707614431,92.7462,-20.5794,17.46,G09016;G09102;G09017;G09166
707618210,93.1316,-19.9321,19.1,G09016
707638652,94.499,-19.489,19.02,G09016
707645122,93.7301,-19.6397,17.57,G09102
707649390,93.1428,-19.1869,18.32,G09016;G09017
707653559,94.0497,-19.0774,18.76,G09016;G09017
707695366,92.971,-19.1995,19.11,G09016;G09017
707701694,92.8476,-18.643,19.29,G09016
707706071,93.9132,-18.4471,18.78,G09016;G09017
707710899,93.1653,-18.0101,19.1,G09016;G09017
707711183,93.5977,-18.0963,18.34,G09016;G09017
707712210,93.7496,-17.8004,18.86,G09016;G09017
707749500,95.843,-18.3928,18.87,G09016;G09017
707761743,94.7796,-18.2996,18.96,G09016;G09017
707773963,95.4915,-17.533,18.14,G09016;G09017
707788750,96.5764,-17.6458,17.47,G09016;G09102;G09017;G09166
707791754,97.3396,-17.2579,18.2,G09016;G09017;G09166
707814473,96.2587,-17.2759,18.76,G09016;G09017
707814734,96.035,-17.2791,18.92,G09016;G09017
707822508,96.0643,-16.7715,19.24,G09016
707838357,96.4113,-16.359,16.77,G09102;G09166
707847764,94.5864,-17.6497,17.21,G09016;G09017
707865779,94.6573,-16.69,18.01,G09016;G09017
707866975,93.5061,-17.4879,17.93,G09102;G09166
707874919,93.4732,-16.7735,18.6,G09016;G09017
707874966,93.437,-16.7797,19.13,G09016
707878105,94.3586,-16.6706,17.42,G09016;G09102;G09017
707879841,94.5898,-16.526,18.05,G09166
707883305,94.0684,-16.4628,18.69,G09016;G09017
707887614,94.2899,-15.8775,18.04,G09016;G09017
707896263,95.1036,-16.3439,17.79,G09016;G09102;G09017;G09166
707941087,95.6675,-14.8665,18.66,G09016;G09017
707951311,99.6875,-17.4656,19.22,G09016
707966584,99.3521,-16.8843,18.95,G09016;G09017
707967908,99.4619,-16.6842,17.65,G09016;G09102;G09017;G09166
707967980,98.7731,-17.2288,18.85,G09016;G09017
707971440,98.6098,-16.8415,18.6,G09016;G09017
707973185,99.2239,-16.7411,17.34,G09016;G09102;G09017;G09166;20SECONDTARGET
707979641,99.661,-16.5523,18.22,G09016;G09017
707982307,99.4685,-16.3662,18.17,G09016;G09017
708015326,99.4614,-15.7359,18.49,G09016;G09017
708026055,99.1363,-15.1301,19.12,G09016
708041184,98.0185,-15.3713,17.39,G09016;G09102;G09017;G09166
708073322,99.9063,-14.8163,18.56,G09016;G09017
708085717,99.5505,-14.3264,18.9,G09016;G09017
708101011,99.579,-14.0391,19.17,G09016;G09017
708122990,96.6762,-14.8979,17.58,G09016;G09102;G09017;G09166
708127083,96.9444,-14.6829,17.41,G09016;G09102;G09017
708155653,96.0084,-14.5019,18.8,G09016;G09017
708908235,93.7241,-15.8942,18.91,G09016;G09017
708909937,93.831,-15.5943,19.22,G09016
708911857,92.9679,-15.7439,18.2,G09016;G09017
708911904,93.1292,-15.7454,18.02,G09166
708926116,92.9813,-15.43,18.79,G09016;G09017
708938988,94.5331,-15.3401,18.84,G09016;G09017
708939527,94.5778,-15.2115,18.93,G09016;G09017
708948993,94.8491,-14.8953,18.9,G09016;G09017
744178013,105.4779,-24.7766,19.1,G09016
744239889,104.8886,-24.4333,19.15,G09016
744321320,102.8255,-24.7667,17.66,G09016;G09017
744327081,103.5239,-24.2446,18.79,G09016;G09017
744346565,101.4541,-24.5,16.77,G09177
744362518,103.3264,-23.963,17.62,G09016;G09102;G09017;G09166
744372298,102.4265,-23.8283,18.79,G09016;G09017
744427925,104.3401,-23.442,19.26,G09016
744450016,103.7501,-23.5548,18.68,G09016;G09017
744490670,103.7239,-22.6789,18.54,G09016;G09017
744513529,100.9133,-24.9381,18.62,G09016;G09017
744520580,100.3275,-24.6569,18.59,G09016;G09017
744535098,101.2235,-24.3749,19.23,G09016
744542701,101.4778,-24.0035,18.72,G09016;G09017
744577706,101.7675,-23.1298,18.5,G09016;G09017
744579726,101.9648,-22.8497,17.65,G09102
744588307,101.1466,-23.2387,18.41,G09016;G09017
744598348,100.3625,-23.0148,18.62,G09016;G09017
744598729,100.328,-23.0249,19.04,G09016
744604936,101.2813,-22.8889,16.96,G09177
744627837,102.5007,-23.0551,18.13,G09166
744642507,102.0784,-22.6309,19.15,G09016
744662493,103.7984,-22.09,17.44,G09016;G09017
744679128,103.1561,-21.8001,18.57,G09016;G09017
744686455,101.8284,-22.3913,18.98,G09016;G09017
744706780,101.8542,-21.6453,18.65,G09016;G09017
744717238,102.8699,-21.5442,17.71,G09016;G09017;G09166
744747008,100.5658,-22.1252,17.97,G09016;G09102;G09017;G09166
744760553,100.4637,-21.7446,18.73,G09016;G09017
744761117,100.2752,-21.647,17.55,G09016;G09102;G09017
744779980,101.6367,-21.1002,18.93,G09016;G09017
744803569,102.2968,-20.4735,19.01,G09025
744834757,100.2961,-20.4622,16.36,G09016;G09017;G09166
746130593,104.163,-21.932,19.13,G09016
746163387,104.7826,-21.0799,17.39,G09016;G09102;G09017;G09166
746210979,103.1041,-20.7418,17.34,G09016;G09102;G09017
746399246,103.1453,-20.1703,17.84,G09016;G09102;G09017
746414140,102.7659,-19.8142,19.05,G09016
746459432,102.1857,-19.5059,18.73,G09016;G09017
746482391,102.6415,-18.9446,18.23,G09166
746509947,104.4433,-18.9566,19.0,G09016;G09017
746520640,103.5118,-18.8809,17.16,G09102
746553722,104.3436,-17.9665,18.69,G09016;G09017
746569031,103.5737,-18.3506,17.55,G09102;G09166
746615297,103.8529,-17.3512,19.2,G09016
747003342,104.5494,-16.846,17.83,G09016;G09017
747237087,100.2358,-18.9455,17.55,G09016;G09102;G09017
747238821,100.0615,-18.927,18.21,G09016;G09017
747255705,101.0218,-18.8457,18.89,G09016;G09017
747269700,101.7283,-18.4401,18.72,G09016;G09017
747280125,101.8674,-18.2065,18.59,G09016;G09017
747286723,102.1742,-17.8603,18.21,G09016;G09017
747288049,101.8765,-17.9164,18.82,G09016;G09017
747288811,101.7921,-17.8492,18.53,G09016;G09017
747301577,100.8156,-18.0591,17.94,G09016;G09017
747310396,100.2301,-17.9082,17.45,G09016;G09102;G09017;G09166
747355478,102.7188,-17.2046,18.91,G09016;G09017
747367910,103.578,-17.0723,19.09,G09016;G09017
747405144,101.8161,-16.6236,18.08,G09016;G09017;G09166
747423162,102.7232,-16.1581,19.02,G09016
747438987,100.8617,-17.1453,18.69,G09016;G09017
747457171,100.3393,-16.1956,17.56,G09016;G09102;G09017;G09166
747476180,101.1587,-16.2014,17.51,G09016;G09102;G09017;G09166
747486051,102.5618,-15.6974,17.26,G09102
747495408,102.1683,-15.3984,18.31,G09016;G09017
747525527,101.7084,-15.0706,18.42,G09016;G09017
747546953,103.9484,-16.4888,19.04,G09016;G09017
747630559,104.0966,-15.6362,18.53,G09016;G09017
747803369,102.6253,-15.248,18.95,G09016;G09017
747803783,102.7015,-15.1596,18.12,G09016;G09017
747884774,102.5732,-14.0461,18.12,G09016;G09017
748044665,100.2175,-14.4999,18.61,G09016;G09017
748066261,101.2185,-13.9706,18.42,G09016;G09017
748078105,100.9157,-13.7781,17.48,G09016;G09102;G09017
78380089,102.427,-20.5257,16.36,G09177
78382063,102.4296,-19.3834,7.44,G09062
78439074,102.5574,-19.5785,8.79,G09194
78485877,102.6306,-20.3632,8.13,G09062
78492571,102.7412,-19.2537,16.66,G09166
78492576,102.7348,-19.2584,16.69,G09016;G09102;G09017
78568736,102.8913,-22.1908,9.14,G09020;G09036
78687405,102.971,-23.0732,16.12,G09177;G09102
78743082,103.0988,-20.7493,17.21,G09166
78744190,103.1505,-20.1659,17.82,G09166
78817217,103.3203,-19.5855,8.31,G09020
78893174,103.4182,-22.1275,8.85,G09194
78897024,103.3871,-20.2242,5.05,G09150;20SECONDTARGET
78953410,103.5143,-20.8915,18.08,G09166
79139803,103.7924,-22.0995,17.41,G09166
79213018,103.9481,-21.2405,16.33,G09102
79213041,103.9446,-21.2338,16.04,G09166
79215518,103.9064,-20.1362,4.31,G09062;20SECONDTARGET
79220430,103.9103,-18.1116,16.07,G09102
79430862,104.2573,-19.4396,6.19,G09062
79431939,104.2313,-19.839,12.08,G09196
79437840,104.3115,-22.2028,6.81,G09150
79545756,104.3798,-19.7541,17.25,G09102
79545764,104.3888,-19.7525,17.17,G09166
79689537,104.6927,-23.02,16.51,G09177
80043574,105.086,-22.5654,16.57,G09177
80132574,105.2097,-22.3852,7.43,G09194
80133660,105.1584,-21.9675,17.1,G09177
80134150,105.1458,-21.7692,16.89,G09102
80134572,105.1499,-21.6124,17.26,G09102
95402847,103.7441,-13.9193,12.66,G09194
95406412,103.7215,-14.8632,6.97,G09062
10000880737,100.6071,-28.9573,16.25,G09166
101145648,99.0368,-27.6242,6.99,G09123
101266495,103.4442,-35.838,8.39,G09062
117666759,95.9148,-33.319,7.02,G09062
117670649,96.0128,-31.7738,7.76,G09062
117737373,96.1754,-35.564,10.92,G09062
117739047,96.1075,-32.959,15.45,G09102;G09166;20SECONDTARGET
117739806,96.2041,-31.8645,9.4,G09036
117740570,96.2267,-30.8545,9.48,G09123
117768715,96.4108,-31.481,7.4,G09123;20SECONDTARGET
117772616,96.5515,-33.5302,16.41,G09177
117817258,96.7575,-31.0342,13.12,G09123
119287844,96.502,-37.8732,17.32,G09016;G09102;G09017
119325803,96.5954,-36.9544,17.63,G09166
119327800,96.7816,-37.8952,6.11,G09062;20SECONDTARGET
119443278,97.7092,-37.0849,7.96,G09062
124746067,93.9392,-32.2366,10.99,G09194
124777954,94.3527,-35.3179,10.1,G09194
124778445,94.4447,-35.7063,13.98,G09142;20SECONDTARGET
124849365,94.6907,-32.9768,16.53,G09177
124855028,94.9355,-35.4999,17.64,G09016;G09017;G09102;G09166
124936819,95.354,-30.5132,9.97,G09062
147902328,99.0521,-36.1388,6.65,G09062;20SECONDTARGET
147902364,98.9749,-36.0891,5.89,G09062;20SECONDTARGET
147945235,99.4589,-36.1143,7.33,G09062
147977348,99.7346,-36.6461,10.04,G09058;G09114;20SECONDTARGET
147977750,99.8295,-37.13,7.7,G09062
148003795,99.8874,-35.9275,8.99,G09062
148003877,100.1484,-36.0056,8.76,G09062
148045331,100.2955,-37.6231,17.03,G09016;G09102;G09017
148124865,100.6294,-36.447,9.54,G09062
148182457,101.0191,-36.5613,10.27,G09196;G09196
148227036,101.1934,-37.6814,17.27,G09166
157051253,104.9313,-35.9815,16.69,G09177
157250130,105.6043,-36.7134,16.65,G09166
157250132,105.5985,-36.7121,16.88,G09177;G09102
157250629,105.6099,-36.3112,12.23,G09194
157250746,105.6807,-36.212,12.03,G09196
157633138,107.0987,-36.8256,10.67,G09194
172119334,98.1614,-26.5511,8.8,G09062
172120110,98.1933,-27.4037,6.37,G09062
172195260,98.5955,-29.2676,9.39,G09062
172195840,98.6595,-28.5748,17.13,G09016;G09102;G09017
172359183,99.7068,-27.7479,7.54,G09062;20SECONDTARGET
172366251,99.7981,-26.5717,8.39,G09194
172368393,99.7325,-28.7523,11.15,G09196
172403379,99.9883,-28.1646,15.84,G09102;20SECONDTARGET
172404771,99.9132,-26.6419,8.3,G09062
172410935,100.0198,-27.0555,16.06,G09177;G09102
172461490,100.0572,-29.2503,16.46,G09177;G09102
172464366,100.1589,-27.5712,11.09,G09079;G09036;G09039
172525833,100.4713,-28.6288,14.03,G09123
172598832,100.5712,-29.7768,12.94,G09058;20SECONDTARGET
172622444,100.8322,-26.4707,7.67,G09062
172703276,101.1188,-28.5446,16.35,G09102;G09166
172703449,101.0798,-28.7111,16.56,G09177;G09102
172734582,101.2164,-27.3395,5.9,G09062;20SECONDTARGET
172742334,101.408,-26.7118,11.74,G09079;G09036;G09039
172839358,101.8254,-27.6569,13.63,G09123
173035047,102.1641,-29.3621,15.81,G09102;20SECONDTARGET
173038281,102.275,-27.3493,9.71,G09079;G09036;G09039;20SECONDTARGET
173088921,102.439,-28.988,9.95,G09123
231315283,93.5681,-34.3238,13.0,G09123
237397195,95.8032,-37.6911,12.48,G09102;20SECONDTARGET
237404597,96.0259,-37.9465,11.41,G09194
237405551,95.9969,-36.5282,13.85,G09031
29628522,97.1635,-32.3712,6.09,G09164;G09194
299908219,97.5221,-28.6585,7.78,G09062
300029930,99.1435,-27.3226,14.26,G09123
300031164,99.0855,-28.5515,10.88,G09123
300031791,99.0945,-29.1304,10.63,G09123
300031999,99.1237,-29.3691,9.81,G09062
322647376,97.2739,-29.1545,16.63,G09177
322685727,99.2183,-28.2184,10.03,G09123
37602756,93.1559,-27.2153,13.66,G09102;20SECONDTARGET
37606218,93.2486,-27.8804,9.26,G09036
37658824,93.4485,-26.9942,17.61,G09016;G09102;G09017;G09166
37660988,93.3999,-29.8971,8.28,G09123
37662248,93.5069,-28.2604,12.68,G09123
37744137,93.8201,-29.2483,9.7,G09062
37791683,94.1041,-28.5313,16.02,G09177
37877105,94.3852,-27.0356,13.9,G09123
37997333,94.8696,-28.8834,11.81,G09180
37997336,94.8718,-28.8815,12.15,G09180
38023727,95.0553,-27.7262,10.18,G09062
393452654,94.7376,-37.3107,10.07,G09062
47513265,98.3663,-29.2098,7.95,G09123
47590073,100.6786,-28.9594,13.39,G09123
48540748,96.2795,-28.6987,8.43,G09062
48618858,96.6189,-26.6377,10.8,G09123
49614493,95.4614,-29.145,15.79,G09041;20SECONDTARGET
49614495,95.3799,-29.1503,7.22,G09062;20SECONDTARGET
49614743,95.4189,-29.5628,9.79,G09123
49701149,95.7634,-28.7466,16.01,G09016;G09102;G09017;G09166
49701947,95.7976,-27.7292,10.99,G09079;G09036;G09039
49702657,95.832,-26.8392,9.23,G09062
49707471,95.9167,-26.964,12.5,G09041;20SECONDTARGET
49770412,96.0198,-29.0369,16.48,G09016;G09017
49771092,96.0662,-28.1347,14.81,G09031
49771751,96.1024,-27.3134,7.49,G09062;20SECONDTARGET
49831913,96.1814,-28.781,5.79,G09062;G09123;20SECONDTARGET
51829779,97.7635,-35.4801,7.6,G09062;20SECONDTARGET
51833542,97.7893,-31.2659,10.69,G09180
51894533,97.9497,-31.1243,12.5,G09180
51926419,98.245,-30.5894,10.21,G09123
51932980,98.3834,-32.8871,16.23,G09102;20SECONDTARGET
51996218,98.5156,-30.3372,7.68,G09062
51997221,98.6006,-31.3834,11.0,G09123
51998562,98.5503,-32.986,16.54,G09166
52001745,98.7248,-34.8363,7.99,G09062
52051207,98.9986,-35.1713,7.34,G09062;20SECONDTARGET
52109184,98.9873,-34.1156,15.81,G09102;20SECONDTARGET
52111139,98.9717,-31.8968,10.62,G09062
52114921,99.1162,-31.8867,6.51,G09062;20SECONDTARGET
52172862,99.4494,-32.3393,4.19,G09123
52218290,99.3694,-34.1565,14.88,G09102;20SECONDTARGET
52283228,99.8514,-30.7395,16.7,G09016;G09102;G09017;G09166
52385153,100.1035,-31.6739,9.3,G09062
52393967,100.3822,-34.5021,17.42,G09166
52446910,100.2963,-33.219,16.0,G09177
52447844,100.36,-32.2291,16.07,G09177
52640302,101.1149,-32.8584,12.05,G09058;20SECONDTARGET
52641093,101.005,-33.6341,9.72,G09062
52683870,101.1371,-31.0234,12.82,G09180
52683875,101.1366,-31.0216,9.13,G09180
52687259,101.3437,-31.796,5.44,G09062;20SECONDTARGET
52689469,101.3948,-33.8817,13.64,G09142;20SECONDTARGET
52692117,101.5475,-35.2805,16.24,G09177
52918500,102.1614,-32.4687,7.69,G09062;20SECONDTARGET
52924466,102.3875,-33.7094,8.88,G09036
52982382,102.4602,-32.5084,3.55,G09164;20SECONDTARGET
53059882,102.6211,-34.6049,10.11,G09036
53063082,102.5973,-31.7059,5.37,G09164;20SECONDTARGET
53175558,103.0078,-33.9151,6.66,G09062;G09123;20SECONDTARGET
53457068,102.6895,-29.4476,7.39,G09062;20SECONDTARGET
53458803,102.8474,-29.0587,11.87,G09058;G09114;20SECONDTARGET
53688090,103.3938,-28.5431,5.42,G09062;20SECONDTARGET
53750200,103.5174,-27.0504,12.23,G09058;20SECONDTARGET
53823089,103.6371,-27.5594,8.27,G09062;20SECONDTARGET
63050430,104.585,-29.6455,9.25,G09062
63198307,104.6565,-28.9722,2.48,G09052;20SECONDTARGET
63199687,104.7211,-29.8669,9.82,G09062
63305683,105.0389,-25.9753,12.01,G09194
63352695,104.9116,-27.9281,17.17,G09102
63355088,105.0002,-29.2874,15.6,G09166
63475995,105.1769,-28.4899,5.84,G09062;20SECONDTARGET
63661147,105.4513,-27.7021,7.58,G09062;20SECONDTARGET
63663439,105.5227,-28.9204,8.67,G09062
63720865,105.6765,-26.0924,9.97,G09196
63801778,105.7239,-28.636,15.54,G09102;20SECONDTARGET
63951167,106.1826,-28.7319,10.84,G09196
705392112,94.045,-37.0363,18.94,G09016;G09017
705406558,94.047,-36.9082,19.16,G09016
705407571,94.5517,-36.587,19.25,G09016
705409139,94.0545,-36.5505,18.62,G09016;G09017
705411128,94.122,-36.0422,18.44,G09016;G09017
705413015,94.8675,-35.9295,18.04,G09016;G09017;G09166
705413449,95.406,-35.9094,17.46,G09102
705416185,94.7105,-35.5083,18.85,G09016;G09017
705416692,94.8816,-35.4632,18.34,G09016;G09017
705419496,93.885,-35.9762,18.7,G09016;G09017
705428282,93.994,-34.7503,17.82,G09016;G09102;G09017
705457375,93.9894,-34.3663,17.43,G09102;G09166
705621854,95.4219,-35.3846,17.27,G09177;G09102
705623068,96.018,-35.0864,17.39,G09102;G09166
705624636,95.3503,-35.1573,18.63,G09016;G09017
705627587,95.6903,-34.5051,17.49,G09016;G09102;G09017
705629545,96.2999,-34.4772,18.57,G09016;G09017
705632790,96.2564,-34.1585,19.29,G09016
705636109,95.0572,-34.7779,18.16,G09016;G09017
705650782,97.0799,-34.0889,18.77,G09016;G09017
705663410,97.3971,-33.1122,18.53,G09016;G09017
705664076,97.5547,-32.8041,18.04,G09016;G09017
705668115,96.4158,-33.3453,17.36,G09016;G09017
705676990,97.1784,-32.4817,18.88,G09016;G09017
705679144,97.5257,-32.196,18.09,G09016;G09017
705683573,96.9975,-31.7909,18.38,G09016;G09017
705686836,94.139,-33.641,19.21,G09016
705692316,94.9289,-33.3013,17.76,G09016;G09102;G09017;G09166
705696618,94.4627,-32.8191,19.13,G09016
705696839,94.3633,-32.7324,17.29,G09016;G09102;G09017;G09166
705701963,93.8885,-32.7619,18.72,G09016;G09017
705712010,94.1708,-31.694,19.08,G09016
705712991,95.5463,-32.6094,18.85,G09016;G09017
705714133,95.4544,-32.3282,19.0,G09016
705715135,95.9774,-32.1628,18.88,G09016;G09017
705717130,95.2485,-32.1809,19.2,G09016
705719007,95.6502,-31.8774,19.15,G09016
705727467,95.9981,-31.1531,18.12,G09166
705727484,95.9704,-31.1426,17.12,G09016;G09102;G09017;G09166
705735913,94.8566,-31.2838,17.7,G09102
705742560,95.4952,-30.7543,19.23,G09016
705742583,95.3977,-30.7514,18.26,G09016;G09017
705745487,95.353,-30.2695,18.46,G09016;G09017
705750317,98.4944,-32.1109,18.32,G09016;G09017
705758092,99.1799,-31.6748,18.45,G09016;G09017
705776050,97.895,-31.1564,18.64,G09016;G09017
705800203,99.3718,-30.1933,19.13,G09016
705810086,99.9884,-29.6091,19.19,G09016
705821494,97.4024,-30.8658,19.19,G09016
705825854,96.5742,-30.4704,17.38,G09102
705826082,97.0892,-30.5943,16.22,G09177
705828664,97.776,-30.6205,18.56,G09016;G09017
705836981,97.7275,-29.8187,18.66,G09016;G09017
705850776,97.0559,-29.6195,18.05,G09041
705852111,97.5611,-29.4149,18.51,G09016;G09017
705854364,96.6051,-29.5154,18.5,G09016;G09017
705854456,96.5457,-29.4615,18.08,G09016;G09017
705865736,98.1459,-29.5696,19.2,G09016
705867935,98.0687,-29.2467,17.57,G09016;G09102;G09017;G09166;20SECONDTARGET
705870636,98.3731,-28.9301,18.95,G09016;G09017
705881507,98.8577,-28.501,16.93,G09177;G09102
705886230,97.8071,-29.0625,18.96,G09016;G09017
705888410,97.6787,-28.7811,18.25,G09016;G09017
705891118,98.0776,-28.5814,18.96,G09016;G09017
705894412,97.2684,-28.4056,18.92,G09016;G09017
705897112,97.8549,-28.1319,19.0,G09016
705897184,97.7913,-28.1062,18.22,G09016;G09017
705901307,98.8655,-28.0599,17.86,G09102
705910737,98.4037,-27.4465,19.12,G09016
705919125,93.8468,-31.5521,18.09,G09016;G09017;G09166
705923062,93.6283,-30.9359,18.8,G09016;G09017
705936516,94.3045,-31.1635,17.71,G09016;G09017
705937858,94.3699,-30.8669,19.07,G09016
705949557,94.5945,-29.7246,18.35,G09016;G09017
705950611,95.0572,-29.5397,18.17,G09016;G09017
705950760,94.8414,-29.7303,18.99,G09016;G09017
705959486,94.3929,-29.582,19.21,G09016
705999812,93.9458,-28.6729,17.94,G09016;G09102;G09017;G09166
706000659,93.8695,-28.4728,17.43,G09041
706002407,93.1228,-28.5234,19.07,G09016
706020123,95.4572,-29.4839,18.0,G09016;G09017;G09166
706021707,95.8829,-29.2887,18.41,G09016;G09017
706022804,95.4279,-29.4948,19.23,G09016
706028085,96.4167,-28.9887,18.19,G09016;G09017;G09166
706028331,96.457,-28.8821,16.74,G09177;G09102
706037617,94.9287,-29.2165,18.78,G09016;G09017
706039997,95.259,-28.8025,18.77,G09016;G09017
706046068,94.8128,-28.0822,18.17,G09016;G09017
706046560,95.6036,-28.4618,18.48,G09016;G09017
706049281,96.1491,-28.0807,19.1,G09016
706053931,95.504,-27.732,18.79,G09016;G09017
706054576,95.7976,-27.5818,18.38,G09016;G09017
706056227,97.1384,-28.4531,17.3,G09102
706057789,96.7243,-28.3071,19.14,G09016
706058030,96.874,-28.1684,18.31,G09016;G09017
706059180,97.2986,-28.0996,17.65,G09016;G09102;G09017;G09166
706072151,97.9801,-27.3486,18.94,G09016;G09017
706076204,97.5121,-27.1127,18.88,G09016;G09017
706079518,97.8411,-26.7851,18.7,G09016;G09017
706086903,96.0411,-27.3038,18.83,G09016;G09017
706106263,94.7472,-28.1002,18.01,G09016;G09017
706113747,95.02,-27.4282,19.02,G09016
706116111,95.1692,-27.1561,18.66,G09016;G09017
706118621,94.9159,-27.2117,18.53,G09016;G09017
706123199,93.7908,-27.3645,18.28,G09016;G09017
706124502,93.741,-27.1444,18.03,G09016;G09017;G09166
706140747,96.157,-26.77,18.94,G09016;G09017
706848832,99.3673,-27.8427,16.83,G09016;G09102;G09017;G09166
706854268,99.3026,-27.6655,18.7,G09016;G09017
706859795,99.5424,-27.1036,19.16,G09016
706880512,98.4517,-26.9439,17.42,G09016;G09017
706880519,98.453,-26.9374,17.35,G09166
706884573,98.623,-26.7081,17.71,G09102;G09166
738221225,96.8304,-37.5825,18.48,G09016;G09017
738248698,95.412,-37.7593,18.71,G09016;G09017
738253896,96.5919,-36.9452,17.66,G09016;G09102;G09017
738255027,95.8923,-37.1545,18.81,G09016;G09017
738258407,94.7367,-37.4354,16.79,G09016;G09102;G09017
738261407,94.3862,-37.1623,19.1,G09016
738264369,95.8093,-36.6723,18.14,G09016;G09017
738264567,95.5738,-36.775,16.67,G09177
738268002,95.1972,-36.4134,17.45,G09102
738269738,95.5971,-36.0644,19.14,G09016
738270416,95.6404,-35.7372,18.76,G09016;G09017
738290980,99.8162,-37.3443,18.55,G09016;G09017
738291111,99.9011,-37.2578,18.75,G09016;G09017
738294822,98.4729,-37.9211,18.48,G09016;G09017
738299867,99.1116,-37.6291,18.21,G09016;G09017
738301180,99.2491,-37.2859,18.82,G09016;G09017
738305419,98.9047,-36.9776,19.29,G09016
738306251,99.1358,-36.8406,18.98,G09016;G09017
738307605,99.1126,-36.5805,19.09,G09016
738308708,97.873,-37.4249,18.79,G09016;G09017
738321820,98.447,-36.3027,18.48,G09016;G09017
738325535,99.7579,-36.5347,19.26,G09016
738326614,99.6667,-36.4451,17.27,G09016;G09102;G09017;G09166
738326676,99.7666,-36.4229,18.82,G09016;G09017
738327820,99.6469,-36.2563,18.81,G09016;G09017
738333800,99.3871,-35.7807,18.48,G09016;G09017
738334756,99.3944,-35.4358,17.3,G09016;G09102;G09017
738334932,99.4892,-35.3449,18.66,G09016;G09017
738340088,99.9544,-35.2835,19.24,G09016
738344632,99.9578,-34.606,18.74,G09016;G09017
738351689,97.1542,-36.1964,18.37,G09016;G09017
738352084,97.2057,-36.0615,18.45,G09016;G09017
738356538,97.9034,-35.7744,18.64,G09016;G09017
738360648,97.573,-35.3331,18.64,G09016;G09017
738364942,96.5769,-35.5309,19.02,G09016
738367014,96.3217,-35.5374,17.85,G09016;G09102;G09017;G09166
738375040,97.1705,-34.7421,17.85,G09016;G09102;G09017;G09166
738377550,98.557,-35.3952,19.1,G09016;G09017
738380790,98.767,-34.7987,17.67,G09016;G09102;G09017;G09166
738390938,99.0746,-34.2582,19.25,G09016
738396657,97.7409,-34.5211,17.72,G09016;G09102;G09017;G09166
738399550,97.473,-34.3736,17.99,G09016;G09102;G09017
738402602,97.5996,-33.9603,18.75,G09016;G09017
738403383,97.6185,-33.7459,18.45,G09016;G09017
738404400,98.6892,-33.8955,18.86,G09016;G09017
738405140,98.2204,-33.8604,18.6,G09016;G09017
738406801,98.9946,-33.5158,18.8,G09016;G09017
738411611,98.6216,-33.051,19.23,G09016
738412405,98.553,-32.9971,20.6,G09041
738412619,98.2889,-32.9767,18.75,G09016;G09017
738413659,99.7746,-33.9434,18.5,G09016;G09017
738413735,99.9551,-33.9653,19.17,G09016
738414966,99.8889,-33.6436,18.53,G09016;G09017
738415311,99.9761,-33.5803,17.98,G09016;G09102;G09017;G09166
738418803,99.9984,-33.1975,19.0,G09016;G09017
738422302,98.865,-33.2103,18.2,G09016;G09017
743771452,100.1099,-30.5422,17.45,G09102
743782895,100.45,-29.8518,18.25,G09016;G09017
743789382,100.2102,-29.1773,18.39,G09016;G09017
743800346,101.1409,-29.2928,17.14,G09102;G09166
743810866,102.0575,-28.7947,18.49,G09016;G09017
743819583,101.387,-28.5421,15.62,G09041
743819937,101.691,-28.5298,18.43,G09016;G09017
743827081,100.6035,-28.9671,16.37,G09016;G09102;G09017
743834799,100.4618,-28.6631,18.8,G09016;G09017
743839502,100.2981,-28.3299,17.16,G09016;G09102;G09017;G09166
743840762,100.4724,-28.1001,18.3,G09016;G09017
743842346,101.446,-28.3425,18.8,G09016;G09017
743870309,102.4448,-28.047,18.67,G09016;G09017
743890667,102.8709,-27.4329,17.08,G09177;G09102
743893782,103.0314,-27.2095,19.13,G09016
743899154,103.3509,-26.874,17.55,G09016;G09017;G09166
743907036,102.6231,-27.3061,19.13,G09016
743907954,102.1257,-27.4033,19.11,G09016
743914191,101.571,-27.211,19.02,G09016
743915530,101.9481,-27.1374,17.12,G09016;G09102;G09017
743923593,102.4672,-26.9406,18.86,G09016;G09017
743936454,102.6485,-26.599,17.83,G09016;G09017
743958187,100.2669,-27.103,18.69,G09016;G09017
743962764,100.5777,-26.7478,17.78,G09016;G09102;G09017;G09166
743978350,100.8833,-26.6467,19.09,G09016
743984862,100.9644,-26.317,17.52,G09016;G09102;G09017
743986602,101.9413,-26.5777,18.8,G09016;G09017
743990368,101.742,-26.1509,17.51,G09102
744072384,104.9783,-26.2432,18.37,G09016;G09017
744075782,104.6821,-26.1863,17.95,G09102
744101742,103.4906,-26.0955,18.0,G09016;G09017
771593864,105.3726,-37.4257,17.83,G09102
771638971,105.9179,-37.2832,18.21,G09016;G09017
771649952,106.8055,-36.6077,19.09,G09016
771657291,106.9668,-36.2816,17.86,G09016;G09017
771750234,102.4659,-37.5115,18.22,G09016;G09017
771772014,100.6407,-37.8524,18.94,G09016;G09017
771773286,101.2027,-37.679,17.39,G09016;G09102;G09017
771774343,101.0448,-37.5246,18.98,G09016;G09017
771774733,101.3125,-37.4114,19.24,G09016
771780386,102.2743,-36.9653,17.91,G09016;G09017
771788033,100.8769,-37.5157,18.15,G09016;G09017
771789114,101.085,-37.0335,18.08,G09016;G09017;G09166
771790503,100.247,-37.3156,17.97,G09102
771790690,100.2413,-37.3057,17.89,G09166
771792001,100.107,-37.0277,18.17,G09016;G09017
771794493,101.2577,-37.1309,18.64,G09025
771800164,101.1245,-36.537,17.13,G09177;G09102
771824366,104.3989,-37.5149,18.06,G09016;G09017
771831885,103.3896,-37.6714,18.37,G09016;G09017
771847698,104.6632,-36.5104,18.5,G09016;G09017
771858992,105.3357,-36.7789,17.7,G09016;G09102;G09017
771873713,106.3862,-36.0682,18.3,G09016;G09017
771881847,105.7117,-35.887,19.16,G09016
771882549,106.0758,-35.7301,18.26,G09016;G09017
771890147,104.7669,-36.329,19.15,G09016
771892658,104.8087,-35.9006,18.64,G09016;G09017
771909270,105.8456,-35.0283,17.91,G09016;G09017
771913185,105.2602,-35.1688,17.88,G09016;G09017
771921677,102.6126,-36.8598,18.86,G09016;G09017
771931561,102.5029,-36.1869,19.23,G09016
771932457,102.6877,-35.9127,18.57,G09016;G09017
771937827,103.7747,-35.6526,17.39,G09016;G09102;G09017
771961277,102.7329,-35.5869,18.48,G09016;G09017
771961457,102.7487,-35.5232,18.69,G09016;G09017
771964056,102.543,-35.0891,19.27,G09016
771965133,103.1342,-35.0535,16.83,G09102;G09017;G09166;20SECONDTARGET
771985792,103.9145,-34.5646,17.53,G09016;G09102;G09017;G09166
772003983,103.3804,-34.6134,17.91,G09166
772004558,103.3882,-34.6102,18.01,G09016;G09017
772006659,103.3305,-34.2884,18.53,G09016;G09017
772026385,104.019,-33.5462,18.24,G09016;G09017
772038616,101.0861,-35.6988,18.98,G09016;G09017
772041223,100.4854,-35.6511,17.65,G09102
772044687,100.6729,-35.1649,18.41,G09016;G09017
772051088,101.6495,-35.0994,17.55,G09016;G09102;G09017
772060916,102.1594,-34.458,19.02,G09016
772064731,102.1464,-34.1515,17.28,G09016;G09102;G09017;G09166
772073696,100.3919,-34.4983,17.43,G09016;G09102;G09017
772084056,101.0603,-34.0158,17.68,G09102;G09166
772084194,101.1061,-33.9101,18.96,G09016;G09017
772084617,101.0782,-33.8256,18.31,G09016;G09017
772099393,103.1274,-33.5568,17.59,G09016;G09102;G09017
772112550,103.6389,-32.9774,18.56,G09016;G09017
772126942,101.9415,-32.8514,17.77,G09102
772139292,102.5667,-32.487,17.78,G09016;G09102;G09017;G09166
772145519,102.4369,-32.1857,18.24,G09016;G09017
772162583,100.2665,-32.8001,19.08,G09016
772168244,100.1858,-32.2172,19.1,G09016
772181263,101.1828,-31.959,17.88,G09102;G09166
772182595,101.411,-31.5839,18.39,G09016;G09017
772187661,101.8522,-31.4932,17.41,G09016;G09102;G09017;G09166
772188327,102.4007,-31.5321,18.48,G09016;G09017
772223571,101.3096,-30.3619,17.03,G09016;G09017;G09166
772224051,101.0616,-30.4062,19.26,G09016
773589557,108.0086,-36.7587,19.02,G09016
773601312,107.8198,-36.3989,19.3,G09016
776991379,107.1049,-35.4317,18.96,G09016;G09017
776997740,106.9975,-35.0661,17.69,G09102
776998775,106.9837,-34.8708,17.77,G09016;G09017
777007376,106.9643,-34.5546,19.2,G09016
777036547,106.2018,-34.6129,19.01,G09016
777061270,107.3134,-33.615,18.64,G09016;G09017
777071001,106.5416,-33.4829,17.41,G09016;G09102;G09017;G09166
777071545,106.5678,-33.3232,17.82,G09016;G09102;G09017
777075080,107.0343,-33.1199,19.11,G09016
777158024,107.1441,-32.9691,19.16,G09016
777219473,105.2536,-33.0368,18.14,G09016;G09017;G09166
777276071,105.1224,-31.8608,19.0,G09016
777338168,106.113,-31.8,17.42,G09016;G09017;G09166
777338561,106.3666,-31.7982,18.25,G09016;G09017
777352466,105.5482,-31.402,17.29,G09177;G09102
777377620,106.5916,-30.6707,19.11,G09016
778126442,104.2262,-32.0896,18.67,G09016;G09017
778126740,104.2764,-31.991,19.28,G09041
778127059,104.3594,-32.0197,17.91,G09016;G09102;G09017;G09166
778131484,103.6546,-31.9945,18.85,G09016;G09017
778143542,105.3213,-31.3798,17.79,G09016;G09102;G09017;G09166
778146065,105.1624,-31.2183,18.66,G09025
778165605,103.588,-31.2077,18.7,G09016;G09017
778177298,103.8741,-31.1444,18.5,G09016;G09017
778193053,103.8152,-30.2972,18.41,G09016;G09017
778200300,105.4505,-30.7242,19.0,G09016
778215425,105.3582,-30.4088,19.24,G09016
778223526,106.1538,-30.2285,18.79,G09016;G09017
778224585,106.2175,-30.0655,18.58,G09016;G09017
778242197,105.9346,-29.7168,18.87,G09016;G09017
778272614,105.504,-29.5536,19.08,G09016;G09017
778284326,104.9877,-29.2836,16.09,G09016;G09102;G09017
778292076,105.4436,-28.8475,17.51,G09102
778293206,105.4223,-28.7179,18.41,G09016;G09017
778295592,102.5982,-31.0903,18.62,G09016;G09017
778300228,102.7791,-30.6649,18.98,G09016;G09017
778305525,102.6511,-30.6713,19.01,G09016
778315241,103.8396,-30.1549,18.38,G09016;G09017
778320343,102.9742,-30.1858,18.09,G09016;G09017
778330675,102.1017,-30.2625,18.74,G09016;G09017
778335796,102.3434,-29.9077,18.03,G09016;G09017
778342157,102.2378,-29.6486,18.39,G09016;G09017
778354951,102.221,-29.4693,18.23,G09016;G09017
778388095,104.9392,-28.8555,16.96,G09016;G09102;G09017;G09166
778402705,104.3128,-28.5254,18.59,G09016;G09017
778418297,103.7329,-28.56,18.0,G09016;G09017;G09166
778444300,103.6149,-27.9553,18.76,G09016;G09017
778445411,103.7909,-27.8398,18.49,G09016;G09017
778535136,105.9267,-28.7677,19.18,G09016
778537070,105.9286,-28.6771,18.93,G09016;G09017
778776593,106.0362,-27.7983,16.89,G09177
778794268,105.9528,-27.3205,17.61,G09016;G09102;G09017
778794279,105.9476,-27.3155,17.29,G09166
778799169,106.1169,-27.2112,18.48,G09016;G09017
778816924,105.0898,-27.2613,17.34,G09102;G09166
778819274,105.0283,-27.0397,19.06,G09016
778821867,104.7102,-27.266,17.8,G09016;G09102;G09017;G09166
778822592,104.6658,-27.1977,16.33,G09177;G09102
778839616,105.3004,-26.7772,17.99,G09016;G09102;G09017;G09166
96322307,103.7885,-35.6494,17.38,G09166
96391724,104.0028,-32.5578,16.92,G09166
96391732,103.9923,-32.5617,17.07,G09016;G09102;G09017
96520633,104.3229,-35.507,5.82,G09062;20SECONDTARGET
96522055,104.37,-35.0628,8.32,G09062
96580348,104.4864,-33.7678,16.77,G09177
96739823,104.7974,-33.8803,8.22,G09062
96799506,105.1765,-30.7191,11.5,G09079;G09036;G09039
96921920,105.4251,-32.5241,18.09,G09166
96928050,105.4907,-34.7454,15.24,G09102;20SECONDTARGET
97062473,105.8423,-34.0588,16.24,G09177;G09102
97065627,105.8818,-31.9292,16.0,G09177
97161543,105.9987,-32.514,16.04,G09177;G09102
97162204,105.9047,-32.9816,7.81,G09062
97163088,106.0304,-33.574,16.64,G09177
97273469,106.185,-31.9454,6.91,G09062
97276720,106.1959,-34.1226,16.3,G09177
97280658,106.3831,-34.7774,6.1,G09062
97281605,106.3205,-34.1431,7.06,G09062
97416936,106.5647,-33.319,17.64,G09166
97578039,107.0085,-35.0594,17.48,G09166
97579288,106.9255,-34.2065,8.86,G09062
97582089,106.9921,-32.4275,16.75,G09177
97656215,107.2592,-34.2984,16.94,G09016;G09102;G09017;G09166
97790682,107.3568,-33.4547,8.2,G09062
97791435,107.4241,-33.889,16.83,G09177
97921547,107.8333,-35.8505,11.1,G09058;G09114;20SECONDTARGET
106338071,109.5614,-28.9445,16.71,G09102;G09166
106410605,109.8026,-25.9211,17.27,G09102
106413626,109.705,-27.1287,15.8,G09025
106619926,110.0125,-29.7487,13.03,G09194
106752161,110.2711,-24.9656,16.35,G09177
106830354,110.2288,-26.9638,6.16,G09150
106839739,110.4799,-29.1696,12.24,G09194
106886673,110.3697,-28.621,11.55,G09196
106894218,110.4236,-25.9008,8.6,G09062
107083703,110.7395,-28.8869,16.49,G09177
107088110,110.6421,-27.2471,16.13,G09177;G09102;20SECONDTARGET
107255233,110.834,-27.7895,14.92,G09016;G09102;G09017;20SECONDTARGET
107259081,110.8661,-29.2492,16.29,G09177
107407027,111.0613,-26.4505,17.81,G09166
107414398,111.0974,-28.8721,17.38,G09166
107415639,111.0237,-29.3031,4.06,G09052;20SECONDTARGET
107538847,111.1565,-27.7125,17.29,G09102
107948929,111.7096,-27.6419,16.4,G09177;G09102
108121382,111.9462,-28.7334,16.36,G09177;20SECONDTARGET
108183404,112.0678,-27.7227,17.46,G09166
108413068,112.1758,-27.9045,7.96,G09062
108644881,112.4628,-28.24,14.44,G09102;20SECONDTARGET
108749984,112.5701,-26.3086,17.33,G09102
108834836,112.6713,-25.8257,16.78,G09102
108835547,112.6552,-26.0013,16.0,G09102
108839460,112.625,-27.0801,9.11,G09194
108946093,112.7887,-29.3266,16.59,G09177
109318740,113.157,-24.5728,7.97,G09062
109443319,113.1636,-28.9358,11.91,G09196;G09196
109447298,113.3037,-29.7973,10.47,G09196;G09196
109449497,113.3664,-29.1922,11.84,G09196
109692639,113.409,-28.2723,16.05,G09016;G09102;G09017;G09166
109927469,113.7862,-27.3805,10.04,G09196;G09196
110108756,113.9228,-25.2096,16.7,G09177
110204755,113.9952,-29.3618,17.25,G09102
110347046,114.3313,-25.2175,14.72,G09102;20SECONDTARGET
110481341,114.4133,-29.7492,14.89,G09016;G09102;G09017;G09166
110713000,114.5339,-28.7397,7.63,G09062;20SECONDTARGET
110714491,114.5871,-29.1978,9.73,G09062
110795273,114.7075,-27.8185,10.4,G09031
110908242,114.8343,-26.4877,16.53,G09102
111235557,110.3908,-30.1041,8.3,G09062
111242086,110.5084,-32.6303,16.49,G09177
111317402,110.4454,-35.5642,16.6,G09177;G09102
111381080,110.717,-30.7068,16.89,G09102
111383067,110.7186,-31.4372,16.84,G09177
111494999,110.7914,-35.8316,16.56,G09177
111539246,110.8971,-33.3845,9.28,G09062
111636453,111.0447,-32.5209,15.77,G09102
111636476,111.0485,-32.529,15.55,G09166
111644228,111.0381,-35.8743,11.38,G09194
112064333,111.5404,-33.8112,16.87,G09102
112069360,111.7619,-35.7756,18.11,G09166
112115538,111.7805,-30.6706,16.65,G09016;G09102;G09017;G09166
112115898,111.6559,-30.552,11.77,G09031;20SECONDTARGET
112117384,111.6577,-30.112,16.57,G09177
112234243,111.8258,-33.4812,16.5,G09166
112236473,111.8332,-34.3481,9.46,G09036
112407780,111.992,-31.2219,16.8,G09177
112604564,112.4192,-29.9379,12.32,G09058;20SECONDTARGET
112659652,112.3853,-31.915,16.71,G09177
112726375,112.5079,-32.9281,8.61,G09062
112727684,112.5784,-32.503,16.8,G09177
112923257,112.6419,-34.0906,7.81,G09150
113027515,112.8051,-31.6907,10.0,G09062
113177336,112.991,-35.2588,8.57,G09062
113292892,113.1747,-30.403,17.07,G09177
113661364,113.5492,-33.1194,15.15,G09102;20SECONDTARGET
113844912,113.7892,-31.5003,7.73,G09062
114115352,114.1256,-32.2118,10.75,G09102;20SECONDTARGET
114208332,114.1209,-35.5955,9.93,G09062
114299824,114.2834,-32.7554,12.93,G09058;20SECONDTARGET
114300451,114.2403,-32.5459,15.74,G09152
114658086,114.5907,-32.5727,10.97,G09062
125555805,114.9948,-27.7176,9.6,G09062
125800382,115.2955,-24.0768,16.52,G09177
126042721,115.616,-24.6536,17.2,G09025
126102143,115.6501,-25.2811,17.71,G09166
126110862,115.6595,-27.5834,11.36,G09062
126206007,115.7666,-29.06,8.41,G09062
126356111,115.8164,-25.7746,16.17,G09177
126436062,115.8523,-29.3591,7.64,G09062
126441970,115.9519,-28.9548,3.7,G09052;20SECONDTARGET
126446153,116.0132,-27.8266,10.44,G09020;20SECONDTARGET
126534808,116.0104,-25.6439,8.69,G09062
126544165,115.988,-23.9692,17.98,G09166
126586580,116.1423,-24.674,5.82,G09150;20SECONDTARGET
126780196,116.223,-24.1771,17.31,G09102
126922075,116.4509,-29.3547,17.82,G09166
127131602,116.7268,-27.8536,16.01,G09177
127262002,116.7378,-25.3707,7.79,G09062;20SECONDTARGET
127493838,117.1004,-25.8767,16.41,G09177
127568340,117.0352,-24.546,15.35,G09102
127569343,117.0836,-24.2964,16.13,G09102
127579341,117.2135,-26.0077,8.2,G09062
127581770,117.2131,-26.5678,15.01,G09102;20SECONDTARGET
127648842,117.1381,-28.4037,11.19,G09150
127746973,117.3669,-26.3412,9.85,G09150
127803530,117.4676,-24.1514,17.11,G09102
127977898,117.5752,-27.2509,10.73,G09150
128051438,117.6474,-24.8766,11.68,G09150
128051533,117.5433,-24.852,16.78,G09102
128127465,117.7853,-26.4693,11.84,G09150
128127559,117.7122,-26.4919,16.19,G09102
128325734,117.9003,-25.565,16.94,G09102;G09102;G09102;G09102
128326544,117.839,-25.3789,17.01,G09102
128336628,118.0237,-24.9849,16.85,G09102
128564719,118.11,-26.6572,11.19,G09150
128564945,118.1033,-26.6031,11.97,G09150
128576647,118.2893,-24.0501,16.35,G09102
128666345,118.2909,-26.5621,16.01,G09102
128671610,118.2597,-27.8328,13.76,G09102;20SECONDTARGET
128808726,118.4092,-26.234,9.31,G09150
128811735,118.3387,-25.5359,16.32,G09102
128812893,118.3879,-25.268,16.48,G09102
128898689,118.5649,-24.3268,15.39,G09041
128902569,118.5429,-25.3017,8.18,G09123
128902999,118.4835,-25.3989,15.47,G09016;G09017
129164534,118.6971,-24.2567,16.84,G09102
129170913,118.7806,-25.1696,17.29,G09102
129269428,118.7938,-29.0169,9.72,G09150
129364361,118.9316,-27.9015,11.64,G09150
129371913,118.8884,-26.0067,11.45,G09150
129437848,118.8826,-24.7441,16.34,G09102
129526049,119.11,-29.4239,9.58,G09150
129666810,119.2073,-25.9751,15.8,G09102
129671129,119.1522,-24.9117,15.71,G09102
129682867,119.3054,-25.3752,15.77,G09102
129793316,119.3847,-25.612,16.76,G09102
129876891,119.3921,-29.182,11.32,G09150
129886149,119.4428,-26.8956,17.6,G09016;G09017
129922541,119.4096,-25.2603,17.42,G09166
130096032,119.7559,-29.5809,9.36,G09194
130100502,119.7371,-28.5584,11.23,G09150
130101059,119.6789,-28.4388,10.89,G09150
130348163,119.9346,-29.0153,10.84,G09150
130530138,120.0618,-26.7647,17.18,G09102
130530816,120.1488,-26.9298,16.41,G09016;G09102;G09017;G09166
142295037,118.4106,-23.663,17.05,G09102
142837638,119.0643,-23.4186,17.23,G09166
144358830,121.2586,-34.3118,7.84,G09062
144361392,121.2635,-33.5912,6.18,G09062
144535458,121.4868,-33.0061,11.22,G09150
144746973,121.8041,-33.2659,11.24,G09150
144860431,121.9314,-32.75,17.11,G09166
148662156,114.7796,-32.1031,8.09,G09062
148794925,115.0294,-33.5423,11.86,G09150
148795222,115.1267,-33.4251,6.8,G09062;20SECONDTARGET
148872191,115.2515,-30.9276,10.18,G09062
148982298,115.3055,-32.6439,7.17,G09052
149075809,115.4567,-30.3862,8.27,G09062
149085381,115.4377,-33.0855,9.68,G09150
149134319,115.6742,-35.1616,8.88,G09062
149212278,115.7091,-30.4617,15.35,G09102;G09102;G09102;G09102;G09166
149517611,116.2281,-31.886,15.97,G09016;G09102;G09017;G09166;20SECONDTARGET
149672905,116.3935,-34.1598,4.78,G09062;20SECONDTARGET
149744486,116.4076,-33.9184,15.58,G09016;G09102;G09017;20SECONDTARGET
150082567,117.0286,-35.3928,17.67,G09166
150082579,117.0285,-35.3913,17.81,G09102
150151885,117.1768,-30.2533,6.9,G09062
150335527,117.3509,-30.5581,7.67,G09062;20SECONDTARGET
150470230,117.5396,-33.6107,9.86,G09062
150473921,117.5906,-32.4831,15.98,G09016;G09102;G09102;G09102;G09102;G09017
150560248,117.6531,-31.5966,17.88,G09166
150750364,118.0751,-30.8349,9.12,G09062
150796339,118.0635,-34.7037,4.64,G09062;G09157;20SECONDTARGET
151005205,118.3293,-32.9932,16.83,G09177
151157566,118.4651,-30.4072,16.1,G09177
151223679,118.571,-32.9213,17.9,G09166
151710029,119.1401,-34.3977,17.89,G09166
152154985,119.6356,-33.5176,17.33,G09166
152159822,119.7292,-34.6682,9.28,G09062
152329055,119.9882,-30.3756,7.02,G09194;G09062;20SECONDTARGET
152399684,120.0281,-31.9125,8.19,G09062
152401009,119.9204,-32.2369,9.75,G09062
152683125,120.2393,-33.0869,16.56,G09177
153042595,120.3229,-27.0753,15.65,G09102
153044084,120.3614,-27.4808,15.95,G09102
153120436,120.4637,-28.4762,16.41,G09016;G09102;G09017
231455095,109.124,-33.8982,17.51,G09102
231459128,109.178,-31.8138,16.52,G09166
231484259,109.3774,-30.2103,17.16,G09102
319862613,109.4469,-33.2422,9.58,G09194
319933613,109.5534,-33.4648,8.23,G09062
320214991,109.8295,-35.0391,7.6,G09062
320220653,110.0652,-33.7352,11.22,G09062
320346426,110.1993,-31.784,14.44,G09102;20SECONDTARGET
320346431,110.1957,-31.7865,14.3,G09166
320350213,110.1074,-33.549,8.28,G09062
320411045,110.1704,-33.9223,12.32,G09058;G09126;20SECONDTARGET
419084538,120.6114,-30.4188,7.97,G09062;20SECONDTARGET
419085989,120.6898,-30.7694,16.59,G09177
419424892,121.1677,-32.8728,9.91,G09062
65057472,107.6706,-29.661,9.51,G09062
65133086,107.7418,-29.4288,16.73,G09177
65133944,107.8213,-29.0653,16.57,G09177
65142573,107.8006,-25.9078,7.7,G09062;20SECONDTARGET
65191207,107.845,-25.751,16.88,G09177
65401386,108.0643,-26.5805,9.68,G09062
65664136,108.4018,-27.3563,6.36,G09150
65803653,108.5633,-26.3525,4.72,G09150;20SECONDTARGET
65900170,108.628,-25.8034,9.14,G09062
65903024,108.7026,-26.7726,4.05,G09164;20SECONDTARGET
65911723,108.8385,-29.8893,16.91,G09102
66340558,109.2349,-28.3292,13.61,G09102;20SECONDTARGET
66421167,109.1555,-29.3152,16.84,G09177
66599481,109.4655,-28.491,16.43,G09016;G09102;G09017;G09166
770622629,119.6393,-34.2921,19.07,G09016
772988207,115.6484,-35.4752,17.14,G09016;G09102;G09017
773033571,116.9224,-34.7028,19.28,G09016
773204390,114.0074,-34.3925,19.25,G09016
773284040,114.6459,-34.4691,17.83,G09102;G09166
773289174,115.1539,-34.334,18.14,G09016;G09017
773320307,115.189,-34.0683,17.65,G09016;G09102;G09017;G09166
773330185,115.8812,-33.5944,17.58,G09016;G09102;G09017
773430803,108.9495,-36.6497,18.55,G09016;G09017
773436582,109.5336,-36.6938,17.55,G09016;G09102;G09017
773449021,109.0896,-36.5002,17.95,G09166
773449025,109.0848,-36.5047,18.04,G09016;G09017
773476273,111.0098,-36.4272,19.02,G09016
773490199,111.6832,-36.2963,18.85,G09016;G09017
773510638,111.3368,-35.7113,17.92,G09016;G09102;G09017
773521589,111.8834,-35.0567,18.99,G09016;G09017
773528420,110.3459,-35.9194,18.25,G09016;G09017
773535432,110.5209,-35.5634,18.04,G09166
773535438,110.522,-35.5696,17.93,G09102
773550887,110.3815,-35.225,18.99,G09016;G09017
773558720,111.1564,-35.2215,17.76,G09016;G09017
773615049,108.9074,-35.8384,18.82,G09016;G09017
773628734,108.93,-35.5283,18.19,G09016;G09017
773678094,109.7791,-35.4103,17.92,G09166
773735838,110.2675,-33.9339,19.01,G09016
773757228,108.8212,-34.251,18.84,G09016;G09017
773774884,109.6284,-33.8535,17.74,G09016;G09017
773783127,109.8791,-33.6508,19.24,G09016
773893612,111.9052,-34.6378,19.05,G09016
773986434,114.3018,-33.7563,19.16,G09016
774041611,114.9887,-32.6705,19.22,G09016
774205944,111.8231,-33.4778,16.59,G09102
774218658,112.1745,-32.8726,18.76,G09016;G09017
774227223,112.0769,-32.538,17.23,G09016;G09102;G09017;G09166
774323806,110.546,-32.0135,18.82,G09016;G09017
774340574,112.6167,-32.564,18.16,G09016;G09017
774363052,112.8779,-31.8114,19.1,G09016;G09017
774410042,113.474,-31.4361,17.92,G09166
774434710,113.3504,-31.1346,18.91,G09016;G09017
774538309,112.1595,-30.6707,18.67,G09016;G09017
774551754,112.2043,-30.3113,19.11,G09016
774568041,118.8113,-34.9434,17.55,G09016;G09017
774573717,117.8135,-35.1227,18.19,G09016;G09017
774583367,117.8852,-34.6357,17.76,G09016;G09102;G09017
774594656,119.1383,-34.4054,17.91,G09102
774596198,119.4215,-34.2606,18.89,G09016;G09017
774633893,117.1292,-34.457,17.55,G09102
774639417,117.0892,-33.911,17.8,G09016;G09102;G09017;G09166
774642178,117.6034,-33.6992,19.18,G09016
774651181,117.9822,-33.7133,17.86,G09016;G09017
774662559,118.4806,-33.2609,18.72,G09016;G09017
774669459,118.2003,-33.2882,17.07,G09016;G09102;G09017
774691773,119.6463,-33.5143,17.33,G09016;G09017
774753695,119.1063,-32.6716,19.14,G09016
774756541,118.5692,-32.9125,17.97,G09016;G09017
774767724,118.9256,-32.5133,18.7,G09016;G09017
774842064,116.6691,-33.4381,18.6,G09016;G09017
774844964,116.4793,-33.1483,18.87,G09016;G09017
774853502,117.8898,-32.7886,19.12,G09016
774891556,115.6025,-32.8011,17.29,G09166
774891566,115.599,-32.7975,17.33,G09102
774959917,118.3515,-32.0473,19.2,G09016
774974569,118.0806,-32.0353,18.61,G09016;G09017
775030020,117.4625,-32.0365,19.26,G09016
775041282,117.6439,-31.5895,17.89,G09016;G09102;G09017
775049313,117.6883,-31.2633,17.76,G09016;G09102;G09017;G09166
775103687,117.5971,-30.5242,17.65,G09102
775157094,119.1996,-30.5342,18.84,G09016;G09017
775251859,119.3578,-29.4048,18.74,G09016;G09017
775280468,119.6859,-28.7604,18.57,G09016;G09017
775312136,115.7904,-31.8888,18.61,G09016;G09017
775350994,115.7644,-31.798,18.44,G09016;G09017
775372627,115.75,-31.4022,17.93,G09102
775454745,115.3031,-31.1322,17.96,G09016;G09017
775500770,114.964,-30.3798,17.23,G09102
775529914,117.1631,-30.9363,17.18,G09102
775564028,116.5212,-30.4805,19.11,G09016
775564285,116.5581,-30.4317,16.04,G09016;G09102;G09017;G09166;20SECONDTARGET
775646480,116.1704,-29.9628,18.84,G09016;G09017
775712953,116.4451,-29.361,17.86,G09016;G09102;G09017
775719217,116.2827,-29.1754,19.01,G09025
775738113,114.1383,-30.9353,18.8,G09016;G09017
775794634,114.5214,-30.4095,17.54,G09102;G09166
775829417,114.694,-29.8298,17.62,G09016;G09102;G09017
775829418,114.6855,-29.8247,17.61,G09166
775851904,112.9118,-30.3078,18.49,G09016;G09017
775870979,113.5308,-29.723,16.77,G09016;G09102;G09017;G09166
775878600,112.7303,-30.062,16.28,G09177
775884348,112.79,-29.7858,19.13,G09016;G09017
775964805,115.377,-29.6861,17.32,G09016;G09102;G09017
775981687,115.7637,-29.3462,19.11,G09016
776064301,115.6027,-28.4292,18.36,G09016;G09017
776142896,115.3555,-28.0511,18.0,G09016;G09102;G09017;G09166
776157537,115.0382,-28.1018,19.27,G09016
776546289,119.5863,-26.2301,18.68,G09016;G09017
776558753,116.8561,-28.2378,17.58,G09016;G09102;G09017;G09166
776564227,116.6338,-28.0879,19.21,G09016
776585501,116.1666,-27.8641,19.18,G09016
776586392,116.3199,-27.8467,18.31,G09016;G09017
776717437,117.1474,-26.7436,19.1,G09016
776717501,117.1476,-26.7085,17.92,G09016;G09017
776743323,116.7202,-26.3829,16.39,G09102
776753359,116.6972,-26.0977,16.77,G09177
776914466,117.361,-25.7284,18.41,G09016;G09017
776918754,117.6516,-25.503,17.41,G09102
776960018,117.7836,-25.4452,16.6,G09102
777104887,108.1474,-33.1473,17.89,G09016;G09017;G09166
777133291,108.6859,-32.5431,17.62,G09102
777419727,109.7179,-32.0043,17.45,G09016;G09102;G09017
777460384,109.9243,-31.4979,16.93,G09177
777479354,108.8627,-31.9635,18.46,G09016;G09017
777480658,109.1839,-31.8061,16.56,G09016;G09102;G09017
777504592,108.5723,-31.2768,17.96,G09016;G09017
777513065,108.7023,-31.0075,18.82,G09016;G09017
777575426,111.3674,-30.8727,17.9,G09102
777582932,111.3109,-30.5903,18.63,G09016;G09017
777607740,110.8003,-30.292,17.85,G09016;G09102;G09017;G09166
777662346,111.6602,-29.6763,17.74,G09102
777666362,111.7294,-29.5388,17.79,G09016;G09102;G09017;G09166
777798051,107.6743,-30.6959,18.38,G09016;G09017
777811636,109.0835,-30.4944,19.02,G09016
777816546,108.8682,-30.4018,18.29,G09016;G09017
777858462,107.5988,-30.1548,17.81,G09016;G09102;G09017
777864400,107.8295,-30.0854,16.87,G09016;G09102;G09017;G09166
777957111,109.3625,-29.0214,17.95,G09102
777963242,109.8462,-28.8621,16.64,G09177
777983062,110.4055,-28.7045,17.93,G09016;G09017
777999164,109.9602,-28.8478,18.36,G09016;G09017
778073352,109.8845,-28.1897,18.93,G09016;G09017
778093189,109.9628,-27.7023,17.88,G09166
778093208,109.969,-27.6922,17.93,G09016;G09102;G09017
778497296,107.8271,-28.6787,18.0,G09102;G09166
778498245,107.6724,-28.6201,17.31,G09016;G09102;G09017;G09166
778651033,108.946,-27.2633,17.79,G09016;G09017
778741335,108.3706,-26.285,17.31,G09102
778871733,107.212,-26.7674,18.68,G09016;G09017
778919037,107.2294,-26.0974,19.21,G09016
778932463,107.5107,-25.5788,18.73,G09016;G09017
779019738,112.2372,-29.5756,17.14,G09177;G09102
779036458,112.9669,-29.2,19.07,G09016
779225704,112.0787,-27.7284,17.53,G09102
779240900,113.8957,-28.5024,18.16,G09016;G09017
779280643,113.8122,-27.7708,19.17,G09016
779313819,115.0709,-27.0574,18.65,G09016;G09017
779318713,114.5018,-27.3105,18.93,G09016;G09017
779370543,112.6588,-27.1366,18.13,G09016;G09017
779370618,112.8345,-27.2571,19.03,G09016;G09017
779404448,114.0126,-26.5874,18.78,G09016;G09017
779413962,113.5892,-26.6384,18.71,G09016;G09017
779418537,113.3411,-26.5012,18.25,G09016;G09017
779516812,112.0581,-27.1896,19.3,G09016
779554692,110.0999,-27.6036,17.27,G09102
779586308,110.1054,-27.1056,19.18,G09016
779643529,110.7828,-26.39,16.81,G09177
779645939,111.0554,-26.4587,17.88,G09102
779678826,112.8219,-26.4372,18.23,G09016;G09017
779717891,113.165,-25.9832,18.82,G09016;G09017
779724160,113.7808,-25.8538,18.38,G09016;G09017
779789809,111.7154,-25.851,18.26,G09016;G09017
779789830,111.6979,-25.8329,17.05,G09016;G09102;G09017;G09166
779790682,111.7712,-25.7149,18.62,G09016;G09017
779858851,115.7618,-26.6088,17.46,G09102;G09166
779908146,116.3012,-26.0796,17.93,G09016;G09102;G09017;G09166
779991706,114.5079,-25.5698,18.66,G09016;G09017
780016862,115.6489,-25.2791,17.73,G09016;G09102;G09017
780142689,117.3688,-24.6006,18.98,G09016;G09017
780171850,115.8111,-25.0125,18.06,G09016;G09017
780235595,117.1868,-24.1828,18.1,G09016;G09017
780403725,113.214,-24.4699,19.0,G09016
780470923,115.5916,-24.191,19.2,G09016
780473514,115.9493,-24.0227,18.6,G09016;G09017
780473706,115.99,-23.9796,18.0,G09016;G09102;G09017
780674748,109.5815,-26.9263,19.22,G09016
780681834,110.0676,-26.7495,17.03,G09177;G09102
780684028,110.2684,-26.5873,17.88,G09016;G09017
780713535,109.7854,-26.0723,19.05,G09016
780779662,108.9582,-25.9761,17.66,G09016;G09102;G09017
780779775,109.3487,-26.2309,19.15,G09016
780851614,109.6599,-25.2179,18.62,G09016;G09017
780879758,110.7517,-25.5225,17.88,G09102
780883703,111.0628,-25.2852,18.8,G09016;G09017
780939610,110.4598,-24.9501,18.53,G09016;G09017
782112895,119.4135,-25.261,17.48,G09102
782260312,118.1806,-24.3809,19.12,G09016
782318866,119.0637,-23.4265,17.46,G09102
782321737,119.2354,-23.2661,17.83,G09025;G09041
824024045,121.1088,-33.0299,17.87,G09016;G09102;G09017
824703907,121.9236,-32.7414,17.15,G09102
824705655,121.7559,-32.6885,18.15,G09016;G09017
824733248,121.408,-32.4308,18.28,G09016;G09017
824772598,121.6951,-32.0887,17.92,G09016;G09102;G09017
825067896,120.2084,-32.4559,18.05,G09016;G09017
825275523,121.2961,-30.9808,17.98,G09016;G09102;G09017;G09166
825278801,121.2006,-30.8121,17.6,G09016;G09102;G09017
825315320,121.0184,-30.3498,19.11,G09016
825588216,120.1494,-29.8215,17.79,G09102;G09166
825716768,120.2548,-29.0513,18.8,G09016;G09017
97840441,107.6006,-30.1548,17.7,G09166
98168772,108.327,-33.9699,9.29,G09062
98283926,108.4524,-33.4374,13.15,G09058;G09142;20SECONDTARGET
98293921,108.6522,-32.5413,14.32,G09102;20SECONDTARGET
98293937,108.6834,-32.532,17.57,G09166
98393577,108.7486,-32.8029,8.11,G09062
98544203,109.0441,-30.4791,17.56,G09102
98545929,109.1045,-31.2444,12.45,G09058;20SECONDTARGET
100113050,109.1484,-17.9814,9.41,G09062
100389539,109.3883,-19.8289,10.9,G09058;G09114;20SECONDTARGET
10827386,110.2474,-21.1146,11.7,G09058;G09031;20SECONDTARGET
139385056,111.7478,-23.086,5.61,G09150;20SECONDTARGET
139786309,112.3312,-18.9792,16.82,G09177
140096203,115.5394,-22.3903,11.83,G09196
140533683,116.0876,-22.7057,11.46,G09196
140818922,116.4116,-19.8213,16.34,G09166
140877882,116.5348,-21.2217,8.88,G09194
140879012,116.5285,-21.5431,16.57,G09025
140882409,116.5287,-22.5028,11.21,G09150
141019807,116.7898,-18.1033,12.27,G09117
141260492,117.0497,-18.891,9.09,G09062
141261906,117.0323,-19.3313,7.81,G09062
141395223,117.1374,-22.4696,12.46,G09031
141402349,117.2419,-20.4184,17.19,G09166
141595550,117.4383,-20.2086,6.01,G09062
141653007,117.5529,-20.3469,16.9,G09102
141837416,117.7985,-20.7846,11.67,G09196
141988284,117.9554,-20.7209,6.36,G09062
142358230,118.451,-22.4892,15.67,G09102
147484847,105.0412,-14.1801,15.48,G09016;G09102;G09017
147918815,105.5947,-17.8159,16.52,G09166
147918835,105.5961,-17.8253,16.69,G09016;G09102;G09017
148108466,105.9303,-15.9749,16.31,G09025
148179495,106.0764,-14.21,9.6,G09196
148454392,106.4696,-14.9051,17.03,G09102
148590337,106.707,-16.4926,16.44,G09102
148721945,106.7927,-13.6134,16.23,G09102
231406987,115.1538,-19.4425,12.02,G09196
231419689,115.3158,-20.3663,8.6,G09062
231426825,115.2265,-22.4209,8.33,G09062
259070502,113.4498,-14.5239,2.89,G09036
259157383,113.5409,-13.0641,11.55,G09117
259214713,113.5542,-16.1868,6.15,G09062
259217117,113.5774,-17.1074,17.52,G09025;G09041
259363581,114.0626,-12.1753,8.75,G09062
262321830,108.7974,-23.0153,11.83,G09196
288474555,114.2885,-13.9067,9.0,G09123
288474623,114.2815,-13.8892,12.16,G09196
289011319,114.8951,-16.0271,8.07,G09062
289113764,115.0955,-17.4177,12.82,G09016;G09017;G09102
289247934,115.0157,-12.5479,16.56,G09102
289325903,115.1812,-16.4427,17.46,G09102
295401737,108.7015,-15.4763,6.93,G09062
295624699,108.886,-17.1306,15.45,G09102
295629702,108.8964,-17.1298,15.35,G09166
295945688,109.029,-17.1779,16.3,G09177
296182274,109.2742,-14.8468,7.0,G09062
306536180,107.5334,-16.2442,9.67,G09196;G09196
306536310,107.648,-16.2941,16.98,G09016;G09102;G09017;G09166
306537275,107.5701,-16.6469,12.38,G09052
306539043,107.5346,-17.2477,15.96,G09102
306852153,107.9849,-17.5051,9.78,G09062
306949865,108.1356,-14.4918,7.46,G09052
307294649,108.3659,-13.6238,17.46,G09166
307303669,108.2974,-16.7735,11.42,G09196
333714282,116.1989,-15.0847,7.46,G09062
333938902,116.3379,-15.5673,15.08,G09102;G09166
334059000,116.5531,-15.1705,12.15,G09196
334061567,116.5713,-16.191,14.16,G09041
346715528,117.1196,-16.514,17.44,G09102
346887826,117.3977,-17.5491,16.81,G09102
346889553,117.3909,-16.8611,7.56,G09062
348744589,113.9227,-21.4825,7.73,G09052
348802343,113.8121,-18.9048,8.06,G09062
349043273,114.1709,-19.7023,5.91,G09150;20SECONDTARGET
349201305,114.422,-23.3287,16.48,G09102
349318274,114.3764,-19.4104,11.9,G09117
349323840,114.4562,-18.2689,16.12,G09016;G09102;G09017
349414705,114.5166,-20.3895,11.55,G09196
354680659,107.4342,-14.6166,17.57,G09166
354770601,107.4041,-16.0963,9.16,G09164
385722763,110.8927,-17.6881,16.83,G09102
385865494,111.1472,-13.6447,17.2,G09016;G09102;G09017
385910710,111.2091,-17.1631,18.11,G09016;G09017
385924749,111.2831,-13.752,5.37,G09062;20SECONDTARGET
386070356,111.5146,-15.6667,6.31,G09062;20SECONDTARGET
386206938,111.6727,-14.4561,17.25,G09166
405046988,113.6199,-13.8695,6.24,G09062;20SECONDTARGET
405111559,113.677,-17.6791,9.43,G09062
405113468,113.8007,-17.5471,6.74,G09062;20SECONDTARGET
405164570,113.8351,-14.0482,7.07,G09062;20SECONDTARGET
405216722,114.1762,-13.0638,9.03,G09164
409081898,109.4889,-16.1796,8.92,G09062
409089031,109.4897,-13.887,7.08,G09062;20SECONDTARGET
409130147,109.5141,-13.7007,8.61,G09196
409130195,109.5274,-13.7176,10.81,G09196
409195416,109.5401,-15.6283,8.77,G09052
409207712,109.7309,-15.7609,13.27,G09031
409594381,110.2495,-13.9263,11.01,G09058;G09114;20SECONDTARGET
412344084,110.4899,-18.1144,16.89,G09166
412458408,110.786,-18.1341,16.53,G09177
412515802,110.7578,-20.3735,15.02,G09102;20SECONDTARGET
412670422,110.9116,-18.0871,16.91,G09166
412743856,111.2169,-21.9641,10.3,G09117
412784279,111.307,-19.802,9.99,G09062
412842729,111.3158,-22.1001,17.01,G09025
415276070,114.9426,-21.4856,11.4,G09058;G09114;20SECONDTARGET
423127506,113.0652,-19.0348,11.55,G09196
423245334,113.5769,-23.4737,5.41,G09062;20SECONDTARGET
456736556,112.784,-21.7058,16.02,G09102
456765540,112.9385,-19.3719,11.8,G09196
456796636,113.2165,-21.0948,14.88,G09025;20SECONDTARGET
456871289,113.5129,-22.2957,3.94,G09062;G09123;20SECONDTARGET
49834546,111.8234,-17.2425,17.45,G09166
49835817,111.7786,-16.7371,16.82,G09016;G09102;G09017
50102520,112.0251,-14.9478,10.67,G09196;G09196
50108394,112.0206,-13.0503,15.24,G09016;G09102;G09017;20SECONDTARGET
50211272,112.1697,-14.9912,14.33,G09031
50218531,112.1987,-17.4193,17.08,G09166
50276717,112.3352,-17.345,6.57,G09062
50283734,112.3397,-15.0004,5.86,G09062;20SECONDTARGET
50374471,112.4737,-14.1547,9.19,G09150
5051080,109.9191,-21.8896,12.47,G09102;20SECONDTARGET
5051420,109.8754,-22.0048,8.55,G09150
50648349,112.6139,-14.9132,10.59,G09117
5123582,110.0324,-21.6536,12.16,G09196
5127671,110.0092,-20.289,17.0,G09166
5214630,112.4642,-23.0243,4.57,G09052;20SECONDTARGET
5220128,112.4089,-21.0354,16.96,G09177
5236342,112.5123,-19.4983,15.75,G09041
56038863,113.1317,-17.8424,16.58,G09016;G09102;G09017;G09166
62355113,115.508,-11.8523,6.93,G09062;20SECONDTARGET
64963323,107.5059,-24.2049,16.3,G09177
65186456,107.8747,-24.164,17.5,G09102
65652471,108.2604,-24.2248,6.59,G09062;20SECONDTARGET
66057502,109.0108,-24.3954,16.43,G09177
744872179,107.2105,-24.0966,18.39,G09016;G09017
744906234,107.8288,-23.7333,16.67,G09177
744966372,106.4646,-23.3836,18.04,G09016;G09017
745035699,106.7105,-22.2576,18.67,G09016;G09017
745089593,109.0445,-22.5953,17.35,G09016;G09017;G09166
745123103,109.2185,-21.7062,18.61,G09016;G09017
745167492,107.7463,-21.5639,18.63,G09016;G09017
745183654,108.5711,-21.4594,17.47,G09166
745183686,108.5634,-21.4533,17.51,G09102
745190869,108.6794,-21.1091,17.55,G09016;G09102;G09017
745195351,107.8017,-21.4312,19.19,G09016
745196629,107.7242,-21.3497,18.46,G09016;G09017
745198175,107.815,-21.2028,18.43,G09016;G09017
745255809,106.4012,-22.2007,17.57,G09102
745378009,107.2356,-21.2549,19.19,G09016
745389239,106.5329,-21.1651,17.88,G09102;G09166
745411191,108.1452,-20.6918,17.82,G09016;G09102;G09017
745438096,106.4271,-21.1146,19.12,G09016
745450031,106.3363,-20.779,16.89,G09016;G09102;G09017
745487252,107.3538,-20.0164,18.49,G09016;G09017
745492264,106.5845,-20.3022,18.25,G09016;G09017
745504652,106.7485,-19.845,18.55,G09016;G09017
745516161,109.4559,-21.7084,17.82,G09016;G09017
745667044,110.0054,-20.2804,17.0,G09102
745683415,109.1355,-20.1285,19.23,G09016
745788327,111.5214,-19.2537,18.2,G09016;G09017
745833592,109.8918,-19.4807,17.53,G09102;G09166
745898222,108.1244,-20.5419,19.21,G09016
745902053,108.3138,-20.2042,17.87,G09016;G09102;G09017
745904208,108.6905,-20.1849,18.98,G09016;G09017
745925732,108.1623,-19.6073,19.3,G09016
745963532,108.1834,-19.4848,18.39,G09016;G09017
745994838,108.7156,-18.7478,17.39,G09016;G09102;G09017;G09166
745998109,108.1128,-18.9829,19.06,G09016
746001037,107.6357,-18.8891,19.16,G09016
746002804,108.0318,-18.6572,18.82,G09016;G09017
746007681,108.1697,-18.4837,17.78,G09102;G09166
746048306,110.5955,-18.5387,19.02,G09016;G09017
746059300,110.921,-18.0909,17.43,G09102
746067208,110.2663,-18.2784,18.42,G09016;G09017
746073229,110.0177,-17.994,17.7,G09102
746074212,110.4981,-18.1089,17.0,G09016;G09102;G09017
746087238,108.9397,-18.3417,17.75,G09016;G09102;G09017;G09166
746096468,108.9356,-18.1876,17.5,G09102;G09166
746109170,109.0275,-17.6929,18.51,G09016;G09017
746111336,109.9116,-17.8593,18.95,G09016;G09017
746114268,109.6789,-17.6503,18.81,G09016;G09017
746127077,109.8159,-17.2491,17.75,G09102;G09166
746304521,106.5632,-19.3414,18.68,G09016;G09017
746306201,105.7816,-19.6996,19.03,G09016
746316404,106.1507,-19.2104,18.87,G09016;G09017
746317710,106.3288,-19.1481,18.02,G09016;G09017
746671594,107.2449,-18.3084,19.17,G09016
746672637,107.4719,-18.2674,17.7,G09016;G09102;G09017
746702675,106.6146,-18.1993,19.28,G09016
746820239,108.5959,-16.941,19.25,G09016
746917439,106.0715,-17.6455,18.71,G09016;G09017
746957300,106.3883,-17.062,18.29,G09016;G09017
746966557,105.938,-16.9391,17.88,G09016;G09017
747018748,105.7863,-16.6733,18.6,G09016;G09017
747108980,107.8311,-15.7868,17.94,G09016;G09102;G09017;G09166
747158768,105.7786,-15.5775,19.12,G09016;G09017
747175529,106.8013,-15.3404,18.1,G09016;G09017
747206609,106.7289,-14.6491,18.23,G09016;G09017
747692645,105.2791,-14.7705,17.64,G09016;G09102;G09017;G09166
747698345,106.4094,-14.8245,18.27,G09016;G09017
747743950,105.2507,-14.5011,18.54,G09016;G09017
748433298,112.7046,-19.1325,18.44,G09016;G09017
748436543,112.5142,-19.0243,19.24,G09016
748443078,112.914,-18.6733,18.7,G09016;G09017
748460262,113.3599,-18.4291,18.69,G09016;G09017
748498875,112.2167,-18.0366,17.27,G09016;G09102;G09017;G09166
748509996,112.0421,-17.8474,17.87,G09016;G09102;G09017
748520529,112.9243,-17.5547,17.78,G09016;G09102;G09017;G09166
748526716,112.1925,-17.429,17.14,G09016;G09102;G09017
748586827,114.2526,-17.1248,18.8,G09016;G09017
748621185,112.5463,-16.9681,16.59,G09016;G09102;G09017;G09166
748696746,110.9459,-17.283,19.03,G09016
748701552,111.9604,-17.2194,18.39,G09016;G09017
748701923,111.553,-17.3576,19.21,G09016
748702832,111.8175,-17.2464,17.45,G09016;G09102;G09017
748729780,110.779,-17.1251,18.05,G09016;G09017
748741080,110.2731,-16.8397,18.81,G09016;G09017
748759206,110.8184,-16.3856,16.87,G09016;G09102;G09017;G09166
748817028,112.9219,-15.9417,18.15,G09016;G09017
748846891,111.5805,-15.9045,19.02,G09016
748920727,114.8602,-16.2901,18.23,G09016;G09017
748937131,116.0727,-16.0299,16.37,G09102
748949220,116.326,-15.6167,19.02,G09016
748958637,115.5194,-15.5575,18.2,G09016;G09017
749023007,114.772,-15.1519,18.95,G09025
749060426,116.6886,-14.9142,16.66,G09102
749276908,114.1145,-13.7364,19.25,G09016
749281002,113.8111,-13.8667,17.05,G09016;G09102;G09017
749295023,113.9169,-13.4106,17.97,G09102;G09166
749341614,115.412,-13.2892,17.79,G09016;G09102;G09017;G09166
749374549,114.259,-13.0163,18.56,G09016;G09017
749383291,115.4089,-13.077,19.02,G09016
749544491,109.2077,-14.9438,18.85,G09016;G09017
749618795,111.6764,-14.4657,17.35,G09016;G09102;G09017
749715601,111.0168,-13.3918,18.92,G09016;G09017
749800985,107.4405,-14.6156,17.77,G09102
749815019,107.2878,-14.5274,18.97,G09016;G09017
749836084,108.0835,-14.0893,19.22,G09016
749845262,108.7412,-13.6883,17.62,G09016;G09102;G09017;G09166
749867567,109.8499,-14.1864,18.99,G09016;G09017
749870165,109.4431,-14.2469,19.18,G09016
749897735,109.9354,-13.622,17.99,G09016;G09017
749949011,108.9258,-13.4127,17.13,G09102
749972776,108.7044,-12.9611,18.54,G09016;G09017
749988647,110.084,-12.6681,18.76,G09016;G09017
750137147,112.4319,-12.9847,17.43,G09016;G09102;G09017;G09166
750187638,113.6754,-12.7154,18.54,G09016;G09017
750318203,110.7956,-12.7141,18.91,G09016;G09017
750369952,110.3346,-12.5004,18.09,G09016;G09017
751551813,106.3782,-13.9792,18.9,G09016;G09017
751552841,106.3977,-13.8319,18.67,G09016;G09017
751572547,107.2909,-13.5431,17.13,G09016;G09102;G09017
751586294,107.3437,-13.3888,18.3,G09016;G09017
780618996,115.5479,-22.9696,17.16,G09102
780996712,111.287,-23.945,17.05,G09177
781018068,111.032,-23.5629,18.14,G09016;G09017
781134497,107.3191,-24.6077,18.99,G09016;G09017
781152902,108.2116,-24.4734,18.88,G09016;G09017
781192552,108.3925,-23.6558,17.57,G09102
781200592,108.2616,-23.3781,17.36,G09102
781217454,110.0692,-23.9905,19.22,G09016
781228459,109.2545,-24.0166,18.42,G09016;G09017
781231961,109.3702,-23.7937,18.83,G09016;G09017
781274831,110.6148,-23.0961,18.09,G09016;G09017;G09166
781276478,110.4423,-22.9779,18.89,G09016;G09017
781290085,108.8947,-23.7073,16.67,G09016;G09102;G09017
781323205,109.1081,-23.0884,18.93,G09016;G09017
781324288,109.2243,-22.9485,17.33,G09016;G09102;G09017;G09166
781344589,110.142,-22.8611,18.49,G09016;G09017
781357616,109.2407,-22.8096,18.85,G09016;G09017
781358726,109.5173,-22.7826,18.03,G09166
781372793,109.8035,-22.3126,17.97,G09025
781470384,112.2538,-23.5328,19.11,G09016
781518441,112.3726,-22.7635,15.88,G09025
781523733,112.1904,-22.4229,18.02,G09166
781523734,112.1937,-22.4229,18.04,G09016;G09017
781526136,112.7823,-22.3956,18.03,G09016;G09017
781592165,114.9192,-22.1361,19.02,G09016
781651090,113.0253,-21.9326,18.37,G09016;G09017
781658094,113.1483,-21.894,19.17,G09016
781658096,113.1458,-21.896,17.92,G09016;G09102;G09017;G09166
781744643,111.2538,-22.3576,19.14,G09016
781754850,112.0056,-22.258,18.33,G09016;G09017
781877451,111.181,-21.1566,18.84,G09016;G09017
781982370,111.8045,-20.9462,18.17,G09166
782000624,111.5842,-20.8297,17.78,G09102;G09166
782037411,112.8059,-20.2708,18.07,G09016;G09017
782040877,113.0121,-20.074,17.88,G09016;G09102;G09017;G09166
782050287,112.3264,-20.2228,19.11,G09016
782568181,116.4775,-22.9785,18.15,G09016;G09017
782584518,116.2286,-22.825,18.92,G09016;G09017
782596998,116.6622,-22.4253,17.95,G09016;G09102;G09017;G09166
782621856,117.8536,-21.913,19.24,G09016
782755323,117.7756,-21.6599,19.11,G09016
782755608,117.7319,-21.6229,18.75,G09016;G09017
782769614,118.3281,-21.0731,18.87,G09016;G09017
782850859,117.2489,-20.4247,17.2,G09102
783127903,114.4395,-20.8179,18.66,G09016;G09017
783145106,115.4336,-20.6128,18.7,G09016;G09017
783216450,116.4175,-19.8308,16.35,G09016;G09102;G09017
783217275,116.4927,-19.7253,19.07,G09016
783226668,117.2704,-19.6724,18.31,G09016;G09017
783228248,117.3142,-19.6339,19.04,G09016
783254874,117.4969,-19.0171,18.09,G09016;G09017
783267141,116.2408,-19.6603,17.57,G09016;G09102;G09017;G09166
783340019,113.9886,-20.4976,17.68,G09016;G09102;G09017;G09166
783400689,114.6326,-19.4091,18.27,G09016;G09017
783409166,113.2291,-20.0549,17.05,G09102
783481304,115.7337,-18.9344,18.49,G09016;G09017
783552685,114.792,-18.4131,17.76,G09016;G09102;G09017
783575017,114.3349,-18.1106,18.8,G09016;G09017
783595260,115.2835,-17.817,17.93,G09016;G09102;G09017
783603253,115.6259,-17.5804,18.81,G09016;G09017
783920456,117.458,-16.7112,17.91,G09016;G09102;G09017;G09166
783923791,117.4009,-16.6436,19.03,G09016
783948206,116.3337,-16.6827,18.0,G09016;G09017
80817264,106.0106,-20.2451,12.79,G09166
80956151,106.2262,-21.5423,12.16,G09196
81058371,106.3962,-22.2072,17.44,G09166
81153267,106.4514,-23.6856,16.39,G09177
81220688,106.4111,-20.5779,16.2,G09177
81320127,106.5726,-20.7306,15.39,G09102;20SECONDTARGET
81404416,106.7506,-22.9512,16.36,G09102
81584725,106.995,-23.9122,16.62,G09177
81668439,107.0179,-20.1422,16.65,G09177;G09102
81677445,107.1282,-18.6814,16.74,G09016;G09102;G09017
81737290,107.1142,-21.0698,15.28,G09041;20SECONDTARGET
81744320,107.0616,-23.4317,8.68,G09164
81836708,107.2717,-22.0032,16.32,G09177
81936492,107.4163,-19.1226,16.48,G09016;G09102;G09017;G09166
81984230,107.3876,-23.6599,15.59,G09102;G09166
94229917,115.2173,-15.0286,16.16,G09102
94323017,115.4605,-14.7354,17.2,G09102
94409441,115.4684,-14.731,17.37,G09166
94510585,115.6186,-17.7703,17.35,G09102
94512116,115.6439,-17.3193,17.69,G09166
94588337,115.8215,-14.1368,11.57,G09196
94770120,115.8713,-16.0212,17.22,G09102
94867385,115.9787,-17.1721,16.32,G09102
95513457,107.389,-16.2345,6.0,G09052;20SECONDTARGET
95521561,107.285,-13.5483,17.11,G09166
95589845,110.4835,-12.5655,12.05,G09058
95669146,110.4516,-17.7445,12.64,G09194
98878315,107.5392,-18.6856,5.87,G09062;20SECONDTARGET
98878653,107.4815,-18.5528,16.29,G09177
98886269,107.6717,-19.9866,17.34,G09102
99086567,107.7189,-18.0515,7.5,G09036
99155397,107.8429,-22.8482,16.88,G09102
99349256,108.0852,-18.2652,16.48,G09016;G09102;G09017;G09166
99354946,108.1263,-20.178,17.35,G09016;G09102;G09017;G09166
99356450,108.1416,-20.6828,17.77,G09166
99424943,108.2914,-23.2998,16.9,G09102
99608963,108.3215,-20.1993,17.77,G09166
99694823,108.5425,-18.9839,7.22,G09062
99830371,108.6979,-23.1657,17.22,G09102
99832044,108.5842,-23.6903,15.18,G09102
99935330,108.9072,-23.7064,16.64,G09166
99935334,108.887,-23.7075,7.81,G09062;20SECONDTARGET
