TICID,RA,Dec,Tmag,Keywords
121104002,57.4538,-22.7849,15.05,G09016;G09102;G09017;G09166
12632682,53.0884,-11.7937,16.91,G09016;G09102;G09017;G09166
178215592,58.9345,-20.1164,17.94,G09016;G09017
38695560,58.359,-11.18,16.19,G09016;G09102;G09017;G09166
423448336,51.3164,-17.3763,16.84,G09016;G09102;G09017
649621724,58.9487,-11.4817,19.12,G09016
649627875,57.7304,-10.599,18.61,G09016;G09017
651598946,56.1773,-22.2183,19.0,G09016;G09017
651602491,56.5179,-22.2215,19.0,G09016;G09017
651606113,55.6654,-22.2138,17.98,G09016;G09102;G09017;G09166
651609814,54.694,-21.0808,17.53,G09016;G09102;G09017
651610034,56.4888,-21.7242,18.31,G09016;G09017
651610543,56.6989,-21.1931,18.43,G09016;G09017
651610795,55.8573,-21.3693,18.83,G09016;G09017
651610801,55.7795,-21.3618,18.58,G09016;G09017
651611906,57.1871,-20.6074,18.51,G09016;G09017
651613037,56.138,-20.8439,18.83,G09016;G09017
651613922,55.4237,-20.3057,19.13,G09016
651614311,56.553,-20.286,18.28,G09016;G09017
651615293,56.2205,-19.6028,18.0,G09016;G09017
651617685,58.4009,-21.3673,18.92,G09016;G09017
651620548,58.0508,-20.4473,18.78,G09016;G09017
651622011,58.8294,-19.8565,19.13,G09016
651622906,59.4375,-19.4881,17.81,G09016;G09017
651625343,58.9353,-19.5654,18.82,G09016;G09017
651625742,57.9971,-19.5026,17.86,G09016;G09102;G09017
651626555,56.8272,-19.8234,18.54,G09016;G09017
651628089,58.1718,-18.9002,18.52,G09016;G09017
651629525,59.5914,-18.9684,18.13,G09016;G09017;G09166
651632933,58.4401,-18.0392,19.03,G09016
651634480,59.3568,-17.2653,19.18,G09016
651635266,59.447,-17.2225,17.45,G09016;G09102;G09017;G09166
651635379,59.578,-16.9987,19.09,G09016
651655983,53.8711,-21.5124,19.14,G09016
651659648,53.5026,-20.6732,19.22,G09016
651659870,53.1979,-20.3599,19.13,G09016
651660071,53.9238,-20.2032,18.74,G09016;G09017
651660329,53.0783,-20.3152,18.9,G09016;G09017
651660419,53.3783,-20.1193,18.5,G09016;G09017
651661872,54.3124,-20.235,18.97,G09016;G09017
651662178,55.0307,-19.7497,18.08,G09016;G09017
651662648,55.4108,-19.7343,17.73,G09016;G09102;G09017;G09166
651663552,55.552,-19.1637,18.06,G09016;G09017;G09166
651664068,53.9796,-19.694,18.6,G09016;G09017
651665552,55.0903,-19.0052,18.61,G09016;G09017
651667669,52.1699,-19.6437,18.07,G09016;G09017
651667989,52.6254,-19.6642,16.92,G09016;G09102;G09017
651668781,52.4663,-19.0954,19.28,G09016
651668807,52.7686,-19.0286,17.54,G09016;G09102;G09017;G09166
651671452,53.7194,-19.1294,19.06,G09016
651672807,54.1107,-18.3991,19.08,G09016
651672897,54.5557,-18.3771,18.43,G09016;G09017
651674205,52.813,-18.2735,19.04,G09016
651675091,53.1158,-17.9072,18.17,G09016;G09017
651675554,53.3787,-17.617,18.03,G09016;G09017
651682027,50.5475,-19.4582,18.34,G09016;G09017
651690604,48.7147,-18.5764,19.19,G09016
651694431,50.196,-18.9242,16.97,G09016;G09102;G09017;G09166
651694651,50.7606,-18.7049,18.19,G09016;G09017
651694860,50.6076,-18.3961,18.86,G09016;G09017
651694967,51.3928,-18.6106,18.26,G09016;G09017
651696328,49.8999,-18.3936,18.15,G09016;G09017
651697511,50.6808,-17.7461,18.11,G09016;G09017
651698086,50.233,-17.439,17.49,G09016;G09102;G09017;G09166
651701029,51.9567,-16.9432,18.89,G09016;G09017
651701647,51.5381,-16.5889,18.5,G09016;G09017
651702027,51.9659,-16.5282,19.12,G09016
651703010,49.4561,-17.9672,18.89,G09016;G09017
651704324,50.3171,-17.1213,19.3,G09016
651705648,48.9505,-16.7558,17.4,G09177;G09016;G09102;G09017
651706719,49.5251,-16.1841,19.24,G09016
651706799,48.9125,-16.3951,18.43,G09016;G09017
651707198,49.0514,-15.8823,19.1,G09016
651710112,50.1288,-15.7264,18.73,G09016;G09017
651710480,49.5068,-15.5779,18.65,G09016;G09017
651710660,49.71,-15.515,18.0,G09016;G09102;G09017;G09166
651711131,51.0005,-15.2548,17.6,G09016;G09102;G09017
651711395,50.3173,-15.2418,19.2,G09016
651711767,50.7467,-14.738,19.24,G09016
651712510,56.6667,-18.7462,17.87,G09016;G09102;G09017;G09166
651713142,56.0402,-18.4816,18.7,G09016;G09017
651713207,56.3318,-18.311,19.04,G09016
651714116,56.4237,-18.091,18.23,G09016;G09017
651714145,56.7645,-18.0483,17.48,G09016;G09102;G09017
651715754,55.3774,-17.9809,17.86,G09016;G09102;G09017;G09166
651715982,56.2864,-17.9558,18.63,G09016;G09017
651716178,56.3332,-17.6961,18.66,G09016;G09017
651717728,57.6684,-17.5879,18.84,G09016;G09017
651718023,57.4539,-17.5424,18.51,G09016;G09017
651719228,58.8246,-16.8509,18.81,G09016;G09017
651719869,58.4522,-16.6139,19.09,G09016
651720726,57.3368,-16.9253,18.42,G09016;G09017
651721463,56.7178,-16.6199,19.12,G09016
651721923,58.026,-16.5996,18.19,G09016;G09017
651721986,57.9127,-16.433,19.28,G09016
651723272,54.8934,-17.6553,18.76,G09016;G09017
651723787,54.5358,-17.332,18.98,G09016;G09017
651725648,54.5429,-16.8968,17.93,G09016;G09102;G09017
651727940,55.8567,-16.4922,18.93,G09016;G09017
651728260,56.1381,-16.1567,18.42,G09016;G09017
651730559,55.6715,-15.6062,18.04,G09016;G09017;G09166
651733190,59.2808,-16.1979,18.61,G09016;G09017
651735349,58.2159,-15.9948,18.9,G09016;G09017
651737462,58.9904,-15.0365,18.56,G09016;G09017
651738415,59.8121,-14.6871,19.09,G09016
651741214,58.2711,-14.6068,19.28,G09016
651742252,58.4463,-14.0198,19.19,G09016
651742722,57.2641,-14.5165,17.47,G09016;G09102;G09017;G09166
651742986,57.2778,-14.3076,17.81,G09016;G09102;G09017
651743563,56.6492,-14.1719,18.11,G09016;G09017;G09166
651744827,57.6813,-13.6285,17.39,G09016;G09102;G09017
651745863,58.6101,-13.9654,18.93,G09016;G09017
651746101,58.7299,-13.7862,18.24,G09016;G09017
651746246,59.0081,-13.6732,18.65,G09016;G09017
651746875,59.7622,-13.4414,19.11,G09016
651748668,58.0045,-13.34,19.1,G09016
651749835,59.6526,-12.681,19.06,G09016
651753549,52.9609,-15.8087,19.06,G09016;G09017
651753565,52.9141,-15.7527,18.05,G09016;G09017;G09166
651753987,52.3632,-15.491,18.67,G09016;G09017
651754116,52.9245,-15.3718,18.96,G09016;G09017
651755622,54.7526,-15.3194,18.12,G09016;G09017
651756071,54.3308,-15.2252,19.28,G09016
651757576,55.5966,-14.0193,18.51,G09016;G09017
651757941,54.6683,-14.6253,18.92,G09016;G09017
651758589,53.9341,-14.2404,18.56,G09016;G09017
651759364,54.6807,-13.99,18.98,G09016;G09017
651760280,52.1793,-15.0833,18.86,G09016;G09017
651761671,52.3473,-14.4273,17.68,G09016;G09102;G09017;G09166
651762243,51.3494,-14.7611,18.22,G09016;G09017
651764481,53.3305,-14.2011,18.45,G09016;G09017
651765752,54.1202,-13.2994,18.88,G09016;G09017
651765810,54.7794,-13.3003,18.49,G09016;G09017
651767301,52.4982,-13.2508,19.11,G09016
651767989,53.2279,-12.9496,17.94,G09016;G09102;G09017;G09166
651769057,56.2444,-14.2278,19.01,G09016
651769239,56.3747,-14.0135,18.74,G09016;G09017
651771277,56.6433,-13.0097,18.13,G09016;G09017
651771995,55.8704,-13.3056,16.4,G09016;G09102;G09017;G09166
651772427,54.9187,-13.2235,18.74,G09016;G09017
651774397,58.0026,-12.9156,18.95,G09016;G09017
651776003,58.5399,-12.0291,18.72,G09016;G09017
651776027,58.631,-11.9871,19.0,G09016;G09017
651776981,56.9165,-12.3843,18.58,G09016;G09017
651777882,56.5943,-11.7821,18.76,G09016;G09017
651778241,57.5141,-11.8817,18.46,G09016;G09017
651778465,57.8057,-11.5791,18.73,G09016;G09017
651778998,57.6327,-11.3955,19.28,G09016
651779537,54.8692,-13.1028,19.27,G09016
651779620,55.105,-12.9037,18.99,G09016;G09017
651780303,54.4959,-12.5164,18.24,G09016;G09017
651782208,54.385,-11.8823,18.92,G09016;G09017
651783125,55.0323,-11.5674,18.92,G09016;G09017
651785944,56.4743,-10.8485,18.23,G09016;G09017
651786935,55.8359,-10.5938,18.55,G09016;G09017
651788204,55.9677,-10.1674,19.19,G09016
651817598,47.0432,-17.4943,19.25,G09016
651828311,48.2491,-16.1015,18.13,G09016;G09017
651832268,49.5549,-15.0662,18.47,G09016;G09017
651832940,49.8517,-14.9541,19.05,G09016;G09017
651833682,49.6572,-14.4128,17.98,G09016;G09102;G09017;G09166
651835458,49.743,-13.935,18.57,G09016;G09017
651873753,50.7727,-13.8675,19.14,G09016
651874820,51.8334,-13.2054,17.98,G09016;G09102;G09017
651875504,51.4037,-12.7838,17.4,G09016;G09102;G09017;G09166
651875714,49.6955,-13.628,18.24,G09016;G09017
651876182,50.316,-12.9967,18.1,G09016;G09017
651876643,49.6928,-13.0009,17.64,G09016;G09102;G09017
651876765,50.6685,-13.1963,18.69,G09016;G09017
651877766,50.8141,-12.2926,18.16,G09016;G09017
651878545,51.6063,-12.8394,19.12,G09016
651878886,52.2101,-12.3898,19.29,G09016
651879063,51.9184,-12.1254,18.49,G09016;G09017
651879083,52.0016,-12.0735,18.29,G09016;G09017
651880742,51.7038,-11.9699,19.06,G09016;G09017
651881853,52.4766,-11.3567,18.95,G09016;G09017
651882009,52.321,-11.1705,18.35,G09016;G09017
651882221,51.6994,-11.3365,18.76,G09016;G09017
651888215,51.1648,-10.9583,19.08,G09016
651888463,51.7303,-10.7408,17.76,G09016;G09017
651888974,51.5161,-10.4615,19.07,G09016;G09017
651892068,53.7517,-11.1447,18.93,G09016;G09017
651892677,53.448,-10.8257,19.24,G09016
651893145,54.2076,-10.8406,18.07,G09016;G09017
651893987,52.887,-11.1172,18.64,G09016;G09017
651894260,53.2349,-10.8166,19.13,G09016
651894390,53.0792,-10.7204,19.05,G09016
651894904,52.8795,-10.386,17.48,G09016;G09102;G09017
651895732,53.0859,-10.3247,18.1,G09016;G09017
651896957,54.6871,-10.2494,18.89,G09016;G09017
651897455,54.8506,-9.7177,18.48,G09016;G09017
651897665,55.2375,-9.8658,19.27,G09016
651898540,55.3556,-9.3028,18.51,G09016;G09017
651899293,53.7477,-9.7538,18.04,G09016;G09017;G09166
651901309,51.9736,-10.3501,18.9,G09016;G09017
651901314,51.9116,-10.3282,18.35,G09016;G09017
651903405,51.3764,-10.0375,18.39,G09016;G09017
651906256,53.6782,-9.1841,19.25,G09016
651909704,53.443,-8.1796,19.19,G09016
671771242,61.9231,-13.2268,17.56,G09016;G09102;G09017;G09166
671771366,62.2202,-13.0273,19.01,G09016;G09017
671772488,61.2028,-13.2369,17.65,G09016;G09102;G09017;G09166
671774312,61.5478,-12.7563,17.29,G09016;G09102;G09017
686506133,60.1078,-17.5002,18.55,G09016;G09017
686507406,60.891,-17.1058,18.43,G09016;G09017
686508048,60.9621,-16.5605,18.57,G09016;G09017
686508769,60.2452,-16.671,17.91,G09016;G09102;G09017
686508833,60.5522,-16.5492,19.17,G09016;G09017
686509090,61.0697,-16.2504,18.82,G09016;G09017
686509486,60.2707,-16.2461,17.97,G09016;G09102;G09017;G09166
686516705,60.2165,-15.508,18.28,G09016;G09017
686516807,60.5466,-15.5544,18.32,G09016;G09017
686517230,60.7678,-15.1713,19.01,G09016
686517487,60.9005,-15.0042,18.73,G09016;G09017
686521058,60.3511,-13.8765,19.0,G09016;G09017
686521260,60.4585,-13.8333,19.26,G09016
686521589,60.5438,-13.3569,18.63,G09016;G09017
92343769,51.0964,-19.4161,16.52,G09016;G09102;G09017
92355716,51.771,-19.5401,16.3,G09016;G09102;G09017;G09166
92361821,52.4679,-20.5639,17.41,G09016;G09102;G09017
11047648,56.2569,-3.8144,16.6,G09016;G09102;G09017
11052616,65.6327,-3.3621,17.22,G09016;G09017;G09102;G09166
248621149,66.4195,-2.58,16.3,G09016;G09102;G09017;G09166
250140196,63.7445,-4.7895,17.76,G09016;G09017
250171954,64.6309,-2.3185,17.28,G09016;G09102;G09017;G09166
269629297,61.2416,-5.39,17.35,G09016;G09102;G09017;G09166
269694728,61.6362,-4.5468,16.84,G09016;G09102;G09017
34267409,61.6977,-6.7434,17.19,G09016;G09017;G09102
34341055,62.5701,-8.5722,17.38,G09016;G09102;G09017;20SECONDTARGET
38577955,56.652,-7.2191,17.6,G09016;G09102;G09017
649625885,58.9869,-10.1472,17.86,G09016;G09102;G09017;G09166
649627015,59.3465,-9.8369,18.75,G09016;G09017
649627092,59.6216,-9.6645,17.91,G09016;G09102;G09017;G09166
649627608,59.5055,-9.2369,18.43,G09016;G09017
649627747,59.9958,-9.1702,18.28,G09016;G09017
649627769,59.9461,-9.0605,17.96,G09016;G09017
649630470,58.4321,-9.1982,18.43,G09016;G09017
649632565,57.0009,-8.9716,18.53,G09016;G09017
649632614,57.3217,-8.8265,19.15,G09016
649633523,59.52,-9.0245,17.8,G09016;G09102;G09017;G09166
649634568,59.8345,-8.7313,17.29,G09016;G09102;G09017
649634728,59.8955,-8.5529,18.19,G09016;G09017
649635027,59.4623,-8.4117,19.0,G09016;G09017
649636085,58.6678,-8.4558,18.86,G09016;G09017
649636615,57.832,-8.3417,18.07,G09016;G09017
649640874,56.2409,-8.7993,19.02,G09016
649645138,58.1989,-7.8111,18.53,G09016;G09017
649645996,58.3753,-7.748,18.34,G09016;G09017
649648551,56.6333,-6.8675,18.99,G09016;G09017
649649670,57.7323,-6.3839,18.99,G09016;G09017
649650513,55.1593,-7.6696,18.46,G09016;G09017
649651488,55.6153,-7.3704,18.24,G09016;G09017
649651605,55.9006,-7.3077,19.1,G09016
649655300,56.4721,-6.8555,18.01,G09016;G09017
649656224,56.155,-6.471,19.15,G09016;G09017
649656359,56.1651,-6.273,18.03,G09016;G09017;G09166
649657238,56.734,-6.0347,18.89,G09016;G09017
649657867,55.7266,-6.3375,19.21,G09016
649658070,55.4519,-6.0839,19.16,G09016
649658163,55.7899,-6.1424,19.01,G09016
649658423,55.7756,-5.8018,18.4,G09016;G09017
649658823,55.4712,-5.8187,18.66,G09016;G09017
649660030,55.7432,-5.2296,17.84,G09016;G09102;G09017
649660239,55.9837,-5.133,17.47,G09016;G09017
649661465,59.073,-6.5192,18.93,G09016;G09017
649662293,59.392,-6.115,18.74,G09016;G09017
649663723,58.0952,-6.0851,18.51,G09016;G09017
649666352,59.3226,-4.9129,18.61,G09016;G09017
649668850,58.8105,-4.8251,17.6,G09016;G09102;G09017
649668986,58.5854,-4.7332,19.25,G09016
649669059,58.5416,-4.6305,17.3,G09016;G09102;G09017;G09166
649673690,58.9594,-3.7168,18.61,G09016;G09017
649673987,59.881,-3.7025,17.81,G09016;G09102;G09017;G09166
649674493,59.772,-3.4645,18.79,G09016;G09017
649674896,58.5818,-3.9277,18.99,G09016;G09017
649675734,58.0565,-3.419,19.07,G09016
649675832,58.287,-3.4566,18.91,G09016;G09017
649678378,53.5829,-6.4234,18.89,G09016;G09017
649678496,53.6484,-6.2129,19.09,G09016
649685774,54.3454,-4.7024,18.32,G09016;G09017
649687082,55.3146,-4.0247,18.16,G09016;G09017
649697810,56.3914,-4.5099,18.19,G09016;G09017
649698833,56.3905,-3.8104,18.71,G09016;G09017
649699359,57.2385,-3.7843,18.95,G09016;G09017
649699379,57.3447,-3.6688,17.02,G09016;G09102;G09017;G09166
649700057,57.0673,-3.3619,17.64,G09016;G09102;G09017;G09166
649700163,56.7239,-3.262,19.17,G09016
649703515,57.8493,-3.0725,17.41,G09016;G09102;G09017
649704046,57.5304,-2.8051,18.36,G09016;G09017
649705237,57.9703,-2.275,18.31,G09016;G09017
649705574,56.983,-2.8909,19.26,G09016
649714729,56.1952,-1.4291,17.49,G09016;G09102;G09017;G09166
649715401,57.3226,-0.9888,18.1,G09016;G09017;G09166
649718941,59.6774,-2.7708,18.47,G09016;G09017
649719157,59.6195,-2.5516,17.69,G09016;G09102;G09017;G09166
649719400,59.6807,-2.4133,18.98,G09016;G09017
649719710,59.9181,-2.0669,18.59,G09016;G09017
649721680,59.9894,-0.8323,18.97,G09016;G09017
649722241,58.8041,-1.3085,18.53,G09016;G09017
649724940,59.2184,0.0328,18.12,G09016;G09017
649727270,58.7777,-0.2219,18.84,G09016;G09017
649732015,58.9325,0.5089,18.05,G09016;G09017
649732089,58.5609,0.4903,18.63,G09016;G09017
649732806,59.5934,0.798,18.81,G09016;G09017
649734110,58.2124,0.9146,18.45,G09016;G09017
649734967,58.0626,1.3445,17.73,G09016;G09102;G09017
649736037,59.3056,1.8396,18.88,G09016;G09017
649825896,57.9654,1.6627,16.68,G09016;G09102;G09017;G09166
649828488,58.5003,2.8199,18.8,G09016;G09017
649844839,59.3629,2.7005,18.71,G09016;G09017
649845079,59.0322,2.8876,18.88,G09016;G09017
651933202,53.2935,-7.1465,18.64,G09016;G09017
651933220,53.2402,-7.0766,17.95,G09016;G09102;G09017
671778362,63.8986,-11.6747,17.85,G09016;G09102;G09017
671780702,63.5435,-11.5018,18.73,G09016;G09017
671787292,62.333,-11.4399,18.92,G09016;G09017
671790665,60.8479,-11.0076,18.64,G09016;G09017
671790783,60.91,-10.8294,18.63,G09025;G09041;G09016;G09017
671791295,61.1159,-10.4523,18.43,G09016;G09017
671791799,62.3194,-10.3229,17.77,G09016;G09102;G09017;G09166
671792867,61.7308,-9.8504,18.94,G09016;G09017
671798050,64.1175,-10.6752,18.5,G09016;G09017
671798389,64.0575,-10.3955,18.03,G09016;G09017;G09166
671799659,64.2302,-10.1897,17.8,G09016;G09017
671807160,63.3516,-10.7358,17.45,G09016;G09102;G09017
671808590,63.3775,-9.9188,17.61,G09016;G09102;G09017;G09166
671808873,63.9003,-10.1268,19.02,G09016
671809040,64.204,-9.8354,17.9,G09016;G09102;G09017;G09166
671809325,64.3602,-9.7273,17.84,G09016;G09102;G09017;G09166
671810290,63.8748,-9.4001,18.8,G09016;G09017
671813655,63.4711,-8.8233,18.82,G09016;G09017
671815690,64.845,-8.5876,17.77,G09016;G09102;G09017
671817705,64.0779,-8.8282,18.87,G09016;G09017
671818817,63.3955,-8.4281,18.35,G09016;G09017
671822492,60.9489,-10.0272,18.76,G09016;G09017
671822592,60.1037,-10.3802,18.47,G09016;G09017
671822953,60.681,-9.9677,18.83,G09016;G09017
671823503,61.0247,-9.9039,19.11,G09016
671825039,60.0334,-9.6605,18.88,G09016;G09017
671828482,61.8126,-8.5615,19.11,G09016
671829052,62.8811,-8.5412,19.02,G09016;G09017
671830828,61.5303,-8.4835,18.97,G09016;G09017
671830890,61.8357,-8.3846,18.16,G09016;G09017
671832263,61.896,-8.0153,17.88,G09016;G09017
671832961,61.6226,-7.8365,18.83,G09016;G09017
671834648,63.1573,-7.8698,18.3,G09016;G09017
671835348,63.2488,-7.3933,18.48,G09016;G09017
671835677,63.8407,-7.5648,18.74,G09016;G09017
671835770,63.9497,-7.4365,18.71,G09016;G09017
671836381,63.6266,-7.3786,18.48,G09016;G09017
671836529,63.8342,-7.1653,17.99,G09016;G09017
671840022,63.0111,-6.6241,19.03,G09016
671841836,60.5436,-7.6631,17.95,G09016;G09017
671843272,60.755,-7.0154,18.64,G09016;G09017
671843915,60.1296,-7.0438,18.92,G09016;G09017
671844285,60.5747,-6.676,19.06,G09016
671846364,61.3646,-6.6364,19.01,G09016
671847326,62.6916,-6.0951,18.66,G09016;G09017
671849509,61.5556,-5.7265,18.67,G09016;G09017
671851383,61.5731,-5.2516,18.81,G09016;G09017
671872930,65.5275,-7.3635,18.65,G09016;G09017
671876363,65.9495,-6.1357,17.63,G09016;G09102;G09017;G09166
671927823,64.6049,-6.7487,18.71,G09016;G09017
671928199,64.9752,-6.5706,19.23,G09016
671930117,66.0202,-5.9216,18.16,G09016;G09017;G09166
671930407,65.745,-5.8217,18.72,G09016;G09017
671931129,65.4969,-5.6983,18.81,G09016;G09017
671932225,64.2118,-6.0639,17.98,G09016;G09102;G09017;G09166
671936502,65.6828,-5.4394,19.29,G09016
671936529,65.9578,-5.4333,18.16,G09016;G09017;G09166
671938569,66.4315,-5.0255,19.06,G09016
671941544,65.5045,-4.3636,18.17,G09016;G09017;G09166
671948558,62.2178,-4.918,18.61,G09016;G09017
671950355,63.6335,-3.9452,19.3,G09016
671951039,63.3814,-3.8004,18.97,G09016;G09017
671956800,63.9399,-3.5418,17.91,G09016;G09102;G09017;G09166
671959788,67.2235,-4.512,18.36,G09016;G09017
671961282,67.4363,-3.9068,18.51,G09016;G09017
671965046,66.5544,-3.7843,17.9,G09016;G09017
671965450,66.4113,-3.513,19.17,G09016
671966011,66.7277,-3.1291,19.1,G09016
671975808,67.6966,-2.4553,18.71,G09016;G09017
671975909,67.6642,-2.3778,19.23,G09016
671980825,65.726,-3.0721,18.24,G09016;G09017
671981312,66.0351,-2.886,19.3,G09016
671981821,66.8769,-2.8271,19.0,G09016;G09017
671982744,66.9108,-2.2998,17.9,G09016;G09102;G09017;G09166
671984769,65.65,-2.3981,17.3,G09016;G09102;G09017
671987799,65.8492,-1.5764,18.98,G09016;G09017
671988373,67.3374,-2.0973,18.56,G09016;G09017
672730590,60.3028,-5.0161,18.99,G09016;G09017
672732250,61.0295,-4.324,17.98,G09016;G09102;G09017;G09166
672733528,60.4338,-4.2027,18.02,G09016;G09017
672733564,60.302,-4.117,19.18,G09016
672733894,60.3896,-3.9215,18.64,G09016;G09017
672734236,60.3842,-3.5432,17.19,G09016;G09102;G09017;G09166
672735507,61.6642,-4.0898,18.2,G09016;G09017
672736371,62.7781,-3.8174,19.29,G09016
672737538,62.5969,-3.3593,19.12,G09016;G09017
672738637,61.5281,-3.5525,18.48,G09016;G09017
672738744,61.5212,-3.3327,18.4,G09016;G09017
672739035,60.853,-3.481,16.98,G09016;G09102;G09017;G09166
672740446,61.7355,-3.0996,18.89,G09016;G09017
672740750,61.4742,-2.8394,19.26,G09016
672741039,61.7581,-2.742,18.85,G09016;G09017
672742814,63.5133,-2.6762,17.53,G09016;G09102;G09017;G09166
672744622,63.4339,-2.341,18.21,G09016;G09017
672746022,62.5989,-2.3971,18.12,G09016;G09017
672746735,62.7323,-2.1377,17.43,G09016;G09102;G09017
672747025,62.5686,-1.9075,19.3,G09016
672747397,63.0711,-2.0353,18.15,G09016;G09017
672748292,62.6289,-1.8115,18.49,G09016;G09017
672749917,60.0622,-2.7831,18.9,G09016;G09017
672750821,61.5707,-2.3931,18.44,G09016;G09017
672758155,60.5885,-1.1837,17.22,G09016;G09102;G09017
672759181,62.3645,-0.6862,18.6,G09016;G09017
672759207,62.4854,-0.6013,19.15,G09016
672761654,64.1947,-1.811,18.97,G09016;G09017
672762355,64.5892,-1.3487,18.93,G09016;G09017
672762530,65.3994,-1.503,18.65,G09016;G09017
672763452,65.1357,-1.4054,17.65,G09016;G09102;G09017;G09166
672763716,64.8619,-1.2253,17.59,G09016;G09102;G09017
672764435,65.4622,-0.7439,17.53,G09016;G09102;G09017
672765489,64.3873,-0.9635,17.67,G09016;G09102;G09017
672778996,63.45,-0.6845,19.08,G09016
672782478,62.3736,-0.3003,19.2,G09016
672785104,63.0239,0.4423,18.7,G09016;G09017
672785198,63.1489,0.507,18.31,G09016;G09017
672795753,60.8506,-0.8533,18.08,G09016;G09017;G09166
672797486,60.9587,-0.1216,18.77,G09016;G09017
672797885,61.1379,0.1641,17.39,G09016;G09102;G09017
672801744,61.8397,0.8864,19.0,G09016;G09017
672804753,60.5821,1.2194,19.0,G09016
672815983,60.1948,1.8775,18.85,G09016;G09017
67718433,63.4118,-8.0259,16.14,G09016;G09102;G09017;G09166
67859501,64.8368,-9.5755,16.93,G09016;G09102;G09017
9237081,62.4894,-4.147,16.7,G09016;G09102;G09017;G09166
274088493,49.5339,2.207,17.39,G09016;G09102;G09017
301620216,55.1624,-0.4969,16.8,G09016;G09102;G09017
328226384,43.2703,0.2277,17.02,G09016;G09102;G09017
328300693,46.228,3.5999,17.16,G09016;G09102;G09017
328401010,47.3536,0.423,17.27,G09016;G09102;G09017
439869954,43.3854,-0.5626,16.14,G09016;G09102;G09017
457160465,55.6248,0.4047,16.65,G09016;G09102;G09017
640000642,44.7262,0.5113,18.47,G09016;G09017
640001296,45.9258,0.886,18.08,G09016;G09017
640002301,44.2874,0.7743,17.57,G09016;G09102;G09017;G09166
640002416,44.4432,1.0184,17.97,G09016;G09102;G09017;G09166
640008033,46.2829,2.6329,18.08,G09016;G09017;G09166
640008233,47.0129,2.9299,18.66,G09016;G09017
640008271,46.8848,3.0469,18.66,G09016;G09017
640014368,45.2324,3.1572,18.85,G09016;G09017
640015168,45.8658,3.2874,18.68,G09016;G09017
640015822,45.4061,3.6425,19.16,G09016
640017572,45.1944,3.8991,19.04,G09016
640019274,47.5389,2.8217,18.61,G09016;G09017
640019524,47.4886,3.1632,18.48,G09016;G09017
640020108,48.8612,3.3956,18.36,G09016;G09017
640020296,48.6454,3.6187,18.38,G09016;G09017
640020443,48.1065,3.4707,18.68,G09016;G09017
640020632,48.2015,3.698,17.71,G09016;G09102;G09017;G09166
640021043,47.3908,3.2562,17.83,G09016;G09102;G09017;G09166
640021142,46.8489,3.228,17.2,G09016;G09102;G09017
640021428,47.2511,3.6388,18.92,G09016;G09017
640022778,47.2983,4.2473,19.13,G09016
640023104,49.292,3.6505,18.77,G09016;G09017
640023850,49.114,4.175,19.22,G09016
640024433,49.7782,4.3464,17.97,G09016;G09102;G09017
640026919,49.3252,5.0448,17.72,G09016;G09102;G09017;G09166
640026949,49.3903,5.1574,18.05,G09016;G09017
640028927,46.4445,4.6302,18.25,G09016;G09017
640029959,45.9293,4.5483,18.82,G09016;G09017
640035367,48.1594,6.4441,18.91,G09016;G09017
640035404,48.3171,6.517,19.11,G09016
640074485,51.0011,5.9268,18.72,G09016;G09017
640076983,50.4498,6.4949,19.24,G09016
640083665,50.2349,6.8513,17.82,G09016;G09102;G09017;G09166
640084086,50.2653,7.1857,18.6,G09016;G09017
640084664,50.183,7.5279,18.58,G09016;G09017
640084687,50.1099,7.4983,18.32,G09016;G09017
640086791,49.1286,8.0156,18.67,G09016;G09017
649597238,42.6366,-0.9735,17.63,G09016;G09102;G09017;G09166
649598653,42.3438,-1.002,18.87,G09016;G09017
649600403,43.4155,-0.6584,18.76,G09016;G09017
649600560,43.3583,-0.4642,18.43,G09016;G09017
649603508,44.1032,0.5993,18.54,G09016;G09017
649604173,43.5157,0.9817,17.8,G09016;G09102;G09017;20SECONDTARGET
649680861,52.304,-5.9228,18.22,G09016;G09017
649688664,51.6046,-5.1695,18.42,G09016;G09017
649689510,52.9338,-4.7739,19.24,G09016
649689576,53.1572,-4.6547,18.03,G09016;G09017;G09166
649690270,51.2793,-5.259,17.98,G09016;G09102;G09017
649690503,51.241,-4.9568,18.35,G09016;G09017
649690825,51.6212,-4.6558,18.0,G09016;G09102;G09017;G09166
649691346,51.1293,-4.5201,19.24,G09016
649693498,53.3525,-4.11,19.01,G09016
649695721,53.1751,-3.6193,18.09,G09016;G09017
649696210,52.9011,-3.4307,18.43,G09016;G09017
649696356,52.717,-3.279,18.02,G09016;G09017;G09166
649711005,54.0161,-2.8788,18.05,G09016;G09017;G09166
649711088,54.2334,-2.6412,18.67,G09016;G09017
649712896,55.2192,-1.6124,17.53,G09016;G09102;G09017
649718412,55.9325,-0.3677,18.93,G09016;G09017
649740967,51.3628,-3.2216,18.98,G09016;G09017
649741220,49.841,-3.909,18.07,G09016;G09017
649741354,50.2489,-3.8387,18.74,G09016;G09017
649743398,50.6047,-2.694,18.1,G09016;G09017;G09166
649743862,52.1124,-3.055,18.34,G09016;G09017
649744532,52.001,-2.7639,18.61,G09016;G09017
649745974,52.8553,-1.9397,18.28,G09016;G09017
649746114,51.5766,-2.7515,18.47,G09016;G09017
649747374,51.827,-2.1955,18.32,G09016;G09017
649749345,49.1501,-2.9092,17.49,G09016;G09102;G09017
649749897,49.9877,-2.5346,18.54,G09016;G09017
649750131,50.0751,-2.3019,18.36,G09016;G09017
649751020,48.4831,-2.4979,19.09,G09016
649751497,48.1131,-2.4265,18.61,G09016;G09017
649754369,51.1545,-1.5852,18.76,G09016;G09017
649755465,49.8824,-1.6828,18.58,G09016;G09017
649755502,49.8393,-1.5827,18.53,G09016;G09017
649756865,50.4312,-0.8407,19.21,G09016
649756939,50.5216,-0.6956,19.18,G09016
649757114,51.1797,-0.4987,18.1,G09016;G09017
649758934,53.1812,-1.5468,17.37,G09016;G09102;G09017
649759211,53.9587,-1.617,19.14,G09016;G09017
649759868,53.635,-1.1006,18.27,G09016;G09017
649761180,53.0018,-0.9648,17.39,G09016;G09102;G09017
649761969,53.1523,-0.8219,18.23,G09016;G09017
649762032,53.076,-0.6241,18.16,G09016;G09017
649762995,55.0041,-0.7161,18.63,G09016;G09017
649765614,54.2017,-0.1096,17.89,G09016;G09102;G09017;G09166
649766067,54.0918,-0.0296,18.84,G09016;G09017
649766508,54.2175,0.4415,19.19,G09016;G09017
649768555,52.0906,-0.6614,18.04,G09016;G09017;G09166
649769614,52.7625,-0.3081,18.8,G09016;G09017
649770203,52.6347,0.0472,18.54,G09016;G09017
649770776,52.6312,0.4153,19.19,G09016
649771180,51.5605,-0.194,18.15,G09016;G09017
649771340,51.564,0.0393,18.82,G09016;G09017
649771699,50.7625,0.0999,17.63,G09016;G09102;G09017
649771897,51.5811,0.3045,17.62,G09016;G09102;G09017;G09166
649772268,51.8647,0.2143,17.98,G09016;G09102;G09017;G09166
649772390,51.9286,0.4174,19.17,G09016
649774324,53.0183,0.567,19.09,G09016;G09017
649774436,52.9406,0.7547,17.54,G09016;G09102;G09017;G09166
649775196,54.458,0.9797,19.28,G09016
649775748,53.6059,1.2161,19.22,G09016
649776614,53.0385,1.1224,17.33,G09016;G09102;G09017;G09166
649776770,53.023,1.2018,19.29,G09016
649777643,52.5867,1.6537,18.42,G09016;G09017
649779293,47.8278,-2.105,18.48,G09016;G09017
649779670,48.0699,-1.8194,17.96,G09016;G09017
649779787,47.4446,-2.0607,17.88,G09016;G09102;G09017
649780456,48.4813,-1.5225,18.36,G09016;G09017
649780862,48.7071,-1.0892,17.72,G09016;G09017
649782260,46.5407,-1.2862,18.17,G09016;G09017
649782275,46.6933,-1.2288,18.75,G09016;G09017
649783821,47.7977,-0.0625,18.07,G09016;G09017;G09166
649784589,49.1575,-0.5531,18.67,G09016;G09017
649785072,49.1778,-0.1382,19.13,G09016
649786269,49.7429,0.3904,19.04,G09016
649787952,49.6962,0.5079,17.89,G09016;G09102;G09017;G09166
649788129,49.5097,0.7444,18.67,G09016;G09017
649788543,49.4058,0.8427,18.53,G09016;G09017
649788595,49.0635,0.7878,18.58,G09016;G09017
649789635,46.0307,-0.4284,17.9,G09016;G09102;G09017;G09166
649790977,47.1426,0.474,19.15,G09016
649791145,45.886,-0.1854,17.99,G09016;G09017
649791464,45.8962,0.0389,17.65,G09016;G09102;G09017;G09166
649792526,46.1153,0.3601,19.26,G09016
649794368,48.3582,1.0582,18.95,G09016;G09017
649794625,48.8873,1.3435,18.87,G09016;G09017
649794701,48.2561,1.0994,18.49,G09016;G09017
649794815,47.9739,1.071,18.85,G09016;G09017
649795268,47.0696,0.6829,17.96,G09016;G09017
649795340,47.4243,0.8828,18.43,G09016;G09017
649795664,47.3421,1.099,19.16,G09016
649797250,47.8339,1.9649,19.15,G09016;G09017
649797376,47.501,2.1187,19.03,G09016
649798670,50.461,0.8863,17.8,G09016;G09102;G09017;G09166
649799174,51.6165,1.0678,18.9,G09016;G09017
649799721,50.9479,1.3281,18.64,G09016;G09017
649802434,50.5845,1.9561,18.44,G09016;G09017
649802781,52.1178,1.4021,17.66,G09016;G09102;G09017;G09166
649805179,52.1893,2.4401,18.37,G09016;G09017
649806854,51.3983,2.7357,18.04,G09016;G09017
649807909,51.9828,2.979,17.77,G09016;G09102;G09017;G09166
649808621,49.1796,1.3992,17.3,G09016;G09102;G09017;G09166
649809099,48.9066,1.5327,18.67,G09016;G09017
649810047,50.3657,2.3097,17.6,G09016;G09102;G09017;G09166
649810310,50.195,2.5828,18.9,G09016;G09017
649810702,50.2036,2.6725,18.54,G09016;G09017
649811792,48.2022,2.6069,18.51,G09016;G09017
649811838,48.662,2.5611,18.69,G09016;G09017
649812645,49.3785,3.0579,18.56,G09016;G09017
649812762,48.9682,2.8954,18.89,G09016;G09017
649813164,49.1288,3.3177,18.57,G09016;G09017
649814457,50.5503,3.2197,18.64,G09016;G09017
649814596,50.4906,3.3009,18.74,G09016;G09017
649814606,50.4057,3.2772,18.83,G09016;G09017
649814858,51.5505,3.2177,18.56,G09016;G09017
649815259,51.8949,3.632,17.73,G09016;G09102;G09017;G09166
649816645,50.3389,3.5384,17.45,G09016;G09102;G09017
649817104,49.5644,3.7653,18.05,G09016;G09017;G09166
649817537,50.5047,3.7336,18.99,G09016;G09017
649817621,50.7228,3.8361,18.9,G09016;G09017
649817876,51.1281,4.0152,18.71,G09016;G09017
649818230,50.2292,4.0064,18.2,G09016;G09017
649819568,56.2959,0.5787,18.23,G09016;G09017
649821856,56.9787,1.5086,19.07,G09016;G09017
649822371,55.2558,0.898,18.4,G09016;G09017
649823018,55.1839,1.1061,18.36,G09016;G09017
649831683,57.8074,3.3958,19.14,G09016
649832029,55.0374,1.4846,18.97,G09016;G09017
649833236,55.1479,2.0915,19.26,G09016
649833343,54.6887,2.0535,17.63,G09016;G09102;G09017
649833744,55.6965,2.1536,19.22,G09016
649835500,54.0694,2.2281,18.63,G09016;G09017
649837460,54.4331,2.9128,17.45,G09016;G09102;G09017
649837755,54.8788,3.0981,19.2,G09016
649837767,54.9109,3.1062,16.83,G09016;G09102;G09017;G09166
649838677,56.8218,2.9473,18.61,G09016;G09017
649839028,56.0351,2.8468,19.03,G09016
649839637,56.1169,3.2897,17.98,G09016;G09102;G09017;G09166
649840022,56.7212,3.2087,18.4,G09016;G09017
649844064,56.0608,4.2284,18.7,G09016;G09017
649852820,57.5966,3.6823,18.13,G09016;G09017
649867144,53.6256,3.094,18.65,G09016;G09017
649869947,53.0856,3.4269,17.31,G09016;G09102;G09017;G09166
649871064,52.7925,4.0445,19.09,G09016
649871146,53.5276,3.7363,19.07,G09016;G09017
649872195,53.0303,4.3104,17.44,G09016;G09102;G09017;G09166
649874387,55.3182,4.4924,19.1,G09016
649876183,54.7161,4.7107,18.97,G09016;G09017
649876616,53.6064,4.8459,18.2,G09016;G09017
649879045,52.4555,4.1288,19.03,G09016;G09017
649882295,51.1068,4.8008,19.13,G09016
649882463,50.8348,4.9387,18.73,G09016;G09017
649883587,52.4285,5.6319,17.19,G09016;G09102;G09017
649884148,51.8251,5.5824,18.82,G09016;G09017
649884616,53.2732,5.1932,18.27,G09016;G09017
651944154,50.7124,-5.7294,17.22,G09016;G09102;G09017
651944252,50.4694,-5.663,18.41,G09016;G09017
651944359,51.0866,-5.5649,18.8,G09016;G09017
651944519,50.742,-5.3966,18.94,G09016;G09017
651944947,50.6535,-5.2054,19.08,G09016
651994375,48.879,-4.3852,18.46,G09016;G09017
651994803,48.9359,-3.9176,18.19,G09016;G09017
651999505,48.2196,-4.0624,18.73,G09016;G09017
652000857,48.15,-3.4033,18.56,G09016;G09017
652001083,48.4224,-3.1859,18.51,G09016;G09017
652002044,47.2217,-3.3026,18.82,G09016;G09017
652024601,46.5775,-3.3443,18.08,G09016;G09017
652024701,46.2458,-3.2861,18.82,G09016;G09017
652024984,46.5149,-3.0626,18.93,G09016;G09017
652025036,46.5384,-2.9142,18.96,G09016;G09017
652025210,46.1815,-3.0082,19.27,G09016
652025230,46.2896,-2.9344,18.02,G09016;G09017
652028679,46.6103,-1.4119,19.05,G09016
652033709,45.3779,-1.895,19.13,G09016
652034451,44.8706,-1.375,18.67,G09016;G09017
652035537,44.3814,-1.7142,19.05,G09016
652035899,44.7985,-1.2982,18.46,G09016;G09017
652035915,44.897,-1.2347,17.92,G09016;G09102;G09017
652036481,44.505,-0.8997,17.92,G09016;G09102;G09017;G09166
652037490,45.1024,-0.3951,17.3,G09016;G09102;G09017;G09166
23169874,46.3974,-7.3734,18.45,G09016;G09017
23172500,46.8065,-7.2551,16.75,G09016;G09017
36729992,40.419,-9.9778,17.0,G09016;G09102;G09017;G09166
4746174,39.8184,-11.4253,17.11,G09016;G09102;G09017
49822529,47.9149,-5.8544,17.36,G09016;G09017
632580873,39.3997,-13.2405,18.93,G09016;G09017
632581909,38.5736,-12.956,18.82,G09016;G09017
632583274,39.499,-11.9399,18.59,G09016;G09017
632584851,38.3761,-12.2728,17.57,G09016;G09102;G09017;G09166
632585273,38.5777,-11.6349,18.91,G09016;G09017
632586263,38.0129,-11.8112,18.57,G09016;G09017
632587364,39.2368,-11.6085,17.97,G09016;G09102;G09017;G09166
632587773,38.8505,-11.4351,18.81,G09016;G09017
632588477,39.9051,-10.4273,18.71,G09016;G09017
632588785,39.1775,-10.9149,18.55,G09016;G09017
632588813,39.2526,-10.8086,17.64,G09016;G09102;G09017;G09166
632589150,38.4108,-10.6411,17.42,G09016;G09102;G09017;G09166
632589387,38.545,-10.3913,19.21,G09016
632590501,39.7368,-9.4481,18.51,G09016;G09017
632591069,36.6132,-11.4171,18.77,G09016;G09017
632595504,38.2169,-9.9627,17.44,G09016;G09102;G09017;G09166
632595561,37.773,-9.9345,19.15,G09016
632595730,38.677,-9.9388,18.97,G09016;G09017
632596041,38.8335,-9.5824,18.35,G09016;G09017
632596340,38.3893,-9.3904,18.58,G09016;G09017
632608443,39.0602,-8.135,19.12,G09016
632609510,39.1622,-7.809,18.26,G09016;G09017
632609658,39.0721,-7.5837,18.87,G09016;G09017
632611680,38.9108,-7.212,18.48,G09016;G09017
632615330,39.758,-6.3037,18.19,G09016;G09017
632615661,39.9944,-5.5817,19.18,G09016
651818830,46.0963,-17.2237,18.04,G09016;G09017
651819499,45.6716,-16.4142,18.23,G09016;G09017
651819900,46.6184,-16.2577,18.05,G09016;G09017
651824539,45.257,-16.2013,17.61,G09016;G09102;G09017
651825091,45.871,-16.1677,18.01,G09016;G09017
651826301,44.8789,-15.7119,18.82,G09016;G09017
651826981,45.2253,-15.3919,18.31,G09016;G09017
651830029,47.1141,-15.8678,18.82,G09016;G09017
651830587,47.2411,-15.5485,18.87,G09016;G09017
651831281,47.4437,-15.3411,18.96,G09016;G09017
651831674,47.7897,-14.7811,18.75,G09016;G09017
651839232,46.1928,-14.0952,19.14,G09016
651839792,46.4012,-13.6959,19.03,G09016
651840941,47.7251,-13.3308,17.47,G09016;G09102;G09017;G09166
651841093,48.3329,-13.7001,18.31,G09016;G09017
651841786,48.6387,-12.9872,18.83,G09016;G09017
651842174,47.0798,-13.3149,19.29,G09016
651842625,46.6943,-13.0518,18.35,G09016;G09017
651842944,47.7802,-13.0311,17.4,G09016;G09102;G09017;G09166
651843002,48.0226,-12.9077,18.99,G09016;G09017
651843302,47.9918,-12.4859,18.69,G09016;G09017
651843333,48.2422,-12.4904,18.82,G09016;G09017
651843719,48.0569,-12.2497,18.97,G09016;G09017
651847631,43.8506,-15.1815,19.14,G09016
651847989,43.0831,-14.9725,18.65,G09016;G09017
651848122,43.8714,-14.7853,18.92,G09016;G09017
651848149,43.7619,-14.7099,18.59,G09016;G09017
651848295,44.2508,-14.9266,18.13,G09016;G09017
651848311,44.241,-14.8416,17.81,G09016;G09102;G09017
651851056,43.5119,-13.323,18.84,G09016;G09017
651854714,42.1862,-13.8694,18.66,G09016;G09017
651856061,42.9397,-13.1595,17.09,G09016;G09102;G09017
651856252,42.8405,-12.8791,18.41,G09016;G09017
651856848,41.2833,-13.1533,18.3,G09016;G09017
651856900,40.9507,-13.1473,19.23,G09016
651857802,41.9088,-12.4953,19.26,G09016
651859063,45.696,-13.5696,18.11,G09016;G09017
651859398,46.0078,-13.259,19.0,G09016
651859939,45.7233,-12.7354,18.11,G09016;G09017
651859943,45.7554,-12.7319,18.4,G09016;G09017
651860084,44.1336,-13.6188,17.66,G09016;G09102;G09017;G09166
651860944,45.2367,-12.9244,18.0,G09016;G09017
651862837,46.9131,-12.2721,18.96,G09016;G09017
651863123,47.4413,-11.8504,19.12,G09016
651864992,46.7897,-11.2803,19.16,G09016
651865492,46.5091,-10.9147,17.71,G09016;G09102;G09017;G09166
651866241,43.7511,-12.3888,19.03,G09016
651866956,44.0541,-12.0322,18.15,G09016;G09017
651869573,45.3693,-11.442,18.52,G09016;G09017
651869774,44.6517,-11.4764,18.79,G09016;G09017
651870138,44.8548,-11.007,18.2,G09016;G09017
651870399,45.5942,-11.0392,19.19,G09016
651871651,44.5906,-10.8076,16.71,G09016;G09102;G09017;G09166
651871798,43.9513,-10.8875,18.52,G09016;G09017
651885946,49.1509,-11.4995,19.02,G09016;G09017
651890034,49.9002,-10.5431,19.01,G09016;G09017
651891114,50.1916,-10.1033,17.87,G09016;G09102;G09017;G09166
651910962,48.0219,-11.748,17.73,G09016;G09102;G09017;G09166
651911498,47.6318,-11.2899,18.64,G09016;G09017
651914627,47.698,-10.0321,18.79,G09016;G09017
651914688,47.8629,-9.88,18.23,G09016;G09017
651915703,49.4362,-9.829,18.82,G09016;G09017
651916890,48.549,-10.1077,18.49,G09016;G09017
651917102,48.3713,-9.74,18.42,G09016;G09017
651918250,49.5987,-8.9721,19.03,G09016
651920563,46.9198,-9.7039,17.97,G09016;G09017
651921581,45.5124,-9.7332,17.43,G09016;G09102;G09017
651922730,45.9759,-8.9956,18.72,G09016;G09017
651923454,48.3581,-8.8742,17.53,G09016;G09102;G09017
651923737,47.1597,-8.9791,18.08,G09016;G09017
651924409,48.8964,-8.4664,17.18,G09016;G09102;G09017;G09166
651924897,48.5244,-8.2903,19.05,G09016
651925207,47.3591,-8.7263,19.29,G09016
651925314,46.9971,-8.591,18.83,G09016;G09017
651926702,48.1689,-7.5107,19.2,G09016
651926764,47.4576,-7.8459,19.12,G09016
651929222,51.4479,-8.2635,17.77,G09016;G09102;G09017;G09166
651930213,49.5239,-8.2796,18.19,G09016;G09017
651934905,50.9688,-6.9918,18.3,G09016;G09017
651936432,49.1276,-8.2582,18.92,G09016;G09017
651939183,48.2744,-7.1307,16.87,G09016;G09102;G09017
651939381,48.7693,-6.9578,18.06,G09016;G09017
651939657,49.4689,-6.9236,17.99,G09016;G09102;G09017;G09166
651945471,40.6815,-13.2223,17.33,G09016;G09102;G09017;G09166
651947896,40.528,-12.0246,18.59,G09016;G09017
651948363,40.7556,-11.7332,18.98,G09016;G09017
651948608,41.036,-11.4262,19.22,G09016
651948622,40.9133,-11.4285,18.8,G09016;G09017
651949384,40.3315,-11.0052,19.2,G09016
651949442,40.7054,-10.7911,18.75,G09016;G09017
651950406,41.814,-11.3829,17.38,G09016;G09102;G09017;G09166
651950786,43.1688,-11.0885,18.13,G09016;G09017
651950985,43.4355,-10.8485,18.88,G09016;G09017
651951134,43.2933,-10.5725,18.96,G09016;G09017
651951246,42.6728,-10.8338,18.45,G09016;G09017
651951891,41.5004,-10.8502,17.71,G09016;G09017
651952127,41.8795,-10.5529,18.62,G09016;G09017
651952655,42.1353,-10.5823,17.96,G09016;G09102;G09017;G09166
651954657,44.2438,-9.8902,18.49,G09016;G09017
651955264,44.2578,-9.3405,17.83,G09016;G09102;G09017
651955427,44.2988,-9.0661,18.26,G09016;G09017
651955495,43.1369,-9.9857,19.02,G09016
651955548,43.028,-9.783,18.46,G09016;G09017
651957637,40.8517,-10.381,18.35,G09016;G09017
651958096,40.3743,-10.1565,19.08,G09016
651958220,40.7799,-10.0203,17.41,G09016;G09102;G09017;G09166
651958619,41.5475,-9.7153,18.1,G09016;G09017
651961212,42.525,-9.1674,18.07,G09016;G09017
651961656,41.9138,-8.808,18.83,G09016;G09017
651963244,42.0362,-8.5039,18.95,G09016;G09017
651963284,42.0396,-8.3257,19.09,G09016
651963358,41.6952,-8.3195,18.93,G09016;G09017
651965012,40.2178,-8.6411,18.8,G09016;G09017
651966343,40.6743,-7.5106,19.24,G09016
651966346,40.7745,-7.4768,17.72,G09016;G09102;G09017;G09166
651967416,41.347,-6.7807,17.43,G09016;G09102;G09017;G09166
651968314,40.7761,-6.8381,19.06,G09016
651968497,41.2915,-6.4832,18.86,G09016;G09017
651968844,40.3958,-6.4429,18.42,G09016;G09017
651970123,45.5201,-9.1271,19.26,G09016
651970380,44.8853,-9.0605,17.19,G09016;G09102;G09017
651971672,45.8565,-8.1426,18.82,G09016;G09017
651973904,44.8962,-7.3598,18.32,G09016;G09017
651975822,47.2021,-6.9927,17.85,G09016;G09102;G09017;G09166
651977206,46.5655,-6.9749,18.01,G09016;G09017
651977538,46.6338,-6.6484,17.57,G09016;G09102;G09017
651977732,46.2343,-6.7044,18.68,G09016;G09017
651978272,43.7792,-8.148,18.14,G09016;G09017;G09166
651979835,43.7762,-7.2641,18.34,G09016;G09017
651980008,44.1762,-7.0109,17.57,G09016;G09017
651983229,45.1063,-6.1378,18.95,G09016;G09017
651984514,44.3388,-6.1348,18.18,G09016;G09017;G09166
651984920,43.7846,-6.0605,18.41,G09016;G09017
651987387,48.7334,-6.2702,18.16,G09016;G09017
651987977,48.0001,-6.0604,17.59,G09016;G09102;G09017
651989055,46.8744,-5.8886,18.84,G09016;G09017
651989905,48.0178,-5.2517,19.14,G09016
651990243,47.719,-5.269,18.74,G09016;G09017
651995609,46.0526,-5.3349,18.97,G09016;G09017
651997861,45.7787,-4.451,18.87,G09016;G09017
651998185,46.1544,-4.5438,18.68,G09016;G09017
652003815,42.5783,-6.3784,18.0,G09016;G09017
652006259,41.3314,-5.7601,19.11,G09016
652006575,42.0416,-5.5733,18.56,G09016;G09017
652008474,43.6975,-4.9121,18.43,G09016;G09017
652008638,44.1146,-5.1799,19.05,G09016;G09017
652008669,44.0515,-5.1312,17.38,G09016;G09102;G09017
652009053,43.9708,-4.9033,18.18,G09016;G09017
652009063,43.966,-4.8679,18.63,G09016;G09017
652010291,42.5458,-4.7157,17.81,G09016;G09102;G09017
652010324,42.5075,-4.6175,18.05,G09016;G09017
652011287,43.2968,-4.2132,17.98,G09016;G09102;G09017;G09166
652011290,43.4047,-4.1791,18.74,G09016;G09017
652012619,40.9955,-5.0126,18.7,G09016;G09017
652012637,40.636,-5.1652,18.8,G09016;G09017
652012791,41.458,-5.2308,18.98,G09016;G09017
652014804,41.2479,-4.1828,19.04,G09016
652016385,42.1906,-4.1603,17.91,G09016;G09102;G09017
652018564,41.0617,-3.531,18.42,G09016;G09017
652018842,41.1965,-3.3358,18.62,G09016;G09017
652022886,43.8556,-3.7386,18.92,G09016;G09017
652029504,43.4248,-2.9497,18.57,G09016;G09017
652031137,42.9959,-2.842,19.18,G09016;G09017
652031479,43.2874,-2.5544,17.8,G09016;G09102;G09017;G09166
66669075,39.2614,-12.1665,17.18,G09016;G09102;G09017;G09166
9842354,47.8527,-8.8906,17.06,G09016;G09102;G09017
9900150,49.0587,-8.2778,16.36,G09016;G09102;G09017
13133610,76.5754,-24.0668,16.23,G09016;G09102;G09017;20SECONDTARGET
13275369,78.3999,-24.0605,17.81,G09016;G09017
139421669,80.4348,-21.0238,17.07,G09016;G09017;G09102;G09166;20SECONDTARGET
146347898,74.6013,-20.9996,16.42,G09016;G09102;G09017;G09166;20SECONDTARGET
146348863,74.7146,-23.7157,16.93,G09016;G09102;G09102;G09102;G09102;G09017;G09166
24431267,81.8502,-31.1179,16.08,G09016;G09102;G09017;G09166;20SECONDTARGET
30957626,79.7955,-24.5542,17.21,G09016;G09102;G09017
31281832,82.3709,-28.9188,16.19,G09016;G09102;G09017;G09166
31304279,82.8021,-24.856,18.06,G09016;G09017
393748329,80.8103,-23.157,16.41,G09016;G09102;G09017;G09166
423810968,71.3203,-27.4405,16.36,G09016;G09102;G09017
609330,72.2651,-24.2104,16.72,G09016;G09102;G09017
671047084,79.6732,-30.7507,18.86,G09016;G09017
671047325,79.7859,-30.5273,18.94,G09016;G09017
671047353,79.7287,-30.4546,18.03,G09016;G09017;G09166
671050862,79.8831,-29.0902,17.97,G09016;G09102;G09017;G09166
671050973,79.9025,-29.0096,19.02,G09016
671054422,79.195,-28.8943,19.11,G09016
671055119,79.6209,-28.4708,17.48,G09016;G09102;G09017
671058832,77.9763,-28.5447,18.11,G09016;G09017;G09166
671059528,78.7775,-28.5915,17.88,G09016;G09102;G09017;G09166
671060353,79.0724,-28.0611,18.19,G09016;G09017
671060447,79.4068,-27.9642,18.53,G09016;G09017
671062557,79.8959,-28.0907,18.67,G09016;G09017
671064419,79.7718,-27.3087,17.91,G09016;G09102;G09017;G09166
671065507,79.485,-27.2139,18.88,G09016;G09017
671067704,77.2469,-28.2244,17.98,G09016;G09102;G09017;G09166
671070985,78.2399,-27.4211,18.72,G09016;G09017
671073875,77.1177,-27.0705,18.29,G09016;G09017
671079282,79.0649,-26.5613,17.67,G09016;G09017
671080832,78.7513,-26.0496,17.53,G09016;G09102;G09017;G09166
671082489,79.0917,-25.9779,18.5,G09016;G09017
671085063,78.223,-25.8449,18.9,G09016;G09017
671085940,78.0322,-25.9222,19.18,G09016
671088673,78.2083,-25.1751,18.47,G09016;G09017
671089017,78.7338,-25.0016,19.05,G09016
671091905,79.5349,-24.5796,18.89,G09016;G09017
671093210,79.6799,-24.3427,18.91,G09016;G09017
671094726,75.9746,-27.2093,19.25,G09016
671097051,75.7401,-26.2375,18.21,G09016;G09017
671100185,75.1352,-26.3255,18.89,G09016;G09017
671104116,75.5793,-25.2802,17.95,G09016;G09017
671104504,75.8188,-25.0675,17.63,G09016;G09017
671105839,77.7223,-25.3784,19.18,G09016
671106728,77.2127,-25.205,19.23,G09016
671108935,78.3016,-24.6786,18.73,G09016;G09017
671109884,77.6516,-24.4332,17.46,G09016;G09102;G09017
671111315,76.5677,-24.7827,17.16,G09016;G09102;G09017
671111917,76.9717,-24.584,18.8,G09016;G09017
671112201,76.1766,-24.8016,19.14,G09016
671112678,76.1954,-24.477,18.55,G09016;G09017
671113738,77.4918,-24.197,17.78,G09016;G09102;G09017;G09166
671114621,77.6348,-23.8867,17.95,G09016;G09102;G09017
671115803,77.5465,-23.5256,18.82,G09016;G09017
671118746,75.3651,-25.0291,18.42,G09016;G09017
671121561,73.8671,-24.8924,19.05,G09016;G09017
671123927,74.4661,-24.1119,19.26,G09016
671130962,76.6965,-22.8591,19.15,G09016
671130971,76.6612,-22.8327,18.99,G09016;G09017
671131722,75.6857,-23.4556,19.05,G09016
671132171,75.3745,-23.2013,18.24,G09016;G09017
671132886,74.9058,-23.1595,17.47,G09016;G09102;G09017
671134690,76.1368,-22.6495,17.72,G09016;G09102;G09017;G09166
671135100,75.636,-22.7597,17.84,G09016;G09102;G09017
671135147,75.7085,-22.7808,18.7,G09016;G09017
671135549,75.4471,-22.5138,19.03,G09016
671135569,75.5827,-22.4758,18.7,G09016;G09017
671137688,79.0695,-23.8701,19.24,G09016
671137856,79.0594,-23.6853,19.09,G09016;G09017
671138016,78.3659,-24.0625,19.26,G09016
671138747,78.9601,-23.7145,18.25,G09016;G09017
671140282,79.637,-23.4428,18.68,G09016;G09017
671145355,78.6367,-23.0454,17.98,G09016;G09102;G09017;G09166
671145952,79.315,-22.6264,18.68,G09016;G09017
671146932,78.3486,-22.6097,19.29,G09016
671147703,78.7916,-22.1852,18.88,G09016;G09017
671148132,79.7517,-22.7315,17.84,G09016;G09102;G09017
671148488,79.8323,-22.5747,19.16,G09016
671152126,79.6565,-21.3871,19.04,G09016
671152379,79.7436,-21.1818,17.84,G09016;G09102;G09017
671152632,77.454,-23.1382,19.16,G09016
671153666,77.7568,-22.7185,18.49,G09016;G09017
671154087,77.689,-22.4811,19.23,G09016
671156394,77.8877,-22.1771,18.73,G09016;G09017
671157246,77.8381,-22.1702,16.95,G09016;G09102;G09017
671158071,77.9667,-21.848,18.4,G09016;G09017
671163101,77.6218,-21.1974,18.25,G09016;G09017
671164237,77.5654,-20.9542,19.06,G09016
671168558,79.6997,-20.9454,18.9,G09016;G09017
671169624,78.9183,-20.7671,17.74,G09016;G09102;G09017
671172647,77.4572,-20.7217,18.04,G09016;G09017
671173332,77.8914,-20.5049,19.06,G09016
671174306,78.6126,-20.3071,18.34,G09016;G09017
671183222,72.8569,-24.1878,18.43,G09016;G09017
671183331,72.9711,-24.0716,18.26,G09016;G09017
671183998,72.9962,-23.6792,19.21,G09016
671187097,72.761,-23.5835,18.93,G09016;G09017
671192564,73.9479,-22.6073,19.03,G09016;G09017
671193743,74.9871,-22.3384,17.5,G09016;G09102;G09017;G09166
671194820,74.8213,-22.1498,18.54,G09016;G09017
671198574,74.4869,-21.9664,19.08,G09016;G09017
671199517,75.0603,-21.2516,18.25,G09016;G09017;G09166
671199603,74.6148,-21.4286,17.82,G09016;G09102;G09017
671219266,76.1376,-21.5022,18.55,G09016;G09017
671228267,75.6739,-20.1446,18.53,G09016;G09017
671228463,75.293,-20.0565,18.8,G09016;G09017
671236210,76.6126,-19.621,19.25,G09016
671237053,76.3784,-19.6929,19.27,G09016
671237328,76.4534,-19.4299,19.0,G09016;G09017
671241879,74.6897,-20.47,16.98,G09016;G09102;G09017
671241906,74.8568,-20.4113,18.16,G09016;G09017
671244692,75.1417,-19.7985,18.52,G09016;G09017
671250630,74.8537,-18.8456,18.7,G09016;G09017
685825136,79.1662,-32.5202,18.95,G09016;G09017
685831154,78.1079,-32.4602,18.67,G09016;G09017
685837003,78.4601,-32.4236,18.13,G09016;G09017
685837179,78.737,-32.1851,18.52,G09016;G09017
685837488,79.3541,-32.0071,19.02,G09016;G09017
685838137,78.5549,-31.9729,18.51,G09016;G09017
685838299,78.2227,-32.0378,18.17,G09016;G09017
685839636,79.2829,-31.5778,19.02,G09016;G09017
685841989,77.8192,-31.7692,19.23,G09016
685843548,78.0454,-31.2167,19.11,G09016
685844432,78.8678,-30.9656,17.54,G09016;G09102;G09017;G09166
685845292,79.238,-30.5065,18.49,G09016;G09017
685846011,78.384,-30.4087,19.2,G09016
685846579,78.6736,-30.196,17.7,G09016;G09017
686119656,74.0239,-30.9009,18.85,G09016;G09017
686119862,73.7251,-30.8493,19.2,G09016
686123894,73.0391,-30.4017,18.83,G09016;G09017
686126616,75.945,-31.4146,18.07,G09016;G09017
686128966,76.4636,-30.943,17.9,G09016;G09102;G09017;G09166
686130973,75.475,-31.1468,18.55,G09016;G09017
686135150,76.9616,-30.8534,18.24,G09016;G09017
686136134,77.3418,-30.299,18.27,G09016;G09017
686136730,77.8006,-30.2592,19.22,G09016
686139969,76.2907,-30.2299,18.22,G09016;G09017
686140866,76.8389,-29.5824,18.73,G09016;G09017
686141378,77.5716,-29.7674,19.23,G09016
686143758,77.3761,-28.7697,19.06,G09016;G09017
686146520,75.1772,-30.277,17.12,G09016;G09102;G09017
686147556,74.7128,-30.0497,19.09,G09016
686148480,73.7469,-30.5295,19.11,G09016;G09017
686150070,73.8741,-29.9024,18.26,G09016;G09017
686151477,75.009,-29.2294,18.85,G09016;G09017
686154085,76.2276,-29.1324,19.06,G09016
686155234,75.806,-28.9916,19.2,G09016
686156692,77.0005,-28.6071,18.76,G09016;G09017
686158829,75.1977,-28.6762,18.33,G09016;G09017
686161520,76.5649,-27.9938,18.16,G09016;G09017
686162496,75.606,-27.7717,18.83,G09016;G09017
686173664,72.4419,-30.2699,18.37,G09016;G09017
686173800,72.3958,-30.0554,18.32,G09016;G09017
686174621,72.0326,-29.9912,17.86,G09016;G09102;G09017;G09166
686176004,71.4379,-30.0749,18.5,G09016;G09017
686188880,71.192,-28.9537,17.98,G09016;G09102;G09017;G09166
686194325,70.2518,-27.6269,18.69,G09016;G09017
686199666,72.6292,-28.7673,18.05,G09016;G09017;G09166
686199893,72.6726,-28.4315,19.23,G09016
686200133,72.3367,-28.5516,17.7,G09016;G09102;G09017;G09166
686201661,73.7213,-27.8839,19.3,G09016
686202117,72.8901,-28.0215,19.03,G09016
686204794,74.1214,-27.7547,19.0,G09016
686207599,75.1473,-26.9387,19.22,G09016
686209360,73.4267,-27.217,19.08,G09016
686210245,74.8078,-26.8806,18.41,G09016;G09017
686210344,74.3849,-27.0212,19.11,G09016
686210436,74.2279,-26.9158,18.45,G09016;G09017
686210655,74.9171,-26.8332,18.51,G09016;G09017
686211104,74.683,-26.5329,17.38,G09016;G09102;G09017;G09166
686211511,73.9811,-26.6961,18.6,G09016;G09017
686211996,74.7746,-26.2712,18.14,G09016;G09017
686212288,74.5278,-26.1827,18.81,G09016;G09017
686214133,71.5304,-27.6754,18.78,G09016;G09017
686214393,72.4127,-27.8333,18.54,G09016;G09017
686214889,72.8473,-27.5235,18.0,G09016;G09017
686216161,72.5054,-26.9737,18.19,G09016;G09017
686217039,71.3105,-27.4944,17.55,G09016;G09017;G09102;G09166
686219354,72.1347,-26.543,18.34,G09016;G09017
686220999,73.1282,-26.6638,18.98,G09016;G09017
686222523,72.7821,-26.284,18.83,G09016;G09017
686224694,73.4917,-25.6191,19.17,G09016
686224945,72.559,-26.4293,18.94,G09016;G09017
686225971,72.6553,-25.7532,18.9,G09016;G09017
686226833,72.3078,-25.6211,18.4,G09016;G09017
686227053,73.1699,-25.8248,18.78,G09016;G09017
686343116,71.0822,-26.5024,18.73,G09016;G09017
686344626,71.199,-25.759,19.2,G09016
686350352,71.4841,-25.218,19.04,G09016
686353003,72.6603,-24.3842,18.53,G09016;G09017
686353088,72.4962,-24.2677,18.12,G09016;G09017;G09166
686356307,72.1568,-23.8325,18.98,G09016;G09017
686356371,72.1336,-23.7271,17.76,G09016;G09102;G09017;G09166
706312060,81.0471,-32.0795,17.4,G09016;G09102;G09017
706312507,81.6108,-31.8225,18.71,G09016;G09017
706318219,80.7112,-31.3914,18.91,G09016;G09017
706318239,80.6085,-31.4459,18.11,G09016;G09017
706318640,80.5328,-31.188,18.23,G09016;G09017
706318904,81.0186,-31.0643,17.38,G09016;G09102;G09017
706321730,81.2584,-30.5011,18.53,G09016;G09017
706324691,82.5813,-30.7936,18.96,G09016;G09017
706325311,82.6113,-30.4045,19.24,G09016
706331608,81.8861,-30.3048,18.04,G09016;G09017
706332882,82.1147,-29.6324,18.57,G09016;G09017
706339882,80.4346,-30.1086,17.68,G09016;G09102;G09017;G09166
706340232,80.2319,-30.0247,19.06,G09016
706341303,80.0934,-30.0197,19.23,G09016
706345501,81.3614,-29.1221,19.05,G09016
706349272,82.0221,-28.3432,17.99,G09016;G09102;G09017;G09166
706353021,81.3895,-28.17,18.03,G09016;G09017
706364252,83.6807,-28.7241,18.42,G09016;G09017
706365726,83.1356,-28.6268,19.02,G09016;G09017
706388369,83.2814,-28.2234,18.63,G09016;G09017
706388425,83.3649,-28.0859,18.88,G09016;G09017
706391224,83.4868,-27.749,18.71,G09016;G09017
706392808,83.194,-27.4348,18.63,G09016;G09017
706393834,83.7808,-26.9979,19.27,G09016
706394928,82.0657,-27.5496,19.09,G09016
706397345,82.2563,-26.8925,18.43,G09016;G09017
706399744,82.756,-26.409,18.53,G09016;G09017
706404704,84.3325,-26.1683,18.19,G09016;G09017
706410615,83.8639,-25.9879,19.1,G09016;G09017
706412041,83.7864,-25.7444,18.27,G09016;G09017
706412992,84.3513,-25.7054,18.77,G09016;G09017
706413102,84.5475,-25.6164,17.93,G09016;G09102;G09017
706413686,84.4647,-25.4518,19.01,G09016
706702501,85.6011,-23.8992,18.78,G09016;G09017
706718218,85.9444,-23.4014,17.94,G09016;G09102;G09017;G09166
708311699,80.6019,-27.7115,19.13,G09016
708312132,80.326,-27.6652,19.07,G09016;G09017
708312223,80.2019,-27.6022,18.92,G09016;G09017
708312812,81.1295,-27.6207,18.38,G09016;G09017
708313132,80.6208,-27.5402,17.54,G09016;G09102;G09017
708313225,80.9871,-27.4267,19.07,G09016
708314247,80.3947,-27.4689,18.7,G09016;G09017
708314450,80.5453,-27.3023,18.64,G09016;G09017
708317397,80.0316,-26.4881,18.34,G09016;G09017
708321224,82.313,-26.3764,17.91,G09016;G09017
708321425,82.5108,-26.1792,19.08,G09016
708322306,82.4631,-26.0435,18.9,G09016;G09017
708322318,82.3844,-26.0489,17.03,G09016;G09102;G09017;G09166
708324275,82.2315,-25.4062,18.88,G09016;G09017
708325062,80.7932,-26.0573,18.42,G09016;G09017
708326115,80.6877,-26.039,18.74,G09016;G09017
708326323,80.4033,-25.9883,18.58,G09016;G09017
708331883,83.2912,-25.2964,19.01,G09016
708332304,82.7039,-25.4993,17.55,G09016;G09102;G09017
708335512,83.9295,-24.691,19.21,G09016
708339309,82.6011,-24.3172,19.09,G09016
708340086,81.9424,-24.4129,19.22,G09016
708345088,80.3276,-25.5448,17.08,G09016;G09102;G09017
708345277,80.2172,-25.4381,17.78,G09016;G09017
708345662,80.636,-25.4006,18.23,G09016;G09017
708346768,80.0098,-24.9222,17.8,G09016;G09102;G09017;G09166
708348197,81.2678,-24.6415,18.97,G09016;G09017
708359698,80.0945,-24.5921,18.18,G09016;G09017
708361863,80.0565,-23.4837,18.75,G09016;G09017
708363840,81.2814,-24.0574,17.49,G09016;G09102;G09017
708367865,82.1356,-23.2379,17.32,G09016;G09017;G09102;G09166
708372204,80.9844,-23.0857,18.71,G09016;G09017
708376218,81.7965,-22.3605,17.77,G09016;G09017
708377306,80.2332,-22.9349,18.97,G09016;G09017
708381967,80.5343,-21.9662,19.28,G09016
708382879,80.8795,-21.6598,19.15,G09016
708382880,80.879,-21.6594,18.87,G09016;G09017
708383254,80.0775,-21.9517,18.25,G09016;G09017
708389040,83.9303,-23.7425,19.06,G09016
708392509,85.4165,-23.1404,18.64,G09016;G09017
708393299,84.4812,-23.3089,18.93,G09016;G09017
708394158,85.1796,-23.0373,18.94,G09016;G09017
708394895,83.7054,-23.9259,17.09,G09016;G09102;G09017
708399455,84.5938,-23.0757,19.21,G09016
708402979,84.3853,-22.4136,18.9,G09016;G09017
708404238,85.9704,-23.1064,18.36,G09016;G09017
708559447,81.5417,-21.4198,19.11,G09016
708560876,81.3031,-21.3916,16.86,G09016;G09102;G09017
708567080,80.9057,-21.1118,18.75,G09016;G09017
711914,74.3059,-28.1313,14.35,G09016;G09102;G09017
735075234,80.6241,-33.1453,17.96,G09016;G09017
735075272,80.719,-33.0313,18.6,G09016;G09017
735077277,80.6655,-32.5575,18.81,G09016;G09017
735077989,80.321,-32.4053,18.03,G09016;G09017
736554,74.4114,-26.3439,17.11,G09016;G09102;G09017
93052912,84.3067,-22.8186,16.69,G09016;G09102;G09017
139412418,80.1666,-18.9463,16.25,G09016;G09102;G09017
143337175,82.2225,-17.6736,16.64,G09016;G09102;G09017;G09166
169304622,75.8968,-17.1864,16.13,G09016;G09102;G09017
169342739,76.3843,-17.5292,16.73,G09016;G09017;G09102
169379648,76.4699,-17.3738,15.3,G09016;G09102;G09017;20SECONDTARGET
169416733,77.0805,-14.8436,16.64,G09016;G09102;G09017
169419074,77.1534,-15.3825,17.09,G09016;G09102;G09017
188986227,78.7125,-13.1189,15.73,G09016;G09102;G09017
24344260,79.0973,-8.8752,17.99,G09016;G09102;G09017;G09166
24444890,79.6336,-7.9552,16.21,G09016;G09102;G09017;G09166
24566156,80.4054,-11.2431,15.95,G09016;G09102;G09017;G09166
24603397,80.6698,-8.0427,14.78,G09016;G09102;G09017;G09166;20SECONDTARGET
317131676,86.7852,-12.8438,16.48,G09016;G09102;G09017;G09166
332858535,84.5433,-10.613,14.95,G09016;G09102;G09017
393795166,81.1242,-19.0986,18.14,G09016;G09017
442899071,80.2437,-14.899,17.18,G09016;G09102;G09017;G09166
442962289,81.4481,-17.5642,16.57,G09016;G09102;G09017;G09166;20SECONDTARGET
66830296,87.9037,-11.6023,17.06,G09016;G09102;G09017
671179491,79.1503,-19.5661,18.44,G09016;G09017
671180999,79.994,-19.2166,18.38,G09016;G09017
671239231,77.3353,-18.8549,16.63,G09016;G09102;G09017;G09166
671241662,77.3052,-18.2454,18.62,G09016;G09017
671261365,75.8446,-17.92,18.93,G09016;G09017
671261758,76.1357,-17.7198,18.69,G09016;G09017
671309460,75.4968,-17.1657,18.57,G09016;G09017
671337566,79.1453,-18.7517,18.62,G09016;G09017
671338513,78.4188,-18.548,18.56,G09016;G09017
671340679,79.7679,-18.0252,16.23,G09016;G09102;G09017
671342339,78.0742,-18.6362,17.2,G09016;G09102;G09017;G09166
671345399,78.089,-17.6532,18.3,G09016;G09017
671348047,78.8128,-17.3213,18.63,G09016;G09017
671356030,77.0544,-17.4809,18.83,G09016;G09017
671358468,78.5125,-16.7693,17.88,G09016;G09102;G09017
671360588,76.4994,-17.351,19.03,G09016
671362996,76.473,-16.5609,18.54,G09016;G09017
671364037,77.5792,-16.4504,18.61,G09016;G09017
671366030,77.1696,-15.8849,19.16,G09016
671366129,77.4528,-15.8243,19.09,G09016
671369081,79.0824,-16.0274,17.34,G09016;G09102;G09017
671369363,78.4959,-15.9569,18.6,G09016;G09017
671370060,79.6781,-15.9496,17.15,G09016;G09102;G09017;G09166
671371828,78.9122,-15.8169,18.26,G09016;G09017
671372590,79.5247,-15.4187,18.66,G09016;G09017
671372896,79.3176,-15.3541,19.07,G09016;G09017
671377515,79.3656,-15.0252,18.94,G09016;G09017
671378344,78.535,-15.0612,17.73,G09016;G09102;G09017
671385119,75.9219,-16.9375,18.31,G09016;G09017
671396736,77.4317,-15.1994,18.81,G09016;G09017
671398768,77.1539,-14.8668,16.91,G09016;G09102;G09017
671399218,78.1468,-14.9228,19.25,G09016
671400640,78.3648,-14.2587,19.2,G09016
671405828,77.3775,-14.0092,19.19,G09016
671430147,78.7967,-14.3337,18.99,G09016;G09017
671431439,78.8907,-13.7985,19.04,G09016
671432624,78.6331,-13.7545,18.95,G09016;G09017
671433360,78.8145,-13.3276,18.93,G09016;G09017
671433785,79.547,-13.4929,18.27,G09016;G09017
671438239,78.261,-13.353,18.9,G09016;G09017
671439019,77.858,-13.1597,17.75,G09016;G09102;G09017;G09166
671442861,78.6862,-12.5551,18.43,G09016;G09017
671445338,79.5151,-12.3406,19.04,G09016;G09017
671455768,78.0226,-11.4517,17.88,G09016;G09017
671461671,78.8789,-11.8204,18.59,G09016;G09017
671464053,78.7143,-11.315,18.71,G09016;G09017
671465016,79.353,-11.2884,18.66,G09016;G09017
671467945,79.2978,-10.6148,18.36,G09016;G09017
671468428,78.0929,-11.2434,18.02,G09016;G09017;G09166
671474487,78.9424,-9.998,18.27,G09016;G09017
671475454,79.6735,-10.3683,18.82,G09016;G09017
672002022,79.1731,-8.7099,17.25,G09016;G09102;G09017
708420511,85.6687,-21.517,18.2,G09016;G09017
708441337,83.1922,-21.0612,17.95,G09016;G09102;G09017;G09166
708444291,84.6944,-21.255,18.18,G09016;G09017;G09166
708444942,84.3004,-21.4127,17.77,G09016;G09102;G09017
708447582,85.3003,-20.9551,18.21,G09016;G09017;G09166
708450348,84.6169,-20.6747,18.5,G09016;G09017
708458189,84.5955,-20.2359,19.06,G09016
708460966,84.2159,-19.8549,17.77,G09016;G09102;G09017
708482935,86.8216,-19.8716,18.89,G09016;G09017
708512865,86.024,-20.3882,18.59,G09016;G09017
708513923,86.1008,-20.2166,18.23,G09016;G09017
708515379,85.719,-20.1232,19.22,G09016
708516365,85.64,-19.969,17.61,G09016;G09102;G09017;G09166
708522611,86.4387,-19.046,17.53,G09016;G09102;G09017;G09166
708523381,85.2848,-19.7426,18.34,G09016;G09017
708524072,85.0852,-19.4984,18.27,G09016;G09017
708524294,85.3004,-19.6221,18.02,G09016;G09017
708524306,85.3312,-19.5854,18.9,G09016;G09017
708524810,85.3116,-19.5109,18.71,G09016;G09017
708525186,85.3443,-19.3512,17.06,G09016;G09102;G09017;G09166
708526059,84.5867,-19.5423,18.47,G09016;G09017
708530362,85.969,-18.7298,17.63,G09016;G09102;G09017
708532067,85.7988,-18.758,18.74,G09016;G09017
708534944,87.6174,-19.0581,19.11,G09016
708537563,86.9252,-18.7488,19.04,G09016
708544528,87.9765,-18.0817,19.15,G09016
708548745,86.8756,-18.04,18.09,G09016;G09017
708549381,86.261,-18.273,18.47,G09016;G09017
708556395,86.9152,-17.446,18.53,G09016;G09017
708570647,80.9229,-20.2847,18.0,G09016;G09017
708578316,82.6646,-19.8829,19.05,G09016
708580851,84.0218,-19.6299,18.77,G09016;G09017
708585345,82.6045,-19.4926,18.61,G09016;G09017
708590991,82.712,-18.6909,19.19,G09016
708594283,80.2171,-19.911,19.04,G09016
708596217,81.2404,-19.5611,17.44,G09016;G09102;G09017;G09166
708598319,81.0604,-19.167,18.12,G09016;G09017
708600026,80.7784,-18.7954,18.17,G09016;G09017
708602771,82.1545,-18.8579,17.45,G09016;G09102;G09017;G09166
708604447,81.5517,-18.7303,18.71,G09016;G09017
708611231,81.1887,-18.0689,19.14,G09016
708614708,81.8035,-17.5421,18.67,G09016;G09017
708614736,81.6975,-17.5668,18.14,G09016;G09017;G09166
708618135,84.8045,-19.0429,19.14,G09016
708618664,84.9338,-18.7412,18.07,G09016;G09017;G09166
708620286,84.0694,-18.6721,18.33,G09016;G09017
708623383,85.7194,-18.2329,18.61,G09016;G09017
708627766,83.6555,-18.3268,18.88,G09016;G09017
708631110,83.6132,-17.7302,17.81,G09016;G09017
708634034,84.3346,-17.5684,17.58,G09016;G09102;G09017;G09166
708634076,84.2847,-17.5237,19.11,G09016
708634619,84.0359,-17.4621,18.59,G09016;G09017
708653516,85.7871,-16.6788,19.06,G09016;G09017
708657626,85.8922,-16.2048,18.57,G09016;G09017
708658149,85.8708,-15.9618,18.35,G09016;G09017
708658507,85.6739,-15.9502,18.73,G09016;G09017
708660669,83.1332,-17.6371,18.59,G09016;G09017
708669156,82.6659,-17.0944,17.03,G09016;G09102;G09017
708669730,82.4194,-16.9717,18.73,G09016;G09017
708671267,82.324,-16.7791,18.81,G09016;G09017
708671894,82.1174,-16.5768,19.06,G09016;G09017
708673082,82.8203,-16.537,16.87,G09016;G09102;G09017;G09166
708673800,83.5361,-16.3129,19.05,G09016
708680440,83.9927,-16.2631,19.11,G09016
708684247,85.3447,-15.7404,18.73,G09016;G09017
708699156,80.5059,-17.5539,19.04,G09016
708699913,80.0852,-17.3177,17.74,G09016;G09102;G09017;G09166
708700058,80.2471,-17.06,17.33,G09016;G09102;G09017;G09166
708701388,81.4358,-16.966,18.61,G09016;G09017
708702343,80.7273,-16.8692,19.27,G09016
708702478,80.2354,-17.0053,18.55,G09016;G09017
708705742,80.1043,-16.1802,19.25,G09016
708706516,81.6392,-16.8565,19.19,G09016
708707968,81.854,-16.3471,18.45,G09016;G09017
708708243,81.8493,-16.2317,18.79,G09016;G09017
708709495,81.7856,-16.0833,18.28,G09016;G09017
708711046,82.1902,-15.864,18.58,G09016;G09017
708711345,82.475,-15.8659,18.88,G09016;G09017
708715918,81.1752,-15.6234,17.81,G09016;G09102;G09017
708716611,80.2655,-15.773,17.17,G09016;G09102;G09017;G09166
708720585,81.216,-15.0047,18.87,G09016;G09017
708724185,82.515,-15.2448,18.77,G09016;G09017
708725171,82.9682,-14.971,18.61,G09016;G09017
708726514,83.6095,-14.8919,19.18,G09016
708726777,83.7695,-14.7878,19.18,G09016
708727939,84.1578,-14.5264,18.44,G09016;G09017
708732808,82.8397,-14.5112,19.17,G09016
708735237,82.1654,-14.2522,17.33,G09016;G09102;G09017;G09166
708735865,83.0325,-14.2966,19.1,G09016
708738599,82.8604,-13.8525,18.27,G09016;G09017
708739427,82.9977,-13.8028,18.86,G09016;G09017
708743350,80.7513,-14.9969,16.48,G09016;G09102;G09017;G09166
708744560,81.3263,-14.4283,18.68,G09016;G09017
708746574,80.7634,-14.2081,18.77,G09016;G09017
708746788,80.8614,-14.039,18.39,G09016;G09017
708747322,80.2776,-14.2267,17.95,G09016;G09102;G09017;G09166
708754345,81.9812,-13.6063,17.6,G09016;G09102;G09017;G09166
708755232,82.8804,-13.1805,19.08,G09016
708756899,81.7723,-13.1143,18.88,G09016;G09017
708758851,80.6373,-13.4939,17.65,G09016;G09102;G09017
708760673,80.2228,-13.2833,17.51,G09016;G09102;G09017
708760843,80.6065,-13.1533,18.25,G09016;G09017
708761141,80.9426,-13.0292,18.18,G09016;G09017
708769784,80.7954,-12.2223,19.28,G09016
708769807,80.816,-12.16,18.98,G09016;G09017
708772719,80.7847,-11.6382,17.28,G09016;G09017;G09102;G09166
708773419,80.2656,-11.7767,18.83,G09016;G09017
708774786,80.4899,-11.2172,17.09,G09016;G09102;G09017;G09166
708855863,87.8751,-17.3086,19.3,G09016
708856831,87.9635,-17.0729,17.91,G09016;G09102;G09017;G09166
708862596,88.3915,-16.7358,17.15,G09016;G09102;G09017;G09166
708866654,88.2646,-16.159,18.62,G09016;G09017
709073521,87.8722,-16.185,19.17,G09016;G09017
709074172,87.7191,-16.0701,18.75,G09016;G09017
709075328,88.3827,-15.7753,17.71,G09016;G09102;G09017;G09166
709078048,87.5057,-15.5036,17.77,G09016;G09102;G09017
709084800,86.3932,-15.4777,18.96,G09016;G09017
709090199,87.1632,-14.8672,18.35,G09016;G09017
709093683,89.0088,-15.106,18.85,G09016;G09017
709094869,88.3548,-15.2203,17.56,G09016;G09102;G09017;G09166
709096873,88.8805,-14.8287,18.04,G09016;G09017
709096918,88.8387,-14.7886,18.36,G09016;G09017
709101362,89.0544,-14.6215,17.52,G09016;G09102;G09017
709107734,87.5491,-14.6735,18.06,G09016;G09017
709114819,88.204,-13.874,19.02,G09016
709128543,84.9449,-14.9612,18.92,G09016;G09017
709138148,85.6844,-13.619,18.3,G09016;G09017
709138938,87.134,-14.2987,18.58,G09016;G09017
709145161,87.8627,-13.6642,19.08,G09016;G09017
709147902,88.1685,-13.0555,19.07,G09016
709153817,86.8214,-13.1594,17.85,G09016;G09102;G09017;G09166
709156474,86.4129,-12.962,18.6,G09016;G09017
709158747,87.5328,-12.8129,18.88,G09016;G09017
709160338,86.8403,-12.8713,18.09,G09016;G09017
709179590,89.3032,-13.4746,18.48,G09016;G09017
709180846,89.3763,-13.2462,18.03,G09016;G09017;G09166
709181499,88.9942,-13.4429,17.74,G09016;G09102;G09017
709232753,88.9356,-12.6493,18.47,G09016;G09017
709238319,89.7591,-12.0078,19.04,G09016
709238545,89.4483,-12.1223,18.51,G09016;G09017
709241695,87.8109,-12.5084,18.77,G09016;G09017
709243002,87.8427,-12.1088,18.36,G09016;G09017
709245070,87.6243,-12.06,18.63,G09016;G09017
709245524,87.2295,-12.003,18.35,G09016;G09017
709245963,87.9242,-11.9383,18.8,G09016;G09017
709246043,88.0318,-11.8848,19.04,G09016
710062949,84.7985,-14.005,18.74,G09016;G09017
710064373,84.2175,-13.9973,18.08,G09016;G09017;G09166
710067093,85.2451,-13.4758,18.69,G09016;G09017
710078842,84.7426,-12.4204,18.33,G09016;G09017
710079961,84.1059,-12.4692,18.97,G09016;G09017
710082990,86.0338,-12.7878,19.2,G09016
710086029,86.0431,-12.2789,19.29,G09016
710093535,85.1108,-12.2646,18.41,G09016;G09017
710097438,84.8171,-11.7323,18.93,G09016;G09017
710098238,85.8209,-11.7606,18.24,G09016;G09017
710098776,85.4772,-11.7447,19.29,G09016
710103149,85.8064,-10.9674,19.23,G09016
710103155,85.8761,-10.9431,19.27,G09016
710104243,83.056,-12.8226,19.12,G09016
710109001,84.043,-12.3086,18.56,G09016;G09017
710109423,84.108,-12.0328,18.59,G09016;G09017
710117395,82.8693,-11.6502,18.96,G09016;G09017
710126404,84.3726,-10.81,19.09,G09016;G09017
710131845,83.6293,-11.193,18.92,G09016;G09017
710134351,83.5884,-10.8158,18.63,G09016;G09017
710134364,83.6439,-10.8134,18.61,G09016;G09017
710134760,83.0838,-10.8051,18.63,G09016;G09017
710137879,84.9833,-10.2427,18.56,G09016;G09017
710140097,84.3787,-9.9352,19.14,G09016
710142939,87.4363,-11.3581,19.19,G09016
710182926,84.7985,-9.5108,18.47,G09016;G09017
710204970,81.2856,-11.165,19.24,G09016
710207871,82.1487,-10.8024,18.88,G09016;G09017
710210215,80.6514,-11.22,18.86,G09016;G09017
710212320,80.3146,-10.9423,18.84,G09016;G09017
710216211,81.4138,-10.2949,19.05,G09016
710220256,83.3575,-10.0078,19.07,G09016
710227229,83.4715,-9.3835,18.97,G09016;G09017
710234940,82.6536,-9.2207,19.14,G09016
710236001,82.5592,-8.85,19.05,G09016;G09017
710240566,81.0429,-9.9972,19.08,G09016
710240694,80.91,-9.9316,17.89,G09016;G09102;G09017;G09166
710240927,80.8221,-9.891,19.0,G09016;G09017
710241120,80.8948,-9.8511,18.39,G09016;G09017
710241673,81.4813,-9.568,18.83,G09016;G09017
710247942,81.6867,-9.1503,19.28,G09016
710249101,81.8979,-8.8894,17.3,G09016;G09102;G09017
710249613,81.3375,-9.0641,17.06,G09016;G09102;G09017
710251037,81.2997,-8.6758,19.27,G09016
710251678,82.4702,-8.7839,18.98,G09016;G09017
710253996,82.1091,-8.5078,17.31,G09016;G09102;G09017;G09166
710254691,82.029,-8.2546,19.02,G09016
710256269,80.8548,-8.7777,18.1,G09016;G09017;G09166
710259352,80.8563,-8.1421,17.22,G09016;G09102;G09017
93238424,85.7065,-19.0198,15.38,G09016;G09102;G09017
152416325,75.3167,-15.1903,16.46,G09016;G09102;G09017;G09166
167486543,72.1335,-10.8973,16.3,G09016;G09102;G09017;G09166;20SECONDTARGET
298903489,69.981,-4.0981,16.29,G09016;G09102;G09017
298983685,70.5306,-5.609,16.68,G09177;G09016;G09102;G09017
37779734,65.3003,-10.2356,15.98,G09016;G09102;G09017
37906169,66.2445,-9.7648,17.52,G09016;G09102;G09017
38014817,67.3923,-11.7518,15.65,G09016;G09102;G09017;G09166
43490057,75.2007,-6.4122,16.35,G09016;G09102;G09017
43534145,75.3611,-9.2742,16.84,G09016;G09102;G09017
43715590,76.3596,-7.575,16.09,G09016;G09102;G09017
471012346,75.1141,-11.3598,18.83,G09016;G09017
471015798,72.0967,-13.0696,18.63,G09016;G09017
55896166,68.6584,-10.2355,16.6,G09016;G09102;G09017;G09166
55934889,68.7706,-6.0243,15.9,G09016;G09102;G09017
56099399,70.4099,-5.8606,17.12,G09016;G09102;G09017
671312696,73.9969,-16.832,18.45,G09016;G09017
671314491,74.4556,-16.6943,18.04,G09016;G09017
671327477,72.5549,-16.3584,17.98,G09016;G09102;G09017;G09166
671329397,74.1487,-15.7103,19.16,G09016
671329811,73.3379,-15.8548,18.95,G09016;G09017
671329982,73.6674,-15.6248,19.25,G09016
671331934,72.5816,-15.7465,18.91,G09016;G09017
671408784,74.6075,-15.1865,17.95,G09016;G09017
671408880,74.836,-15.351,19.02,G09016
671410944,75.4145,-14.8163,18.14,G09016;G09017
671411072,75.3754,-14.7131,18.84,G09016;G09017
671412710,74.9399,-14.3486,18.55,G09016;G09017
671413637,74.0985,-14.8479,18.29,G09016;G09017
671413685,73.9429,-14.7816,18.33,G09016;G09017
671415914,74.4073,-14.3425,18.74,G09016;G09017
671423959,76.4812,-12.9476,19.0,G09016;G09017
671425014,75.7341,-13.407,18.39,G09016;G09017
671425683,74.8816,-13.5301,19.2,G09016
671426325,74.743,-13.1115,18.08,G09016;G09017
671426959,75.3069,-12.875,19.16,G09016
671457959,76.5864,-11.8536,17.61,G09016;G09102;G09017;G09166
671516887,70.289,-15.4055,19.03,G09016
671517367,70.6058,-15.1412,17.59,G09016;G09017;G09102;G09166
671517642,69.8503,-15.2629,18.77,G09016;G09017
671522635,72.118,-14.3068,18.24,G09016;G09017
671524675,70.7943,-14.4082,18.78,G09016;G09017
671528180,69.5874,-15.0988,18.71,G09016;G09017
671531720,68.0904,-14.3433,19.07,G09016;G09017
671534627,69.9764,-13.7317,18.03,G09016;G09017
671535196,71.1143,-13.6683,18.29,G09016;G09017
671536620,71.1294,-13.0747,18.37,G09016;G09017
671537026,71.1118,-12.748,17.65,G09016;G09102;G09017
671540035,70.1727,-12.5873,18.61,G09016;G09017
671563899,65.4805,-13.4253,17.68,G09016;G09102;G09017
671564582,65.3135,-13.277,18.98,G09016;G09017
671564823,65.0392,-13.1226,19.3,G09016
671567843,64.9474,-12.5049,18.08,G09016;G09017
671568021,64.6373,-12.6653,19.25,G09016;G09017
671573339,67.0538,-13.4071,18.41,G09016;G09017
671574829,67.5528,-13.0145,18.95,G09016;G09017
671579564,69.9306,-12.1468,18.79,G09016;G09017
671579583,69.8829,-12.1029,17.52,G09016;G09102;G09017
671582625,67.6548,-11.8987,19.04,G09016
671582895,68.4049,-11.7721,18.43,G09016;G09017
671583771,68.7901,-11.5411,19.25,G09016
671586484,65.8664,-12.6862,17.67,G09016;G09102;G09017;G09166
671586527,65.8242,-12.6454,17.69,G09016;G09017;G09166
671588577,66.409,-12.0268,18.41,G09016;G09017
671588724,66.4705,-11.8205,17.49,G09016;G09102;G09017;G09166
671589286,65.4747,-12.4756,18.53,G09016;G09017
671592176,65.6306,-11.4914,19.23,G09016
671592552,66.1756,-11.1667,18.71,G09016;G09017
671594035,67.3425,-11.4219,18.1,G09016;G09017
671595799,68.5367,-10.685,18.86,G09016;G09017
671595806,68.708,-10.6747,18.62,G09016;G09017
671596213,67.5896,-10.8289,19.04,G09016
671598652,66.8213,-10.2532,18.51,G09016;G09017
671599070,67.5032,-10.4081,18.93,G09016;G09017
671601553,73.7122,-13.831,19.15,G09016
671607786,72.4926,-12.8451,18.51,G09016;G09017
671607955,73.108,-13.1139,18.88,G09016;G09017
671610327,74.7872,-12.9793,19.08,G09016;G09017
671610595,74.3686,-12.9301,18.9,G09016;G09017
671611054,75.144,-12.5774,19.15,G09016
671611807,74.3854,-12.5399,18.7,G09016;G09017
671614749,74.9681,-11.892,18.63,G09016;G09017
671618824,74.6603,-11.4212,18.19,G09016;G09017
671619021,74.7925,-11.2467,18.86,G09016;G09017
671622928,72.5342,-12.1315,19.26,G09016
671625509,71.5042,-12.0905,18.09,G09016;G09017;G09166
671625968,70.6787,-12.1829,18.94,G09016;G09017
671628308,71.2563,-11.6082,17.46,G09016;G09017;G09102
671628559,71.1775,-11.4471,19.17,G09016
671628920,71.7532,-11.1656,18.64,G09016;G09017
671629550,73.338,-11.7795,18.53,G09016;G09017
671630743,73.0281,-11.4233,18.68,G09016;G09017
671630948,72.5831,-11.3484,18.88,G09016;G09017
671631789,73.9465,-11.2594,19.03,G09016;G09017
671635155,73.0565,-10.775,18.95,G09016;G09017
671638014,73.3381,-10.0782,18.84,G09016;G09017
671639422,76.0468,-11.8695,18.92,G09016;G09017
671639512,75.9033,-11.8073,18.94,G09016;G09017
671639579,76.2266,-11.7578,18.91,G09016;G09017
671642178,76.9633,-11.1221,19.29,G09016
671643058,76.9595,-10.8262,17.83,G09016;G09102;G09017;G09166
671644698,75.2899,-11.3494,19.23,G09016
671647530,76.2551,-10.5038,18.12,G09016;G09017
671649617,76.2176,-9.8858,18.23,G09016;G09017
671649797,75.6924,-9.9303,18.41,G09016;G09017
671651170,77.5312,-10.2627,18.34,G09016;G09017
671655197,77.905,-9.5219,17.33,G09016;G09102;G09017
671657507,77.2088,-9.5719,18.81,G09016;G09017
671657597,77.2036,-9.5107,19.11,G09016
671657996,77.0164,-9.3127,19.23,G09016
671659176,76.5383,-9.2855,18.62,G09016;G09017
671659947,77.0127,-9.3022,18.27,G09016;G09017
671660091,77.4041,-9.1551,18.73,G09016;G09017
671660331,77.6869,-9.1406,19.29,G09016
671660849,77.6989,-8.869,18.86,G09016;G09017
671661508,76.7146,-9.0446,19.25,G09016
671664080,74.0757,-10.3196,18.87,G09016;G09017
671665994,75.1115,-9.7345,18.99,G09016;G09017
671668210,75.313,-9.0626,18.78,G09016;G09017
671670090,73.2974,-9.4567,19.19,G09016
671671183,74.8644,-9.2874,19.24,G09016
671672363,74.9281,-8.7948,18.09,G09016;G09017
671673091,74.1568,-8.7525,18.05,G09016;G09017;G09166
671675801,75.6761,-8.83,19.01,G09016;G09017
671676583,76.5747,-8.8953,19.03,G09016;G09017
671677072,76.3845,-8.6614,17.78,G09016;G09102;G09017;G09166
671681743,74.7911,-8.1806,18.52,G09016;G09017
671683143,76.0185,-7.9988,18.64,G09016;G09017
671683442,76.276,-7.8361,18.71,G09016;G09017
671684084,75.6845,-7.9528,18.42,G09016;G09017
671688227,71.1335,-10.9637,18.51,G09016;G09017
671688953,70.603,-10.9892,18.56,G09016;G09017
671689759,70.9486,-10.4607,18.97,G09016;G09017
671692538,70.5431,-10.4164,17.52,G09016;G09017;G09166
671693196,70.5055,-10.1991,17.82,G09016;G09102;G09017;G09166
671694054,70.2404,-10.1049,18.8,G09016;G09017
671694084,70.1924,-10.036,17.24,G09016;G09102;G09017;G09166
671694620,71.737,-10.7521,17.14,G09016;G09102;G09017;G09166
671694706,71.6436,-10.6054,19.27,G09016
671697202,72.5581,-9.9965,18.97,G09016;G09017
671697453,72.2017,-9.9277,19.07,G09016;G09017
671698334,72.8094,-9.3313,18.77,G09016;G09017
671701253,70.458,-9.593,18.22,G09016;G09017
671702599,71.723,-9.0392,18.13,G09016;G09017;G09166
671703766,71.1812,-9.032,18.77,G09016;G09017
671704422,71.5422,-8.7892,18.56,G09016;G09017
671704778,68.8681,-10.7287,19.2,G09016
671705014,69.0812,-10.4747,16.88,G09016;G09102;G09017;G09166
671708112,69.9164,-9.52,18.85,G09016;G09017
671708696,69.3193,-9.4108,19.17,G09016
671710134,68.6653,-9.569,18.38,G09016;G09017
671710462,67.81,-9.8591,19.1,G09016
671710803,67.8037,-9.6112,18.23,G09016;G09017
671718215,70.9232,-8.14,18.31,G09016;G09017
671720690,69.6525,-7.9409,19.03,G09016
671722153,70.0762,-7.7493,18.2,G09016;G09017
671722488,69.9505,-7.5851,18.95,G09016;G09017
671723941,73.6968,-8.9993,17.74,G09016;G09017
671726624,74.3057,-8.4033,18.25,G09016;G09017
671727496,73.4618,-8.3917,18.86,G09016;G09017
671731164,72.3665,-7.9018,18.25,G09016;G09017
671737108,75.2689,-7.6712,18.99,G09016;G09017
671738490,75.6124,-7.0843,18.9,G09016;G09017
671739735,75.3688,-6.9529,18.16,G09016;G09017
671741504,74.0361,-7.1656,19.03,G09016
671743075,73.6842,-6.7935,19.09,G09016
671743451,74.4617,-6.9549,19.01,G09016
671747641,72.0092,-7.8079,19.11,G09016
671747980,71.457,-7.9862,18.41,G09016;G09017
671751217,72.4276,-7.1081,19.06,G09016
671753199,71.3496,-6.957,18.71,G09016;G09017
671754346,71.0104,-6.675,18.7,G09016;G09017
671754643,71.8715,-6.8729,17.76,G09016;G09102;G09017;G09166
671754682,71.9364,-6.783,19.27,G09016
671756175,71.1269,-6.6029,17.53,G09016;G09102;G09017;G09166
671756393,71.3916,-6.3084,17.3,G09016;G09102;G09017
671756400,71.7337,-6.5444,18.33,G09016;G09017
671758690,72.8741,-6.5974,18.1,G09016;G09017
671759837,73.173,-6.0777,17.96,G09016;G09102;G09017;G09166
671761176,73.9521,-5.9404,17.58,G09016;G09102;G09017
671762477,73.9236,-5.728,19.3,G09016
671767685,72.7328,-5.3063,19.12,G09016
671768192,73.3085,-4.9509,17.13,G09016;G09017
671778237,64.2309,-11.6878,17.75,G09016;G09102;G09017;G09166
671795722,65.7587,-10.5719,18.33,G09016;G09017
671798481,64.6987,-10.7962,18.13,G09016;G09017
671798683,64.7586,-10.4971,18.96,G09016;G09017
671800602,66.1069,-10.4349,19.11,G09016;G09017
671800985,66.2329,-10.17,19.12,G09016
671802323,66.537,-9.9624,18.97,G09016;G09017
671803776,65.5363,-10.0411,18.0,G09016;G09017
671803913,65.5046,-9.8648,19.13,G09016
671806131,66.3551,-9.0276,18.95,G09016;G09017
671807068,66.0705,-8.562,18.26,G09016;G09017
671852407,67.8369,-9.2123,18.52,G09016;G09017
671852584,67.9411,-9.0438,19.05,G09016
671853400,67.5488,-8.8287,18.35,G09016;G09017
671854309,68.5745,-8.6114,19.11,G09016
671854415,68.5427,-8.4763,18.89,G09016;G09017
671855016,68.0787,-8.3991,18.66,G09016;G09017
671857228,66.7051,-8.2575,18.57,G09016;G09017
671859155,67.7172,-7.5795,18.45,G09016;G09017
671860068,68.9312,-7.8872,18.82,G09016;G09017
671861199,68.7067,-7.6324,18.5,G09016;G09017
671862529,69.9503,-7.2405,18.32,G09016;G09017
671865862,68.2404,-7.0414,18.19,G09016;G09017
671866481,68.8246,-7.0219,18.46,G09016;G09017
671867097,69.1865,-6.6774,18.8,G09016;G09017
671867439,69.0998,-6.5194,17.94,G09016;G09102;G09017
671870571,66.8646,-7.7081,18.86,G09016;G09017
671871082,67.1961,-7.3436,18.23,G09016;G09017
671871699,66.7378,-7.225,18.52,G09016;G09017
671876555,67.748,-6.9101,18.8,G09016;G09017
671876894,67.776,-6.809,19.13,G09016;G09017
671878937,68.5899,-6.2224,18.97,G09016;G09017
671882727,67.6352,-5.8391,18.18,G09016;G09017
671890587,70.132,-5.9852,19.25,G09016
671891158,69.2761,-6.0005,19.19,G09016
671893022,70.5144,-5.4889,18.66,G09016;G09017
671894377,70.2909,-5.0583,19.02,G09016
671894733,71.9406,-5.7043,19.12,G09016
671895476,72.1684,-5.3427,18.29,G09016;G09017
671900000,72.2046,-4.4417,18.52,G09016;G09017
671902801,71.1414,-4.3363,18.27,G09016;G09017
671905177,71.7062,-4.0326,17.91,G09016;G09102;G09017;G09166
671906596,69.2323,-5.5396,18.88,G09016;G09017
671907663,68.5463,-5.2922,19.01,G09016;G09017
671910796,69.3972,-4.5741,18.61,G09016;G09017
671913274,67.9912,-4.4,17.25,G09016;G09102;G09017
671913714,69.168,-4.4069,19.13,G09016
671914861,68.6033,-4.3259,18.94,G09016;G09017
671920379,70.7799,-3.7806,17.12,G09016;G09102;G09017
671922729,70.0587,-3.5734,19.06,G09016;G09017
671962340,68.789,-3.5381,19.16,G09016;G09017
671968913,68.8715,-3.1988,18.08,G09016;G09017
672007304,77.6715,-8.5931,18.1,G09016;G09017;G09166
672012466,78.8252,-7.4549,17.77,G09016;G09102;G09017;G09166
672020587,77.9704,-7.8341,18.4,G09016;G09017
672020688,77.8217,-7.7478,18.14,G09016;G09017
672021929,77.0328,-7.6475,18.24,G09016;G09017
672023668,78.1566,-7.3316,18.78,G09016;G09017
672026217,78.0882,-6.8643,18.86,G09016;G09017
672027748,76.9862,-7.3236,19.11,G09016
672028035,76.8271,-7.2743,17.74,G09016;G09102;G09017
672029848,77.3391,-7.1203,18.08,G09016;G09017;G09166
672031720,77.0032,-6.7494,18.91,G09016;G09017
672031839,77.0017,-6.6897,18.48,G09016;G09017
672058533,76.9638,-6.0828,18.89,G09016;G09017
672060071,76.2913,-5.7373,19.26,G09016
672063052,74.8096,-5.9596,19.08,G09016
672063452,75.0995,-5.858,18.93,G09016;G09017
672064531,76.1302,-5.6581,18.62,G09016;G09017
672064775,75.8013,-5.5899,19.02,G09016
67810907,64.6998,-10.4522,15.7,G09016;G09102;G09017
9383300,73.2961,-11.0906,17.72,G09016;G09017
9434710,73.7071,-10.474,17.39,G09016;G09102;G09017;G09166
121550586,68.8012,-22.682,16.5,G09016;G09102;G09017
139766919,68.0018,-19.3491,16.46,G09016;G09102;G09017
178353054,61.797,-18.7426,16.1,G09016;G09102;G09017;G09166
179047457,64.2945,-26.757,16.82,G09016;G09102;G09017
332622374,62.6107,-16.6957,16.51,G09016;G09102;G09017
423518609,71.7417,-20.3253,16.86,G09016;G09102;G09017;G09166
44799663,62.5615,-25.2245,17.83,G09016;G09017
471016004,65.0153,-24.3302,18.26,G09016;G09017
651567731,59.7417,-23.5636,18.3,G09016;G09017
651567802,59.7065,-23.3939,17.82,G09016;G09102;G09017;G09166
651568303,59.7705,-23.207,16.01,G09016;G09102;G09017
651615352,59.8907,-22.6845,18.99,G09016;G09017
651616260,59.8529,-21.9053,16.74,G09016;G09102;G09017;G09166
651616479,59.5605,-21.6372,18.08,G09016;G09017
651619024,59.9355,-20.5865,18.17,G09016;G09017
651619216,59.4858,-20.458,18.76,G09016;G09017
671201581,71.6543,-22.8608,17.66,G09016;G09102;G09017;G09166
671206684,70.8279,-21.8698,18.97,G09016;G09017
671207062,70.7582,-21.7772,18.85,G09016;G09017
671207222,71.0207,-21.534,18.27,G09016;G09017
671207998,72.158,-21.3396,19.2,G09016
671215495,72.1691,-20.564,19.08,G09016;G09017
671265605,70.1799,-20.9577,17.96,G09016;G09102;G09017;G09166
671266428,71.6188,-20.7124,18.92,G09016;G09017
671266878,70.6487,-20.8827,17.91,G09016;G09102;G09017
671270928,69.9098,-20.2874,18.48,G09016;G09017
671270942,69.8552,-20.2684,17.96,G09016;G09017
671273347,71.4437,-20.0227,19.14,G09016
671274749,73.0053,-19.5675,18.42,G09016;G09017
671278332,70.9895,-18.8908,18.86,G09016;G09017
671279238,71.9068,-18.8446,19.27,G09016
671280068,71.824,-18.7024,18.93,G09016;G09017
671283578,69.9061,-19.2552,18.28,G09016;G09017
671284352,69.5984,-19.1574,17.98,G09016;G09102;G09017
671285142,68.6001,-19.5197,18.14,G09016;G09017
671285411,68.359,-19.3381,19.0,G09016;G09017
671287859,68.3419,-18.7742,18.92,G09016;G09017
671288348,68.7491,-18.4469,18.06,G09016;G09017;G09166
671289814,69.8548,-18.8151,19.11,G09016
671291024,71.0198,-18.3647,18.41,G09016;G09017
671291987,70.6176,-18.2299,19.09,G09016
671293657,70.1256,-18.0503,19.02,G09016
671296031,69.8078,-17.4843,18.29,G09016;G09017
671297017,72.9225,-19.156,18.59,G09016;G09017
671298056,72.8721,-18.7981,18.11,G09016;G09017
671299303,73.7732,-18.4883,17.52,G09016;G09017;G09102;G09166
671303336,72.2324,-17.8548,19.26,G09016
671483434,67.9679,-18.6236,17.91,G09016;G09102;G09017;G09166
671485508,67.0316,-18.3562,18.68,G09016;G09017
671486664,66.6208,-17.7429,17.47,G09016;G09102;G09017
671487462,67.9269,-17.5306,18.28,G09016;G09017
671489293,69.3156,-17.533,17.85,G09016;G09102;G09017;G09166
671489809,68.7368,-17.5038,19.23,G09016
671493150,68.2486,-16.9948,17.44,G09016;G09102;G09017;G09166
671494560,68.8233,-16.6481,17.3,G09016;G09102;G09017
671494990,69.1416,-16.3955,17.31,G09016;G09102;G09017;G09166
671495059,69.027,-16.2973,18.94,G09016;G09017
671498729,67.0668,-16.8338,18.68,G09016;G09017
671501162,65.3646,-16.804,17.85,G09016;G09017
671501631,66.1724,-16.7163,16.89,G09016;G09102;G09017
671504319,67.3584,-16.4275,17.43,G09016;G09017;G09102;G09166
671504357,67.4409,-16.3333,19.3,G09016
671507380,66.7789,-15.9955,18.54,G09016;G09017
671509822,67.0595,-15.2829,18.16,G09016;G09017
671541496,64.8819,-16.412,18.34,G09016;G09017
671541835,64.4771,-16.4107,18.84,G09016;G09017
671543622,65.2775,-15.7075,19.14,G09016
671544649,63.7166,-15.9583,18.51,G09016;G09017
671545016,64.3215,-15.7132,19.24,G09016
671545481,63.6323,-15.6676,17.45,G09016;G09102;G09017
671546549,65.3637,-15.0819,18.1,G09016;G09017
671547816,66.1503,-15.4623,18.28,G09016;G09017
671547843,66.335,-15.4969,18.68,G09016;G09017
671547859,66.2763,-15.4744,18.34,G09016;G09017
671548112,66.152,-15.2854,17.48,G09016;G09102;G09017
671548968,65.4715,-15.0714,17.89,G09016;G09102;G09017
671552404,65.0013,-14.6625,19.29,G09016
671556767,63.938,-15.0416,18.84,G09016;G09017
671557066,63.7873,-14.7664,18.84,G09016;G09017
671561072,62.9647,-13.9002,17.91,G09016;G09017
671561520,63.6022,-13.5744,18.34,G09016;G09017
671561691,63.0808,-13.5262,18.12,G09016;G09017
671561716,63.2473,-13.5127,18.67,G09016;G09017
686308606,62.5413,-25.6298,18.49,G09016;G09017
686311510,61.4998,-25.1597,17.61,G09016;G09102;G09017
686311683,61.8568,-25.0572,18.03,G09016;G09017
686311954,61.9482,-24.7749,18.33,G09016;G09017
686311959,61.965,-24.7688,19.17,G09016
686315204,68.2667,-28.3589,17.43,G09016;G09017;G09102;G09166
686320378,68.4193,-27.9817,18.53,G09016;G09017
686324751,68.25,-26.706,17.92,G09016;G09102;G09017;G09166
686328416,66.1668,-27.5087,18.96,G09016;G09017
686330077,66.5465,-26.9209,17.45,G09016;G09102;G09017;G09166
686331230,65.2074,-27.2824,18.67,G09016;G09017
686334145,67.5411,-26.7793,18.68,G09016;G09017
686336705,68.1526,-25.9784,18.69,G09016;G09017
686339517,67.486,-25.5266,18.85,G09016;G09017
686345278,69.5483,-26.2419,19.02,G09016
686345585,70.0081,-26.0586,17.61,G09016;G09102;G09017;G09166
686358325,69.1711,-25.0939,18.58,G09016;G09017
686360365,69.9409,-24.4331,17.8,G09016;G09102;G09017;G09166
686360537,69.5169,-24.7053,18.29,G09016;G09017
686360866,69.2208,-24.4913,18.7,G09016;G09017
686362857,68.2133,-24.5923,18.8,G09016;G09017
686368773,70.7043,-23.2775,19.06,G09016
686369768,69.6183,-23.4749,18.79,G09016;G09017
686370675,69.0027,-23.3048,18.7,G09016;G09017
686371537,70.0937,-23.0686,17.93,G09016;G09102;G09017;G09166
686372172,70.5981,-22.5038,18.89,G09016;G09017
686373652,65.0358,-26.8172,17.35,G09016;G09017;G09102;G09166
686374775,64.5194,-26.214,18.79,G09016;G09017
686375429,65.8005,-26.0228,18.88,G09016;G09017
686376382,65.557,-25.5573,19.13,G09016
686376804,64.2235,-26.2076,17.96,G09016;G09102;G09017;G09166
686377117,64.1782,-26.122,18.29,G09016;G09017
686379305,64.3467,-25.4378,18.66,G09016;G09017
686379353,64.2059,-25.4067,17.99,G09016;G09102;G09017;G09166
686379898,64.8845,-24.9372,18.19,G09016;G09017
686381923,66.181,-24.743,18.77,G09016;G09017
686383057,66.3005,-24.6743,18.29,G09016;G09017
686384300,65.9785,-24.7029,18.56,G09016;G09017
686385425,65.4084,-24.1709,18.61,G09016;G09017
686386502,65.6093,-24.1235,17.28,G09016;G09102;G09017
686386605,65.8508,-24.0033,18.27,G09016;G09017
686389334,63.8644,-24.8076,19.07,G09016
686389434,64.2326,-24.8038,18.35,G09016;G09017
686389995,63.7672,-24.6304,18.53,G09016;G09017
686390687,62.548,-25.1184,19.28,G09016
686391764,62.0253,-24.5806,19.25,G09016
686391887,62.1819,-24.3627,18.81,G09016;G09017
686392241,62.667,-24.1563,18.96,G09016;G09017
686395230,64.4296,-23.855,19.29,G09016
686396801,65.1395,-23.2089,18.26,G09016;G09017
686398584,63.8833,-23.2225,19.16,G09016
686398973,64.6957,-23.1772,17.71,G09016;G09102;G09017
686400671,67.6053,-24.4174,17.94,G09016;G09017
686401581,67.1231,-24.232,18.88,G09016;G09017
686401653,67.0422,-24.102,18.13,G09016;G09017
686406773,67.3269,-22.5654,18.28,G09016;G09017
686409057,69.1027,-22.2083,18.09,G09016;G09017
686410572,69.1476,-21.9998,19.06,G09016
686410857,69.5071,-21.8298,18.96,G09016;G09017
686413184,69.1464,-21.7642,18.27,G09016;G09017
686414668,69.0154,-21.0832,17.48,G09016;G09102;G09017;G09166
686415711,66.4907,-22.5746,18.45,G09016;G09017
686416008,65.5566,-22.6949,18.36,G09016;G09017
686416813,66.5283,-22.4021,18.65,G09016;G09017
686418956,65.6337,-21.9506,18.99,G09016;G09017
686419135,65.0858,-22.1809,18.66,G09016;G09017
686419609,65.5988,-21.7858,19.27,G09016
686423530,68.1523,-21.0403,18.52,G09016;G09017
686425082,66.8568,-21.2417,19.28,G09016
686425248,66.9947,-20.9888,18.46,G09016;G09017
686426803,67.4958,-20.6394,18.08,G09016;G09017
686428021,66.9158,-20.1544,16.9,G09016;G09102;G09017
686430839,61.0145,-24.8675,19.27,G09016
686432368,60.3506,-24.5192,17.57,G09016;G09102;G09017
686433144,61.0313,-23.8471,18.91,G09016;G09017
686434206,60.3443,-23.3373,18.1,G09016;G09017
686435360,61.7247,-24.0387,18.2,G09016;G09017
686437461,62.5586,-23.0836,17.9,G09016;G09102;G09017
686439527,61.9439,-23.069,18.89,G09016;G09017
686440864,62.0722,-22.2655,18.29,G09016;G09017
686441200,63.2552,-23.0885,19.1,G09016
686441435,63.3001,-22.9172,18.82,G09016;G09017
686441469,63.361,-22.8113,16.89,G09016;G09102;G09017
686444568,62.613,-22.4884,18.51,G09016;G09017
686445774,62.1245,-21.8977,18.75,G09016;G09017
686445991,62.8329,-21.7147,18.99,G09016;G09017
686446054,62.7598,-21.6924,18.79,G09016;G09017
686446086,62.3815,-21.8159,19.09,G09016
686446253,62.5199,-21.5073,18.68,G09016;G09017
686447586,62.9979,-21.1278,19.27,G09016
686450765,61.4158,-21.6532,19.01,G09016;G09017
686452041,60.7892,-21.1907,19.11,G09016
686453747,61.7781,-21.3165,18.95,G09016;G09017
686454581,62.6068,-21.0413,17.24,G09016;G09102;G09017
686455595,62.059,-20.646,18.04,G09016;G09017
686460692,64.8027,-20.976,18.97,G09016;G09017
686462329,65.66,-20.4883,19.02,G09016;G09017
686462349,65.5002,-20.4768,19.23,G09016
686463490,63.5856,-20.9765,18.04,G09016;G09017
686463538,63.5043,-20.9173,19.04,G09016;G09017
686464435,64.7989,-20.4568,17.99,G09016;G09102;G09017
686464602,64.7369,-20.2849,18.84,G09016;G09017
686464793,65.0326,-20.1204,19.2,G09016
686465463,64.3875,-19.902,18.77,G09016;G09017
686468347,67.0693,-19.4128,19.11,G09016;G09017
686471654,66.2593,-18.8702,19.24,G09016
686471884,65.9132,-18.994,18.19,G09016;G09017
686472414,66.2668,-18.5967,18.56,G09016;G09017
686472547,66.0097,-18.5137,18.36,G09016;G09017
686474665,64.2244,-19.7826,19.13,G09016
686474895,64.0535,-19.6864,18.77,G09016;G09017
686480555,64.8859,-18.7781,18.83,G09016;G09017
686481518,64.8036,-18.4034,18.38,G09016;G09017
686481694,65.3096,-18.6522,18.98,G09016;G09017
686482941,65.0958,-17.9947,18.3,G09016;G09017
686483324,65.3809,-17.7482,19.09,G09016
686483513,63.9864,-18.5768,19.04,G09016
686484228,64.3106,-18.1673,18.45,G09016;G09017
686485170,63.8335,-17.7186,19.11,G09016
686487968,60.6372,-20.1809,18.99,G09016;G09017
686489744,60.5255,-19.5218,18.06,G09016;G09017
686490450,60.2707,-19.3641,18.77,G09016;G09017
686491355,60.8733,-18.6125,18.64,G09016;G09017
686492795,62.1519,-19.0154,18.66,G09016;G09017
686493466,61.6074,-18.7125,18.21,G09016;G09017;G09166
686494318,62.5909,-18.3413,18.72,G09016;G09017
686495291,62.7604,-17.9831,18.74,G09016;G09017
686495383,62.3745,-18.0278,18.12,G09016;G09017
686497416,61.6447,-17.9151,18.6,G09016;G09017
686502508,63.1322,-16.8938,18.43,G09016;G09017
686503340,62.4854,-16.6737,17.96,G09016;G09102;G09017;G09166
686505265,60.6615,-17.8835,19.09,G09016
686505553,60.7943,-17.8689,19.13,G09016
686510178,61.9592,-16.6276,18.59,G09016;G09017
686510746,62.1406,-16.1839,18.0,G09016;G09102;G09017
124033256,91.6228,-19.8414,17.03,G09016;G09102;G09017;G09166
124185370,92.3581,-21.209,17.68,G09016;G09017
318015989,90.0956,-14.8812,17.35,G09016;G09102;G09017
322739572,101.1423,-16.9739,18.61,G09016;G09017
33422869,87.6009,-19.7898,18.42,G09016;G09017
33692053,93.1265,-15.3508,17.34,G09016;G09102;G09017;20SECONDTARGET
34659392,95.8945,-14.2406,16.5,G09016;G09102;G09017;G09166
34726609,95.9426,-16.4988,16.03,G09016;G09102;G09017;G09166
34855316,96.4796,-14.2455,16.34,G09016;G09102;G09017;20SECONDTARGET
443507234,99.0852,-15.0771,16.14,G09016;G09102;G09017;G09166
47499442,96.894,-19.5736,16.62,G09016;G09102;G09017;20SECONDTARGET
47546294,97.1611,-21.6278,16.2,G09016;G09102;G09017;G09166
47910521,98.2381,-22.9187,16.83,G09016;G09102;G09017;G09166
60034959,95.0039,-23.5834,16.82,G09016;G09102;G09017
60040774,94.985,-17.9723,16.88,G09016;G09102;G09017;20SECONDTARGET
60040830,94.9933,-17.8854,16.75,G09016;G09102;G09017;G09166
60122948,95.2362,-19.6061,17.74,G09016;G09017
706557657,94.8118,-24.687,18.8,G09016;G09017
706558016,94.6052,-24.6251,18.22,G09016;G09017
706565205,94.1233,-24.6037,18.73,G09016;G09017
706568463,93.2504,-24.3814,19.07,G09016
706574569,94.6908,-23.9981,19.03,G09016
706605784,91.6878,-23.926,17.69,G09016;G09102;G09017;G09166
706611617,92.6263,-24.1467,18.97,G09016;G09017
706611782,92.9413,-24.1316,18.99,G09016;G09017
706612443,93.1412,-24.1268,18.64,G09016;G09017
706624182,93.3459,-23.2547,18.08,G09016;G09017
706626547,93.6836,-22.862,18.77,G09016;G09017
706631173,92.2889,-23.2165,19.05,G09016;G09017
706636202,93.1297,-23.0197,19.23,G09016
706639497,93.2146,-22.4823,18.97,G09016;G09017
706643071,92.5966,-22.4017,17.95,G09016;G09102;G09017;G09166
706721866,87.866,-22.674,17.42,G09016;G09102;G09017;G09166
706735170,90.9432,-23.3095,18.09,G09016;G09017
706737507,90.249,-23.1781,18.69,G09016;G09017
706739164,90.6819,-22.8605,18.63,G09016;G09017
706744409,88.9664,-23.0316,17.23,G09016;G09017;G09102;G09166
706751856,89.9272,-22.4287,19.04,G09016
706753644,91.3782,-23.1308,19.18,G09016;G09017
706758977,90.9812,-22.4148,17.83,G09016;G09102;G09017;G09166
706764230,92.4234,-22.0236,18.16,G09016;G09017
706775140,90.8215,-21.871,18.48,G09016;G09017
706778059,91.2509,-21.7847,18.78,G09016;G09017
706790976,88.8121,-22.2956,18.59,G09016;G09017
706791581,88.7003,-22.2447,18.96,G09016;G09017
706796488,88.7127,-22.0916,18.78,G09016;G09017
706802242,88.2534,-21.7435,18.21,G09016;G09017
706805938,88.7985,-21.7843,18.66,G09016;G09017
706806831,88.5558,-21.614,18.6,G09016;G09017
706808218,88.922,-21.3997,19.2,G09016
706809942,88.1057,-21.4144,19.25,G09016
706817011,89.5287,-21.4786,18.07,G09016;G09017
706821434,90.5767,-20.8783,19.15,G09016
706828791,89.3004,-21.0257,18.61,G09016;G09017
706834017,89.1222,-20.3424,18.85,G09016;G09017
706835728,89.742,-20.4325,19.02,G09016
706996504,97.7567,-24.8174,18.21,G09016;G09017
707001373,97.4589,-24.8056,19.0,G09016;G09017
707030123,96.5523,-24.0031,18.95,G09016;G09017
707040878,98.8995,-23.9263,18.93,G09016;G09017
707048143,98.6149,-23.7767,18.25,G09016;G09017
707054465,99.1747,-23.5459,17.75,G09016;G09102;G09017
707056206,99.3674,-23.4716,17.91,G09016;G09102;G09017
707071196,97.4767,-23.5909,19.24,G09016
707085323,98.3952,-23.0962,18.65,G09016;G09017
707086394,98.5678,-22.9068,17.46,G09016;G09102;G09017
707088151,98.4124,-22.8196,18.35,G09016;G09017
707091969,98.7721,-22.6279,17.91,G09016;G09102;G09017;G09166
707124791,99.5681,-21.8302,19.24,G09016
707126952,99.1032,-21.9997,18.65,G09016;G09017
707134999,99.7228,-21.8993,18.57,G09016;G09017
707138817,99.9546,-21.2871,18.46,G09016;G09017
707142939,99.3907,-21.267,18.87,G09016;G09017
707144181,99.7295,-21.2388,19.23,G09016
707145167,99.6628,-21.1643,18.99,G09016;G09017
707148642,95.6313,-24.3655,18.33,G09016;G09017
707154546,95.4631,-24.1178,18.67,G09016;G09017
707170758,96.1239,-22.9877,18.81,G09016;G09017
707189510,95.4971,-22.6487,19.25,G09016
707198823,97.2246,-22.8229,18.2,G09016;G09017
707201584,97.5142,-22.4904,19.04,G09016
707208767,96.8502,-22.2041,18.85,G09016;G09017
707231321,96.9743,-22.0071,18.96,G09016;G09017
707232957,96.6945,-21.9565,18.6,G09016;G09017
707238117,96.4636,-21.7793,18.8,G09016;G09017
707238759,96.4265,-21.6149,19.25,G09016
707263064,93.7541,-22.7386,19.1,G09016
707266786,94.2044,-22.1784,18.84,G09016;G09017
707273666,94.8855,-22.029,19.11,G09016
707275341,94.5968,-21.8188,17.79,G09016;G09017;G09166
707279356,93.6317,-22.3951,18.79,G09016;G09017
707284157,93.1636,-22.0726,19.2,G09016
707287385,93.4036,-21.6948,18.98,G09016;G09017
707289414,94.4744,-21.6407,18.68,G09016;G09017
707293272,94.3863,-21.3057,19.08,G09016
707299295,94.2849,-20.9237,18.94,G09016;G09017
707302616,95.5686,-21.5668,18.09,G09016;G09017
707309108,95.2132,-21.1937,19.19,G09016
707313482,96.4552,-21.1444,19.05,G09016
707315081,96.3776,-20.9632,18.49,G09016;G09017
707317032,96.9972,-20.7692,18.56,G09016;G09017
707321039,96.189,-20.6653,19.06,G09016;G09017
707334593,94.4913,-20.5188,17.38,G09016;G09102;G09017
707339651,95.6646,-20.2668,18.5,G09016;G09017
707345356,95.168,-19.8854,18.52,G09016;G09017
707351257,98.135,-21.6712,17.75,G09016;G09102;G09017;G09166
707361633,98.3434,-21.2405,18.45,G09016;G09017
707363933,98.2668,-21.0025,18.48,G09016;G09017
707367056,99.2432,-21.0479,18.66,G09016;G09017
707391068,98.1631,-20.6041,19.26,G09016
707416076,98.5612,-19.5982,16.98,G09016;G09102;G09017;G09166
707434796,99.2266,-19.6094,18.87,G09016;G09017
707505814,97.2073,-19.2207,18.83,G09016;G09017
707517630,96.8969,-18.5577,18.36,G09016;G09017
707527925,98.0392,-18.9695,19.23,G09016
707533257,98.6138,-18.4457,18.82,G09016;G09017
707569706,98.5563,-18.0996,18.21,G09016;G09017
707573275,98.3549,-17.7052,19.22,G09016
707574982,98.9921,-17.5869,18.57,G09016;G09017
707579575,98.2489,-17.5756,18.48,G09016;G09017
707582748,98.5627,-17.3817,18.55,G09016;G09017
707602140,93.1943,-20.7247,18.54,G09016;G09017
707607820,92.1006,-20.8105,17.97,G09016;G09102;G09017;G09166
707614431,92.7462,-20.5794,17.46,G09016;G09102;G09017;G09166
707618210,93.1316,-19.9321,19.1,G09016
707638652,94.499,-19.489,19.02,G09016
707649390,93.1428,-19.1869,18.32,G09016;G09017
707653559,94.0497,-19.0774,18.76,G09016;G09017
707668994,91.0915,-19.9645,17.85,G09016;G09102;G09017;G09166
707683004,91.0085,-19.4175,18.82,G09016;G09017
707683005,91.0081,-19.4168,17.52,G09016;G09102;G09017;G09166
707687259,90.7302,-18.8849,18.99,G09016;G09017
707695366,92.971,-19.1995,19.11,G09016;G09017
707701694,92.8476,-18.643,19.29,G09016
707706071,93.9132,-18.4471,18.78,G09016;G09017
707710899,93.1653,-18.0101,19.1,G09016;G09017
707711183,93.5977,-18.0963,18.34,G09016;G09017
707712210,93.7496,-17.8004,18.86,G09016;G09017
707726728,92.4962,-17.6357,18.98,G09016;G09017
707749500,95.843,-18.3928,18.87,G09016;G09017
707761743,94.7796,-18.2996,18.96,G09016;G09017
707773963,95.4915,-17.533,18.14,G09016;G09017
707788750,96.5764,-17.6458,17.47,G09016;G09102;G09017;G09166
707791754,97.3396,-17.2579,18.2,G09016;G09017;G09166
707814473,96.2587,-17.2759,18.76,G09016;G09017
707814734,96.035,-17.2791,18.92,G09016;G09017
707822508,96.0643,-16.7715,19.24,G09016
707847764,94.5864,-17.6497,17.21,G09016;G09017
707865779,94.6573,-16.69,18.01,G09016;G09017
707874919,93.4732,-16.7735,18.6,G09016;G09017
707874966,93.437,-16.7797,19.13,G09016
707878105,94.3586,-16.6706,17.42,G09016;G09102;G09017
707883305,94.0684,-16.4628,18.69,G09016;G09017
707887614,94.2899,-15.8775,18.04,G09016;G09017
707896263,95.1036,-16.3439,17.79,G09016;G09102;G09017;G09166
707941087,95.6675,-14.8665,18.66,G09016;G09017
707951311,99.6875,-17.4656,19.22,G09016
707966584,99.3521,-16.8843,18.95,G09016;G09017
707967908,99.4619,-16.6842,17.65,G09016;G09102;G09017;G09166
707967980,98.7731,-17.2288,18.85,G09016;G09017
707971440,98.6098,-16.8415,18.6,G09016;G09017
707973185,99.2239,-16.7411,17.34,G09016;G09102;G09017;G09166;20SECONDTARGET
707979641,99.661,-16.5523,18.22,G09016;G09017
707982307,99.4685,-16.3662,18.17,G09016;G09017
708015326,99.4614,-15.7359,18.49,G09016;G09017
708026055,99.1363,-15.1301,19.12,G09016
708041184,98.0184,-15.3713,17.39,G09016;G09102;G09017;G09166
708073322,99.9063,-14.8163,18.56,G09016;G09017
708085717,99.5505,-14.3264,18.9,G09016;G09017
708101011,99.579,-14.0391,19.17,G09016;G09017
708122990,96.6762,-14.8979,17.58,G09016;G09102;G09017;G09166
708127083,96.9444,-14.6829,17.41,G09016;G09102;G09017
708155653,96.0084,-14.5019,18.8,G09016;G09017
708169577,97.457,-13.7479,18.4,G09016;G09017
708411544,86.8405,-21.7371,18.43,G09016;G09017
708462307,87.0879,-21.7819,19.17,G09016
708462439,87.0236,-21.705,17.43,G09016;G09102;G09017
708469986,88.0757,-20.7063,18.65,G09016;G09017
708470625,87.4261,-20.9598,17.7,G09016;G09102;G09017
708492002,89.4528,-19.7862,18.14,G09016;G09017
708492844,89.3702,-19.6239,18.52,G09016;G09017
708494605,89.6696,-19.416,18.93,G09016;G09017
708496213,88.8405,-19.4448,17.87,G09016;G09102;G09017
708498646,89.4233,-18.9669,18.93,G09016;G09017
708498660,89.372,-18.9968,18.76,G09016;G09017
708510884,88.595,-18.6149,18.61,G09016;G09017
708783203,90.0621,-18.3868,17.16,G09016;G09017;G09102
708783247,90.0573,-18.3176,17.56,G09016;G09102;G09017;G09166
708783790,90.5764,-18.7016,19.27,G09016
708785647,91.0669,-18.3032,17.8,G09016;G09017
708797384,89.1992,-17.9101,19.17,G09016
708797516,88.998,-17.9195,17.74,G09016;G09102;G09017
708798858,90.2721,-17.8421,16.82,G09016;G09102;G09017;G09166
708811233,91.2248,-17.4961,17.56,G09016;G09102;G09017
708819116,92.4802,-16.7541,18.38,G09016;G09017
708824287,90.5516,-17.417,19.28,G09016
708828195,90.2714,-17.1115,18.75,G09016;G09017
708835286,91.7258,-16.3533,18.93,G09016;G09017
708842226,88.3197,-17.8521,19.0,G09016;G09017
708846927,88.8506,-17.3138,18.67,G09016;G09017
708848247,89.3583,-17.4647,19.29,G09016
708854401,89.4096,-16.6256,18.67,G09016;G09017
708870250,89.9882,-16.4785,18.3,G09016;G09017
708894738,89.7985,-14.7978,19.09,G09016
708908235,93.7241,-15.8942,18.91,G09016;G09017
708909937,93.831,-15.5943,19.22,G09016
708911857,92.9679,-15.7439,18.2,G09016;G09017
708926116,92.9813,-15.43,18.79,G09016;G09017
708938988,94.5331,-15.3401,18.84,G09016;G09017
708939527,94.5778,-15.2115,18.93,G09016;G09017
708948993,94.8491,-14.8953,18.9,G09016;G09017
708959542,94.8367,-14.274,18.73,G09016;G09017
708978808,94.8761,-13.8971,18.37,G09016;G09017
708991019,91.2742,-15.1248,17.97,G09016;G09102;G09017
708993596,91.1734,-14.7706,19.16,G09016
709003629,91.8681,-14.1005,19.1,G09016
709005667,90.4095,-14.7455,18.9,G09016;G09017
709008525,90.3424,-14.6304,19.21,G09016
709015065,91.7729,-13.9153,18.7,G09016;G09017
709020667,91.3632,-13.5344,18.24,G09016;G09017;G09166
709023180,92.7256,-14.1444,19.17,G09016
709066341,92.5954,-12.3316,17.64,G09016;G09102;G09017
709164513,89.7745,-14.201,18.52,G09016;G09017
709175252,90.6609,-13.2618,19.14,G09016
709175465,90.5539,-13.1958,18.58,G09016;G09017
709204237,91.8388,-12.3029,19.06,G09016
709283372,96.2146,-13.945,18.32,G09016;G09017
709310159,94.798,-13.6608,18.99,G09016;G09017
709311511,94.9984,-13.3341,17.93,G09016;G09102;G09017;G09166
709312736,95.4997,-13.287,17.89,G09016;G09102;G09017;G09166
709395446,94.4118,-13.0766,18.03,G09016;G09017
747237087,100.2358,-18.9455,17.55,G09016;G09102;G09017
747238821,100.0615,-18.927,18.21,G09016;G09017
747301577,100.8156,-18.0591,17.94,G09016;G09017
747310396,100.2301,-17.9083,17.45,G09016;G09102;G09017;G09166
747438987,100.8617,-17.1453,18.69,G09016;G09017
747457171,100.3393,-16.1956,17.56,G09016;G09102;G09017;G09166
747476180,101.1587,-16.2014,17.51,G09016;G09102;G09017;G09166
748044665,100.2175,-14.4999,18.61,G09016;G09017
124855028,94.9355,-35.4999,17.64,G09016;G09017;G09102;G09166
143107923,89.4134,-32.6033,15.96,G09016;G09102;G09017
201430036,92.4258,-30.5991,18.52,G09016;G09017
32707784,86.1426,-29.7126,16.63,G09016;G09102;G09017
32829486,86.822,-25.8838,17.28,G09016;G09102;G09017
32947827,87.6948,-24.1473,16.68,G09016;G09102;G09017
32953011,87.8285,-26.1535,16.59,G09016;G09017;G09102
33003331,87.9184,-25.5012,16.75,G09016;G09102;G09017;G09166
37351925,91.945,-29.742,17.13,G09016;G09102;G09017
37352458,91.9202,-28.8839,16.55,G09016;G09102;G09017
37658824,93.4485,-26.9942,17.61,G09016;G09102;G09017;G09166
49701149,95.7634,-28.7466,16.01,G09016;G09102;G09017;G09166
49770412,96.0198,-29.0369,16.48,G09016;G09017
705392112,94.045,-37.0363,18.94,G09016;G09017
705394311,93.5483,-37.0017,18.96,G09016;G09017
705401741,92.9705,-36.5965,18.87,G09016;G09017
705403032,93.2572,-36.3027,18.02,G09016;G09017;G09166
705403498,92.4545,-36.5391,19.12,G09016
705405529,92.7611,-35.9913,17.63,G09016;G09102;G09017;G09166
705406558,94.047,-36.9082,19.16,G09016
705407571,94.5517,-36.587,19.25,G09016
705409139,94.0545,-36.5505,18.62,G09016;G09017
705411128,94.122,-36.0422,18.44,G09016;G09017
705413015,94.8675,-35.9295,18.04,G09016;G09017;G09166
705416185,94.7105,-35.5083,18.85,G09016;G09017
705416692,94.8816,-35.4632,18.34,G09016;G09017
705418118,93.5583,-36.3072,19.14,G09016
705418312,93.4492,-36.21,19.02,G09016
705419496,93.885,-35.9762,18.7,G09016;G09017
705428282,93.994,-34.7503,17.82,G09016;G09102;G09017
705432160,91.5844,-36.2616,18.43,G09016;G09017
705433381,90.904,-36.3212,16.93,G09016;G09102;G09017;G09166
705436286,92.5027,-35.8648,18.87,G09016;G09017
705436492,92.6741,-35.7592,18.47,G09016;G09017
705437860,91.9816,-35.6983,19.18,G09016
705439524,91.8425,-35.3645,19.01,G09016
705441336,91.2165,-35.8787,19.26,G09016
705445545,91.2775,-35.3731,19.2,G09016
705447891,91.2145,-35.0635,18.12,G09016;G09017
705451907,93.3859,-35.0784,18.05,G09016;G09017;G09166
705454630,92.9581,-34.7371,19.05,G09016
705463499,92.6695,-34.1808,18.64,G09016;G09017
705464417,91.8554,-34.3698,18.34,G09016;G09017
705468517,93.2888,-33.7273,19.07,G09016
705470319,92.752,-33.5064,17.84,G09016;G09102;G09017;G09166
705471378,92.7365,-33.3923,17.47,G09016;G09102;G09017;G09166
705471628,92.9641,-33.2261,17.91,G09016;G09102;G09017
705472377,92.7316,-33.0702,18.78,G09016;G09017
705493982,89.5858,-35.947,16.83,G09016;G09102;G09017
705501818,88.7015,-35.4788,18.2,G09016;G09017
705502000,88.7554,-35.3616,18.55,G09016;G09017
705502855,89.0788,-35.1103,19.1,G09016
705503014,88.9168,-35.0717,18.28,G09016;G09017
705504061,88.2919,-35.1374,18.6,G09016;G09017
705518540,86.4297,-34.9509,18.87,G09016;G09017
705522328,87.5027,-35.0555,19.24,G09016
705524251,87.069,-34.7355,18.73,G09016;G09017
705524695,86.9264,-34.6731,17.01,G09016;G09102;G09017;G09166
705526688,88.1437,-34.2686,19.05,G09016
705529659,86.6561,-34.6568,18.81,G09016;G09017
705531960,85.9047,-34.2125,18.8,G09016;G09017
705533192,86.4681,-33.582,18.9,G09016;G09017
705533334,87.2621,-34.0158,18.77,G09016;G09017
705535310,86.8085,-33.7408,17.3,G09016;G09102;G09017;G09166
705536306,87.2938,-33.3944,19.18,G09016;G09017
705537669,90.3262,-35.2905,18.51,G09016;G09017
705539708,89.592,-35.2439,19.26,G09016
705542441,90.7069,-34.7338,19.21,G09016
705543563,91.0965,-34.404,17.98,G09016;G09102;G09017;G09166
705546432,90.82,-33.8793,18.98,G09016;G09017
705548385,89.2419,-34.3632,19.23,G09016
705551345,89.4035,-33.9699,17.73,G09016;G09102;G09017;G09166
705570224,91.0956,-32.9972,19.17,G09016
705575200,91.0889,-32.4369,18.43,G09016;G09017
705575439,91.4607,-32.3112,18.91,G09016;G09017
705577034,91.719,-31.9224,18.88,G09016;G09017
705577356,90.9378,-32.3126,18.36,G09016;G09017
705579289,91.603,-31.6054,18.81,G09016;G09017
705587633,89.0015,-32.9056,18.63,G09016;G09017
705590451,87.987,-33.2128,19.21,G09016
705590710,87.8,-33.1166,19.25,G09016
705592512,87.5323,-32.8516,19.2,G09016
705593096,87.6059,-32.6699,19.12,G09016
705595000,88.3821,-32.4962,18.99,G09016;G09017
705596316,88.8917,-32.0615,17.52,G09016;G09102;G09017
705598507,88.7561,-31.7144,19.1,G09016
705602514,89.8274,-31.9678,19.18,G09016
705603917,89.7892,-31.8026,18.89,G09016;G09017
705604881,90.874,-31.8406,19.0,G09016;G09017
705604882,90.8728,-31.8391,18.32,G09016;G09017
705615053,89.1437,-30.909,19.0,G09016;G09017
705615257,89.2156,-30.9437,18.57,G09016;G09017
705616443,89.8486,-30.9153,19.18,G09016
705624636,95.3503,-35.1573,18.63,G09016;G09017
705627587,95.6903,-34.5051,17.49,G09016;G09102;G09017
705636109,95.0572,-34.7779,18.16,G09016;G09017
705648683,95.6268,-33.4287,17.23,G09016;G09102;G09017
705686836,94.139,-33.641,19.21,G09016
705692316,94.9289,-33.3013,17.76,G09016;G09102;G09017;G09166
705696618,94.4627,-32.8191,19.13,G09016
705696839,94.3633,-32.7324,17.29,G09016;G09102;G09017;G09166
705701963,93.8885,-32.7619,18.72,G09016;G09017
705712010,94.1708,-31.694,19.08,G09016
705712991,95.5463,-32.6094,18.85,G09016;G09017
705714133,95.4544,-32.3282,19.0,G09016
705715135,95.9774,-32.1628,18.88,G09016;G09017
705717130,95.2485,-32.1809,19.2,G09016
705719007,95.6502,-31.8774,19.15,G09016
705727484,95.9704,-31.1426,17.12,G09016;G09102;G09017;G09166
705742560,95.4952,-30.7543,19.23,G09016
705742583,95.3977,-30.7514,18.26,G09016;G09017
705745487,95.353,-30.2695,18.46,G09016;G09017
705852111,97.5611,-29.4149,18.51,G09016;G09017
705854364,96.6051,-29.5154,18.5,G09016;G09017
705854456,96.5457,-29.4615,18.08,G09016;G09017
705888410,97.6787,-28.7811,18.25,G09016;G09017
705894412,97.2684,-28.4056,18.92,G09016;G09017
705897112,97.8549,-28.1319,19.0,G09016
705897184,97.7913,-28.1062,18.22,G09016;G09017
705912032,92.7345,-32.4194,18.86,G09016;G09017
705919125,93.8468,-31.5521,18.09,G09016;G09017;G09166
705923062,93.6283,-30.9359,18.8,G09016;G09017
705925651,92.4228,-31.5744,18.68,G09016;G09017
705930240,92.6869,-31.1647,19.03,G09016
705936516,94.3045,-31.1635,17.71,G09016;G09017
705937858,94.3699,-30.8669,19.07,G09016
705949557,94.5945,-29.7246,18.35,G09016;G09017
705950611,95.0572,-29.5397,18.17,G09016;G09017
705950760,94.8414,-29.7303,18.99,G09016;G09017
705956029,92.9642,-30.1391,19.16,G09016
705959486,94.3929,-29.582,19.21,G09016
705970805,90.9521,-30.4537,17.51,G09016;G09017;G09166
705977611,92.3444,-29.768,18.92,G09016;G09017
705979872,90.5407,-30.2061,19.3,G09016
705985176,91.6073,-29.7021,19.15,G09016
705987181,91.6401,-29.2731,17.83,G09016;G09102;G09017;G09166
705996940,92.7648,-28.8617,19.01,G09016;G09017
705999812,93.9458,-28.6729,17.94,G09016;G09102;G09017;G09166
706002407,93.1228,-28.5234,19.07,G09016
706005183,92.3744,-28.9275,19.17,G09016
706005773,92.1225,-28.9479,19.02,G09016
706007176,92.4213,-28.617,18.81,G09016;G09017
706007289,92.2335,-28.6179,17.66,G09016;G09102;G09017;G09166
706007424,92.2243,-28.5444,18.15,G09016;G09017
706010674,91.9177,-28.1905,18.99,G09016;G09017
706014885,92.352,-28.1601,18.79,G09016;G09017
706020123,95.4572,-29.4839,18.0,G09016;G09017;G09166
706021707,95.8829,-29.2887,18.41,G09016;G09017
706022804,95.4279,-29.4948,19.23,G09016
706028085,96.4167,-28.9887,18.19,G09016;G09017;G09166
706037617,94.9287,-29.2165,18.78,G09016;G09017
706039997,95.259,-28.8025,18.77,G09016;G09017
706046068,94.8128,-28.0822,18.17,G09016;G09017
706046560,95.6036,-28.4618,18.48,G09016;G09017
706049281,96.1491,-28.0807,19.1,G09016
706053931,95.504,-27.732,18.79,G09016;G09017
706054576,95.7976,-27.5818,18.38,G09016;G09017
706057789,96.7243,-28.3071,19.14,G09016
706058030,96.874,-28.1684,18.31,G09016;G09017
706059180,97.2986,-28.0996,17.65,G09016;G09102;G09017;G09166
706072151,97.9801,-27.3486,18.94,G09016;G09017
706076204,97.5121,-27.1127,18.88,G09016;G09017
706079518,97.8411,-26.7851,18.7,G09016;G09017
706086903,96.0411,-27.3038,18.83,G09016;G09017
706100493,96.6517,-26.38,18.9,G09016;G09017
706106263,94.7472,-28.1002,18.01,G09016;G09017
706113747,95.02,-27.4282,19.02,G09016
706116111,95.1692,-27.1561,18.66,G09016;G09017
706118621,94.9159,-27.2117,18.53,G09016;G09017
706123199,93.7908,-27.3645,18.28,G09016;G09017
706124502,93.741,-27.1444,18.03,G09016;G09017;G09166
706132795,94.6754,-26.3959,18.66,G09016;G09017
706136061,94.501,-26.2209,18.38,G09016;G09017
706140747,96.157,-26.77,18.94,G09016;G09017
706151002,96.6696,-26.2117,19.07,G09016
706186521,85.4371,-33.9661,18.67,G09016;G09017
706195200,84.2252,-33.0525,19.27,G09016
706197206,86.1991,-33.4093,18.35,G09016;G09017
706200990,86.5819,-32.8146,18.86,G09016;G09017
706201085,86.7147,-32.6793,19.02,G09016
706201207,86.9267,-32.6313,18.7,G09016;G09017
706201210,86.9749,-32.6545,17.68,G09016;G09102;G09017;G09166
706203444,86.4347,-32.1891,19.13,G09016
706203607,84.9494,-33.3697,18.3,G09016;G09017
706204138,84.8529,-33.0639,19.18,G09016
706214418,82.938,-32.8788,18.9,G09016;G09017
706215607,84.1676,-32.9152,17.07,G09016;G09102;G09017;G09166
706217551,83.4674,-32.5781,18.54,G09016;G09017
706220419,82.2643,-32.7283,19.02,G09016
706221225,82.9383,-32.6667,19.11,G09016;G09017
706221290,82.9497,-32.6212,17.82,G09016;G09102;G09017;G09166
706221990,82.9989,-32.2085,18.16,G09016;G09017
706222539,83.1791,-32.1706,19.26,G09016
706223271,82.8934,-32.0441,18.43,G09016;G09017
706228167,84.4163,-31.6381,19.25,G09016
706228663,85.352,-31.7778,17.35,G09016;G09102;G09017;G09166
706228785,85.2827,-31.6623,19.03,G09016
706238442,84.0654,-30.4031,17.84,G09016;G09102;G09017;G09166
706240912,87.6265,-32.0357,18.12,G09016;G09017
706250289,86.8702,-31.1642,18.48,G09016;G09017
706252506,87.1875,-31.3311,18.16,G09016;G09017
706253516,87.2693,-30.8203,18.43,G09016;G09017
706254334,87.4071,-30.6969,18.4,G09016;G09017
706255920,87.2965,-30.5019,18.9,G09016;G09017
706256440,87.0239,-30.3835,19.19,G09016
706256554,86.93,-30.3483,18.26,G09016;G09017
706258223,89.0984,-30.8865,17.92,G09016;G09102;G09017;G09166
706260840,88.684,-30.4511,18.8,G09016;G09017
706262809,89.184,-30.3071,18.37,G09016;G09017
706267986,87.9288,-30.2946,19.28,G09016
706274092,88.9682,-28.9957,19.03,G09016
706274299,88.1531,-29.4494,17.68,G09016;G09102;G09017;G09166
706276811,85.9903,-31.1342,18.9,G09016;G09017
706277065,85.5646,-31.1514,17.78,G09016;G09102;G09017
706281004,86.6831,-30.2624,19.28,G09016
706284285,86.3688,-29.6362,18.25,G09016;G09017
706290613,86.077,-29.0582,19.13,G09016
706305281,86.5694,-28.2082,18.33,G09016;G09017
706307025,87.6316,-27.8808,18.87,G09016;G09017
706308434,86.5372,-27.9699,19.2,G09016
706314254,82.8748,-31.3207,17.91,G09016;G09017;G09102;G09166
706357539,84.0128,-29.6442,19.19,G09016
706357814,84.1546,-29.402,19.28,G09016
706358229,83.7987,-29.2375,17.2,G09016;G09102;G09017;G09166
706360271,85.1191,-28.8398,18.16,G09016;G09017
706362261,84.7741,-28.47,18.59,G09016;G09017
706376203,86.8231,-27.3468,18.75,G09016;G09017
706377116,86.0924,-27.5185,18.95,G09016;G09017
706378526,86.7302,-26.8872,17.87,G09016;G09017;G09166
706378528,86.7656,-26.8847,19.08,G09016
706382901,84.9114,-26.9521,18.37,G09016;G09017
706387351,85.681,-26.17,17.68,G09016;G09102;G09017;G09166
706417764,90.1778,-29.5118,18.12,G09016;G09017
706420127,89.5398,-29.5142,19.05,G09016
706424793,91.095,-28.6017,17.35,G09016;G09102;G09017;G09166
706425401,91.1212,-28.5158,18.98,G09016;G09017
706433462,89.0859,-28.3891,18.6,G09016;G09017
706440539,91.5907,-28.1501,18.99,G09016;G09017
706446323,92.1626,-27.7391,19.19,G09016
706447554,92.2195,-27.4351,18.73,G09016;G09017
706449325,92.5504,-27.1269,18.67,G09016;G09017
706451106,91.8255,-27.0928,17.85,G09016;G09017
706452539,92.0048,-26.8696,19.19,G09016
706458387,90.8317,-27.0236,17.99,G09016;G09102;G09017
706459157,90.7027,-26.8727,18.98,G09016;G09017
706467854,88.8668,-28.0609,18.76,G09016;G09017
706471794,89.5162,-27.5881,19.09,G09016
706474370,89.1286,-27.3962,18.83,G09016;G09017
706482378,88.4945,-26.997,17.98,G09016;G09017;G09102
706483028,89.0705,-26.8175,18.73,G09016;G09017
706498172,90.7535,-25.8747,17.8,G09016;G09102;G09017;G09166
706499106,90.6603,-25.5817,19.2,G09016
706499443,90.6438,-25.5424,17.46,G09016;G09102;G09017;G09166
706502195,89.4461,-25.9509,19.09,G09016
706503164,89.1327,-25.9829,18.45,G09016;G09017
706509879,89.3947,-25.2389,17.26,G09016;G09017
706509991,89.4766,-25.1322,18.01,G09016;G09017
706511572,89.9922,-24.9231,19.23,G09016
706517474,92.4766,-26.3117,17.72,G09016;G09102;G09017;G09166
706520766,93.3468,-26.2124,18.22,G09016;G09017;G09166
706523639,93.1973,-26.1308,19.11,G09016
706531563,91.9568,-26.0558,19.21,G09016
706534860,92.8657,-25.7598,19.17,G09016;G09017
706540512,92.9054,-25.1602,18.89,G09016;G09017
706540528,92.8885,-25.1369,18.42,G09016;G09017
706586005,91.0457,-25.181,17.14,G09016;G09102;G09017;G09166
706587279,91.1738,-25.0596,19.07,G09016
706587629,91.2023,-24.8504,17.99,G09016;G09017
706599877,90.6098,-24.5909,19.08,G09016
706646083,87.3339,-26.5039,19.16,G09016
706646349,87.4114,-26.4049,19.18,G09016
706647149,86.6133,-26.5924,18.28,G09016;G09017
706657703,86.3657,-25.702,18.88,G09016;G09017
706659041,87.1253,-25.5786,18.91,G09016;G09017
706660883,86.9255,-25.4607,18.57,G09016;G09017
706668580,88.6942,-24.8581,18.97,G09016;G09017
706671877,89.0339,-24.8385,18.55,G09016;G09017
706673669,89.5078,-24.3922,18.93,G09016;G09017
706674566,89.2211,-24.1972,18.66,G09016;G09017
706682340,88.8628,-23.9266,18.83,G09016;G09017
706684345,88.2124,-23.6965,18.49,G09016;G09017
706701880,86.0936,-23.7756,19.03,G09016;G09017
706716704,87.103,-23.3122,17.55,G09016;G09102;G09017
738258407,94.7367,-37.4354,16.79,G09016;G09102;G09017
738261407,94.3862,-37.1623,19.1,G09016
112115538,111.7805,-30.6706,16.65,G09016;G09102;G09017;G09166
119287844,96.502,-37.8732,17.32,G09016;G09102;G09017
148045331,100.2955,-37.6231,17.03,G09016;G09102;G09017
22866080,108.9582,-37.1105,16.36,G09016;G09017;20SECONDTARGET
22868366,108.9453,-38.8679,15.75,G09016;G09102;G09017;G09166
52283228,99.8514,-30.7395,16.7,G09016;G09102;G09017;G09166
705650782,97.0799,-34.0889,18.77,G09016;G09017
705663410,97.3971,-33.1122,18.53,G09016;G09017
705664076,97.5547,-32.8041,18.04,G09016;G09017
705750317,98.4944,-32.1109,18.32,G09016;G09017
705758092,99.1799,-31.6748,18.45,G09016;G09017
705800203,99.3718,-30.1933,19.13,G09016
705810086,99.9884,-29.6091,19.19,G09016
706848832,99.3673,-27.8427,16.83,G09016;G09102;G09017;G09166
706854268,99.3026,-27.6655,18.7,G09016;G09017
706859795,99.5424,-27.1036,19.16,G09016
738221225,96.8304,-37.5825,18.48,G09016;G09017
738253896,96.5919,-36.9452,17.66,G09016;G09102;G09017
738255027,95.8923,-37.1545,18.81,G09016;G09017
738280763,99.3922,-38.5156,18.59,G09016;G09017
738286500,99.8432,-38.2422,18.36,G09016;G09017
738290980,99.8162,-37.3443,18.55,G09016;G09017
738291111,99.9011,-37.2578,18.75,G09016;G09017
738294822,98.4729,-37.9211,18.48,G09016;G09017
738299867,99.1116,-37.6291,18.21,G09016;G09017
738301180,99.2491,-37.2859,18.82,G09016;G09017
738305419,98.9047,-36.9776,19.29,G09016
738306251,99.1358,-36.8406,18.98,G09016;G09017
738307605,99.1126,-36.5805,19.09,G09016
738308708,97.873,-37.4249,18.79,G09016;G09017
738321820,98.447,-36.3027,18.48,G09016;G09017
738325535,99.7579,-36.5347,19.26,G09016
738326614,99.6667,-36.4451,17.27,G09016;G09102;G09017;G09166
738326676,99.7666,-36.4229,18.82,G09016;G09017
738327820,99.6469,-36.2563,18.81,G09016;G09017
738333800,99.3871,-35.7807,18.48,G09016;G09017
738334756,99.3944,-35.4358,17.3,G09016;G09102;G09017
738334932,99.4892,-35.3449,18.66,G09016;G09017
738340088,99.9544,-35.2835,19.24,G09016
738344632,99.9578,-34.606,18.74,G09016;G09017
738351689,97.1542,-36.1964,18.37,G09016;G09017
738352084,97.2057,-36.0615,18.45,G09016;G09017
738356538,97.9034,-35.7744,18.64,G09016;G09017
738360648,97.573,-35.3331,18.64,G09016;G09017
738364942,96.5769,-35.5309,19.02,G09016
738375040,97.1705,-34.7421,17.85,G09016;G09102;G09017;G09166
738377550,98.557,-35.3952,19.1,G09016;G09017
738380790,98.767,-34.7987,17.67,G09016;G09102;G09017;G09166
738390938,99.0746,-34.2582,19.25,G09016
738396657,97.7409,-34.5211,17.72,G09016;G09102;G09017;G09166
738399550,97.473,-34.3736,17.99,G09016;G09102;G09017
738402602,97.5996,-33.9603,18.75,G09016;G09017
738403383,97.6185,-33.7459,18.45,G09016;G09017
738404400,98.6892,-33.8955,18.86,G09016;G09017
738405140,98.2204,-33.8604,18.6,G09016;G09017
738406801,98.9946,-33.5158,18.8,G09016;G09017
738411611,98.6216,-33.051,19.23,G09016
738412619,98.2889,-32.9767,18.75,G09016;G09017
738413659,99.7746,-33.9434,18.5,G09016;G09017
738413735,99.9551,-33.9653,19.17,G09016
738414966,99.8889,-33.6436,18.53,G09016;G09017
738415311,99.9761,-33.5803,17.98,G09016;G09102;G09017;G09166
738418803,99.9984,-33.1975,19.0,G09016;G09017
738422302,98.865,-33.2103,18.2,G09016;G09017
743782895,100.45,-29.8518,18.25,G09016;G09017
743789382,100.2102,-29.1773,18.39,G09016;G09017
743810866,102.0575,-28.7947,18.49,G09016;G09017
743819937,101.691,-28.5298,18.43,G09016;G09017
743827081,100.6035,-28.9671,16.37,G09016;G09102;G09017
743834799,100.4618,-28.6631,18.8,G09016;G09017
743839502,100.2981,-28.3299,17.16,G09016;G09102;G09017;G09166
743840762,100.4724,-28.1001,18.3,G09016;G09017
743842346,101.446,-28.3425,18.8,G09016;G09017
743870309,102.4448,-28.047,18.67,G09016;G09017
743907954,102.1257,-27.4033,19.11,G09016
743958187,100.2669,-27.103,18.69,G09016;G09017
771193664,109.1937,-39.9933,19.17,G09016
771397891,104.115,-38.892,18.55,G09016;G09017
771454891,106.7419,-39.3745,18.93,G09016;G09017
771458805,107.0449,-39.0473,18.83,G09016;G09017
771468199,108.5122,-39.5602,18.99,G09016;G09017
771469463,108.6237,-39.3003,19.14,G09016
771494505,108.9746,-38.5107,19.1,G09016
771498710,109.0232,-38.0986,18.97,G09016;G09017
771526572,108.4612,-37.8932,18.09,G09016;G09017
771527689,108.5726,-37.7712,19.2,G09016
771531211,107.8255,-37.8288,18.44,G09016;G09017
771543966,105.7526,-39.2529,18.65,G09016;G09017
771547074,105.2533,-39.2328,17.45,G09016;G09102;G09017
771554685,106.0772,-38.8178,18.89,G09016;G09017
771560034,105.8105,-38.6971,17.25,G09016;G09102;G09017
771560976,106.0,-38.5737,17.51,G09016;G09102;G09017;G09166
771566135,106.2707,-38.1943,18.56,G09016;G09017
771566975,104.7369,-39.3646,18.03,G09016;G09017
771574700,104.5042,-38.7507,17.9,G09016;G09102;G09017
771575411,104.2715,-38.7007,18.64,G09016;G09017
771583107,105.3029,-38.1016,18.67,G09016;G09017
771584132,105.8063,-38.0899,18.5,G09016;G09017
771595242,106.8574,-38.4216,19.23,G09016
771595645,107.0403,-38.3977,19.12,G09016
771632058,106.2636,-37.4944,18.59,G09016;G09017
771638971,105.9179,-37.2832,18.21,G09016;G09017
771649952,106.8055,-36.6077,19.09,G09016
771657291,106.9668,-36.2816,17.86,G09016;G09017
771726673,103.325,-38.6165,18.98,G09016;G09017
771728208,103.1901,-38.3458,19.19,G09016
771728804,103.3519,-38.2533,17.79,G09016;G09102;G09017;G09166
771734131,102.0872,-38.5532,18.05,G09016;G09017;G09166
771750234,102.4659,-37.5115,18.22,G09016;G09017
771755849,100.532,-38.8554,18.55,G09016;G09017
771757611,100.7687,-38.5686,18.26,G09016;G09017
771763617,100.3916,-38.0269,17.59,G09016;G09102;G09017
771772014,100.6407,-37.8524,18.94,G09016;G09017
771773286,101.2027,-37.6789,17.39,G09016;G09102;G09017
771774343,101.0448,-37.5246,18.98,G09016;G09017
771774733,101.3125,-37.4114,19.24,G09016
771780386,102.2743,-36.9653,17.91,G09016;G09017
771788033,100.8769,-37.5157,18.15,G09016;G09017
771789114,101.085,-37.0335,18.08,G09016;G09017;G09166
771792001,100.107,-37.0277,18.17,G09016;G09017
771807037,104.0452,-38.1547,18.18,G09016;G09017
771824366,104.3989,-37.5149,18.06,G09016;G09017
771831885,103.3896,-37.6714,18.37,G09016;G09017
771847698,104.6632,-36.5104,18.5,G09016;G09017
771858992,105.3357,-36.7789,17.7,G09016;G09102;G09017
771873713,106.3862,-36.0682,18.3,G09016;G09017
771881847,105.7117,-35.887,19.16,G09016
771882549,106.0758,-35.7301,18.26,G09016;G09017
771890147,104.7669,-36.329,19.15,G09016
771892658,104.8087,-35.9006,18.64,G09016;G09017
771909270,105.8456,-35.0283,17.91,G09016;G09017
771913185,105.2602,-35.1688,17.88,G09016;G09017
771921677,102.6126,-36.8598,18.86,G09016;G09017
771931561,102.5029,-36.1869,19.23,G09016
771932457,102.6877,-35.9127,18.57,G09016;G09017
771937827,103.7747,-35.6526,17.39,G09016;G09102;G09017
771961277,102.7329,-35.5869,18.48,G09016;G09017
771961457,102.7487,-35.5232,18.69,G09016;G09017
771964056,102.543,-35.0891,19.27,G09016
771985792,103.9145,-34.5646,17.53,G09016;G09102;G09017;G09166
772004558,103.3882,-34.6102,18.01,G09016;G09017
772006659,103.3305,-34.2884,18.53,G09016;G09017
772026385,104.019,-33.5462,18.24,G09016;G09017
772038616,101.0861,-35.6988,18.98,G09016;G09017
772044687,100.6729,-35.1649,18.41,G09016;G09017
772051088,101.6495,-35.0994,17.55,G09016;G09102;G09017
772060916,102.1594,-34.458,19.02,G09016
772064731,102.1464,-34.1515,17.28,G09016;G09102;G09017;G09166
772073696,100.3919,-34.4983,17.43,G09016;G09102;G09017
772084194,101.1061,-33.91,18.96,G09016;G09017
772084617,101.0782,-33.8256,18.31,G09016;G09017
772099393,103.1274,-33.5568,17.59,G09016;G09102;G09017
772112550,103.6389,-32.9774,18.56,G09016;G09017
772139292,102.5667,-32.487,17.78,G09016;G09102;G09017;G09166
772145519,102.4369,-32.1857,18.24,G09016;G09017
772162583,100.2665,-32.8001,19.08,G09016
772168244,100.1858,-32.2172,19.1,G09016
772182595,101.411,-31.5839,18.39,G09016;G09017
772187661,101.8522,-31.4932,17.41,G09016;G09102;G09017;G09166
772188327,102.4007,-31.5321,18.48,G09016;G09017
772223571,101.3096,-30.3619,17.03,G09016;G09017;G09166
772224051,101.0616,-30.4062,19.26,G09016
772525926,109.8326,-38.7513,18.36,G09016;G09017
773370205,109.3196,-38.0341,18.61,G09016;G09017
773413276,108.9558,-37.228,19.01,G09016
773421732,108.848,-37.1807,19.29,G09016
773430803,108.9495,-36.6497,18.55,G09016;G09017
773436582,109.5336,-36.6938,17.55,G09016;G09102;G09017
773449025,109.0848,-36.5047,18.04,G09016;G09017
773528420,110.3459,-35.9194,18.25,G09016;G09017
773550887,110.3815,-35.225,18.99,G09016;G09017
773589557,108.0086,-36.7587,19.02,G09016
773599527,108.0529,-36.5195,18.17,G09016;G09017
773600529,108.1551,-36.3572,19.25,G09016
773601312,107.8198,-36.3989,19.3,G09016
773615049,108.9074,-35.8384,18.82,G09016;G09017
773628734,108.93,-35.5283,18.19,G09016;G09017
773642717,107.9366,-35.477,18.92,G09016;G09017
773735838,110.2675,-33.9339,19.01,G09016
773757228,108.8212,-34.251,18.84,G09016;G09017
773774884,109.6284,-33.8535,17.74,G09016;G09017
773783127,109.8791,-33.6508,19.24,G09016
774323806,110.546,-32.0135,18.82,G09016;G09017
776991379,107.1049,-35.4317,18.96,G09016;G09017
776998775,106.9837,-34.8708,17.77,G09016;G09017
777007376,106.9643,-34.5546,19.2,G09016
777036547,106.2018,-34.6129,19.01,G09016
777061270,107.3134,-33.615,18.64,G09016;G09017
777071001,106.5416,-33.4829,17.41,G09016;G09102;G09017;G09166
777071545,106.5678,-33.3232,17.82,G09016;G09102;G09017
777075080,107.0343,-33.1199,19.11,G09016
777098781,107.948,-33.3971,18.55,G09016;G09017
777104887,108.1474,-33.1473,17.89,G09016;G09017;G09166
777158024,107.1441,-32.9691,19.16,G09016
777219473,105.2536,-33.0368,18.14,G09016;G09017;G09166
777276071,105.1224,-31.8608,19.0,G09016
777338168,106.113,-31.8,17.42,G09016;G09017;G09166
777338561,106.3666,-31.7982,18.25,G09016;G09017
777365883,106.907,-30.9402,17.99,G09016;G09017;G09166
777373755,107.3253,-30.4582,16.7,G09016;G09102;G09017
777377620,106.5916,-30.6707,19.11,G09016
777382059,107.0275,-30.5344,18.35,G09016;G09017
777419727,109.7179,-32.0043,17.45,G09016;G09102;G09017
777479354,108.8627,-31.9635,18.46,G09016;G09017
777480658,109.1839,-31.8061,16.56,G09016;G09102;G09017
777504592,108.5723,-31.2769,17.96,G09016;G09017
777513065,108.7024,-31.0075,18.82,G09016;G09017
777582932,111.3109,-30.5903,18.63,G09016;G09017
777607740,110.8003,-30.292,17.85,G09016;G09102;G09017;G09166
777666362,111.7294,-29.5388,17.79,G09016;G09102;G09017;G09166
777798051,107.6743,-30.6959,18.38,G09016;G09017
777811636,109.0835,-30.4944,19.02,G09016
777816546,108.8682,-30.4018,18.29,G09016;G09017
777858462,107.5988,-30.1548,17.81,G09016;G09102;G09017
777864400,107.8295,-30.0854,16.87,G09016;G09102;G09017;G09166
777873693,106.9638,-29.9685,18.76,G09016;G09017
777999164,109.9602,-28.8478,18.36,G09016;G09017
778126442,104.2262,-32.0896,18.67,G09016;G09017
778127059,104.3594,-32.0197,17.91,G09016;G09102;G09017;G09166
778131484,103.6546,-31.9945,18.85,G09016;G09017
778143542,105.3213,-31.3798,17.79,G09016;G09102;G09017;G09166
778165605,103.588,-31.2077,18.7,G09016;G09017
778177298,103.8741,-31.1444,18.5,G09016;G09017
778193053,103.8152,-30.2972,18.41,G09016;G09017
778200300,105.4505,-30.7242,19.0,G09016
778215425,105.3582,-30.4088,19.24,G09016
778223526,106.1538,-30.2285,18.79,G09016;G09017
778224585,106.2175,-30.0655,18.58,G09016;G09017
778242197,105.9346,-29.7168,18.87,G09016;G09017
778272614,105.504,-29.5536,19.08,G09016;G09017
778284326,104.9877,-29.2836,16.09,G09016;G09102;G09017
778293206,105.4223,-28.7179,18.41,G09016;G09017
778295592,102.5982,-31.0903,18.62,G09016;G09017
778300228,102.7791,-30.6649,18.98,G09016;G09017
778305525,102.6511,-30.6713,19.01,G09016
778315241,103.8396,-30.1549,18.38,G09016;G09017
778320343,102.9742,-30.1858,18.09,G09016;G09017
778330675,102.1017,-30.2625,18.74,G09016;G09017
778335796,102.3434,-29.9077,18.03,G09016;G09017
778342157,102.2378,-29.6486,18.39,G09016;G09017
778354951,102.221,-29.4693,18.23,G09016;G09017
778388095,104.9392,-28.8555,16.96,G09016;G09102;G09017;G09166
778402705,104.3128,-28.5254,18.59,G09016;G09017
778418297,103.7329,-28.56,18.0,G09016;G09017;G09166
778444300,103.6149,-27.9553,18.76,G09016;G09017
778445411,103.7909,-27.8398,18.49,G09016;G09017
778453140,106.9308,-29.8262,19.25,G09016
778498245,107.6724,-28.6201,17.31,G09016;G09102;G09017;G09166
778505856,107.0701,-28.7341,18.08,G09016;G09017
778529771,106.5916,-28.6367,19.22,G09016
778535136,105.9267,-28.7677,19.18,G09016
778537070,105.9286,-28.6771,18.93,G09016;G09017
96391732,103.9923,-32.5617,17.07,G09016;G09102;G09017
97656215,107.2592,-34.2984,16.94,G09016;G09102;G09017;G09166
107255233,110.834,-27.7895,14.92,G09016;G09102;G09017;20SECONDTARGET
142463497,103.1376,-16.1741,16.84,G09016;G09102;G09017
147918835,105.5961,-17.8253,16.69,G09016;G09102;G09017
172999052,102.2335,-25.3961,13.98,G09016;G09102;G09017;20SECONDTARGET
306536310,107.648,-16.2941,16.98,G09016;G09102;G09017;G09166
385910710,111.2091,-17.1631,18.11,G09016;G09017
4614765,102.028,-20.9767,16.3,G09016;G09102;G09017
49185262,101.3245,-21.7217,17.06,G09016;G09102;G09017
49835817,111.7786,-16.7371,16.82,G09016;G09102;G09017
56038863,113.1316,-17.8424,16.58,G09016;G09102;G09017;G09166
65144290,107.8091,-25.3027,14.47,G09016;G09017;G09166;20SECONDTARGET
743936454,102.6485,-26.599,17.83,G09016;G09017
743984862,100.9644,-26.317,17.52,G09016;G09102;G09017
743986445,101.1768,-26.0333,18.51,G09016;G09017
743994779,102.2131,-25.9996,19.12,G09016
744001837,101.461,-25.7528,18.58,G09016;G09017
744016533,100.8208,-25.7499,18.62,G09016;G09017
744026899,101.4545,-25.7245,18.48,G09016;G09017
744072384,104.9783,-26.2432,18.37,G09016;G09017
744101742,103.4906,-26.0955,18.0,G09016;G09017
744126694,104.5095,-25.5216,19.3,G09016
744127654,104.421,-25.3983,19.26,G09016
744157718,105.956,-25.1674,17.67,G09016;G09102;G09017;G09166
744158219,105.6171,-25.3589,18.25,G09016;G09017
744178013,105.4779,-24.7766,19.1,G09016
744239889,104.8886,-24.4333,19.15,G09016
744286773,102.4574,-25.5585,18.34,G09016;G09017
744321320,102.8255,-24.7667,17.66,G09016;G09017
744327081,103.5239,-24.2446,18.79,G09016;G09017
744362518,103.3264,-23.963,17.62,G09016;G09102;G09017;G09166
744372298,102.4265,-23.8283,18.79,G09016;G09017
744427925,104.3401,-23.442,19.26,G09016
744450016,103.7501,-23.5548,18.68,G09016;G09017
744490670,103.7239,-22.6789,18.54,G09016;G09017
744513529,100.9133,-24.9381,18.62,G09016;G09017
744520580,100.3275,-24.6569,18.59,G09016;G09017
744535098,101.2235,-24.3749,19.23,G09016
744542701,101.4778,-24.0035,18.72,G09016;G09017
744577706,101.7675,-23.1298,18.5,G09016;G09017
744588307,101.1466,-23.2387,18.41,G09016;G09017
744598348,100.3625,-23.0148,18.62,G09016;G09017
744598729,100.328,-23.0249,19.04,G09016
744642507,102.0784,-22.6309,19.15,G09016
744662493,103.7984,-22.09,17.44,G09016;G09017
744679128,103.1561,-21.8001,18.57,G09016;G09017
744686455,101.8284,-22.3913,18.98,G09016;G09017
744706780,101.8542,-21.6453,18.65,G09016;G09017
744717238,102.8699,-21.5443,17.71,G09016;G09017;G09166
744747008,100.5658,-22.1252,17.97,G09016;G09102;G09017;G09166
744779980,101.6367,-21.1002,18.93,G09016;G09017
744872179,107.2105,-24.0966,18.39,G09016;G09017
744966372,106.4646,-23.3836,18.04,G09016;G09017
745035699,106.7105,-22.2576,18.67,G09016;G09017
745089593,109.0445,-22.5953,17.35,G09016;G09017;G09166
745123103,109.2185,-21.7062,18.61,G09016;G09017
745167492,107.7463,-21.5639,18.63,G09016;G09017
745190869,108.6794,-21.1091,17.55,G09016;G09102;G09017
745195351,107.8017,-21.4312,19.19,G09016
745196629,107.7242,-21.3497,18.46,G09016;G09017
745198175,107.815,-21.2028,18.43,G09016;G09017
745378009,107.2356,-21.2549,19.19,G09016
745411191,108.1452,-20.6917,17.82,G09016;G09102;G09017
745438096,106.4271,-21.1146,19.12,G09016
745450031,106.3363,-20.779,16.89,G09016;G09102;G09017
745455042,105.8792,-20.9199,19.16,G09016
745461766,105.6189,-20.7636,17.88,G09016;G09102;G09017;G09166
745487252,107.3538,-20.0164,18.49,G09016;G09017
745492264,106.5845,-20.3022,18.25,G09016;G09017
745504652,106.7485,-19.845,18.55,G09016;G09017
745516161,109.4559,-21.7084,17.82,G09016;G09017
745683415,109.1355,-20.1285,19.23,G09016
745788327,111.5214,-19.2537,18.2,G09016;G09017
745898222,108.1244,-20.5419,19.21,G09016
745902053,108.3138,-20.2042,17.87,G09016;G09102;G09017
745904208,108.6905,-20.1849,18.98,G09016;G09017
745925732,108.1623,-19.6073,19.3,G09016
745963532,108.1834,-19.4848,18.39,G09016;G09017
745994838,108.7156,-18.7478,17.39,G09016;G09102;G09017;G09166
745998109,108.1128,-18.9829,19.06,G09016
746001037,107.6357,-18.8891,19.16,G09016
746002804,108.0318,-18.6572,18.82,G09016;G09017
746048306,110.5955,-18.5387,19.02,G09016;G09017
746067208,110.2663,-18.2785,18.42,G09016;G09017
746074212,110.4981,-18.1089,17.0,G09016;G09102;G09017
746087238,108.9397,-18.3417,17.75,G09016;G09102;G09017;G09166
746109170,109.0275,-17.6929,18.51,G09016;G09017
746111336,109.9116,-17.8593,18.95,G09016;G09017
746114268,109.6789,-17.6503,18.81,G09016;G09017
746130593,104.163,-21.932,19.13,G09016
746163387,104.7826,-21.0799,17.39,G09016;G09102;G09017;G09166
746210979,103.1041,-20.7418,17.34,G09016;G09102;G09017
746222184,103.3603,-20.2421,17.66,G09016;G09017
746256101,105.5334,-20.5452,18.98,G09016;G09017
746304521,106.5632,-19.3414,18.68,G09016;G09017
746306201,105.7816,-19.6996,19.03,G09016
746316404,106.1507,-19.2104,18.87,G09016;G09017
746317710,106.3288,-19.1481,18.02,G09016;G09017
746377292,105.1596,-18.836,18.93,G09016;G09017
746399246,103.1453,-20.1703,17.84,G09016;G09102;G09017
746414140,102.7659,-19.8142,19.05,G09016
746459432,102.1857,-19.5059,18.73,G09016;G09017
746509947,104.4433,-18.9566,19.0,G09016;G09017
746553722,104.3436,-17.9665,18.69,G09016;G09017
746615297,103.8529,-17.3512,19.2,G09016
746671594,107.2449,-18.3084,19.17,G09016
746672637,107.4719,-18.2674,17.7,G09016;G09102;G09017
746702675,106.6146,-18.1993,19.28,G09016
746820239,108.5959,-16.941,19.25,G09016
746917439,106.0715,-17.6455,18.71,G09016;G09017
746928730,105.2831,-17.4483,18.18,G09016;G09017
746957300,106.3883,-17.062,18.29,G09016;G09017
746966557,105.938,-16.9391,17.88,G09016;G09017
746997530,104.8761,-16.8617,19.12,G09016
746999640,105.137,-16.6914,18.13,G09016;G09017
747003342,104.5494,-16.846,17.83,G09016;G09017
747018748,105.7863,-16.6733,18.6,G09016;G09017
747039962,104.9655,-16.2049,19.18,G09016
747158768,105.7786,-15.5775,19.12,G09016;G09017
747269700,101.7283,-18.4401,18.72,G09016;G09017
747280125,101.8674,-18.2065,18.59,G09016;G09017
747286723,102.1742,-17.8603,18.21,G09016;G09017
747288049,101.8765,-17.9164,18.82,G09016;G09017
747288811,101.7921,-17.8492,18.53,G09016;G09017
747355478,102.7188,-17.2046,18.91,G09016;G09017
747367910,103.578,-17.0723,19.09,G09016;G09017
747423162,102.7232,-16.1581,19.02,G09016
747546953,103.9484,-16.4888,19.04,G09016;G09017
747630559,104.0966,-15.6362,18.53,G09016;G09017
747803369,102.6253,-15.248,18.95,G09016;G09017
747803783,102.7015,-15.1596,18.12,G09016;G09017
748433298,112.7046,-19.1325,18.44,G09016;G09017
748436543,112.5142,-19.0243,19.24,G09016
748443078,112.914,-18.6733,18.7,G09016;G09017
748460262,113.3599,-18.4291,18.69,G09016;G09017
748498875,112.2167,-18.0366,17.27,G09016;G09102;G09017;G09166
748509996,112.0421,-17.8474,17.87,G09016;G09102;G09017
748520529,112.9243,-17.5547,17.78,G09016;G09102;G09017;G09166
748526716,112.1925,-17.429,17.14,G09016;G09102;G09017
748621185,112.5463,-16.9681,16.59,G09016;G09102;G09017;G09166
748696746,110.9459,-17.283,19.03,G09016
748701552,111.9604,-17.2194,18.39,G09016;G09017
748701923,111.553,-17.3576,19.21,G09016
748702832,111.8175,-17.2464,17.45,G09016;G09102;G09017
748729780,110.779,-17.1251,18.05,G09016;G09017
748741080,110.2731,-16.8397,18.81,G09016;G09017
778093208,109.969,-27.6922,17.93,G09016;G09102;G09017
778651033,108.946,-27.2633,17.79,G09016;G09017
778794268,105.9528,-27.3205,17.61,G09016;G09102;G09017
778799169,106.1169,-27.2112,18.48,G09016;G09017
778819274,105.0283,-27.0398,19.06,G09016
778839616,105.3004,-26.7772,17.99,G09016;G09102;G09017;G09166
778871733,107.212,-26.7674,18.68,G09016;G09017
778919037,107.2294,-26.0974,19.21,G09016
778932463,107.5107,-25.5788,18.73,G09016;G09017
778936133,107.5054,-25.3739,17.61,G09016;G09102;G09017
778986525,107.0601,-25.2313,19.2,G09016
779004039,107.0684,-24.8994,18.93,G09016;G09017
779516812,112.0581,-27.1896,19.3,G09016
779586308,110.1054,-27.1056,19.18,G09016
779789809,111.7154,-25.851,18.26,G09016;G09017
779789830,111.6979,-25.8329,17.05,G09016;G09102;G09017;G09166
779790682,111.7712,-25.7149,18.62,G09016;G09017
780674748,109.5815,-26.9262,19.22,G09016
780684028,110.2684,-26.5873,17.88,G09016;G09017
780713535,109.7854,-26.0723,19.05,G09016
780779662,108.9582,-25.9761,17.66,G09016;G09102;G09017
780779775,109.3487,-26.2309,19.15,G09016
780851614,109.6599,-25.2179,18.62,G09016;G09017
780883703,111.0628,-25.2852,18.8,G09016;G09017
780929167,111.6352,-24.3777,18.77,G09016;G09017
780939610,110.4598,-24.9501,18.53,G09016;G09017
780948603,110.7509,-24.7776,17.63,G09016;G09102;G09017;G09166
781018068,111.032,-23.5629,18.14,G09016;G09017
781081228,109.2623,-24.5968,19.22,G09016
781090879,108.7133,-24.6906,18.56,G09016;G09017
781113528,107.734,-25.0035,18.08,G09016;G09017
781130796,107.2241,-24.8007,18.94,G09016;G09017
781134497,107.3191,-24.6077,18.99,G09016;G09017
781152902,108.2116,-24.4734,18.88,G09016;G09017
781217454,110.0692,-23.9905,19.22,G09016
781228459,109.2545,-24.0166,18.42,G09016;G09017
781231961,109.3702,-23.7937,18.83,G09016;G09017
781274831,110.6148,-23.0961,18.09,G09016;G09017;G09166
781276478,110.4423,-22.9779,18.89,G09016;G09017
781290085,108.8947,-23.7073,16.67,G09016;G09102;G09017
781323205,109.1081,-23.0884,18.93,G09016;G09017
781324288,109.2243,-22.9485,17.33,G09016;G09102;G09017;G09166
781344589,110.142,-22.8611,18.49,G09016;G09017
781357616,109.2407,-22.8096,18.85,G09016;G09017
781380503,112.4283,-24.5055,17.6,G09016;G09102;G09017;G09166
781470384,112.2538,-23.5328,19.11,G09016
781523734,112.1937,-22.4229,18.04,G09016;G09017
781526136,112.7823,-22.3956,18.03,G09016;G09017
781651090,113.0253,-21.9326,18.37,G09016;G09017
781658094,113.1483,-21.894,19.17,G09016
781658096,113.1458,-21.896,17.92,G09016;G09102;G09017;G09166
781744643,111.2538,-22.3576,19.14,G09016
781754850,112.0056,-22.258,18.33,G09016;G09017
781877451,111.181,-21.1566,18.84,G09016;G09017
782037411,112.8059,-20.2708,18.07,G09016;G09017
782040877,113.0121,-20.074,17.88,G09016;G09102;G09017;G09166
782050287,112.3264,-20.2228,19.11,G09016
78492576,102.7348,-19.2584,16.69,G09016;G09102;G09017
81677445,107.1282,-18.6814,16.74,G09016;G09102;G09017
81936492,107.4163,-19.1226,16.48,G09016;G09102;G09017;G09166
99349256,108.0852,-18.2652,16.48,G09016;G09102;G09017;G09166
99354946,108.1263,-20.178,17.35,G09016;G09102;G09017;G09166
109692639,113.409,-28.2723,16.05,G09016;G09102;G09017;G09166
128902999,118.4835,-25.3989,15.47,G09016;G09017
129886149,119.4428,-26.8956,17.6,G09016;G09017
130530816,120.1488,-26.9298,16.41,G09016;G09102;G09017;G09166
141515459,117.3752,-23.5059,16.81,G09016;G09102;G09017
143589488,125.6559,-21.7678,16.66,G09016;G09102;G09017
153120436,120.4637,-28.4762,16.41,G09016;G09102;G09017
154753360,122.5035,-24.3503,15.74,G09016;G09017;G09102
155214809,123.1008,-26.719,17.48,G09016;G09017
219000249,124.6488,-18.5452,16.43,G09016;G09102;G09017
271116055,125.1968,-27.436,16.07,G09016;G09017;G09102;G09166
271387154,125.378,-25.195,15.72,G09016;G09017;G09102;G09166
271590845,125.6764,-24.1941,16.18,G09016;G09017;G09102;G09166
289113764,115.0955,-17.4177,12.82,G09016;G09017;G09102
349323840,114.4562,-18.2689,16.12,G09016;G09102;G09017
437143765,123.2896,-22.7103,16.14,G09016;G09102;G09017;G09166
775280468,119.6859,-28.7604,18.57,G09016;G09017
776064301,115.6027,-28.4292,18.36,G09016;G09017
776142896,115.3555,-28.0511,18.0,G09016;G09102;G09017;G09166
776157537,115.0382,-28.1018,19.27,G09016
776546289,119.5863,-26.2301,18.68,G09016;G09017
776558753,116.8561,-28.2378,17.58,G09016;G09102;G09017;G09166
776564227,116.6338,-28.0879,19.21,G09016
776585501,116.1666,-27.8641,19.18,G09016
776586392,116.3199,-27.8466,18.31,G09016;G09017
776717437,117.1474,-26.7436,19.1,G09016
776717501,117.1476,-26.7085,17.92,G09016;G09017
776914466,117.361,-25.7284,18.41,G09016;G09017
779240900,113.8957,-28.5024,18.16,G09016;G09017
779280643,113.8122,-27.7708,19.17,G09016
779313819,115.0709,-27.0574,18.65,G09016;G09017
779318713,114.5018,-27.3105,18.93,G09016;G09017
779370543,112.6588,-27.1366,18.13,G09016;G09017
779370618,112.8345,-27.2571,19.03,G09016;G09017
779404448,114.0126,-26.5874,18.78,G09016;G09017
779413962,113.5892,-26.6384,18.71,G09016;G09017
779418537,113.3411,-26.5012,18.25,G09016;G09017
779678826,112.8219,-26.4372,18.23,G09016;G09017
779717891,113.165,-25.9832,18.82,G09016;G09017
779724160,113.7808,-25.8538,18.38,G09016;G09017
779908146,116.3012,-26.0796,17.93,G09016;G09102;G09017;G09166
779991706,114.5079,-25.5698,18.66,G09016;G09017
780016862,115.6489,-25.2791,17.73,G09016;G09102;G09017
780142689,117.3688,-24.6006,18.98,G09016;G09017
780171850,115.8111,-25.0125,18.06,G09016;G09017
780235595,117.1868,-24.1828,18.1,G09016;G09017
780403725,113.214,-24.4699,19.0,G09016
780407423,113.2351,-24.3256,18.57,G09016;G09017
780470923,115.5916,-24.1909,19.2,G09016
780473514,115.9493,-24.0227,18.6,G09016;G09017
780473706,115.99,-23.9796,18.0,G09016;G09102;G09017
780529810,116.117,-23.3865,19.06,G09016
781425059,113.1932,-23.7239,18.09,G09016;G09017
781592165,114.9192,-22.1361,19.02,G09016
782260312,118.1806,-24.3809,19.12,G09016
782382858,117.3791,-23.1506,18.29,G09016;G09017
782437931,119.6994,-22.8573,18.2,G09016;G09017
782458079,119.3535,-22.5722,17.72,G09016;G09102;G09017;G09166
782532037,119.6632,-21.5741,18.97,G09016;G09017
782568181,116.4775,-22.9785,18.15,G09016;G09017
782584518,116.2286,-22.825,18.92,G09016;G09017
782596998,116.6622,-22.4253,17.95,G09016;G09102;G09017;G09166
782621856,117.8536,-21.913,19.24,G09016
782755323,117.7756,-21.6599,19.11,G09016
782755608,117.7319,-21.6229,18.75,G09016;G09017
782769614,118.3281,-21.0731,18.87,G09016;G09017
782924892,119.1131,-20.0198,18.92,G09016;G09017
782968807,118.4461,-19.2626,18.34,G09016;G09017
783127903,114.4395,-20.8179,18.66,G09016;G09017
783145106,115.4336,-20.6128,18.7,G09016;G09017
783216450,116.4175,-19.8308,16.35,G09016;G09102;G09017
783217275,116.4927,-19.7253,19.07,G09016
783226668,117.2704,-19.6724,18.31,G09016;G09017
783228248,117.3142,-19.6339,19.04,G09016
783254874,117.4969,-19.0171,18.09,G09016;G09017
783267141,116.2408,-19.6603,17.57,G09016;G09102;G09017;G09166
783340019,113.9886,-20.4976,17.68,G09016;G09102;G09017;G09166
783400689,114.6326,-19.4091,18.27,G09016;G09017
783481304,115.7337,-18.9344,18.49,G09016;G09017
783552685,114.792,-18.4131,17.76,G09016;G09102;G09017
783575017,114.3349,-18.1106,18.8,G09016;G09017
783595260,115.2835,-17.817,17.93,G09016;G09102;G09017
783603253,115.6259,-17.5804,18.81,G09016;G09017
783661277,118.0822,-18.3608,19.15,G09016
783672186,119.3336,-18.3246,18.09,G09016;G09017
783730092,118.1914,-18.0273,17.94,G09016;G09102;G09017;G09166
783732870,118.3283,-17.8128,17.32,G09016;G09102;G09017
825716768,120.2548,-29.0513,18.8,G09016;G09017
825782355,121.3114,-27.7625,17.88,G09016;G09017
831602356,123.3671,-29.0733,18.97,G09016;G09017
831618961,124.5744,-28.9608,16.74,G09016;G09102;G09017;G09166
831641030,124.2608,-28.597,18.12,G09016;G09017
831652843,124.3275,-28.3887,18.77,G09016;G09017
831658702,123.1339,-29.225,18.63,G09016;G09017
831735913,123.5002,-27.9949,16.94,G09016;G09102;G09017
831819686,125.6003,-27.2332,18.76,G09016;G09017
831824264,125.469,-27.092,17.79,G09016;G09102;G09017;G09166
831858179,123.963,-27.4432,18.83,G09016;G09017
831871935,124.4917,-26.9423,18.28,G09016;G09017
831907629,124.679,-26.4859,17.86,G09016;G09102;G09017;G09166
831968501,122.3709,-27.4024,17.43,G09016;G09102;G09017
832038277,121.8197,-27.2968,19.18,G09016
832048065,121.4307,-27.335,18.48,G09016;G09017
832063734,121.7909,-26.9476,18.88,G09016;G09017
832109309,121.9384,-26.4418,18.54,G09016;G09017
832141842,123.8112,-26.6016,18.43,G09016;G09017
832155643,123.3853,-26.4449,18.01,G09016;G09017
832257734,123.5288,-25.6197,19.14,G09016
832261935,124.2018,-25.4372,18.81,G09016;G09017
832571321,125.5983,-24.7819,19.07,G09016
832615049,124.2817,-24.3934,19.22,G09016
832639426,124.5378,-23.983,18.83,G09016;G09017
832706221,125.8077,-23.4147,18.75,G09016;G09017
832718074,125.4747,-23.2168,17.02,G09016;G09102;G09017;G09166
832821689,122.2574,-25.8933,18.67,G09016;G09017
832916561,121.3354,-25.3882,18.0,G09016;G09017
833024932,122.9394,-24.4903,17.78,G09016;G09017
833032229,123.0652,-24.1125,18.67,G09016;G09017
833043564,121.6833,-24.6837,17.39,G09016;G09102;G09017;G09166
833106806,122.2655,-23.7327,18.03,G09016;G09017
833107297,122.4764,-23.7382,18.7,G09016;G09017
833202136,121.0235,-23.4196,18.41,G09016;G09017
833220737,121.9491,-23.2198,17.68,G09016;G09102;G09017
833266596,120.1886,-23.0846,18.49,G09016;G09017
833269261,120.374,-22.9359,16.84,G09016;G09102;G09017
833280474,120.6918,-23.0432,18.89,G09016;G09017
833307065,121.1325,-22.3795,18.03,G09016;G09017
833327271,123.9978,-23.9332,18.28,G09016;G09017
833346831,123.6738,-23.4443,18.57,G09016;G09017
833362595,124.7879,-23.0474,17.67,G09016;G09102;G09017
833439754,123.6282,-22.3438,18.86,G09016;G09017
833469996,125.7411,-22.5499,18.48,G09016;G09017
833472659,125.7584,-22.3587,18.14,G09016;G09017
833520558,125.2042,-21.8447,19.05,G09016
833530479,125.3392,-21.2667,18.49,G09016;G09017
833605608,123.0751,-21.6771,18.53,G09016;G09017
833618153,121.5906,-22.1593,18.09,G09016;G09017
833642287,121.467,-21.7024,18.13,G09016;G09017;G09166
833648920,122.4514,-21.7372,19.26,G09016
833696517,123.218,-21.2552,18.94,G09016;G09017
833703621,123.8813,-20.9223,18.53,G09016;G09017
833704085,123.7121,-20.9016,18.59,G09016;G09017
833718714,124.2377,-20.7954,19.2,G09016
833728471,124.5556,-20.2485,18.94,G09016;G09017
833738437,123.6788,-20.7565,18.64,G09016;G09017
833751659,123.079,-20.5276,18.75,G09016;G09017
834334762,125.5763,-20.2996,18.41,G09016;G09017
834345086,125.1619,-20.0931,19.13,G09016
834454231,125.9888,-18.0573,18.94,G09016;G09017
834671031,120.3687,-22.1397,18.71,G09016;G09017
834675974,120.0949,-22.0802,18.29,G09016;G09017
834697964,120.844,-21.5176,18.89,G09016;G09017
834741367,121.266,-20.9298,19.14,G09016
834754561,121.3535,-20.3816,18.55,G09016;G09017
834813365,121.0358,-19.7602,18.86,G09016;G09017
834837658,121.7835,-20.0538,18.66,G09016;G09017
834843314,122.2012,-19.9162,18.72,G09016;G09017
834843319,122.2003,-19.9159,18.43,G09016;G09017
834863474,122.4419,-19.5051,18.6,G09016;G09017
834957024,120.9345,-19.3806,17.47,G09016;G09102;G09017
834975812,120.3663,-18.9138,17.96,G09016;G09102;G09017
834996451,121.7929,-18.3396,17.84,G09016;G09102;G09017
835026932,120.5865,-18.0024,18.44,G09016;G09017
835131105,123.0558,-18.6181,17.95,G09016;G09102;G09017
835155221,123.9087,-17.8832,18.01,G09016;G09017
110481341,114.4133,-29.7492,14.89,G09016;G09102;G09017;G09166
133570951,121.0839,-39.769,16.82,G09016;G09102;G09017
145863747,123.1122,-35.4956,14.0,G09016;G09017;G09102
147018085,124.6698,-31.1782,15.11,G09016;G09102;G09017;20SECONDTARGET
149517611,116.2281,-31.886,15.97,G09016;G09102;G09017;G09166;20SECONDTARGET
149744486,116.4076,-33.9184,15.58,G09016;G09102;G09017;20SECONDTARGET
150473921,117.5906,-32.4831,15.98,G09016;G09102;G09102;G09102;G09102;G09017
173079035,111.0288,-40.0503,17.38,G09016;G09017
173755791,112.7826,-37.1486,16.87,G09016;G09102;G09017
175175901,115.7621,-36.6514,16.27,G09016;G09102;G09017
182661485,124.0522,-40.4205,16.42,G09016;G09017;G09102
182754359,124.1577,-36.7874,16.47,G09016;G09102;G09017;G09166
769264190,119.6529,-41.0775,19.07,G09016;G09017
769498790,117.6074,-41.3591,18.68,G09016;G09017
769820161,115.0016,-39.031,17.63,G09016;G09102;G09017;G09166
769832939,118.1539,-41.3089,18.57,G09016;G09017
769951956,117.1001,-40.1341,17.79,G09016;G09102;G09017;G09166
769963603,117.5396,-39.6184,18.97,G09016;G09017
769967841,118.1245,-39.9856,18.29,G09016;G09017
769980691,118.4776,-39.5965,17.93,G09016;G09102;G09017
769986478,118.2184,-39.4224,18.27,G09016;G09017
770256780,117.6694,-38.2679,17.67,G09016;G09102;G09017;G09166
770266862,115.9518,-39.1875,16.94,G09016;G09102;G09017
770329580,117.0851,-37.5773,18.79,G09016;G09017
770358706,118.2621,-38.4339,18.61,G09016;G09017
770378949,118.3505,-37.7109,18.63,G09016;G09017
770427030,118.3653,-37.2515,18.11,G09016;G09017;G09166
770429081,118.2937,-37.1137,18.18,G09016;G09017
770455090,117.728,-37.2587,18.95,G09016;G09017
770597497,119.7109,-35.1115,18.71,G09016;G09017
770622629,119.6393,-34.2921,19.07,G09016
771173603,110.2729,-40.0313,18.73,G09016;G09017
772248779,112.5944,-40.3814,18.32,G09016;G09017
772287554,112.3072,-40.0414,18.59,G09016;G09017
772290795,111.7275,-40.1904,17.12,G09016;G09102;G09017
772340584,114.1109,-39.2796,18.31,G09016;G09017
772347931,113.4499,-39.2962,19.09,G09016
772415455,112.7808,-38.6731,18.2,G09016;G09017
772424210,112.978,-38.2178,19.08,G09016
772428725,114.0725,-38.4265,17.8,G09016;G09102;G09017
772432106,113.668,-38.2642,18.56,G09016;G09017
772477411,110.5833,-39.4934,19.15,G09016
772479724,110.7805,-39.1273,17.73,G09016;G09017
772509713,111.5457,-38.3141,17.88,G09016;G09017
772512319,110.4113,-39.3603,18.32,G09016;G09017
772548268,110.7488,-38.0265,18.69,G09016;G09017
772566928,112.5475,-38.1309,19.29,G09016
772614969,112.8178,-37.0274,17.95,G09016;G09017
772630557,111.7276,-37.5034,18.57,G09016;G09017
772643111,111.3846,-37.3113,18.17,G09016;G09017;G09166
772695662,115.3625,-38.2919,18.57,G09016;G09017
772771710,115.8822,-37.018,18.63,G09016;G09017
772835896,115.6262,-36.7271,18.3,G09016;G09017
772852812,114.8326,-36.5449,19.0,G09016;G09017
772862798,115.4238,-36.0234,18.9,G09016;G09017
772865470,115.0397,-36.0028,19.04,G09016;G09017
772910035,116.6052,-36.2186,17.48,G09016;G09102;G09017;G09166
772923041,117.5749,-36.0864,19.25,G09016
772949590,117.2919,-35.4718,18.53,G09016;G09017
772988207,115.6484,-35.4752,17.14,G09016;G09102;G09017
773033571,116.9224,-34.7028,19.28,G09016
773204390,114.0074,-34.3925,19.25,G09016
773289174,115.1539,-34.334,18.14,G09016;G09017
773320307,115.189,-34.0683,17.65,G09016;G09102;G09017;G09166
773330185,115.8812,-33.5944,17.58,G09016;G09102;G09017
773476273,111.0098,-36.4272,19.02,G09016
773490199,111.6832,-36.2963,18.85,G09016;G09017
773510638,111.3368,-35.7113,17.92,G09016;G09102;G09017
773521589,111.8834,-35.0567,18.99,G09016;G09017
773558720,111.1564,-35.2215,17.76,G09016;G09017
773893612,111.9052,-34.6378,19.05,G09016
773986434,114.3018,-33.7563,19.16,G09016
774041611,114.9887,-32.6705,19.22,G09016
774218658,112.1745,-32.8726,18.76,G09016;G09017
774227223,112.0769,-32.538,17.23,G09016;G09102;G09017;G09166
774340574,112.6167,-32.564,18.16,G09016;G09017
774363052,112.8779,-31.8114,19.1,G09016;G09017
774434710,113.3504,-31.1346,18.91,G09016;G09017
774538309,112.1595,-30.6707,18.67,G09016;G09017
774551754,112.2043,-30.3113,19.11,G09016
774568041,118.8113,-34.9434,17.55,G09016;G09017
774573717,117.8135,-35.1227,18.19,G09016;G09017
774583367,117.8852,-34.6357,17.76,G09016;G09102;G09017
774596198,119.4215,-34.2606,18.89,G09016;G09017
774639417,117.0892,-33.911,17.8,G09016;G09102;G09017;G09166
774642178,117.6034,-33.6992,19.18,G09016
774651181,117.9822,-33.7133,17.86,G09016;G09017
774662559,118.4806,-33.2609,18.72,G09016;G09017
774669459,118.2003,-33.2882,17.07,G09016;G09102;G09017
774691773,119.6463,-33.5143,17.33,G09016;G09017
774753695,119.1063,-32.6716,19.14,G09016
774756541,118.5692,-32.9125,17.97,G09016;G09017
774767724,118.9256,-32.5133,18.7,G09016;G09017
774842064,116.6691,-33.4381,18.6,G09016;G09017
774844964,116.4793,-33.1483,18.87,G09016;G09017
774853502,117.8898,-32.7886,19.12,G09016
774959917,118.3515,-32.0473,19.2,G09016
774974569,118.0806,-32.0353,18.61,G09016;G09017
775030020,117.4625,-32.0365,19.26,G09016
775041282,117.6439,-31.5895,17.89,G09016;G09102;G09017
775049313,117.6883,-31.2633,17.76,G09016;G09102;G09017;G09166
775157094,119.1996,-30.5342,18.84,G09016;G09017
775312136,115.7904,-31.8888,18.61,G09016;G09017
775350994,115.7644,-31.798,18.44,G09016;G09017
775454745,115.3031,-31.1323,17.96,G09016;G09017
775564028,116.5212,-30.4805,19.11,G09016
775564285,116.5581,-30.4317,16.04,G09016;G09102;G09017;G09166;20SECONDTARGET
775646480,116.1704,-29.9628,18.84,G09016;G09017
775738113,114.1383,-30.9353,18.8,G09016;G09017
775829417,114.694,-29.8298,17.62,G09016;G09102;G09017
775851904,112.9118,-30.3078,18.49,G09016;G09017
775870979,113.5308,-29.723,16.77,G09016;G09102;G09017;G09166
775884348,112.79,-29.7858,19.13,G09016;G09017
775964805,115.377,-29.6861,17.32,G09016;G09102;G09017
820585099,124.924,-41.795,18.14,G09016;G09017;G09166
821691306,122.0659,-40.5873,18.48,G09016;G09017
821835819,120.0687,-40.4257,17.2,G09016;G09102;G09017;G09166
821859434,120.3713,-39.7017,18.32,G09016;G09017
821901685,121.1065,-38.9066,19.14,G09016;G09017
821903583,120.7262,-39.0924,16.71,G09016;G09102;G09017;G09166
821917938,120.1345,-39.1034,18.5,G09016;G09017
821928731,120.6313,-38.7085,16.89,G09016;G09102;G09017;G09166
821965963,123.399,-41.0277,19.26,G09016
821970845,123.3496,-40.8454,17.21,G09016;G09102;G09017
822028904,123.5436,-39.7206,18.92,G09016;G09017
822235905,122.2176,-39.3359,18.09,G09016;G09017;G09166
822247673,122.3993,-39.048,17.97,G09016;G09017
822295806,121.5947,-38.7994,18.75,G09016;G09017
822424241,124.7334,-37.6159,17.79,G09016;G09102;G09017;G09166
822492630,123.4366,-37.4528,17.96,G09016;G09017
823012085,124.9096,-36.7494,17.97,G09016;G09017
823138491,124.023,-35.6789,16.9,G09016;G09102;G09017;G09166
823143105,124.3352,-35.4704,19.13,G09016
823150773,125.1732,-35.5938,18.05,G09016;G09017
823194372,125.2118,-34.7756,18.28,G09016;G09017
823678548,123.2239,-35.9116,18.07,G09016;G09017;G09166
823680375,123.0277,-35.9855,17.96,G09016;G09017
823701618,122.5873,-35.5274,17.41,G09016;G09102;G09017
823731279,121.947,-35.4197,17.56,G09016;G09102;G09017;G09166
823799874,122.3151,-34.5979,18.5,G09016;G09017
823847220,121.3492,-34.8238,18.32,G09016;G09017
823858038,120.3852,-34.8843,18.29,G09016;G09017
824024045,121.1088,-33.0299,17.87,G09016;G09102;G09017
824178571,123.0837,-34.3473,17.85,G09016;G09102;G09017
824194176,123.4729,-34.0832,18.5,G09016;G09017
824225501,122.9846,-33.8842,18.7,G09016;G09017
824297044,123.5639,-32.9853,19.14,G09016
824484237,124.6541,-32.4135,17.68,G09016;G09017
824500779,125.3832,-32.3449,17.68,G09016;G09102;G09017
824705655,121.7559,-32.6885,18.15,G09016;G09017
824733248,121.408,-32.4308,18.28,G09016;G09017
824772598,121.6951,-32.0887,17.92,G09016;G09102;G09017
824810518,124.1388,-32.2413,18.24,G09016;G09017
824926097,123.4593,-31.67,18.61,G09016;G09017
824978543,123.5518,-31.0727,18.86,G09016;G09017
824986141,124.178,-30.9044,18.26,G09016;G09017
825010723,123.3928,-30.5547,18.5,G09016;G09017
825067896,120.2084,-32.4559,18.05,G09016;G09017
825146983,121.7481,-31.6722,19.05,G09016
825156549,121.965,-31.6192,18.79,G09016;G09017
825275523,121.2961,-30.9808,17.98,G09016;G09102;G09017;G09166
825278801,121.2006,-30.8121,17.6,G09016;G09102;G09017
825315320,121.0184,-30.3498,19.11,G09016
825401735,123.4825,-30.1656,19.12,G09016
17754631,135.7704,-34.5872,17.12,G09016;G09102;G09017;G09166
181208184,130.6929,-37.5968,16.64,G09016;G09017;G09102
18213411,136.6695,-30.2076,15.72,G09016;G09017;G09102;G09166
185617406,130.3757,-32.9324,11.73,G09016;G09017;G09102;G09166;20SECONDTARGET
185693907,130.5001,-34.1271,15.95,G09016;G09017;G09102;G09166
186925997,134.058,-32.3562,17.02,G09016;G09102;G09017
187096198,134.5492,-34.1112,17.15,G09016;G09017
187123483,134.8059,-31.4046,16.35,G09016;G09017;G09102
191233258,134.7939,-36.7919,15.43,G09016;G09017;G09102;G09166
191532802,135.5545,-39.7649,15.88,G09016;G09102;G09017
192083079,136.9839,-36.8975,15.57,G09016;G09102;G09017;G09166;20SECONDTARGET
2886586,138.194,-39.7586,16.54,G09016;G09102;G09017
2962605,138.2996,-39.1726,16.74,G09016;G09102;G09017
461799854,128.7331,-34.8475,16.21,G09016;G09102;G09017;G09166
816501973,138.5511,-41.2494,18.0,G09016;G09017
816531898,138.7302,-41.1323,17.58,G09016;G09102;G09017;G09166
816618330,136.6411,-41.6049,17.66,G09016;G09102;G09017
816666121,136.3162,-41.6197,18.57,G09016;G09017
816704476,136.3356,-40.4628,18.2,G09016;G09017
816771068,137.989,-40.1997,18.55,G09016;G09017
816866006,139.8733,-40.615,18.98,G09016;G09017
816968463,138.2778,-38.4765,19.16,G09016
816990387,139.8468,-37.8778,18.21,G09016;G09017
820125167,133.7655,-41.1655,17.79,G09016;G09102;G09017
820163546,130.3811,-41.396,19.29,G09016
820165576,130.8883,-41.0487,19.06,G09016
820169148,130.7829,-40.3714,19.24,G09016
820188032,132.7514,-40.5692,19.23,G09016
820188651,132.8777,-40.5349,18.81,G09016;G09017
820201013,132.8229,-40.195,18.12,G09016;G09017;G09166
820206287,132.9023,-40.0353,18.99,G09016;G09017
820508705,128.2307,-40.7596,18.49,G09016;G09017
820515475,127.3814,-40.9604,19.29,G09016
820621930,126.6629,-41.5306,17.96,G09016;G09102;G09017
820655959,127.1807,-40.3542,18.59,G09016;G09017
820683129,126.1361,-40.2037,17.69,G09016;G09102;G09017
820703774,127.1162,-39.5622,19.16,G09016
820728065,129.3293,-41.6646,18.7,G09016;G09017
820731588,129.7458,-40.9552,18.52,G09016;G09017
820748938,130.0327,-40.117,18.86,G09016;G09017
820769515,128.5079,-39.9727,17.38,G09016;G09102;G09017
820769748,128.4841,-39.8752,19.21,G09016
820778395,128.9806,-39.3912,17.76,G09016;G09102;G09017
820788432,130.9328,-39.6379,17.98,G09016;G09102;G09017;G09166
820860326,129.7998,-39.1216,17.37,G09016;G09102;G09017
820871053,130.2987,-38.8,19.0,G09016
820960936,128.0547,-40.0528,19.0,G09016
820967627,128.1012,-39.5954,19.1,G09016
820988010,129.1849,-38.7903,17.71,G09016;G09017
820995847,128.2102,-38.7964,18.88,G09016;G09017
821029560,126.8236,-38.5653,19.18,G09016
821057722,127.3964,-37.9198,18.48,G09016;G09017
821111728,129.0395,-37.6831,18.77,G09016;G09017
821209206,129.0072,-37.166,18.51,G09016;G09017
822597381,126.5375,-37.9335,18.79,G09016;G09017
822629699,127.4061,-37.3346,18.46,G09016;G09017
822644723,127.5814,-36.8734,18.11,G09016;G09017
822926723,126.9421,-35.8545,19.19,G09016
822953490,127.9925,-35.4416,17.25,G09016;G09102;G09017;G09166
822965436,128.2552,-35.1814,18.45,G09016;G09017
822972868,128.1127,-34.9146,17.83,G09016;G09102;G09017;G09166
823215144,126.4699,-35.3692,18.7,G09016;G09017
823277726,127.5989,-34.5464,18.75,G09016;G09017
823284820,127.4466,-34.2741,18.43,G09016;G09017
823295004,127.1933,-34.2776,18.44,G09016;G09017
823396273,126.7964,-33.6337,18.8,G09016;G09017
825886671,134.488,-41.0587,19.19,G09016
825901402,135.6199,-40.8758,17.52,G09016;G09102;G09017;G09166
825911549,136.0095,-40.3722,17.97,G09016;G09102;G09017
825951381,134.8516,-40.1285,16.06,G09016;G09102;G09017
825992546,135.3673,-39.2481,18.39,G09016;G09017
826026313,136.8984,-39.5829,18.93,G09016;G09017
826034599,135.9337,-39.6328,18.95,G09016;G09017
826039535,136.1385,-39.3278,18.18,G09016;G09017
826072671,136.994,-38.7581,18.44,G09016;G09017
826081361,137.0223,-38.4463,17.95,G09016;G09102;G09017
826133032,136.5928,-38.2129,19.07,G09016
826159889,136.2191,-37.7022,17.85,G09016;G09102;G09017;G09166
826172504,134.0636,-39.6658,19.23,G09016
826253529,133.1381,-39.0003,18.26,G09016;G09017
826290327,133.1467,-38.3178,17.15,G09016;G09102;G09017
826332345,133.2986,-37.7329,18.39,G09016;G09017
826337653,133.7886,-37.5765,18.8,G09016;G09017
826405252,135.0943,-37.0786,18.67,G09016;G09017
826417055,134.1782,-37.7303,17.88,G09016;G09102;G09017
826425653,134.774,-37.3637,18.55,G09016;G09017
826429462,134.4781,-37.236,18.07,G09016;G09017
826503329,137.7219,-37.8417,18.33,G09016;G09017
826529198,139.088,-37.0706,16.68,G09016;G09017;G09102
826583903,137.7296,-36.9625,16.8,G09016;G09102;G09017
826610843,137.6293,-35.9968,18.72,G09016;G09017
826623279,139.4496,-36.4901,18.66,G09016;G09017
826632038,138.8507,-36.3968,17.93,G09016;G09102;G09017
826639542,139.2749,-35.8166,18.69,G09016;G09017
826642366,139.7543,-36.0533,18.75,G09016;G09017
826659475,138.492,-35.968,17.74,G09016;G09102;G09017;G09166
826659696,138.5778,-35.931,19.02,G09016
826677426,138.4411,-35.06,17.71,G09016;G09102;G09017;G09166
826678779,139.0902,-35.4559,18.09,G09016;G09017
826695409,139.3549,-34.5721,19.04,G09016;G09017
826697503,139.262,-34.4465,19.19,G09016
826711638,136.833,-36.2769,17.85,G09016;G09102;G09017
826798308,136.0676,-34.7439,19.25,G09016
826808695,137.8815,-35.2154,17.51,G09016;G09102;G09017;G09166
826818094,137.2013,-35.0435,18.97,G09016;G09017
826843008,138.7587,-33.7646,18.66,G09016;G09017
826850608,137.1194,-34.2907,18.46,G09016;G09017
826861192,136.7308,-33.9488,18.87,G09016;G09017
826883078,137.7418,-33.1846,18.67,G09016;G09017
826986973,131.7506,-37.4065,19.09,G09016
826994906,131.7883,-36.8731,17.78,G09016;G09102;G09017;G09166
827072305,134.0656,-36.391,18.76,G09016;G09017
827087572,133.5493,-36.3365,18.1,G09016;G09017
827158984,132.9577,-35.5208,18.32,G09016;G09017
827192394,133.6033,-34.7327,18.74,G09016;G09017
827305616,130.5895,-35.7329,18.15,G09016;G09017
827360543,131.1772,-34.7798,16.67,G09016;G09102;G09017;G09166
827363613,130.3477,-35.2005,17.92,G09016;G09102;G09017
827400551,132.28,-34.9687,17.17,G09016;G09102;G09017
827431334,132.7881,-34.4701,18.83,G09016;G09017
827486270,131.1661,-34.0178,18.71,G09016;G09017
827593489,134.5032,-34.2763,18.81,G09016;G09017
827603084,133.8437,-34.0683,18.93,G09016;G09017
827633876,135.1215,-33.2299,19.07,G09016
827647172,136.5666,-33.6228,18.52,G09016;G09017
827651484,136.2132,-33.5878,18.79,G09016;G09017
827666793,137.3302,-33.0214,17.61,G09016;G09102;G09017;G09166
827672565,136.9782,-32.8758,16.89,G09016;G09017;G09102;G09166
827681461,135.6998,-33.3923,18.42,G09016;G09017
827720489,136.0361,-31.9258,17.6,G09016;G09102;G09017
827728230,133.7882,-33.9708,18.86,G09016;G09017
827781677,134.1069,-32.3217,18.56,G09016;G09017
827848068,135.431,-32.0982,19.15,G09016
827880266,135.7629,-31.0947,18.4,G09016;G09017
827886604,134.1366,-31.8523,18.28,G09016;G09017
827901915,134.3414,-31.1363,18.97,G09016;G09017
827907829,135.1589,-31.1201,19.05,G09016
827917200,134.7285,-30.957,18.57,G09016;G09017
827920597,134.4326,-30.7219,18.19,G09016;G09017
827928570,139.8121,-34.8346,19.03,G09016
827935168,139.5283,-34.1237,19.28,G09016
827957906,139.8193,-33.3191,18.28,G09016;G09017
827967425,139.8178,-32.2075,17.36,G09016;G09102;G09017;G09166
827975205,138.7331,-32.7192,17.74,G09016;G09017
827991462,139.6765,-32.0657,18.95,G09016;G09017
828000072,139.2251,-31.7324,19.22,G09016
828007843,139.3924,-31.2442,18.95,G09016;G09017
828038400,138.1946,-31.4523,19.18,G09016
828040405,138.0298,-31.3418,18.75,G09016;G09017
828044966,138.575,-30.81,19.25,G09016
828076002,137.7274,-30.4609,18.09,G09016;G09017
828077910,137.6193,-30.2965,16.51,G09016;G09102;G09017;20SECONDTARGET
828131869,136.4461,-30.8157,18.22,G09016;G09017
828143172,136.5407,-30.2488,18.74,G09016;G09017
828145422,137.1087,-30.6144,18.66,G09016;G09017
828325192,129.7646,-34.7403,17.6,G09016;G09102;G09017
828352523,129.481,-34.3783,18.93,G09016;G09017
828373488,130.0996,-34.243,17.26,G09016;G09017
828486092,129.1619,-33.3033,17.67,G09016;G09102;G09017
828495549,129.3159,-33.1176,18.98,G09016;G09017
828510029,130.6875,-33.628,17.41,G09016;G09102;G09017
828558665,131.3292,-32.9484,18.98,G09016;G09017
828560018,131.1693,-32.8332,17.69,G09016;G09102;G09017
828624215,130.8019,-32.2234,18.57,G09016;G09017
828628477,131.3458,-32.0423,18.42,G09016;G09017
828670724,128.2938,-33.5107,19.05,G09016
828674312,128.3948,-33.271,18.48,G09016;G09017
828810968,128.336,-32.3498,19.14,G09016
828842762,127.9201,-31.6369,18.94,G09016;G09017
828867187,129.0219,-32.2882,19.02,G09016
828897295,130.0338,-31.5723,18.64,G09016;G09017
828911596,130.0044,-31.3483,18.7,G09016;G09017
828925933,130.0366,-30.9444,18.62,G09016;G09017
828969793,128.5584,-30.882,19.12,G09016
828970970,129.4245,-31.2829,19.1,G09016;G09017
828989142,129.8158,-30.6002,18.95,G09016;G09017
829063692,133.1422,-30.9684,18.72,G09016;G09017
829081334,131.5535,-31.3333,18.18,G09016;G09017
829087352,131.2063,-31.3491,17.15,G09016;G09102;G09017
829114523,131.9719,-30.8855,19.29,G09016
829125242,132.0864,-30.4035,18.55,G09016;G09017
829135971,134.1121,-30.7435,18.92,G09016;G09017
829141325,133.2965,-30.7542,17.67,G09016;G09102;G09017;G09166
829149839,133.3162,-30.3293,18.28,G09016;G09017
829493966,126.8967,-31.7247,18.21,G09016;G09017
829505867,127.5319,-31.7542,18.51,G09016;G09017
829545481,127.2422,-30.939,18.12,G09016;G09017
829612500,126.4936,-30.8727,17.73,G09016;G09102;G09017
829617956,127.1752,-30.6694,18.99,G09016;G09017
872203258,140.0304,-40.2993,19.2,G09016
872229051,140.3636,-39.3868,18.45,G09016;G09017
872374411,140.2736,-38.2982,18.54,G09016;G09017
874819221,140.3305,-34.91,17.43,G09016;G09102;G09017;G09166
118429656,129.7393,-21.7697,15.44,G09016;G09017;G09102;G09166
118688924,134.4572,-21.5412,16.64,G09016;G09017;G09102;G09166
118690168,134.3426,-22.7585,15.21,G09016;G09017;G09102;G09166;20SECONDTARGET
176445717,131.8712,-18.9969,15.82,G09016;G09102;G09017;G09166
196518001,129.8359,-28.0255,15.51,G09016;G09102;G09017;20SECONDTARGET
2094712,133.6278,-25.1473,16.16,G09016;G09017;G09102
2140147,133.8135,-28.981,16.11,G09016;G09102;G09017
2224747,133.961,-26.6301,16.8,G09016;G09102;G09017
2224750,133.9624,-26.6315,16.59,G09016;G09102;G09017
231560003,127.7576,-27.4966,16.7,G09016;G09102;G09017
231599925,127.9689,-26.2021,15.65,G09016;G09102;G09017;G09166;20SECONDTARGET
283311563,128.2777,-27.2625,16.38,G09016;G09102;G09017;G09166
285222557,129.1557,-28.2777,15.91,G09016;G09017;G09102;G09166;20SECONDTARGET
38004089,136.6399,-26.4495,16.16,G09016;G09017;G09102
38454876,138.1166,-26.7015,16.52,G09016;G09017;G09102;20SECONDTARGET
432085744,136.6283,-18.3403,17.42,G09016;G09102;G09017
432134447,137.3026,-22.7744,17.66,G09016;G09017
51867317,133.0624,-19.2472,17.51,G09016;G09017
51915236,136.3126,-23.7157,15.74,G09016;G09017;G09102;G09166
70566571,139.3026,-27.1068,17.28,G09016;G09102;G09017
828122982,138.6724,-29.1767,18.79,G09016;G09017
828192028,136.23,-29.1318,18.68,G09016;G09017
828207333,137.7588,-28.8311,18.9,G09016;G09017
828221772,136.9688,-28.9839,17.48,G09016;G09102;G09017;20SECONDTARGET
828230075,136.7254,-28.4229,18.13,G09016;G09017
828240529,137.3632,-28.054,18.63,G09016;G09017
828261583,138.8852,-27.9006,18.66,G09016;G09017
828267464,139.4061,-27.4551,18.28,G09016;G09017
828274446,138.4787,-27.3266,19.22,G09016
828277405,138.093,-27.5262,19.23,G09016
828278915,138.0106,-27.325,19.18,G09016
829317593,130.0958,-29.4059,18.34,G09016;G09017
829329925,131.3125,-29.1476,19.12,G09016;G09017
829332527,131.2539,-29.1188,19.26,G09016
829356748,132.5873,-29.4539,18.98,G09016;G09017
829409714,131.6287,-28.6807,18.59,G09016;G09017
830025014,126.4978,-29.5171,18.74,G09016;G09017
830060907,127.4209,-29.0085,17.44,G09016;G09102;G09017;G09166
830075082,127.4681,-28.4878,18.44,G09016;G09017
830172752,126.5184,-27.5772,18.75,G09016;G09017
830200083,129.1355,-29.1646,18.92,G09016;G09017
830230824,129.6805,-28.4502,17.82,G09016;G09102;G09017
830246816,128.7333,-28.7043,19.16,G09016
830258486,128.5404,-28.6186,17.78,G09016;G09017
830272366,129.4465,-28.546,18.24,G09016;G09017
830313979,130.972,-27.8669,17.45,G09016;G09102;G09017
830328152,130.6329,-27.542,19.11,G09016
830331510,131.4324,-27.7198,19.0,G09016;G09017
830351181,131.5213,-26.9397,18.99,G09016;G09017
830351814,131.3561,-27.0183,18.39,G09016;G09017
830353303,131.5084,-26.8421,16.65,G09016;G09017;G09102
830371872,129.953,-27.219,18.52,G09016;G09017
830375593,129.7361,-26.9978,18.99,G09016;G09017
830381765,129.9238,-26.7668,18.58,G09016;G09017
830388340,130.6191,-26.7827,16.79,G09016;G09017;G09102;G09166
830391182,131.3986,-26.5365,17.72,G09016;G09102;G09017;G09166
830402972,131.067,-26.3071,18.51,G09016;G09017
830539454,127.9417,-26.09,18.58,G09016;G09017
830605671,128.0293,-25.9562,18.62,G09016;G09017
830669341,135.5511,-28.2159,18.14,G09016;G09017
830722366,137.3465,-27.7139,17.97,G09016;G09102;G09017
830722910,137.215,-27.5779,18.69,G09016;G09017
830739089,135.9389,-27.4431,19.05,G09016
830741127,135.8321,-27.2268,18.55,G09016;G09017
830751150,136.7091,-26.929,18.6,G09016;G09017
830756437,136.8002,-26.398,19.21,G09016
830761448,136.1604,-26.3673,17.58,G09016;G09102;G09017
830770490,133.8959,-27.9113,19.23,G09016
830792853,134.2522,-27.3203,18.91,G09016;G09017
830795899,134.2644,-27.2328,19.23,G09016
830808227,133.0182,-27.3559,18.67,G09016;G09017
830811624,132.5928,-27.3583,18.24,G09016;G09017
830834184,133.6215,-26.4961,17.65,G09016;G09102;G09017;G09166
830842934,135.5247,-26.7487,18.52,G09016;G09017
830869653,134.7142,-25.9632,18.7,G09016;G09017
830879157,135.1185,-25.5308,18.9,G09016;G09017
830891775,137.7806,-26.9039,18.42,G09016;G09017
830894619,137.9977,-26.4846,18.59,G09016;G09017
830899146,138.0749,-26.1999,18.55,G09016;G09017
830908257,138.5743,-25.7884,19.11,G09016;G09017
830911836,136.87,-26.3539,18.76,G09016;G09017
830913427,137.3838,-26.1472,19.16,G09016
830930152,139.3975,-25.7007,19.16,G09016
830935258,138.6903,-25.3081,16.86,G09016;G09017;G09102;G09166
830950911,138.3821,-24.2506,18.49,G09016;G09017
830959923,136.3765,-25.6884,18.62,G09016;G09017
830972078,137.4501,-24.7129,18.98,G09016;G09017
830984041,135.2495,-24.7055,19.29,G09016
830986110,135.7196,-24.2957,18.39,G09016;G09017
830993181,135.8009,-23.8808,17.4,G09016;G09102;G09017;G09166
830996058,137.7631,-24.4415,17.8,G09016;G09017
831004387,138.3591,-23.697,17.27,G09016;G09102;G09017
831006882,138.7748,-23.2215,19.29,G09016
831007921,138.2691,-23.2592,18.21,G09016;G09017
831008225,138.1271,-23.3206,18.81,G09016;G09017
831010586,138.6579,-22.8114,19.1,G09016
831023356,137.3631,-22.7423,17.75,G09016;G09102;G09017;G09166
831028793,132.3364,-26.8714,16.49,G09016;G09017;G09102
831041660,132.2044,-26.5849,18.99,G09016;G09017
831050365,132.9058,-26.0776,18.35,G09016;G09017
831093845,131.8038,-25.1779,18.05,G09016;G09017
831096543,132.2885,-24.8652,18.54,G09016;G09017
831105456,133.1733,-25.4063,16.7,G09016;G09017;G09102;G09166
831111266,133.4954,-24.7811,17.42,G09016;G09102;G09017
831132424,132.2974,-24.5483,17.74,G09016;G09102;G09017
831137359,133.616,-24.3696,18.49,G09016;G09017
831166356,130.6649,-25.0482,19.25,G09016
831180294,131.1185,-24.4943,18.91,G09016;G09017
831181835,131.4101,-24.4259,17.87,G09016;G09102;G09017;G09166
831199543,130.0062,-24.5516,18.62,G09016;G09017
831219579,130.8418,-23.5591,18.24,G09016;G09017
831238510,133.3308,-23.262,18.05,G09016;G09017
831243124,132.5543,-23.1008,18.92,G09016;G09017
831243614,132.9531,-23.1038,18.05,G09016;G09017
831244453,132.9291,-22.9855,19.05,G09016
831254241,131.411,-23.289,18.61,G09016;G09017
831260771,132.4013,-22.975,18.02,G09016;G09017;G09166
831273719,135.0326,-24.1095,19.18,G09016
831279630,135.1041,-23.8019,18.72,G09016;G09017
831293054,134.6751,-23.3464,18.38,G09016;G09017
831308753,136.6873,-23.0513,18.16,G09016;G09017
831327492,135.5005,-22.1079,18.04,G09016;G09017
831334100,136.6929,-21.1824,18.91,G09016;G09017
831335584,135.9135,-21.2628,17.66,G09016;G09102;G09017
831351126,134.6939,-22.2787,18.8,G09016;G09017
831374532,133.4038,-21.305,17.78,G09016;G09102;G09017;G09166
831376369,133.7674,-21.2028,18.53,G09016;G09017
831376985,133.3808,-21.1742,18.37,G09016;G09017
831384426,135.1945,-21.0416,18.91,G09016;G09017
831396628,133.8582,-20.8575,18.78,G09016;G09017
831400797,135.2155,-20.5282,18.69,G09016;G09017
831424218,138.7081,-22.2172,18.95,G09016;G09017
831424620,138.3426,-22.2722,17.64,G09016;G09102;G09017
831426928,138.8482,-21.8242,18.1,G09016;G09017
831428211,137.8661,-21.9772,18.12,G09016;G09017
831428566,138.0833,-21.8871,18.5,G09016;G09017
831430349,138.5402,-21.454,17.34,G09016;G09102;G09017;G09166
831443487,138.4294,-21.3056,18.8,G09016;G09017
831443890,138.0649,-21.3744,19.16,G09016
831446264,137.4112,-21.1663,17.84,G09016;G09017
831454067,138.4448,-20.4546,19.02,G09016
831461564,137.0808,-20.1591,18.41,G09016;G09017
831461686,137.9712,-20.5906,19.25,G09016
831465620,137.365,-20.0581,19.11,G09016
831482309,138.4873,-19.2182,17.94,G09016;G09102;G09017
831497158,137.1097,-19.7814,18.23,G09016;G09017
831498576,137.2,-19.4929,18.7,G09016;G09017
831509304,136.6829,-19.1424,17.97,G09016;G09102;G09017;G09166
831525241,137.8752,-18.1545,18.66,G09016;G09017
831525937,138.3504,-18.0621,18.8,G09016;G09017
832298168,126.9113,-26.9208,17.94,G09016;G09017
832332724,127.26,-25.9718,18.23,G09016;G09017
832355988,127.2775,-25.3771,18.37,G09016;G09017
832445739,127.7761,-25.0106,18.99,G09016;G09017
832460149,128.2563,-24.7722,17.93,G09016;G09102;G09017
832463793,128.378,-24.4981,18.85,G09016;G09017
832507914,128.3782,-23.8321,17.67,G09016;G09102;G09017
832510190,127.5689,-24.0413,18.73,G09016;G09017
832516183,128.1744,-23.7317,17.37,G09016;G09102;G09017
832658726,127.2218,-23.9501,18.43,G09016;G09017
832735845,126.9267,-22.5876,18.66,G09016;G09017
832747565,126.6396,-22.1841,18.69,G09016;G09017
833801698,130.1747,-23.6929,19.21,G09016
833807777,130.4929,-23.1486,16.93,G09016;G09102;G09017
833819517,128.5638,-23.6495,17.77,G09016;G09102;G09017;G09166
833849450,129.3109,-22.4159,17.62,G09016;G09102;G09017
833854127,130.9599,-22.9907,18.66,G09016;G09017
833857743,131.1877,-22.6504,17.91,G09016;G09102;G09017;G09166
833866426,130.7143,-22.2823,19.14,G09016;G09017
833867720,131.3918,-22.4831,18.54,G09016;G09017
833880790,130.3573,-22.2963,19.24,G09016;G09017
833886442,130.3408,-21.7999,18.22,G09016;G09017
833890599,130.0306,-21.9527,18.38,G09016;G09017
833902857,130.266,-21.2368,19.25,G09016
833910467,127.726,-22.9339,17.48,G09016;G09102;G09017
833917651,127.6407,-22.8471,17.74,G09016;G09102;G09017;G09166
833926100,127.7738,-22.2902,18.29,G09016;G09017
833961817,127.4213,-21.6943,19.12,G09016
833987393,129.5633,-21.5432,17.36,G09016;G09102;G09017
833990123,129.6008,-21.1819,18.15,G09016;G09017
834002886,130.5914,-20.6376,18.57,G09016;G09017
834041125,132.0722,-21.751,17.78,G09016;G09102;G09017;G09166
834045130,131.9971,-21.5314,17.82,G09016;G09102;G09017
834052276,132.9724,-20.9448,18.88,G09016;G09017
834064097,131.7029,-20.8129,19.11,G09016
834076041,131.9604,-20.2825,19.27,G09016
834102247,132.29,-19.5208,18.44,G09016;G09017
834107832,133.7582,-18.9433,18.38,G09016;G09017
834110715,133.5718,-18.7339,17.63,G09016;G09102;G09017
834112781,130.6661,-20.6001,17.89,G09016;G09102;G09017
834113294,131.0779,-20.4485,16.45,G09016;G09017;G09102;G09166
834122574,130.6687,-19.8775,18.99,G09016;G09017
834140343,129.8106,-19.6848,17.79,G09016;G09017
834152739,130.2411,-18.9328,19.29,G09016
834154347,130.8863,-18.6879,17.36,G09016;G09102;G09017;G09166
834171470,132.52,-18.0746,18.59,G09016;G09017
834172251,132.8317,-18.0263,18.24,G09016;G09017
834177189,131.9515,-18.1938,18.38,G09016;G09017
834183986,132.3594,-17.9991,18.79,G09016;G09017
834199879,126.9679,-21.3093,19.07,G09016
834219072,127.5805,-20.6623,18.59,G09016;G09017
834274860,128.3272,-20.0355,17.7,G09016;G09102;G09017
834286729,128.6422,-19.7016,18.43,G09016;G09017
834294558,128.6959,-19.3892,18.33,G09016;G09017
834312207,127.3972,-19.1611,18.99,G09016;G09017
834314698,127.9877,-19.4323,18.95,G09016;G09017
834325433,127.6554,-18.6342,17.71,G09016;G09102;G09017
834411342,126.7277,-19.0735,17.38,G09016;G09102;G09017
834430111,127.7615,-18.3719,19.28,G09016
834433712,126.9422,-18.3937,18.4,G09016;G09017
834434844,127.1571,-18.2252,19.26,G09016
834439937,127.018,-17.8656,18.3,G09016;G09017
834475038,129.1977,-19.2293,18.55,G09016;G09017
834484036,129.5821,-18.4701,18.58,G09016;G09017
834489174,130.6646,-18.3059,18.28,G09016;G09017
834489717,130.5282,-18.129,18.66,G09016;G09017
834490504,130.4643,-18.1475,17.52,G09016;G09102;G09017;G09166
836076647,134.8045,-18.7718,19.2,G09016
836079296,135.6734,-18.6391,19.03,G09016
836081980,135.9849,-18.0697,18.55,G09016;G09017
836085701,134.4882,-18.5613,18.5,G09016;G09017
