TICID,RA,Dec,Tmag,Keywords
118572803,53.2253,-9.4581,2.9,G09062;G09123;20SECONDTARGET
118574389,53.3709,-9.8543,8.97,G09062
118653298,53.9881,-10.5169,12.68,G09004
118653666,53.9765,-8.7829,14.37,G09102;20SECONDTARGET
120956785,54.0542,-18.5508,7.26,G09062
120959196,54.3192,-19.6405,11.77,G09196
120974003,54.4895,-19.3187,10.6,G09123
121006435,55.1821,-20.0028,12.05,G09004
121007602,55.2562,-21.8011,13.25,G09123
121011020,55.6659,-20.5453,8.42,G09123
121026331,56.1087,-18.6228,12.64,G09004
121027055,56.0259,-22.0319,8.61,G09062
121048719,56.238,-21.5828,8.0,G09062
121048789,56.2002,-21.2942,8.79,G09123
121049256,56.2582,-19.135,8.17,G09062
121089579,57.1137,-19.7444,10.64,G09123
121104002,57.4538,-22.7849,15.05,G09016;G09102;G09017;G09166
121106998,57.7335,-20.8045,14.12,G09041
121133362,57.8465,-20.3867,12.98,G09180
121133363,57.8449,-20.387,10.64,G09180
121157898,58.2415,-19.9309,16.59,G09102;G09166;20SECONDTARGET
121158260,58.1913,-18.3687,11.56,G09123;20SECONDTARGET
121158680,58.3179,-19.2893,8.89,G09062
12530777,51.8467,-10.5731,12.7,G09004
12549312,52.2809,-11.7056,13.45,G09102
12571097,52.3249,-10.5547,7.11,G09062;20SECONDTARGET
12605683,52.7968,-11.3873,8.15,G09062
12632682,53.0884,-11.7937,16.91,G09016;G09102;G09017;G09166
136887637,61.0783,-15.7253,4.33,G09123;20SECONDTARGET
136888130,61.0529,-13.6948,12.13,G09004
136888305,61.0948,-12.7922,4.71,G09123;20SECONDTARGET
155776051,55.8992,-11.9032,17.25,G09166;G_SPECIAL_APERTURE_17_17
155993772,56.0368,-13.4033,8.45,G09194
156215534,56.245,-16.8784,15.05,G09102;20SECONDTARGET
156218734,56.2222,-13.346,16.34,G09177
156928126,57.2658,-13.7214,12.55,G09004
178199994,58.4724,-19.2538,9.88,G09123
178215592,58.9345,-20.1164,17.94,G09016;G09017
178242590,59.1578,-18.2375,11.42,G09079;G09036;G09039
178242805,59.0777,-19.4123,11.33,G09123
206694588,54.162,-13.3187,9.08,G09062
206714579,54.7316,-14.4888,9.86,G09062
206720132,55.2939,-13.3286,9.19,G09062
206734823,55.5175,-17.1461,7.34,G09062
257602545,53.2998,-19.2511,11.78,G09180
257602546,53.301,-19.2525,12.67,G09180
279373233,57.6462,-11.9954,7.23,G09062
279401253,57.6573,-15.0263,11.26,G09034;G09123;20SECONDTARGET
279401333,57.6326,-15.4062,12.77,G09004
279402565,57.7654,-14.7078,8.04,G09062
279404314,57.8895,-17.5017,11.35,G09194
279433960,58.1953,-17.1808,14.78,G09102;20SECONDTARGET
279434608,58.2238,-14.1112,8.71,G09062
279453152,58.4086,-13.905,12.93,G09004
279454212,58.4774,-16.9546,10.1,G09079;G09036;G09039
279455062,58.4663,-12.9189,12.39,G09004
279483438,58.5429,-16.8813,17.24,G09041;G09102;G09166;20SECONDTARGET
279484490,58.6956,-14.2688,16.1,G09102;G09166;20SECONDTARGET
279493306,58.929,-12.4851,12.79,G09004
279537689,59.4005,-14.1649,9.69,G09036
319312735,61.8672,-14.9384,10.34,G09123
325686660,59.6044,-15.8373,8.76,G09062
332532562,61.2745,-16.2934,12.87,G09004
332532653,61.3086,-15.9006,14.12,G09123
332534326,61.4013,-14.9267,12.8,G09058;20SECONDTARGET
38464735,55.1405,-11.2771,7.79,G09062
38471444,55.2072,-10.2753,12.66,G09004
38511251,55.8114,-9.7579,2.67,G09062;20SECONDTARGET
38541473,56.3047,-10.9735,10.77,G09079;G09036;G09039
38588212,56.779,-11.9694,16.05,G09102
38616042,57.1024,-11.088,16.72,G09041
38686737,57.8657,-10.6141,12.6,G09079;G09036;G09039
38695503,58.3609,-10.9808,9.25,G09062
38695560,58.359,-11.18,16.19,G09016;G09102;G09017;G09166
406474860,50.4916,-16.6054,12.92,G09004
406476142,50.5115,-13.342,12.58,G09194
406476495,50.5051,-12.2772,12.84,G09004
406477000,50.6699,-13.7789,8.53,G09062
406477030,50.6836,-13.8943,9.71,G09062
406479277,53.5583,-19.6644,10.27,G09123
423442495,51.1048,-15.6546,6.95,G09062;20SECONDTARGET
423448336,51.3164,-17.3763,16.84,G09016;G09102;G09017
423448777,51.3115,-15.0413,7.35,G09062;20SECONDTARGET
423448938,51.253,-14.1159,7.4,G09062
441515154,48.7748,-17.644,11.66,G09194
441518050,49.045,-15.377,12.89,G09004
441539124,49.3981,-17.6452,8.46,G09062
461714934,59.8408,-15.1394,7.94,G09062
461715780,59.9843,-16.5832,12.26,G09004;G09123
461720392,60.3036,-15.8635,8.04,G09062
471013751,59.1221,-17.7229,16.88,G09177
471013821,52.9875,-16.2842,16.43,G09177
55891662,49.8806,-17.2364,16.05,G09102;G09166
55895344,50.3619,-15.798,8.45,G09062
649621724,58.9487,-11.4817,19.12,G09016
649627875,57.7304,-10.599,18.61,G09016;G09017
651598946,56.1773,-22.2183,19.0,G09016;G09017
651602491,56.5179,-22.2215,19.0,G09016;G09017
651606113,55.6654,-22.2138,17.98,G09016;G09102;G09017;G09166
651609814,54.694,-21.0808,17.53,G09016;G09102;G09017
651610034,56.4888,-21.7242,18.31,G09016;G09017
651610543,56.6989,-21.1931,18.43,G09016;G09017
651610795,55.8573,-21.3693,18.83,G09016;G09017
651610801,55.7795,-21.3618,18.58,G09016;G09017
651611906,57.1871,-20.6074,18.51,G09016;G09017
651613037,56.138,-20.8439,18.83,G09016;G09017
651613922,55.4237,-20.3057,19.13,G09016
651614311,56.553,-20.286,18.28,G09016;G09017
651615293,56.2205,-19.6028,18.0,G09016;G09017
651617685,58.4009,-21.3673,18.92,G09016;G09017
651620548,58.0508,-20.4473,18.78,G09016;G09017
651622011,58.8294,-19.8565,19.13,G09016
651622906,59.4375,-19.4881,17.81,G09016;G09017
651625343,58.9353,-19.5654,18.82,G09016;G09017
651625742,57.9971,-19.5026,17.86,G09016;G09102;G09017
651626555,56.8272,-19.8234,18.54,G09016;G09017
651628089,58.1718,-18.9002,18.52,G09016;G09017
651629525,59.5914,-18.9684,18.13,G09016;G09017;G09166
651632933,58.4401,-18.0392,19.03,G09016
651633554,59.1221,-17.7229,16.82,G09102
651634399,58.9895,-17.4771,16.62,G09102
651634480,59.3568,-17.2653,19.18,G09016
651635266,59.447,-17.2225,17.45,G09016;G09102;G09017;G09166
651635379,59.578,-16.9987,19.09,G09016
651655983,53.8711,-21.5124,19.14,G09016
651659648,53.5026,-20.6732,19.22,G09016
651659870,53.1979,-20.3599,19.13,G09016
651660071,53.9238,-20.2032,18.74,G09016;G09017
651660329,53.0783,-20.3152,18.9,G09016;G09017
651660419,53.3783,-20.1193,18.5,G09016;G09017
651661872,54.3124,-20.235,18.97,G09016;G09017
651662178,55.0307,-19.7497,18.08,G09016;G09017
651662648,55.4108,-19.7343,17.73,G09016;G09102;G09017;G09166
651663552,55.552,-19.1637,18.06,G09016;G09017;G09166
651664068,53.9796,-19.694,18.6,G09016;G09017
651665139,54.1697,-18.8944,17.75,G09102
651665552,55.0903,-19.0052,18.61,G09016;G09017
651667669,52.1699,-19.6437,18.07,G09016;G09017
651667989,52.6254,-19.6642,16.92,G09016;G09102;G09017
651668781,52.4663,-19.0954,19.28,G09016
651668807,52.7686,-19.0286,17.54,G09016;G09102;G09017;G09166
651671452,53.7194,-19.1294,19.06,G09016
651672807,54.1107,-18.3991,19.08,G09016
651672897,54.5557,-18.3771,18.43,G09016;G09017
651674205,52.813,-18.2735,19.04,G09016
651675091,53.1158,-17.9072,18.17,G09016;G09017
651675554,53.3787,-17.617,18.03,G09016;G09017
651682027,50.5475,-19.4582,18.34,G09016;G09017
651690604,48.7147,-18.5764,19.19,G09016
651694431,50.196,-18.9242,16.97,G09016;G09102;G09017;G09166
651694651,50.7606,-18.7049,18.19,G09016;G09017
651694860,50.6076,-18.3961,18.86,G09016;G09017
651694967,51.3928,-18.6106,18.26,G09016;G09017
651696328,49.8999,-18.3936,18.15,G09016;G09017
651697511,50.6808,-17.7461,18.11,G09016;G09017
651698086,50.233,-17.439,17.49,G09016;G09102;G09017;G09166
651701029,51.9567,-16.9432,18.89,G09016;G09017
651701647,51.5381,-16.5889,18.5,G09016;G09017
651702027,51.9659,-16.5282,19.12,G09016
651703010,49.4561,-17.9672,18.89,G09016;G09017
651704324,50.3171,-17.1213,19.3,G09016
651705648,48.9505,-16.7558,17.4,G09177;G09016;G09102;G09017
651706559,49.8461,-16.3685,17.35,G09102;G09166
651706719,49.5251,-16.1841,19.24,G09016
651706799,48.9125,-16.3951,18.43,G09016;G09017
651707198,49.0514,-15.8823,19.1,G09016
651710112,50.1288,-15.7264,18.73,G09016;G09017
651710480,49.5068,-15.5779,18.65,G09016;G09017
651710660,49.71,-15.515,18.0,G09016;G09102;G09017;G09166
651711131,51.0005,-15.2548,17.6,G09016;G09102;G09017
651711395,50.3173,-15.2418,19.2,G09016
651711767,50.7467,-14.738,19.24,G09016
651712510,56.6667,-18.7462,17.87,G09016;G09102;G09017;G09166
651713142,56.0402,-18.4816,18.7,G09016;G09017
651713207,56.3318,-18.311,19.04,G09016
651714116,56.4237,-18.091,18.23,G09016;G09017
651714145,56.7645,-18.0483,17.48,G09016;G09102;G09017
651715754,55.3774,-17.9809,17.86,G09016;G09102;G09017;G09166
651715982,56.2864,-17.9558,18.63,G09016;G09017
651716178,56.3332,-17.6961,18.66,G09016;G09017
651717728,57.6684,-17.5879,18.84,G09016;G09017
651718023,57.4539,-17.5424,18.51,G09016;G09017
651719228,58.8246,-16.8509,18.81,G09016;G09017
651719869,58.4522,-16.6139,19.09,G09016
651720726,57.3368,-16.9253,18.42,G09016;G09017
651721463,56.7178,-16.6199,19.12,G09016
651721923,58.026,-16.5996,18.19,G09016;G09017
651721986,57.9127,-16.433,19.28,G09016
651723272,54.8934,-17.6553,18.76,G09016;G09017
651723787,54.5358,-17.332,18.98,G09016;G09017
651725400,53.968,-17.154,15.8,G09102;G09166
651725648,54.5429,-16.8968,17.93,G09016;G09102;G09017
651727940,55.8567,-16.4922,18.93,G09016;G09017
651728260,56.1381,-16.1567,18.42,G09016;G09017
651730559,55.6715,-15.6062,18.04,G09016;G09017;G09166
651733190,59.2808,-16.1979,18.61,G09016;G09017
651735349,58.2159,-15.9948,18.9,G09016;G09017
651737462,58.9904,-15.0365,18.56,G09016;G09017
651738415,59.8121,-14.6871,19.09,G09016
651741214,58.2711,-14.6068,19.28,G09016
651742252,58.4463,-14.0198,19.19,G09016
651742722,57.2641,-14.5165,17.47,G09016;G09102;G09017;G09166
651742986,57.2778,-14.3076,17.81,G09016;G09102;G09017
651743563,56.6492,-14.1719,18.11,G09016;G09017;G09166
651744827,57.6813,-13.6285,17.39,G09016;G09102;G09017
651745863,58.6101,-13.9654,18.93,G09016;G09017
651746101,58.7299,-13.7862,18.24,G09016;G09017
651746246,59.0081,-13.6732,18.65,G09016;G09017
651746875,59.7622,-13.4414,19.11,G09016
651748668,58.0045,-13.34,19.1,G09016
651749835,59.6526,-12.681,19.06,G09016
651751610,52.9875,-16.2842,16.86,G09102;G09166
651753549,52.9609,-15.8087,19.06,G09016;G09017
651753565,52.9141,-15.7527,18.05,G09016;G09017;G09166
651753987,52.3632,-15.491,18.67,G09016;G09017
651754116,52.9245,-15.3718,18.96,G09016;G09017
651755622,54.7526,-15.3194,18.12,G09016;G09017
651756071,54.3308,-15.2252,19.28,G09016
651757576,55.5966,-14.0193,18.51,G09016;G09017
651757941,54.6683,-14.6253,18.92,G09016;G09017
651758589,53.9341,-14.2404,18.56,G09016;G09017
651759364,54.6807,-13.99,18.98,G09016;G09017
651760224,52.602,-15.0402,17.14,G09102;G09166
651760280,52.1793,-15.0833,18.86,G09016;G09017
651760403,51.5509,-15.2161,17.46,G09102
651761671,52.3473,-14.4273,17.68,G09016;G09102;G09017;G09166
651762243,51.3494,-14.7611,18.22,G09016;G09017
651764481,53.3305,-14.2011,18.45,G09016;G09017
651765752,54.1202,-13.2994,18.88,G09016;G09017
651765810,54.7794,-13.3003,18.49,G09016;G09017
651767301,52.4982,-13.2508,19.11,G09016
651767989,53.2279,-12.9496,17.94,G09016;G09102;G09017;G09166
651769057,56.2444,-14.2278,19.01,G09016
651769239,56.3747,-14.0135,18.74,G09016;G09017
651771277,56.6433,-13.0097,18.13,G09016;G09017
651771995,55.8704,-13.3056,16.4,G09016;G09102;G09017;G09166
651772427,54.9187,-13.2235,18.74,G09016;G09017
651774397,58.0026,-12.9156,18.95,G09016;G09017
651776003,58.5399,-12.0291,18.72,G09016;G09017
651776027,58.631,-11.9871,19.0,G09016;G09017
651776046,58.4376,-11.9765,18.5,G09041
651776981,56.9165,-12.3843,18.58,G09016;G09017
651777882,56.5943,-11.7821,18.76,G09016;G09017
651778241,57.5141,-11.8817,18.46,G09016;G09017
651778465,57.8057,-11.5791,18.73,G09016;G09017
651778998,57.6327,-11.3955,19.28,G09016
651779537,54.8692,-13.1028,19.27,G09016
651779620,55.105,-12.9037,18.99,G09016;G09017
651780303,54.4959,-12.5164,18.24,G09016;G09017
651782208,54.385,-11.8823,18.92,G09016;G09017
651783125,55.0323,-11.5674,18.92,G09016;G09017
651785944,56.4743,-10.8485,18.23,G09016;G09017
651786935,55.8359,-10.5938,18.55,G09016;G09017
651788204,55.9677,-10.1674,19.19,G09016
651817598,47.0432,-17.4943,19.25,G09016
651828311,48.2491,-16.1015,18.13,G09016;G09017
651832268,49.5549,-15.0662,18.47,G09016;G09017
651832940,49.8517,-14.9541,19.05,G09016;G09017
651833682,49.6572,-14.4128,17.98,G09016;G09102;G09017;G09166
651835458,49.743,-13.935,18.57,G09016;G09017
651873753,50.7727,-13.8675,19.14,G09016
651874820,51.8334,-13.2054,17.98,G09016;G09102;G09017
651875504,51.4037,-12.7838,17.4,G09016;G09102;G09017;G09166
651875714,49.6955,-13.628,18.24,G09016;G09017
651876182,50.316,-12.9967,18.1,G09016;G09017
651876643,49.6928,-13.0009,17.64,G09016;G09102;G09017
651876765,50.6685,-13.1963,18.69,G09016;G09017
651877766,50.8141,-12.2926,18.16,G09016;G09017
651878545,51.6063,-12.8394,19.12,G09016
651878886,52.2101,-12.3898,19.29,G09016
651879063,51.9184,-12.1254,18.49,G09016;G09017
651879083,52.0016,-12.0735,18.29,G09016;G09017
651880742,51.7038,-11.9699,19.06,G09016;G09017
651881853,52.4766,-11.3567,18.95,G09016;G09017
651882009,52.321,-11.1705,18.35,G09016;G09017
651882221,51.6994,-11.3365,18.76,G09016;G09017
651888215,51.1648,-10.9583,19.08,G09016
651888291,51.5187,-10.9662,17.93,G09102;G09166
651888463,51.7303,-10.7408,17.76,G09016;G09017
651888974,51.5161,-10.4615,19.07,G09016;G09017
651892068,53.7517,-11.1447,18.93,G09016;G09017
651892677,53.448,-10.8257,19.24,G09016
651893145,54.2076,-10.8406,18.07,G09016;G09017
651893987,52.887,-11.1172,18.64,G09016;G09017
651894260,53.2349,-10.8166,19.13,G09016
651894390,53.0792,-10.7204,19.05,G09016
651894904,52.8795,-10.386,17.48,G09016;G09102;G09017
651895732,53.0859,-10.3247,18.1,G09016;G09017
651896957,54.6871,-10.2494,18.89,G09016;G09017
651897455,54.8506,-9.7177,18.48,G09016;G09017
651897665,55.2375,-9.8658,19.27,G09016
651898540,55.3556,-9.3028,18.51,G09016;G09017
651899293,53.7477,-9.7538,18.04,G09016;G09017;G09166
651901309,51.9736,-10.3501,18.9,G09016;G09017
651901314,51.9116,-10.3282,18.35,G09016;G09017
651903405,51.3764,-10.0375,18.39,G09016;G09017
651906256,53.6782,-9.1841,19.25,G09016
651909704,53.443,-8.1796,19.19,G09016
671771242,61.9231,-13.2268,17.56,G09016;G09102;G09017;G09166
671771366,62.2202,-13.0273,19.01,G09016;G09017
671772488,61.2028,-13.2369,17.65,G09016;G09102;G09017;G09166
671774312,61.5478,-12.7563,17.29,G09016;G09102;G09017
686506133,60.1078,-17.5002,18.55,G09016;G09017
686507406,60.891,-17.1058,18.43,G09016;G09017
686508048,60.9621,-16.5605,18.57,G09016;G09017
686508769,60.2452,-16.671,17.91,G09016;G09102;G09017
686508833,60.5522,-16.5492,19.17,G09016;G09017
686509090,61.0697,-16.2504,18.82,G09016;G09017
686509486,60.2707,-16.2461,17.97,G09016;G09102;G09017;G09166
686515154,61.83,-15.2565,16.49,G09102;20SECONDTARGET
686516705,60.2165,-15.508,18.28,G09016;G09017
686516807,60.5466,-15.5544,18.32,G09016;G09017
686517230,60.7678,-15.1713,19.01,G09016
686517237,60.8359,-15.124,17.25,G09102;G09166
686517487,60.9005,-15.0042,18.73,G09016;G09017
686518213,60.4744,-14.6778,18.23,G09041
686521058,60.3511,-13.8765,19.0,G09016;G09017
686521260,60.4585,-13.8333,19.26,G09016
686521589,60.5438,-13.3569,18.63,G09016;G09017
70597337,60.6998,-14.056,10.95,G09194
92234254,48.8723,-18.1751,6.86,G09062
92252166,49.6724,-18.5603,5.51,G09194;G09062;20SECONDTARGET
92280373,50.371,-19.3835,16.62,G09102;G09166
92282348,50.6333,-19.1134,15.96,G09102;G09166;20SECONDTARGET
92343769,51.0964,-19.4161,16.52,G09016;G09102;G09017
92347186,51.542,-20.2721,17.22,G09102;G09166
92347271,51.4848,-19.8706,11.22,G09180
92347272,51.4877,-19.8671,12.9,G09180
92355716,51.771,-19.5401,16.3,G09016;G09102;G09017;G09166
92356230,51.8898,-19.0043,9.68,G09062
92361821,52.4679,-20.5639,17.41,G09016;G09102;G09017
92362554,52.6669,-19.4356,6.85,G09062;20SECONDTARGET
93031595,52.1405,-12.3293,16.49,G09102;20SECONDTARGET
93050976,52.4403,-14.4285,8.03,G09062
93051463,52.3869,-16.9988,8.17,G09062
93090598,53.0337,-15.0467,12.74,G09004
93105467,53.438,-15.1289,6.62,G09062;20SECONDTARGET
93122197,53.6593,-12.2984,7.19,G09062;20SECONDTARGET
94945019,51.6371,-16.0892,15.37,G09102;20SECONDTARGET
97524002,60.4232,-14.8916,9.35,G09062
9967126,50.6485,-11.7008,8.21,G09062
9967279,50.818,-11.347,7.15,G09062
10938216,55.4785,-3.3773,15.36,G09102;G09166;20SECONDTARGET
10938336,55.4224,-2.8477,7.5,G09062;20SECONDTARGET
10959979,55.7132,-3.9202,12.9,G09004
10996018,55.9186,-4.8481,8.75,G09062
11047648,56.2569,-3.8144,16.6,G09016;G09102;G09017
11047649,56.2563,-3.8158,17.11,G09102
11052616,65.6327,-3.3621,17.22,G09016;G09017;G09102;G09166
118588732,53.5395,-6.6694,14.99,G09102;20SECONDTARGET
12631032,53.0638,-7.0905,6.86,G09062
248612455,65.8328,-0.9694,7.88,G09062
248615210,66.0586,-3.7647,11.73,G09194
248616812,66.2302,-1.2931,10.5,G09123
248619689,66.3885,-1.5852,9.78,G09062
248621149,66.4195,-2.58,16.3,G09016;G09102;G09017;G09166
248621822,66.4236,-4.7274,7.78,G09062
248655096,67.2882,-3.1897,13.53,G09031
250140196,63.7445,-4.7895,17.76,G09016;G09017
250140704,63.6513,-3.2859,10.89,G09194
250141355,63.6788,-1.1671,12.66,G09004
250163328,64.2194,-4.457,15.37,G09102;G09166;20SECONDTARGET
250168090,64.42,-1.851,7.83,G09062
250171954,64.6309,-2.3185,17.28,G09016;G09102;G09017;G09166
250192871,65.0605,-3.7537,7.26,G09062;20SECONDTARGET
250194132,65.1224,-4.4443,12.59,G09004
250195155,65.1705,-1.7402,8.06,G09020;G09062
269614575,61.0409,-1.175,7.46,G09062
269629297,61.2416,-5.39,17.35,G09016;G09102;G09017;G09166
269629471,61.2704,-4.7863,7.79,G09062
269630496,61.31,-1.0121,6.3,G09062
269630619,61.3169,-0.5695,6.68,G09062
269694728,61.6362,-4.5468,16.84,G09016;G09102;G09017
301563735,54.9939,-5.0991,8.63,G09062
332620574,62.3595,-11.9943,8.18,G09062
333659638,56.66,-5.7334,15.05,G09102;20SECONDTARGET
333660876,56.605,-0.6442,15.29,G09102;20SECONDTARGET
333683140,56.9406,-2.5662,7.68,G09062
333700447,57.1172,-4.5274,8.22,G09062
333700479,57.1584,-4.4215,6.92,G09062;20SECONDTARGET
333701850,57.2097,-0.9769,14.45,G09102;20SECONDTARGET
34105388,59.4969,-10.2244,9.19,G09194
34113604,59.8145,-7.6404,8.58,G09062
34115025,59.904,-10.3227,7.74,G09062
34164699,60.5939,-7.0049,8.92,G09194
34184628,60.7767,-10.433,16.55,G09102
34199224,61.2031,-6.252,12.59,G09004
34267409,61.6977,-6.7434,17.19,G09016;G09017;G09102
34268619,61.7076,-11.2471,12.09,G09004
34269291,61.7514,-10.0016,6.35,G09062;20SECONDTARGET
34270149,61.8116,-6.7404,16.71,G09025;G09041
34308046,62.2372,-10.9279,8.58,G09062
34309908,62.4207,-7.8921,6.46,G09062
34341055,62.5701,-8.5722,17.38,G09016;G09102;G09017;20SECONDTARGET
37817032,65.3949,-7.1232,9.1,G09062
37817632,65.5503,-6.5056,13.13,G09123
37904598,66.1787,-6.792,11.21,G09123;20SECONDTARGET
37904796,66.1616,-6.1888,15.95,G09102
37908551,66.3906,-6.6278,8.69,G09062
38402900,54.4633,-7.6657,8.2,G09062
38447422,54.6124,-7.5328,16.64,G09102;G09166;20SECONDTARGET
38512141,55.767,-6.2524,12.91,G09004
38577955,56.652,-7.2191,17.6,G09016;G09102;G09017
38612038,57.0237,-8.0459,7.76,G09062
38629207,57.4259,-8.3569,12.58,G09194
38677487,57.7523,-7.0987,10.27,G09079;G09036;G09039
38678326,57.9156,-8.1694,11.41,G09194
38689105,58.1555,-8.4919,7.7,G09062
38689378,58.0922,-9.6095,16.83,G09102
401926767,57.3516,-1.2428,10.27,G09036
401927733,57.4107,-2.3287,6.69,G09062;20SECONDTARGET
401944429,57.5681,-1.5224,6.09,G09062;20SECONDTARGET
401945947,57.6736,-4.6241,7.52,G09062;20SECONDTARGET
401969526,58.0327,-3.5972,7.24,G09062;20SECONDTARGET
401970006,58.004,-1.6284,7.79,G09062
425155823,58.2496,-4.3713,7.07,G09062
425157104,58.4319,-0.0768,16.02,G09102;20SECONDTARGET
425161343,58.7041,-4.9165,16.76,G09102;G09166;20SECONDTARGET
425162909,58.7349,-0.7366,16.61,G09102;20SECONDTARGET
425163618,58.8944,-2.0292,9.55,G09062
425164208,58.9555,-4.5272,6.59,G09062;20SECONDTARGET
459899621,58.0715,1.3421,17.7,G09166
459900137,58.3972,1.3884,8.0,G09062
459907457,58.6819,1.978,15.88,G09102;G09017;20SECONDTARGET
464753016,60.349,1.1134,12.71,G09004
464797416,61.7492,0.8788,17.88,G09041
55440697,58.5684,-9.8889,10.3,G09194
55488511,59.0183,-10.272,11.64,G09031
55489195,58.9782,-7.2876,8.07,G09062;20SECONDTARGET
649625885,58.9869,-10.1472,17.86,G09016;G09102;G09017;G09166
649627015,59.3465,-9.8369,18.75,G09016;G09017
649627092,59.6216,-9.6645,17.91,G09016;G09102;G09017;G09166
649627608,59.5055,-9.2369,18.43,G09016;G09017
649627747,59.9958,-9.1702,18.28,G09016;G09017
649627769,59.9461,-9.0605,17.96,G09016;G09017
649630470,58.4321,-9.1982,18.43,G09016;G09017
649632565,57.0009,-8.9716,18.53,G09016;G09017
649632614,57.3217,-8.8265,19.15,G09016
649633523,59.52,-9.0245,17.8,G09016;G09102;G09017;G09166
649634568,59.8345,-8.7313,17.29,G09016;G09102;G09017
649634728,59.8955,-8.5529,18.19,G09016;G09017
649635027,59.4623,-8.4117,19.0,G09016;G09017
649635794,58.5592,-8.6292,17.16,G09102
649636085,58.6678,-8.4558,18.86,G09016;G09017
649636615,57.832,-8.3417,18.07,G09016;G09017
649637936,58.8698,-7.8013,16.81,G09102;G09166;20SECONDTARGET
649640874,56.2409,-8.7993,19.02,G09016
649641465,57.353,-8.4653,20.25,G09025
649645138,58.1989,-7.8111,18.53,G09016;G09017
649645655,57.3341,-7.543,11.68,G09194
649645996,58.3753,-7.748,18.34,G09016;G09017
649648551,56.6333,-6.8675,18.99,G09016;G09017
649649670,57.7323,-6.3839,18.99,G09016;G09017
649650513,55.1593,-7.6696,18.46,G09016;G09017
649651488,55.6153,-7.3704,18.24,G09016;G09017
649651605,55.9006,-7.3077,19.1,G09016
649653318,53.7078,-7.18,18.43,G09025
649655300,56.4721,-6.8555,18.01,G09016;G09017
649656224,56.155,-6.471,19.15,G09016;G09017
649656359,56.1651,-6.273,18.03,G09016;G09017;G09166
649657238,56.734,-6.0347,18.89,G09016;G09017
649657867,55.7266,-6.3375,19.21,G09016
649658070,55.4519,-6.0839,19.16,G09016
649658163,55.7899,-6.1424,19.01,G09016
649658303,55.8162,-6.0016,18.03,G09166
649658423,55.7756,-5.8018,18.4,G09016;G09017
649658823,55.4712,-5.8187,18.66,G09016;G09017
649660030,55.7432,-5.2296,17.84,G09016;G09102;G09017
649660239,55.9837,-5.133,17.47,G09016;G09017
649660822,59.4465,-6.6477,19.29,G09025;G09041
649661465,59.073,-6.5192,18.93,G09016;G09017
649662293,59.392,-6.115,18.74,G09016;G09017
649663723,58.0952,-6.0851,18.51,G09016;G09017
649665867,59.9954,-5.2102,20.07,G09025
649666352,59.3226,-4.9129,18.61,G09016;G09017
649668850,58.8105,-4.8251,17.6,G09016;G09102;G09017
649668986,58.5854,-4.7332,19.25,G09016
649669059,58.5416,-4.6305,17.3,G09016;G09102;G09017;G09166
649673690,58.9594,-3.7168,18.61,G09016;G09017
649673987,59.881,-3.7025,17.81,G09016;G09102;G09017;G09166
649674493,59.772,-3.4645,18.79,G09016;G09017
649674896,58.5818,-3.9277,18.99,G09016;G09017
649675049,58.3259,-3.8131,17.73,G09025;G09041
649675734,58.0565,-3.419,19.07,G09016
649675813,58.448,-3.4903,17.83,G09102;G09166
649675832,58.287,-3.4566,18.91,G09016;G09017
649678378,53.5829,-6.4234,18.89,G09016;G09017
649678496,53.6484,-6.2129,19.09,G09016
649685774,54.3454,-4.7024,18.32,G09016;G09017
649687082,55.3146,-4.0247,18.16,G09016;G09017
649697810,56.3914,-4.5099,18.19,G09016;G09017
649698833,56.3905,-3.8104,18.71,G09016;G09017
649699359,57.2385,-3.7843,18.95,G09016;G09017
649699379,57.3447,-3.6688,17.02,G09016;G09102;G09017;G09166
649700057,57.0673,-3.3619,17.64,G09016;G09102;G09017;G09166
649700163,56.7239,-3.262,19.17,G09016
649700172,56.7644,-3.2466,17.54,G09102;G09166
649703515,57.8493,-3.0725,17.41,G09016;G09102;G09017
649704046,57.5304,-2.8051,18.36,G09016;G09017
649705237,57.9703,-2.275,18.31,G09016;G09017
649705574,56.983,-2.8909,19.26,G09016
649713831,56.3142,-1.8712,18.61,G09025;G09041
649714729,56.1952,-1.4291,17.49,G09016;G09102;G09017;G09166
649715401,57.3226,-0.9888,18.1,G09016;G09017;G09166
649718941,59.6774,-2.7708,18.47,G09016;G09017
649719157,59.6195,-2.5516,17.69,G09016;G09102;G09017;G09166
649719400,59.6807,-2.4133,18.98,G09016;G09017
649719710,59.9181,-2.0669,18.59,G09016;G09017
649721680,59.9894,-0.8323,18.97,G09016;G09017
649722241,58.8041,-1.3085,18.53,G09016;G09017
649724940,59.2184,0.0328,18.12,G09016;G09017
649727270,58.7777,-0.2219,18.84,G09016;G09017
649732015,58.9325,0.5089,18.05,G09016;G09017
649732089,58.5609,0.4903,18.63,G09016;G09017
649732806,59.5934,0.798,18.81,G09016;G09017
649734110,58.2124,0.9146,18.45,G09016;G09017
649734967,58.0626,1.3445,17.73,G09016;G09102;G09017
649736037,59.3056,1.8396,18.88,G09016;G09017
649825896,57.9654,1.6627,16.68,G09016;G09102;G09017;G09166
649828488,58.5003,2.8199,18.8,G09016;G09017
649844839,59.3629,2.7005,18.71,G09016;G09017
649845079,59.0322,2.8876,18.88,G09016;G09017
651933202,53.2935,-7.1465,18.64,G09016;G09017
651933220,53.2402,-7.0766,17.95,G09016;G09102;G09017
671778362,63.8986,-11.6747,17.85,G09016;G09102;G09017
671780702,63.5435,-11.5018,18.73,G09016;G09017
671787292,62.333,-11.4399,18.92,G09016;G09017
671790665,60.8479,-11.0076,18.64,G09016;G09017
671790783,60.91,-10.8294,18.63,G09025;G09041;G09016;G09017
671791295,61.1159,-10.4523,18.43,G09016;G09017
671791799,62.3194,-10.3229,17.77,G09016;G09102;G09017;G09166
671792867,61.7308,-9.8504,18.94,G09016;G09017
671798050,64.1175,-10.6752,18.5,G09016;G09017
671798389,64.0575,-10.3955,18.03,G09016;G09017;G09166
671799659,64.2302,-10.1897,17.8,G09016;G09017
671807160,63.3516,-10.7358,17.45,G09016;G09102;G09017
671808590,63.3775,-9.9188,17.61,G09016;G09102;G09017;G09166
671808873,63.9003,-10.1268,19.02,G09016
671809040,64.204,-9.8354,17.9,G09016;G09102;G09017;G09166
671809325,64.3602,-9.7273,17.84,G09016;G09102;G09017;G09166
671810290,63.8748,-9.4001,18.8,G09016;G09017
671811445,62.3499,-9.7223,18.8,G09025;G09041
671813177,62.8901,-9.1249,18.68,G09025
671813301,63.1125,-8.9728,17.89,G09166
671813655,63.4711,-8.8233,18.82,G09016;G09017
671815690,64.845,-8.5876,17.77,G09016;G09102;G09017
671817705,64.0779,-8.8282,18.87,G09016;G09017
671818817,63.3955,-8.4281,18.35,G09016;G09017
671822492,60.9489,-10.0272,18.76,G09016;G09017
671822592,60.1037,-10.3802,18.47,G09016;G09017
671822953,60.681,-9.9677,18.83,G09016;G09017
671823503,61.0247,-9.9039,19.11,G09016
671825039,60.0334,-9.6605,18.88,G09016;G09017
671828482,61.8126,-8.5615,19.11,G09016
671828631,62.574,-8.8102,9.34,G09194
671829052,62.8811,-8.5412,19.02,G09016;G09017
671830828,61.5303,-8.4835,18.97,G09016;G09017
671830890,61.8357,-8.3846,18.16,G09016;G09017
671832263,61.896,-8.0153,17.88,G09016;G09017
671832961,61.6226,-7.8365,18.83,G09016;G09017
671834300,63.8311,-7.6725,9.71,G09166;20SECONDTARGET
671834648,63.1573,-7.8698,18.3,G09016;G09017
671835348,63.2488,-7.3933,18.48,G09016;G09017
671835677,63.8407,-7.5648,18.74,G09016;G09017
671835770,63.9497,-7.4365,18.71,G09016;G09017
671836381,63.6266,-7.3786,18.48,G09016;G09017
671836529,63.8342,-7.1653,17.99,G09016;G09017
671840022,63.0111,-6.6241,19.03,G09016
671841836,60.5436,-7.6631,17.95,G09016;G09017
671843272,60.755,-7.0154,18.64,G09016;G09017
671843915,60.1296,-7.0438,18.92,G09016;G09017
671844285,60.5747,-6.676,19.06,G09016
671846364,61.3646,-6.6364,19.01,G09016
671847326,62.6916,-6.0951,18.66,G09016;G09017
671849509,61.5556,-5.7265,18.67,G09016;G09017
671851383,61.5731,-5.2516,18.81,G09016;G09017
671872930,65.5275,-7.3635,18.65,G09016;G09017
671876363,65.9495,-6.1357,17.63,G09016;G09102;G09017;G09166
671881678,66.4261,-6.1598,17.07,G09102
671927823,64.6049,-6.7487,18.71,G09016;G09017
671928199,64.9752,-6.5706,19.23,G09016
671930117,66.0202,-5.9216,18.16,G09016;G09017;G09166
671930407,65.745,-5.8217,18.72,G09016;G09017
671931129,65.4969,-5.6983,18.81,G09016;G09017
671932225,64.2118,-6.0639,17.98,G09016;G09102;G09017;G09166
671936502,65.6828,-5.4394,19.29,G09016
671936529,65.9578,-5.4333,18.16,G09016;G09017;G09166
671938569,66.4315,-5.0255,19.06,G09016
671941544,65.5045,-4.3636,18.17,G09016;G09017;G09166
671948558,62.2178,-4.918,18.61,G09016;G09017
671950355,63.6335,-3.9452,19.3,G09016
671951039,63.3814,-3.8004,18.97,G09016;G09017
671954875,65.5509,-3.4204,20.39,G09041
671956539,63.4285,-3.7007,17.75,G09102;G09166
671956800,63.9399,-3.5418,17.91,G09016;G09102;G09017;G09166
671959788,67.2235,-4.512,18.36,G09016;G09017
671960529,67.2952,-4.3224,14.64,G09102;20SECONDTARGET
671961282,67.4363,-3.9068,18.51,G09016;G09017
671965046,66.5544,-3.7843,17.9,G09016;G09017
671965450,66.4113,-3.513,19.17,G09016
671966011,66.7277,-3.1291,19.1,G09016
671966291,67.8019,-3.2478,19.51,G09025;G09041
671975808,67.6966,-2.4553,18.71,G09016;G09017
671975909,67.6642,-2.3778,19.23,G09016
671980825,65.726,-3.0721,18.24,G09016;G09017
671981312,66.0351,-2.886,19.3,G09016
671981785,66.7503,-2.8838,17.03,G09102
671981821,66.8769,-2.8271,19.0,G09016;G09017
671982744,66.9108,-2.2998,17.9,G09016;G09102;G09017;G09166
671984769,65.65,-2.3981,17.3,G09016;G09102;G09017
671987799,65.8492,-1.5764,18.98,G09016;G09017
671988373,67.3374,-2.0973,18.56,G09016;G09017
672730590,60.3028,-5.0161,18.99,G09016;G09017
672732250,61.0295,-4.324,17.98,G09016;G09102;G09017;G09166
672733528,60.4338,-4.2027,18.02,G09016;G09017
672733564,60.302,-4.117,19.18,G09016
672733894,60.3896,-3.9215,18.64,G09016;G09017
672734236,60.3842,-3.5432,17.19,G09016;G09102;G09017;G09166
672735507,61.6642,-4.0898,18.2,G09016;G09017
672736371,62.7781,-3.8174,19.29,G09016
672737538,62.5969,-3.3593,19.12,G09016;G09017
672738637,61.5281,-3.5525,18.48,G09016;G09017
672738744,61.5212,-3.3327,18.4,G09016;G09017
672739035,60.853,-3.481,16.98,G09016;G09102;G09017;G09166
672740446,61.7355,-3.0996,18.89,G09016;G09017
672740750,61.4742,-2.8394,19.26,G09016
672741039,61.7581,-2.742,18.85,G09016;G09017
672742814,63.5133,-2.6762,17.53,G09016;G09102;G09017;G09166
672744622,63.4339,-2.341,18.21,G09016;G09017
672746022,62.5989,-2.3971,18.12,G09016;G09017
672746735,62.7323,-2.1377,17.43,G09016;G09102;G09017
672747025,62.5686,-1.9075,19.3,G09016
672747397,63.0711,-2.0353,18.15,G09016;G09017
672748292,62.6289,-1.8115,18.49,G09016;G09017
672749917,60.0622,-2.7831,18.9,G09016;G09017
672750821,61.5707,-2.3931,18.44,G09016;G09017
672758155,60.5885,-1.1837,17.22,G09016;G09102;G09017
672759181,62.3645,-0.6862,18.6,G09016;G09017
672759207,62.4854,-0.6013,19.15,G09016
672760286,61.9554,-0.1212,19.43,G09041
672761654,64.1947,-1.811,18.97,G09016;G09017
672762355,64.5892,-1.3487,18.93,G09016;G09017
672762530,65.3994,-1.503,18.65,G09016;G09017
672763452,65.1357,-1.4054,17.65,G09016;G09102;G09017;G09166
672763716,64.8619,-1.2253,17.59,G09016;G09102;G09017
672764435,65.4622,-0.7439,17.53,G09016;G09102;G09017
672765489,64.3873,-0.9635,17.67,G09016;G09102;G09017
672778996,63.45,-0.6845,19.08,G09016
672782478,62.3736,-0.3003,19.2,G09016
672785104,63.0239,0.4423,18.7,G09016;G09017
672785198,63.1489,0.507,18.31,G09016;G09017
672795753,60.8506,-0.8533,18.08,G09016;G09017;G09166
672797486,60.9587,-0.1216,18.77,G09016;G09017
672797885,61.1379,0.1641,17.39,G09016;G09102;G09017
672801744,61.8397,0.8864,19.0,G09016;G09017
672804753,60.5821,1.2194,19.0,G09016
672815983,60.1948,1.8775,18.85,G09016;G09017
67689079,63.1118,-11.2967,15.17,G09102;20SECONDTARGET
67689137,63.1214,-11.5007,15.96,G09102;20SECONDTARGET
67718433,63.4118,-8.0259,16.14,G09016;G09102;G09017;G09166
67782629,64.3226,-7.7662,10.71,G09031
67858967,64.7576,-7.6561,12.73,G09004
67859501,64.8368,-9.5755,16.93,G09016;G09102;G09017
9149953,60.7455,-0.0632,8.3,G09062
9150015,60.6542,-0.2708,4.91,G09062;G09157;20SECONDTARGET
9237081,62.4894,-4.147,16.7,G09016;G09102;G09017;G09166
9264836,62.686,-4.876,6.79,G09062
9266461,62.7591,-3.9739,15.76,G09102;G09166;20SECONDTARGET
256775390,50.6758,2.4684,8.28,G09062
256836935,57.3552,3.2291,9.74,G09194
274037121,48.5126,0.7392,7.57,G09062;20SECONDTARGET
274039489,48.7171,2.1019,16.84,G09102;20SECONDTARGET
274088000,49.5363,4.2877,10.04,G09062
274088162,49.531,3.5719,10.0,G09062
274088493,49.5339,2.207,17.39,G09016;G09102;G09017
274136227,51.5816,3.3401,12.7,G09004
274150483,53.7924,5.7138,7.01,G09062;20SECONDTARGET
274194723,53.9331,1.0266,12.27,G09194
274194927,54.0284,1.9338,11.22,G09031
279048981,49.5557,-1.12,14.81,G09102;G09166;20SECONDTARGET
279048988,49.4804,-1.097,12.24,G09004
279070418,49.842,-1.5369,12.41,G09004
279072102,50.0089,-1.5921,7.22,G09062
279073414,50.1566,-4.3538,8.39,G09062
279074518,50.2453,-1.9993,16.12,G09102;20SECONDTARGET
279095539,50.4749,-5.1014,9.25,G09062
279095914,50.5428,-4.1117,11.04,G09031
279180559,50.9776,-2.4599,8.54,G09062
279198715,51.2978,-1.8273,15.38,G09102;20SECONDTARGET
279200923,51.5178,-0.6436,8.1,G09062;20SECONDTARGET
279222028,51.6503,-1.1044,10.44,G09194
279225221,52.0369,-2.4798,7.66,G09062
279225873,52.1097,-5.6269,11.98,G09004;20SECONDTARGET
293162217,51.3573,5.6137,17.79,G09025;G09041
299551824,54.735,4.1617,16.53,G09102;G09166;20SECONDTARGET
301343687,52.5611,-0.4904,8.71,G09062
301379102,52.9907,-0.2469,12.73,G09004
301406314,53.0752,-3.9676,9.72,G09062
301406495,52.9701,-4.5977,17.16,G09102
301408085,53.1534,-0.8271,16.19,G09102;20SECONDTARGET
301422134,53.3553,-4.3853,7.93,G09062
301522860,54.3134,-2.0138,12.71,G09004
301620216,55.1624,-0.4969,16.8,G09016;G09102;G09017
311092804,54.1968,0.5866,5.0,G09062;20SECONDTARGET
311092847,54.2166,0.398,3.75,G09062;G09157;20SECONDTARGET
314805016,52.2608,2.263,7.97,G09062
314805789,52.4389,5.8003,8.04,G09062
314807032,52.5578,1.0743,8.84,G09062
328226384,43.2703,0.2277,17.02,G09016;G09102;G09017
328226482,45.5266,0.0901,9.11,G09062
328232574,45.6926,3.6308,8.71,G09062
328234111,45.8145,2.9022,9.87,G09062
328298989,46.1552,2.9484,15.28,G09102;20SECONDTARGET
328300693,46.228,3.5999,17.16,G09016;G09102;G09017
328323779,46.6065,3.2642,7.74,G09062
328379179,47.1412,4.15,12.66,G09004
328380337,47.2693,0.5186,12.62,G09004
328401010,47.3536,0.423,17.27,G09016;G09102;G09017
328430009,47.7248,0.8838,12.72,G09004
328463799,47.8153,1.1085,12.66,G09004;20SECONDTARGET
328465904,48.3585,4.7755,10.67,G09123
343813545,49.8424,3.3709,4.22,G09062;20SECONDTARGET
343814118,49.8451,0.0424,9.09,G09062
345393765,49.6924,7.3932,8.62,G09062
347020930,44.0579,0.5224,8.27,G09062
347545091,44.8404,3.2758,9.77,G09020
347553274,45.0245,0.9066,12.83,G09194
365247470,43.6786,0.9023,9.92,G09062
372784766,48.0985,4.1522,12.73,G09004
372802442,51.7999,2.898,9.6,G09062
374827241,54.7904,3.0936,10.98,G09079;G09036;G09039
377062862,47.4858,6.7044,7.52,G09062
381167995,51.0645,1.3564,8.21,G09196
439866253,42.8625,-0.6878,6.97,G09062
439867639,43.3163,0.0523,13.13,G09142;G09123;G09010;20SECONDTARGET
439867948,43.2566,-1.5021,17.39,G09102
439869954,43.3854,-0.5626,16.14,G09016;G09102;G09017
439872703,43.7886,-1.4695,12.62,G09004
439874904,44.0182,-0.6087,12.33,G09004
439902178,44.908,-0.6275,8.07,G09062
439908180,45.7206,-1.143,15.63,G09102;G09166;20SECONDTARGET
439909999,45.7799,-1.2517,12.57,G09194
439913084,46.1383,-1.8014,12.83,G09004
445925825,49.3612,7.6558,6.87,G09062;20SECONDTARGET
453828065,53.3355,0.1223,16.18,G09102;20SECONDTARGET
453828066,53.365,0.1196,8.45,G09036
453830773,56.7802,1.6435,15.7,G09102;20SECONDTARGET
457160465,55.6248,0.4047,16.65,G09016;G09102;G09017
457163094,55.8533,0.4451,7.94,G09062
457165065,56.0446,2.2587,15.71,G09102;G09166;20SECONDTARGET
457167276,56.3188,4.041,12.79,G09004
457167574,56.2613,2.6209,6.18,G09062
457168247,56.3734,0.4735,10.62,G09194
471013916,52.4283,5.6322,17.18,G09166
471014078,53.002,-0.9646,17.35,G09166
49787102,46.9311,-0.154,9.03,G09062
49787183,46.9191,-0.5378,8.91,G09194;G09062
49798709,47.1698,-2.9676,16.74,G09102
49799732,47.1876,-3.6879,8.19,G09062
49821433,47.8536,-0.7094,8.77,G09062
49823272,48.0165,-2.3604,8.95,G09062
49845357,48.1949,-1.1966,4.56,G09062;G09123;20SECONDTARGET
49907099,49.1962,-2.584,8.68,G09062
49907908,49.3336,-1.2305,12.8,G09004
640000642,44.7262,0.5113,18.47,G09016;G09017
640001296,45.9258,0.886,18.08,G09016;G09017
640002301,44.2874,0.7743,17.57,G09016;G09102;G09017;G09166
640002416,44.4432,1.0184,17.97,G09016;G09102;G09017;G09166
640008033,46.2829,2.6329,18.08,G09016;G09017;G09166
640008233,47.0129,2.9299,18.66,G09016;G09017
640008271,46.8848,3.0469,18.66,G09016;G09017
640014368,45.2324,3.1572,18.85,G09016;G09017
640015168,45.8658,3.2874,18.68,G09016;G09017
640015822,45.4061,3.6425,19.16,G09016
640017572,45.1944,3.8991,19.04,G09016
640019274,47.5389,2.8217,18.61,G09016;G09017
640019524,47.4886,3.1632,18.48,G09016;G09017
640020108,48.8612,3.3956,18.36,G09016;G09017
640020296,48.6454,3.6187,18.38,G09016;G09017
640020443,48.1065,3.4707,18.68,G09016;G09017
640020632,48.2015,3.698,17.71,G09016;G09102;G09017;G09166
640021043,47.3908,3.2562,17.83,G09016;G09102;G09017;G09166
640021142,46.8489,3.228,17.2,G09016;G09102;G09017
640021428,47.2511,3.6388,18.92,G09016;G09017
640022778,47.2983,4.2473,19.13,G09016
640023104,49.292,3.6505,18.77,G09016;G09017
640023850,49.114,4.175,19.22,G09016
640024433,49.7782,4.3464,17.97,G09016;G09102;G09017
640026041,49.1931,4.7649,16.92,G09102;G09166
640026919,49.3252,5.0448,17.72,G09016;G09102;G09017;G09166
640026949,49.3903,5.1574,18.05,G09016;G09017
640028927,46.4445,4.6302,18.25,G09016;G09017
640029959,45.9293,4.5483,18.82,G09016;G09017
640031879,46.4939,5.7873,18.99,G09041
640035367,48.1594,6.4441,18.91,G09016;G09017
640035404,48.3171,6.517,19.11,G09016
640074485,51.0011,5.9268,18.72,G09016;G09017
640076983,50.4498,6.4949,19.24,G09016
640083665,50.2349,6.8513,17.82,G09016;G09102;G09017;G09166
640084086,50.2653,7.1857,18.6,G09016;G09017
640084664,50.183,7.5279,18.58,G09016;G09017
640084687,50.1099,7.4983,18.32,G09016;G09017
640086791,49.1286,8.0156,18.67,G09016;G09017
649597238,42.6366,-0.9735,17.63,G09016;G09102;G09017;G09166
649598653,42.3438,-1.002,18.87,G09016;G09017
649600403,43.4155,-0.6584,18.76,G09016;G09017
649600560,43.3583,-0.4642,18.43,G09016;G09017
649603508,44.1032,0.5993,18.54,G09016;G09017
649604173,43.5157,0.9817,17.8,G09016;G09102;G09017;20SECONDTARGET
649680861,52.304,-5.9228,18.22,G09016;G09017
649688664,51.6046,-5.1695,18.42,G09016;G09017
649689510,52.9338,-4.7739,19.24,G09016
649689576,53.1572,-4.6547,18.03,G09016;G09017;G09166
649690270,51.2793,-5.259,17.98,G09016;G09102;G09017
649690503,51.241,-4.9568,18.35,G09016;G09017
649690825,51.6212,-4.6558,18.0,G09016;G09102;G09017;G09166
649691346,51.1293,-4.5201,19.24,G09016
649693498,53.3525,-4.11,19.01,G09016
649695721,53.1751,-3.6193,18.09,G09016;G09017
649696210,52.9011,-3.4307,18.43,G09016;G09017
649696356,52.717,-3.279,18.02,G09016;G09017;G09166
649711005,54.0161,-2.8788,18.05,G09016;G09017;G09166
649711088,54.2334,-2.6412,18.67,G09016;G09017
649712896,55.2192,-1.6124,17.53,G09016;G09102;G09017
649718412,55.9325,-0.3677,18.93,G09016;G09017
649718677,56.0409,-0.2329,17.73,G09102;G09166
649740967,51.3628,-3.2216,18.98,G09016;G09017
649741220,49.841,-3.909,18.07,G09016;G09017
649741354,50.2489,-3.8387,18.74,G09016;G09017
649743398,50.6047,-2.694,18.1,G09016;G09017;G09166
649743862,52.1124,-3.055,18.34,G09016;G09017
649744532,52.001,-2.7639,18.61,G09016;G09017
649745202,53.2194,-2.4121,17.38,G09102;G09166
649745974,52.8553,-1.9397,18.28,G09016;G09017
649746114,51.5766,-2.7515,18.47,G09016;G09017
649747374,51.827,-2.1955,18.32,G09016;G09017
649749345,49.1501,-2.9092,17.49,G09016;G09102;G09017
649749897,49.9877,-2.5346,18.54,G09016;G09017
649750131,50.0751,-2.3019,18.36,G09016;G09017
649751020,48.4831,-2.4979,19.09,G09016
649751497,48.1131,-2.4265,18.61,G09016;G09017
649752829,49.503,-1.5289,17.15,G09102;G09166
649754369,51.1545,-1.5852,18.76,G09016;G09017
649754939,51.2952,-1.1874,17.05,G09102
649755465,49.8824,-1.6828,18.58,G09016;G09017
649755502,49.8393,-1.5827,18.53,G09016;G09017
649756865,50.4312,-0.8407,19.21,G09016
649756939,50.5216,-0.6956,19.18,G09016
649757114,51.1797,-0.4987,18.1,G09016;G09017
649758934,53.1812,-1.5468,17.37,G09016;G09102;G09017
649759211,53.9587,-1.617,19.14,G09016;G09017
649759868,53.635,-1.1006,18.27,G09016;G09017
649761180,53.0018,-0.9648,17.39,G09016;G09102;G09017
649761969,53.1523,-0.8219,18.23,G09016;G09017
649762032,53.076,-0.6241,18.16,G09016;G09017
649762995,55.0041,-0.7161,18.63,G09016;G09017
649765614,54.2017,-0.1096,17.89,G09016;G09102;G09017;G09166
649766067,54.0918,-0.0296,18.84,G09016;G09017
649766508,54.2175,0.4415,19.19,G09016;G09017
649768555,52.0906,-0.6614,18.04,G09016;G09017;G09166
649769614,52.7625,-0.3081,18.8,G09016;G09017
649770203,52.6347,0.0472,18.54,G09016;G09017
649770776,52.6312,0.4153,19.19,G09016
649771180,51.5605,-0.194,18.15,G09016;G09017
649771340,51.564,0.0393,18.82,G09016;G09017
649771699,50.7625,0.0999,17.63,G09016;G09102;G09017
649771897,51.5811,0.3045,17.62,G09016;G09102;G09017;G09166
649772268,51.8647,0.2143,17.98,G09016;G09102;G09017;G09166
649772390,51.9286,0.4174,19.17,G09016
649774324,53.0183,0.567,19.09,G09016;G09017
649774436,52.9406,0.7547,17.54,G09016;G09102;G09017;G09166
649775196,54.458,0.9797,19.28,G09016
649775748,53.6059,1.2161,19.22,G09016
649776472,52.8912,1.0577,17.04,G09102;20SECONDTARGET
649776614,53.0385,1.1224,17.33,G09016;G09102;G09017;G09166
649776770,53.023,1.2018,19.29,G09016
649777094,52.4857,1.2396,17.69,G09166
649777643,52.5867,1.6537,18.42,G09016;G09017
649779033,53.133,2.0773,19.8,G09025
649779293,47.8278,-2.105,18.48,G09016;G09017
649779670,48.0699,-1.8194,17.96,G09016;G09017
649779787,47.4446,-2.0607,17.88,G09016;G09102;G09017
649780456,48.4813,-1.5225,18.36,G09016;G09017
649780862,48.7071,-1.0892,17.72,G09016;G09017
649782260,46.5407,-1.2862,18.17,G09016;G09017
649782275,46.6933,-1.2288,18.75,G09016;G09017
649783821,47.7977,-0.0625,18.07,G09016;G09017;G09166
649784589,49.1575,-0.5531,18.67,G09016;G09017
649785072,49.1778,-0.1382,19.13,G09016
649786269,49.7429,0.3904,19.04,G09016
649787952,49.6962,0.5079,17.89,G09016;G09102;G09017;G09166
649788129,49.5097,0.7444,18.67,G09016;G09017
649788543,49.4058,0.8427,18.53,G09016;G09017
649788595,49.0635,0.7878,18.58,G09016;G09017
649789635,46.0307,-0.4284,17.9,G09016;G09102;G09017;G09166
649790977,47.1426,0.474,19.15,G09016
649791145,45.886,-0.1854,17.99,G09016;G09017
649791464,45.8962,0.0389,17.65,G09016;G09102;G09017;G09166
649792526,46.1153,0.3601,19.26,G09016
649794368,48.3582,1.0582,18.95,G09016;G09017
649794625,48.8873,1.3435,18.87,G09016;G09017
649794701,48.2561,1.0994,18.49,G09016;G09017
649794815,47.9739,1.071,18.85,G09016;G09017
649795268,47.0696,0.6829,17.96,G09016;G09017
649795340,47.4243,0.8828,18.43,G09016;G09017
649795664,47.3421,1.099,19.16,G09016
649797250,47.8339,1.9649,19.15,G09016;G09017
649797376,47.501,2.1187,19.03,G09016
649798670,50.461,0.8863,17.8,G09016;G09102;G09017;G09166
649799174,51.6165,1.0678,18.9,G09016;G09017
649799721,50.9479,1.3281,18.64,G09016;G09017
649802434,50.5845,1.9561,18.44,G09016;G09017
649802781,52.1178,1.4021,17.66,G09016;G09102;G09017;G09166
649805179,52.1893,2.4401,18.37,G09016;G09017
649806854,51.3983,2.7357,18.04,G09016;G09017
649807909,51.9828,2.979,17.77,G09016;G09102;G09017;G09166
649808621,49.1796,1.3992,17.3,G09016;G09102;G09017;G09166
649809099,48.9066,1.5327,18.67,G09016;G09017
649810047,50.3657,2.3097,17.6,G09016;G09102;G09017;G09166
649810310,50.195,2.5828,18.9,G09016;G09017
649810702,50.2036,2.6725,18.54,G09016;G09017
649811792,48.2022,2.6069,18.51,G09016;G09017
649811838,48.662,2.5611,18.69,G09016;G09017
649812645,49.3785,3.0579,18.56,G09016;G09017
649812762,48.9682,2.8954,18.89,G09016;G09017
649813164,49.1288,3.3177,18.57,G09016;G09017
649814457,50.5503,3.2197,18.64,G09016;G09017
649814596,50.4906,3.3009,18.74,G09016;G09017
649814606,50.4057,3.2772,18.83,G09016;G09017
649814858,51.5505,3.2177,18.56,G09016;G09017
649815259,51.8949,3.632,17.73,G09016;G09102;G09017;G09166
649816645,50.3389,3.5384,17.45,G09016;G09102;G09017
649817104,49.5644,3.7653,18.05,G09016;G09017;G09166
649817537,50.5047,3.7336,18.99,G09016;G09017
649817621,50.7228,3.8361,18.9,G09016;G09017
649817876,51.1281,4.0152,18.71,G09016;G09017
649818230,50.2292,4.0064,18.2,G09016;G09017
649819568,56.2959,0.5787,18.23,G09016;G09017
649821856,56.9787,1.5086,19.07,G09016;G09017
649822371,55.2558,0.898,18.4,G09016;G09017
649823018,55.1839,1.1061,18.36,G09016;G09017
649831683,57.8074,3.3958,19.14,G09016
649832029,55.0374,1.4846,18.97,G09016;G09017
649833236,55.1479,2.0915,19.26,G09016
649833343,54.6887,2.0535,17.63,G09016;G09102;G09017
649833744,55.6965,2.1536,19.22,G09016
649835500,54.0694,2.2281,18.63,G09016;G09017
649837460,54.4331,2.9128,17.45,G09016;G09102;G09017
649837755,54.8788,3.0981,19.2,G09016
649837767,54.9109,3.1062,16.83,G09016;G09102;G09017;G09166
649838677,56.8218,2.9473,18.61,G09016;G09017
649839028,56.0351,2.8468,19.03,G09016
649839637,56.1169,3.2897,17.98,G09016;G09102;G09017;G09166
649840022,56.7212,3.2087,18.4,G09016;G09017
649844064,56.0608,4.2284,18.7,G09016;G09017
649852820,57.5966,3.6823,18.13,G09016;G09017
649867144,53.6256,3.094,18.65,G09016;G09017
649869947,53.0856,3.4269,17.31,G09016;G09102;G09017;G09166
649871064,52.7925,4.0445,19.09,G09016
649871146,53.5276,3.7363,19.07,G09016;G09017
649872195,53.0303,4.3104,17.44,G09016;G09102;G09017;G09166
649874387,55.3182,4.4924,19.1,G09016
649876183,54.7161,4.7107,18.97,G09016;G09017
649876616,53.6064,4.8459,18.2,G09016;G09017
649879045,52.4555,4.1288,19.03,G09016;G09017
649882295,51.1068,4.8008,19.13,G09016
649882463,50.8348,4.9387,18.73,G09016;G09017
649883587,52.4285,5.6319,17.19,G09016;G09102;G09017
649884148,51.8251,5.5824,18.82,G09016;G09017
649884616,53.2732,5.1932,18.27,G09016;G09017
651944154,50.7124,-5.7294,17.22,G09016;G09102;G09017
651944252,50.4694,-5.663,18.41,G09016;G09017
651944359,51.0866,-5.5649,18.8,G09016;G09017
651944519,50.742,-5.3966,18.94,G09016;G09017
651944947,50.6535,-5.2054,19.08,G09016
651994375,48.879,-4.3852,18.46,G09016;G09017
651994702,49.2027,-3.9321,16.82,G09177
651994803,48.9359,-3.9176,18.19,G09016;G09017
651999505,48.2196,-4.0624,18.73,G09016;G09017
652000857,48.15,-3.4033,18.56,G09016;G09017
652001083,48.4224,-3.1859,18.51,G09016;G09017
652002044,47.2217,-3.3026,18.82,G09016;G09017
652024601,46.5775,-3.3443,18.08,G09016;G09017
652024701,46.2458,-3.2861,18.82,G09016;G09017
652024984,46.5149,-3.0626,18.93,G09016;G09017
652025036,46.5384,-2.9142,18.96,G09016;G09017
652025210,46.1815,-3.0082,19.27,G09016
652025230,46.2896,-2.9344,18.02,G09016;G09017
652028679,46.6103,-1.4119,19.05,G09016
652033709,45.3779,-1.895,19.13,G09016
652034451,44.8706,-1.375,18.67,G09016;G09017
652035537,44.3814,-1.7142,19.05,G09016
652035899,44.7985,-1.2982,18.46,G09016;G09017
652035915,44.897,-1.2347,17.92,G09016;G09102;G09017
652036481,44.505,-0.8997,17.92,G09016;G09102;G09017;G09166
652037490,45.1024,-0.3951,17.3,G09016;G09102;G09017;G09166
10930507,42.4853,-5.9601,14.1,G09123;20SECONDTARGET
10932480,42.5997,-4.1041,13.21,G09102;20SECONDTARGET
1123245,36.6468,-11.2971,9.67,G09062
1123472,36.8708,-11.1465,8.86,G09123
1127571,36.9807,-10.4629,9.58,G09123
1129777,37.1942,-11.347,6.64,G09062;20SECONDTARGET
1130183,37.3097,-10.1649,11.44,G09123
1150453,37.4606,-10.3446,14.65,G09123
12522532,51.2795,-7.9678,9.91,G09062
12524740,51.4144,-8.2453,17.37,G09025;G09102;20SECONDTARGET
141287662,44.9519,-9.2241,12.59,G09004
141306573,45.1084,-8.1317,7.34,G09062
141307592,45.2261,-10.0358,7.17,G09062
141327580,45.5393,-6.4956,5.66,G09062;20SECONDTARGET
141333291,45.8831,-10.9759,6.65,G09062;20SECONDTARGET
23168549,46.3153,-8.9446,8.57,G09194
23169874,46.3974,-7.3734,18.45,G09016;G09017
23170613,46.6176,-8.5902,7.68,G09062
23170835,46.5588,-9.81,10.37,G09194
23172500,46.8065,-7.2551,16.75,G09016;G09017
23190799,46.8853,-6.6161,12.28,G09004
23192405,47.0433,-11.5633,16.32,G09102;20SECONDTARGET
29958206,41.9297,-12.6611,9.56,G09062
29960084,42.281,-14.6981,12.48,G09004
29960110,42.2482,-14.5371,10.95,G09031;G09123;20SECONDTARGET
35744846,40.0761,-5.295,12.88,G09004
35856187,41.4989,-4.9564,7.25,G09062;20SECONDTARGET
35857633,41.63,-2.4602,15.13,G09102;20SECONDTARGET
35861000,41.9939,-2.8076,12.45,G09004
35863428,42.1674,-1.9986,9.32,G09062
36729387,40.4952,-6.4766,15.97,G09102;20SECONDTARGET
36729678,40.4273,-8.3103,11.74,G09194
36729992,40.419,-9.9778,17.0,G09016;G09102;G09017;G09166
36731573,40.7197,-6.4898,8.47,G09062
36756564,40.6707,-10.4079,8.47,G09062
36756798,40.679,-11.7794,17.31,G09041;G09102;G09166;20SECONDTARGET
36758163,40.9656,-7.1994,8.18,G09062
36831326,42.3337,-10.5509,7.48,G09062;20SECONDTARGET
36837209,42.4056,-9.5254,8.04,G09062
36837689,42.5959,-11.5338,8.05,G09062
36845873,42.9511,-8.2285,12.06,G09004
36882865,43.3944,-7.7508,6.82,G09062;20SECONDTARGET
36883072,43.3638,-8.8481,7.27,G09123
36883881,43.5293,-10.4423,6.52,G09062
36916151,43.8965,-11.7627,12.46,G09004
382378540,43.0653,-5.0418,16.22,G09102;20SECONDTARGET
382391899,43.6881,-10.898,11.05,G09058;G09114;20SECONDTARGET
382393538,44.1765,-11.8498,13.07,G09194
406453945,47.0702,-12.5927,8.79,G09062
425079955,41.4724,-12.706,15.18,G09102;G09166;20SECONDTARGET
425138314,44.0443,-7.507,16.06,G09102
425139495,44.2088,-10.4133,9.35,G09062
425154709,44.6144,-8.6262,7.96,G09062
425178414,44.9046,-9.4165,8.05,G09194
425178569,44.884,-8.6215,9.13,G09062
439865327,42.8545,-5.2216,9.41,G09062
439868155,43.2123,-2.4216,14.95,G09102;G09166;20SECONDTARGET
439873662,43.8307,-5.7662,16.39,G09177
439911497,45.9872,-5.591,12.55,G09004
441126758,39.4622,-13.1286,7.17,G09062
441130425,40.0108,-12.278,9.35,G09062
441154168,41.0645,-13.6049,12.63,G09004
441499712,46.722,-12.1999,16.47,G09177;G09102
441500236,46.7197,-14.7755,9.76,G09062
441500413,46.7172,-15.6168,9.73,G09062
441502016,46.791,-12.4894,8.82,G09062
441502959,47.3163,-13.8096,12.27,G09194
441504146,47.5488,-13.8617,8.95,G09194
441504216,47.5086,-13.5723,12.76,G09004
441507299,47.8781,-13.5252,7.27,G09062;20SECONDTARGET
4621616,37.7301,-9.936,12.29,G09194
4629065,37.8744,-9.0593,10.85,G09020
4645960,38.2188,-8.5532,12.61,G09004
4646810,38.2707,-10.3525,8.87,G09031;G09123;20SECONDTARGET
4672985,38.4708,-10.6575,10.99,G09079;G09036;G09039;G09123;20SECONDTARGET
4715644,38.9689,-8.5655,8.44,G09062
4716763,39.1785,-8.8579,12.89,G09102;20SECONDTARGET
4723156,39.4429,-7.0999,12.49,G09004
4742417,39.7553,-8.9284,6.35,G09062
4746174,39.8184,-11.4253,17.11,G09016;G09102;G09017
4746221,39.8222,-11.748,7.45,G09062
4746245,39.8921,-11.8739,4.29,G09062;20SECONDTARGET
4748040,40.0507,-9.4535,5.3,G09062;20SECONDTARGET
49822529,47.9149,-5.8544,17.36,G09016;G09017
632580873,39.3997,-13.2405,18.93,G09016;G09017
632581909,38.5736,-12.956,18.82,G09016;G09017
632583274,39.499,-11.9399,18.59,G09016;G09017
632584851,38.3761,-12.2728,17.57,G09016;G09102;G09017;G09166
632585273,38.5777,-11.6349,18.91,G09016;G09017
632586263,38.0129,-11.8112,18.57,G09016;G09017
632587364,39.2368,-11.6085,17.97,G09016;G09102;G09017;G09166
632587773,38.8505,-11.4351,18.81,G09016;G09017
632588477,39.9051,-10.4273,18.71,G09016;G09017
632588785,39.1775,-10.9149,18.55,G09016;G09017
632588813,39.2526,-10.8086,17.64,G09016;G09102;G09017;G09166
632589124,38.3391,-10.7846,19.15,G09041
632589150,38.4108,-10.6411,17.42,G09016;G09102;G09017;G09166
632589387,38.545,-10.3913,19.21,G09016
632590501,39.7368,-9.4481,18.51,G09016;G09017
632591069,36.6132,-11.4171,18.77,G09016;G09017
632595504,38.2169,-9.9627,17.44,G09016;G09102;G09017;G09166
632595561,37.773,-9.9345,19.15,G09016
632595730,38.677,-9.9388,18.97,G09016;G09017
632596041,38.8335,-9.5824,18.35,G09016;G09017
632596340,38.3893,-9.3904,18.58,G09016;G09017
632608443,39.0602,-8.135,19.12,G09016
632609510,39.1622,-7.809,18.26,G09016;G09017
632609658,39.0721,-7.5837,18.87,G09016;G09017
632611680,38.9108,-7.212,18.48,G09016;G09017
632615330,39.758,-6.3037,18.19,G09016;G09017
632615661,39.9944,-5.5817,19.18,G09016
651818830,46.0963,-17.2237,18.04,G09016;G09017
651819499,45.6716,-16.4142,18.23,G09016;G09017
651819900,46.6184,-16.2577,18.05,G09016;G09017
651824539,45.257,-16.2013,17.61,G09016;G09102;G09017
651825091,45.871,-16.1677,18.01,G09016;G09017
651826301,44.8789,-15.7119,18.82,G09016;G09017
651826834,44.1157,-15.2593,17.24,G09102;20SECONDTARGET
651826981,45.2253,-15.3919,18.31,G09016;G09017
651830029,47.1141,-15.8678,18.82,G09016;G09017
651830587,47.2411,-15.5485,18.87,G09016;G09017
651831281,47.4437,-15.3411,18.96,G09016;G09017
651831674,47.7897,-14.7811,18.75,G09016;G09017
651839232,46.1928,-14.0952,19.14,G09016
651839792,46.4012,-13.6959,19.03,G09016
651840941,47.7251,-13.3308,17.47,G09016;G09102;G09017;G09166
651841093,48.3329,-13.7001,18.31,G09016;G09017
651841786,48.6387,-12.9872,18.83,G09016;G09017
651842174,47.0798,-13.3149,19.29,G09016
651842625,46.6943,-13.0518,18.35,G09016;G09017
651842944,47.7802,-13.0311,17.4,G09016;G09102;G09017;G09166
651843002,48.0226,-12.9077,18.99,G09016;G09017
651843302,47.9918,-12.4859,18.69,G09016;G09017
651843333,48.2422,-12.4904,18.82,G09016;G09017
651843719,48.0569,-12.2497,18.97,G09016;G09017
651847631,43.8506,-15.1815,19.14,G09016
651847989,43.0831,-14.9725,18.65,G09016;G09017
651848122,43.8714,-14.7853,18.92,G09016;G09017
651848149,43.7619,-14.7099,18.59,G09016;G09017
651848295,44.2508,-14.9266,18.13,G09016;G09017
651848311,44.241,-14.8416,17.81,G09016;G09102;G09017
651851056,43.5119,-13.323,18.84,G09016;G09017
651854714,42.1862,-13.8694,18.66,G09016;G09017
651856061,42.9397,-13.1595,17.09,G09016;G09102;G09017
651856252,42.8405,-12.8791,18.41,G09016;G09017
651856848,41.2833,-13.1533,18.3,G09016;G09017
651856900,40.9507,-13.1473,19.23,G09016
651857802,41.9088,-12.4953,19.26,G09016
651859063,45.696,-13.5696,18.11,G09016;G09017
651859398,46.0078,-13.259,19.0,G09016
651859939,45.7233,-12.7354,18.11,G09016;G09017
651859943,45.7554,-12.7319,18.4,G09016;G09017
651860084,44.1336,-13.6188,17.66,G09016;G09102;G09017;G09166
651860944,45.2367,-12.9244,18.0,G09016;G09017
651862837,46.9131,-12.2721,18.96,G09016;G09017
651863123,47.4413,-11.8504,19.12,G09016
651864992,46.7897,-11.2803,19.16,G09016
651865492,46.5091,-10.9147,17.71,G09016;G09102;G09017;G09166
651866241,43.7511,-12.3888,19.03,G09016
651866956,44.0541,-12.0322,18.15,G09016;G09017
651869573,45.3693,-11.442,18.52,G09016;G09017
651869774,44.6517,-11.4764,18.79,G09016;G09017
651870138,44.8548,-11.007,18.2,G09016;G09017
651870399,45.5942,-11.0392,19.19,G09016
651871651,44.5906,-10.8076,16.71,G09016;G09102;G09017;G09166
651871798,43.9513,-10.8875,18.52,G09016;G09017
651872095,44.6108,-10.4917,17.71,G09102
651872126,44.0536,-10.5665,19.05,G09041
651885946,49.1509,-11.4995,19.02,G09016;G09017
651890034,49.9002,-10.5431,19.01,G09016;G09017
651891114,50.1916,-10.1033,17.87,G09016;G09102;G09017;G09166
651910962,48.0219,-11.748,17.73,G09016;G09102;G09017;G09166
651911498,47.6318,-11.2899,18.64,G09016;G09017
651914627,47.698,-10.0321,18.79,G09016;G09017
651914688,47.8629,-9.88,18.23,G09016;G09017
651915703,49.4362,-9.829,18.82,G09016;G09017
651916890,48.549,-10.1077,18.49,G09016;G09017
651917102,48.3713,-9.74,18.42,G09016;G09017
651918250,49.5987,-8.9721,19.03,G09016
651920563,46.9198,-9.7039,17.97,G09016;G09017
651921581,45.5124,-9.7332,17.43,G09016;G09102;G09017
651922105,46.3973,-9.3348,19.6,G09041
651922730,45.9759,-8.9956,18.72,G09016;G09017
651923454,48.3581,-8.8742,17.53,G09016;G09102;G09017
651923737,47.1597,-8.9791,18.08,G09016;G09017
651923928,47.9436,-8.6456,17.22,G09102
651924409,48.8964,-8.4664,17.18,G09016;G09102;G09017;G09166
651924897,48.5244,-8.2903,19.05,G09016
651925207,47.3591,-8.7263,19.29,G09016
651925314,46.9971,-8.591,18.83,G09016;G09017
651926702,48.1689,-7.5107,19.2,G09016
651926764,47.4576,-7.8459,19.12,G09016
651929222,51.4479,-8.2635,17.77,G09016;G09102;G09017;G09166
651930213,49.5239,-8.2796,18.19,G09016;G09017
651934905,50.9688,-6.9918,18.3,G09016;G09017
651936432,49.1276,-8.2582,18.92,G09016;G09017
651939183,48.2744,-7.1307,16.87,G09016;G09102;G09017
651939381,48.7693,-6.9578,18.06,G09016;G09017
651939657,49.4689,-6.9236,17.99,G09016;G09102;G09017;G09166
651945471,40.6815,-13.2223,17.33,G09016;G09102;G09017;G09166
651947896,40.528,-12.0246,18.59,G09016;G09017
651948363,40.7556,-11.7332,18.98,G09016;G09017
651948608,41.036,-11.4262,19.22,G09016
651948622,40.9133,-11.4285,18.8,G09016;G09017
651949384,40.3315,-11.0052,19.2,G09016
651949442,40.7054,-10.7911,18.75,G09016;G09017
651950406,41.814,-11.3829,17.38,G09016;G09102;G09017;G09166
651950786,43.1688,-11.0885,18.13,G09016;G09017
651950985,43.4355,-10.8485,18.88,G09016;G09017
651951134,43.2933,-10.5725,18.96,G09016;G09017
651951246,42.6728,-10.8338,18.45,G09016;G09017
651951891,41.5004,-10.8502,17.71,G09016;G09017
651952127,41.8795,-10.5529,18.62,G09016;G09017
651952655,42.1353,-10.5823,17.96,G09016;G09102;G09017;G09166
651954657,44.2438,-9.8902,18.49,G09016;G09017
651955264,44.2578,-9.3405,17.83,G09016;G09102;G09017
651955427,44.2988,-9.0661,18.26,G09016;G09017
651955495,43.1369,-9.9857,19.02,G09016
651955548,43.028,-9.783,18.46,G09016;G09017
651956430,43.6984,-9.3968,11.96,G09194
651957637,40.8517,-10.381,18.35,G09016;G09017
651958096,40.3743,-10.1565,19.08,G09016
651958220,40.7799,-10.0203,17.41,G09016;G09102;G09017;G09166
651958619,41.5475,-9.7153,18.1,G09016;G09017
651961212,42.525,-9.1674,18.07,G09016;G09017
651961656,41.9138,-8.808,18.83,G09016;G09017
651963244,42.0362,-8.5039,18.95,G09016;G09017
651963284,42.0396,-8.3257,19.09,G09016
651963358,41.6952,-8.3195,18.93,G09016;G09017
651965012,40.2178,-8.6411,18.8,G09016;G09017
651966343,40.6743,-7.5106,19.24,G09016
651966346,40.7745,-7.4768,17.72,G09016;G09102;G09017;G09166
651967416,41.347,-6.7807,17.43,G09016;G09102;G09017;G09166
651968314,40.7761,-6.8381,19.06,G09016
651968497,41.2915,-6.4832,18.86,G09016;G09017
651968844,40.3958,-6.4429,18.42,G09016;G09017
651970123,45.5201,-9.1271,19.26,G09016
651970380,44.8853,-9.0605,17.19,G09016;G09102;G09017
651971672,45.8565,-8.1426,18.82,G09016;G09017
651973904,44.8962,-7.3598,18.32,G09016;G09017
651975822,47.2021,-6.9927,17.85,G09016;G09102;G09017;G09166
651977206,46.5655,-6.9749,18.01,G09016;G09017
651977538,46.6338,-6.6484,17.57,G09016;G09102;G09017
651977732,46.2343,-6.7044,18.68,G09016;G09017
651978272,43.7792,-8.148,18.14,G09016;G09017;G09166
651979835,43.7762,-7.2641,18.34,G09016;G09017
651980008,44.1762,-7.0109,17.57,G09016;G09017
651981030,43.0693,-6.9569,17.42,G09102;G09166
651983229,45.1063,-6.1378,18.95,G09016;G09017
651984514,44.3388,-6.1348,18.18,G09016;G09017;G09166
651984920,43.7846,-6.0605,18.41,G09016;G09017
651987387,48.7334,-6.2702,18.16,G09016;G09017
651987977,48.0001,-6.0604,17.59,G09016;G09102;G09017
651989055,46.8744,-5.8886,18.84,G09016;G09017
651989905,48.0178,-5.2517,19.14,G09016
651990243,47.719,-5.269,18.74,G09016;G09017
651995609,46.0526,-5.3349,18.97,G09016;G09017
651997861,45.7787,-4.451,18.87,G09016;G09017
651998185,46.1544,-4.5438,18.68,G09016;G09017
652003815,42.5783,-6.3784,18.0,G09016;G09017
652006259,41.3314,-5.7601,19.11,G09016
652006575,42.0416,-5.5733,18.56,G09016;G09017
652008474,43.6975,-4.9121,18.43,G09016;G09017
652008638,44.1146,-5.1799,19.05,G09016;G09017
652008669,44.0515,-5.1312,17.38,G09016;G09102;G09017
652009053,43.9708,-4.9033,18.18,G09016;G09017
652009063,43.966,-4.8679,18.63,G09016;G09017
652010291,42.5458,-4.7157,17.81,G09016;G09102;G09017
652010324,42.5075,-4.6175,18.05,G09016;G09017
652011287,43.2968,-4.2132,17.98,G09016;G09102;G09017;G09166
652011290,43.4047,-4.1791,18.74,G09016;G09017
652012619,40.9955,-5.0126,18.7,G09016;G09017
652012637,40.636,-5.1652,18.8,G09016;G09017
652012791,41.458,-5.2308,18.98,G09016;G09017
652014804,41.2479,-4.1828,19.04,G09016
652016385,42.1906,-4.1603,17.91,G09016;G09102;G09017
652018564,41.0617,-3.531,18.42,G09016;G09017
652018842,41.1965,-3.3358,18.62,G09016;G09017
652022664,44.9151,-3.5264,17.33,G09102;20SECONDTARGET
652022886,43.8556,-3.7386,18.92,G09016;G09017
652023179,44.264,-3.4132,17.61,G09102
652029504,43.4248,-2.9497,18.57,G09016;G09017
652031137,42.9959,-2.842,19.18,G09016;G09017
652031479,43.2874,-2.5544,17.8,G09016;G09102;G09017;G09166
66626552,38.4807,-12.3374,6.56,G09123
66626624,38.5115,-12.716,14.27,G09102;20SECONDTARGET
66669075,39.2614,-12.1665,17.18,G09016;G09102;G09017;G09166
94943641,39.3582,-12.3596,15.36,G09102;20SECONDTARGET
9842354,47.8527,-8.8906,17.06,G09016;G09102;G09017
9843504,48.0613,-8.7651,12.55,G09004
9858015,48.4793,-6.6657,7.33,G09062;20SECONDTARGET
9858404,48.4994,-8.5741,8.0,G09062
9859432,48.6373,-9.6869,7.24,G09062;20SECONDTARGET
98728379,44.1952,-13.2383,7.58,G09062;20SECONDTARGET
98756201,44.5113,-15.8371,7.6,G09062;20SECONDTARGET
98759683,44.9123,-12.3908,15.31,G09102;20SECONDTARGET
98796344,45.4613,-16.5953,8.84,G09031;G09123;20SECONDTARGET
9885355,48.7349,-8.2546,16.81,G09102;G09166;20SECONDTARGET
98869821,46.5168,-13.4348,7.66,G09062
9887737,49.0127,-9.259,9.91,G09062
9899460,48.9951,-11.9145,9.25,G09062
9899967,49.149,-9.1544,5.74,G09062;20SECONDTARGET
9900150,49.0587,-8.2778,16.36,G09016;G09102;G09017
9900333,49.152,-7.3275,9.2,G09062
9901935,49.4116,-10.5192,15.28,G09102;G09166
9941001,49.8261,-9.1776,9.68,G09062
9943430,50.1066,-7.9293,9.58,G09062
9964604,50.4317,-9.3613,9.14,G09062
9967949,50.8238,-7.7957,5.55,G09062;G09123;20SECONDTARGET
9968866,50.941,-9.1377,15.51,G09102;20SECONDTARGET
121646979,72.7224,-23.6332,16.88,G09102;20SECONDTARGET
13021029,75.2997,-26.0541,11.72,G09058;G09114;20SECONDTARGET
13064125,75.6749,-24.8071,15.88,G09102
13064883,75.8117,-25.3781,9.51,G09079;G09036;G09039
13068806,75.7391,-28.0502,9.57,G09194
13069633,75.9064,-28.9698,9.03,G09062
13071034,75.8552,-24.2808,17.29,G09025
13072717,75.982,-28.9091,14.32,G09102;20SECONDTARGET
13095967,76.3968,-29.861,13.12,G09123
13133610,76.5754,-24.0668,16.23,G09016;G09102;G09017;20SECONDTARGET
13136934,76.6992,-25.1384,9.36,G09180
13136937,76.7022,-25.1242,11.61,G09180
13145348,76.8468,-27.1217,10.88,G09123
13145983,76.8444,-29.182,10.14,G09180
13145994,76.851,-29.2093,12.19,G09180
13147218,77.0047,-26.7978,7.49,G09062;20SECONDTARGET
13220060,77.5473,-29.4488,12.78,G09004
13271550,78.1083,-24.9225,8.16,G09062
13272123,78.0891,-26.5535,7.85,G09062;20SECONDTARGET
13275369,78.3999,-24.0605,17.81,G09016;G09017
13321014,78.4038,-25.343,8.64,G09062
13323851,78.5415,-26.6574,9.24,G09062
13324350,78.5135,-25.2844,11.8,G09123
1353822,73.5433,-30.6094,12.38,G09004
139396805,79.9059,-22.2494,8.66,G09123
139410918,80.1808,-23.2231,12.04,G09194
139420192,80.2809,-23.1429,12.62,G09123
139421669,80.4348,-21.0238,17.07,G09016;G09017;G09102;G09166;20SECONDTARGET
139442285,80.5871,-23.5323,12.57,G09194
139443994,80.7203,-22.4209,11.72,G09180
139444004,80.7185,-22.4171,11.81,G09180
1439071,74.7555,-30.9997,11.94,G09123
1447223,74.8548,-30.9323,12.03,G09004
146307240,73.4894,-22.3716,13.78,G09123
146322354,73.9094,-23.2409,6.93,G09123;20SECONDTARGET
146340999,74.099,-23.2608,16.38,G09177
146341012,74.1108,-23.2876,7.62,G09062
146344020,74.346,-20.9611,11.81,G09036
146347898,74.6013,-20.9996,16.42,G09016;G09102;G09017;G09166;20SECONDTARGET
146348863,74.7146,-23.7157,16.93,G09016;G09102;G09102;G09102;G09102;G09017;G09166
146349874,74.6867,-20.5479,8.79,G09062
146380072,74.874,-20.7538,11.32,G09123
146380122,74.7881,-20.9004,12.73,G09123
146381318,74.9082,-23.045,10.47,G09123
146420492,75.0373,-23.1936,12.99,G09123
146435275,75.3264,-23.7074,7.08,G09062;20SECONDTARGET
146437857,75.5883,-19.5378,10.6,G09004
146439804,75.7337,-22.2291,11.4,G09123
146516874,76.3057,-21.3548,12.87,G09180;G09180
146517192,76.3655,-22.3716,1.78,G09123
146520535,76.6497,-20.2456,11.05,G09031;G09123;G09126;20SECONDTARGET
146522418,76.7084,-21.586,8.46,G09123
146522419,76.7062,-21.5847,9.15,G09123;20SECONDTARGET
146522930,76.6921,-19.9658,11.26,G09036
146524459,76.8486,-20.7023,11.9,G09180;G09180
146536674,76.9479,-22.4078,15.82,G09102;20SECONDTARGET
146539195,77.114,-21.0291,11.62,G09123;20SECONDTARGET
146558830,77.313,-23.6001,17.11,G09166
146559012,77.5178,-23.678,10.82,G09123;20SECONDTARGET
146559015,77.5208,-23.671,11.56,G09123;20SECONDTARGET
146559098,77.4919,-23.3992,9.97,G09062
146596217,77.6649,-23.6689,16.56,G09102;G09166;20SECONDTARGET
1528696,75.7953,-30.3995,13.17,G09058;G09142;20SECONDTARGET
1535810,75.9979,-30.891,12.85,G09123
178994042,69.748,-28.9377,16.73,G09102;G09166;20SECONDTARGET
178996712,70.0633,-27.7353,8.59,G09196
179013690,70.166,-27.4585,8.62,G09062
24360361,81.5223,-30.6728,8.1,G09062
24399433,81.6254,-30.4802,10.53,G09123
24400247,81.7772,-31.5659,6.63,G09062
24431267,81.8502,-31.1179,16.08,G09016;G09102;G09017;G09166;20SECONDTARGET
24449149,82.1512,-31.0845,8.18,G09123
30927975,79.2689,-25.5176,17.92,G09041
30927998,79.2105,-25.5988,10.3,G09194
30946262,79.5012,-27.4915,8.8,G09194
30946742,79.5409,-28.9275,9.85,G09123
30946945,79.4708,-29.5753,10.32,G09123
30948608,79.5771,-25.3733,10.16,G09123
30957626,79.7955,-24.5542,17.21,G09016;G09102;G09017
30959945,79.8575,-28.185,13.66,G09123
31051091,80.3405,-28.0929,15.88,G09041
31051782,80.4401,-29.8543,12.55,G09180
31051783,80.4414,-29.8541,12.2,G09180
31090358,80.636,-25.5837,7.98,G09062
31091702,80.8206,-25.4603,15.93,G09152
31092198,80.8002,-26.7053,5.99,G09062;20SECONDTARGET
31093159,80.8539,-29.184,13.75,G09123
31117309,81.1285,-29.3364,12.15,G09180
31117310,81.1296,-29.3433,12.45,G09180
31118078,81.2419,-28.5037,18.57,G09041
31141348,81.2363,-24.6545,13.2,G09123
31142436,81.3978,-25.5174,11.77,G09031
31142648,81.3002,-25.954,16.57,G09177;G09102;20SECONDTARGET
31194341,81.9842,-29.3964,12.94,G09123
31259167,82.1024,-28.04,10.46,G09123
31259676,82.1269,-29.3489,8.38,G09062
31281820,82.3556,-28.8743,12.63,G09123
31281821,82.3684,-28.8756,14.38,G09123
31281832,82.3709,-28.9188,16.19,G09016;G09102;G09017;G09166
31301801,82.6412,-29.3202,11.65,G09180
31301804,82.641,-29.3211,12.71,G09180
31303242,82.8069,-27.1513,10.14,G09020
31303733,82.84,-26.0069,11.23,G09123
31304279,82.8021,-24.856,18.06,G09016;G09017
31373667,83.2973,-29.2389,11.89,G09123;20SECONDTARGET
31374837,83.2693,-26.7234,8.17,G09031;G09123;G09126;G09126;20SECONDTARGET
31377680,83.4306,-27.231,15.89,G09102
31471821,83.9214,-27.6224,7.55,G09062
32497972,84.1097,-24.2449,11.53,G09031
32498273,84.3069,-24.4022,7.25,G09194
32498450,84.2844,-24.8374,16.63,G09102;G09166
32498653,84.3259,-25.3394,12.41,G09180
32498659,84.3179,-25.3424,12.97,G09180
32499519,84.2373,-27.5746,12.92,G09004
32554144,84.8509,-25.243,7.26,G09062;20SECONDTARGET
32606889,85.1924,-24.9265,11.64,G09036
393748329,80.8103,-23.157,16.41,G09016;G09102;G09017;G09166
393792592,80.9668,-21.4956,17.21,G09102
398841686,78.5682,-23.3581,12.79,G09004
408191403,79.697,-21.3938,10.01,G09123
408191404,79.6955,-21.394,8.07,G09123
408215652,79.7546,-21.9843,7.79,G09062
408216119,79.818,-21.2996,13.72,G09123
408216250,79.75,-21.1802,17.82,G09166
408231638,82.3493,-23.7619,13.39,G09031
408236966,82.4838,-23.1122,12.2,G09180
408236968,82.4838,-23.1133,11.49,G09180
420964096,82.0865,-22.4328,6.22,G09062;20SECONDTARGET
423784845,71.0086,-25.9191,7.84,G09062
423786241,71.1474,-29.5213,13.71,G09123
423810968,71.3203,-27.4405,16.36,G09016;G09102;G09017
423810969,71.3339,-27.4343,12.66,G09004;G09123
423811636,71.4289,-25.3394,16.39,G09102
471015330,73.1775,-26.7928,16.36,G09177
471015360,77.6054,-28.1039,16.53,G09177
593228,71.847,-27.8419,9.22,G09123
593230,71.8449,-27.8403,8.28,G09123
594723,72.0972,-24.838,13.14,G09036
595087,72.0055,-26.0498,12.63,G09004
607907,72.1207,-28.4189,8.41,G09123
609330,72.2651,-24.2104,16.72,G09016;G09102;G09017
612870,72.6371,-24.2225,12.87,G09004;G09123
612908,72.5746,-24.369,7.08,G09123
624458,72.8596,-26.3454,12.23,G09180
624460,72.8584,-26.3476,12.75,G09180
626529,72.9737,-25.8208,16.47,G09102;G09166;20SECONDTARGET
627018,72.9427,-24.0029,12.11,G09123;20SECONDTARGET
664269,73.0823,-29.4323,7.98,G09062;20SECONDTARGET
671047084,79.6732,-30.7507,18.86,G09016;G09017
671047325,79.7859,-30.5273,18.94,G09016;G09017
671047353,79.7287,-30.4546,18.03,G09016;G09017;G09166
671050862,79.8831,-29.0902,17.97,G09016;G09102;G09017;G09166
671050973,79.9025,-29.0096,19.02,G09016
671054422,79.195,-28.8943,19.11,G09016
671055119,79.6209,-28.4708,17.48,G09016;G09102;G09017
671058832,77.9763,-28.5447,18.11,G09016;G09017;G09166
671059528,78.7775,-28.5915,17.88,G09016;G09102;G09017;G09166
671060353,79.0724,-28.0611,18.19,G09016;G09017
671060359,79.0822,-28.0512,18.29,G09041
671060447,79.4068,-27.9642,18.53,G09016;G09017
671062557,79.8959,-28.0907,18.67,G09016;G09017
671064419,79.7718,-27.3087,17.91,G09016;G09102;G09017;G09166
671065507,79.485,-27.2139,18.88,G09016;G09017
671067704,77.2469,-28.2244,17.98,G09016;G09102;G09017;G09166
671068050,77.6055,-28.1042,17.29,G09102
671070985,78.2399,-27.4211,18.72,G09016;G09017
671073875,77.1177,-27.0705,18.29,G09016;G09017
671075197,77.3919,-27.1919,16.96,G09102;G09166;20SECONDTARGET
671079282,79.0649,-26.5613,17.67,G09016;G09017
671080832,78.7513,-26.0496,17.53,G09016;G09102;G09017;G09166
671082489,79.0917,-25.9779,18.5,G09016;G09017
671083995,78.2774,-26.3311,18.81,G09041
671085063,78.223,-25.8449,18.9,G09016;G09017
671085940,78.0322,-25.9222,19.18,G09016
671088673,78.2083,-25.1751,18.47,G09016;G09017
671089017,78.7338,-25.0016,19.05,G09016
671091905,79.5349,-24.5796,18.89,G09016;G09017
671093210,79.6799,-24.3427,18.91,G09016;G09017
671094726,75.9746,-27.2093,19.25,G09016
671097051,75.7401,-26.2375,18.21,G09016;G09017
671100185,75.1352,-26.3255,18.89,G09016;G09017
671104116,75.5793,-25.2802,17.95,G09016;G09017
671104504,75.8188,-25.0675,17.63,G09016;G09017
671105839,77.7223,-25.3784,19.18,G09016
671106728,77.2127,-25.205,19.23,G09016
671108935,78.3016,-24.6786,18.73,G09016;G09017
671109884,77.6516,-24.4332,17.46,G09016;G09102;G09017
671111315,76.5677,-24.7827,17.16,G09016;G09102;G09017
671111917,76.9717,-24.584,18.8,G09016;G09017
671112201,76.1766,-24.8016,19.14,G09016
671112678,76.1954,-24.477,18.55,G09016;G09017
671113289,76.7704,-24.1031,16.78,G09102;20SECONDTARGET
671113738,77.4918,-24.197,17.78,G09016;G09102;G09017;G09166
671114621,77.6348,-23.8867,17.95,G09016;G09102;G09017
671115050,77.1013,-24.0204,16.67,G09102;G09166;20SECONDTARGET
671115803,77.5465,-23.5256,18.82,G09016;G09017
671118604,75.3129,-25.1876,16.68,G09102
671118746,75.3651,-25.0291,18.42,G09016;G09017
671121561,73.8671,-24.8924,19.05,G09016;G09017
671123927,74.4661,-24.1119,19.26,G09016
671125325,74.6311,-23.6835,17.22,G09102
671130962,76.6965,-22.8591,19.15,G09016
671130971,76.6612,-22.8327,18.99,G09016;G09017
671131722,75.6857,-23.4556,19.05,G09016
671132171,75.3745,-23.2013,18.24,G09016;G09017
671132886,74.9058,-23.1595,17.47,G09016;G09102;G09017
671134690,76.1368,-22.6495,17.72,G09016;G09102;G09017;G09166
671135100,75.636,-22.7597,17.84,G09016;G09102;G09017
671135147,75.7085,-22.7808,18.7,G09016;G09017
671135549,75.4471,-22.5138,19.03,G09016
671135569,75.5827,-22.4758,18.7,G09016;G09017
671137688,79.0695,-23.8701,19.24,G09016
671137856,79.0594,-23.6853,19.09,G09016;G09017
671138016,78.3659,-24.0625,19.26,G09016
671138597,78.8139,-23.8524,16.55,G09102
671138747,78.9601,-23.7145,18.25,G09016;G09017
671140282,79.637,-23.4428,18.68,G09016;G09017
671142468,77.9654,-23.6382,17.24,G09102
671145355,78.6367,-23.0454,17.98,G09016;G09102;G09017;G09166
671145952,79.315,-22.6264,18.68,G09016;G09017
671146932,78.3486,-22.6097,19.29,G09016
671147703,78.7916,-22.1852,18.88,G09016;G09017
671148132,79.7517,-22.7315,17.84,G09016;G09102;G09017
671148488,79.8323,-22.5747,19.16,G09016
671152126,79.6565,-21.3871,19.04,G09016
671152379,79.7436,-21.1818,17.84,G09016;G09102;G09017
671152632,77.454,-23.1382,19.16,G09016
671153666,77.7568,-22.7185,18.49,G09016;G09017
671154087,77.689,-22.4811,19.23,G09016
671156394,77.8877,-22.1771,18.73,G09016;G09017
671157246,77.8381,-22.1702,16.95,G09016;G09102;G09017
671158071,77.9667,-21.848,18.4,G09016;G09017
671163101,77.6218,-21.1974,18.25,G09016;G09017
671164237,77.5654,-20.9542,19.06,G09016
671168558,79.6997,-20.9454,18.9,G09016;G09017
671169624,78.9183,-20.7671,17.74,G09016;G09102;G09017
671172647,77.4572,-20.7217,18.04,G09016;G09017
671173332,77.8914,-20.5049,19.06,G09016
671174306,78.6126,-20.3071,18.34,G09016;G09017
671183222,72.8569,-24.1878,18.43,G09016;G09017
671183331,72.9711,-24.0716,18.26,G09016;G09017
671183998,72.9962,-23.6792,19.21,G09016
671187097,72.761,-23.5835,18.93,G09016;G09017
671192564,73.9479,-22.6073,19.03,G09016;G09017
671193743,74.9871,-22.3384,17.5,G09016;G09102;G09017;G09166
671194820,74.8213,-22.1498,18.54,G09016;G09017
671198574,74.4869,-21.9664,19.08,G09016;G09017
671199517,75.0603,-21.2516,18.25,G09016;G09017;G09166
671199603,74.6148,-21.4286,17.82,G09016;G09102;G09017
671219266,76.1376,-21.5022,18.55,G09016;G09017
671219414,76.305,-21.3548,12.95,G09180
671222131,76.848,-20.7025,12.64,G09180
671228267,75.6739,-20.1446,18.53,G09016;G09017
671228463,75.293,-20.0565,18.8,G09016;G09017
671236210,76.6126,-19.621,19.25,G09016
671237053,76.3784,-19.6929,19.27,G09016
671237328,76.4534,-19.4299,19.0,G09016;G09017
671241879,74.6897,-20.47,16.98,G09016;G09102;G09017
671241906,74.8568,-20.4113,18.16,G09016;G09017
671244692,75.1417,-19.7985,18.52,G09016;G09017
671250630,74.8537,-18.8456,18.7,G09016;G09017
671393,73.4005,-28.5931,12.04,G09123
672624,73.5056,-27.0563,8.12,G09123
682256,73.9098,-27.8123,9.79,G09062
682491,73.9262,-28.5656,7.11,G09123
682778,73.8997,-29.4827,15.18,G09102;G09166;20SECONDTARGET
684070,74.0875,-25.8819,10.26,G09180
684071,74.0893,-25.8791,12.84,G09180
685825136,79.1662,-32.5202,18.95,G09016;G09017
685831154,78.1079,-32.4602,18.67,G09016;G09017
685837003,78.4601,-32.4236,18.13,G09016;G09017
685837179,78.737,-32.1851,18.52,G09016;G09017
685837488,79.3541,-32.0071,19.02,G09016;G09017
685838137,78.5549,-31.9729,18.51,G09016;G09017
685838299,78.2227,-32.0378,18.17,G09016;G09017
685838950,78.553,-31.6949,20.38,G09025
685839636,79.2829,-31.5778,19.02,G09016;G09017
685841989,77.8192,-31.7692,19.23,G09016
685843548,78.0454,-31.2167,19.11,G09016
685844432,78.8678,-30.9656,17.54,G09016;G09102;G09017;G09166
685845292,79.238,-30.5065,18.49,G09016;G09017
685845355,79.1186,-30.4988,17.37,G09102
685846011,78.384,-30.4087,19.2,G09016
685846579,78.6736,-30.196,17.7,G09016;G09017
686119656,74.0239,-30.9009,18.85,G09016;G09017
686119862,73.7251,-30.8493,19.2,G09016
686123894,73.0391,-30.4017,18.83,G09016;G09017
686126616,75.945,-31.4146,18.07,G09016;G09017
686128966,76.4636,-30.943,17.9,G09016;G09102;G09017;G09166
686130973,75.475,-31.1468,18.55,G09016;G09017
686135150,76.9616,-30.8534,18.24,G09016;G09017
686136134,77.3418,-30.299,18.27,G09016;G09017
686136730,77.8006,-30.2592,19.22,G09016
686139969,76.2907,-30.2299,18.22,G09016;G09017
686140866,76.8389,-29.5824,18.73,G09016;G09017
686141378,77.5716,-29.7674,19.23,G09016
686143758,77.3761,-28.7697,19.06,G09016;G09017
686146520,75.1772,-30.277,17.12,G09016;G09102;G09017
686147556,74.7128,-30.0497,19.09,G09016
686148480,73.7469,-30.5295,19.11,G09016;G09017
686150070,73.8741,-29.9024,18.26,G09016;G09017
686151477,75.009,-29.2294,18.85,G09016;G09017
686151971,74.4665,-29.3203,17.05,G09102;G09166;20SECONDTARGET
686154085,76.2276,-29.1324,19.06,G09016
686155234,75.806,-28.9916,19.2,G09016
686156692,77.0005,-28.6071,18.76,G09016;G09017
686158829,75.1977,-28.6762,18.33,G09016;G09017
686160823,75.9553,-28.3855,17.73,G09025;G09102;G09166;20SECONDTARGET
686161520,76.5649,-27.9938,18.16,G09016;G09017
686162496,75.606,-27.7717,18.83,G09016;G09017
686173664,72.4419,-30.2699,18.37,G09016;G09017
686173800,72.3958,-30.0554,18.32,G09016;G09017
686174621,72.0326,-29.9912,17.86,G09016;G09102;G09017;G09166
686176004,71.4379,-30.0749,18.5,G09016;G09017
686188880,71.192,-28.9537,17.98,G09016;G09102;G09017;G09166
686194325,70.2518,-27.6269,18.69,G09016;G09017
686199666,72.6292,-28.7673,18.05,G09016;G09017;G09166
686199893,72.6726,-28.4315,19.23,G09016
686200133,72.3367,-28.5516,17.7,G09016;G09102;G09017;G09166
686201661,73.7213,-27.8839,19.3,G09016
686202117,72.8901,-28.0215,19.03,G09016
686204794,74.1214,-27.7547,19.0,G09016
686207599,75.1473,-26.9387,19.22,G09016
686209360,73.4267,-27.217,19.08,G09016
686210245,74.8078,-26.8806,18.41,G09016;G09017
686210344,74.3849,-27.0212,19.11,G09016
686210436,74.2279,-26.9158,18.45,G09016;G09017
686210655,74.9171,-26.8332,18.51,G09016;G09017
686211104,74.683,-26.5329,17.38,G09016;G09102;G09017;G09166
686211511,73.9811,-26.6961,18.6,G09016;G09017
686211996,74.7746,-26.2712,18.14,G09016;G09017
686212288,74.5278,-26.1827,18.81,G09016;G09017
686214133,71.5304,-27.6754,18.78,G09016;G09017
686214393,72.4127,-27.8333,18.54,G09016;G09017
686214889,72.8473,-27.5235,18.0,G09016;G09017
686216161,72.5054,-26.9737,18.19,G09016;G09017
686217039,71.3105,-27.4944,17.55,G09016;G09017;G09102;G09166
686219354,72.1347,-26.543,18.34,G09016;G09017
686220999,73.1282,-26.6638,18.98,G09016;G09017
686222523,72.7821,-26.284,18.83,G09016;G09017
686224694,73.4917,-25.6191,19.17,G09016
686224945,72.559,-26.4293,18.94,G09016;G09017
686225971,72.6553,-25.7532,18.9,G09016;G09017
686226833,72.3078,-25.6211,18.4,G09016;G09017
686226999,72.2558,-25.4435,17.0,G09102;G09166;20SECONDTARGET
686227053,73.1699,-25.8248,18.78,G09016;G09017
686343116,71.0822,-26.5024,18.73,G09016;G09017
686344626,71.199,-25.759,19.2,G09016
686350352,71.4841,-25.218,19.04,G09016
686353003,72.6603,-24.3842,18.53,G09016;G09017
686353088,72.4962,-24.2677,18.12,G09016;G09017;G09166
686356307,72.1568,-23.8325,18.98,G09016;G09017
686356371,72.1336,-23.7271,17.76,G09016;G09102;G09017;G09166
706312060,81.0471,-32.0795,17.4,G09016;G09102;G09017
706312507,81.6108,-31.8225,18.71,G09016;G09017
706318219,80.7112,-31.3914,18.91,G09016;G09017
706318239,80.6085,-31.4459,18.11,G09016;G09017
706318640,80.5328,-31.188,18.23,G09016;G09017
706318904,81.0186,-31.0643,17.38,G09016;G09102;G09017
706321730,81.2584,-30.5011,18.53,G09016;G09017
706322433,81.3293,-30.3382,16.83,G09102;G09166
706324691,82.5813,-30.7936,18.96,G09016;G09017
706325311,82.6113,-30.4045,19.24,G09016
706331608,81.8861,-30.3048,18.04,G09016;G09017
706332882,82.1147,-29.6324,18.57,G09016;G09017
706339033,81.2075,-30.3391,17.56,G09102
706339882,80.4346,-30.1086,17.68,G09016;G09102;G09017;G09166
706340232,80.2319,-30.0247,19.06,G09016
706341303,80.0934,-30.0197,19.23,G09016
706343292,80.1264,-28.8195,16.87,G09102;G09166;20SECONDTARGET
706345501,81.3614,-29.1221,19.05,G09016
706348915,82.1909,-28.4354,17.91,G09102
706349272,82.0221,-28.3432,17.99,G09016;G09102;G09017;G09166
706350633,81.4565,-28.537,17.74,G09102;G09166
706353021,81.3895,-28.17,18.03,G09016;G09017
706364252,83.6807,-28.7241,18.42,G09016;G09017
706365726,83.1356,-28.6268,19.02,G09016;G09017
706388369,83.2814,-28.2234,18.63,G09016;G09017
706388425,83.3649,-28.0859,18.88,G09016;G09017
706391224,83.4868,-27.749,18.71,G09016;G09017
706392808,83.194,-27.4348,18.63,G09016;G09017
706393834,83.7808,-26.9979,19.27,G09016
706394928,82.0657,-27.5496,19.09,G09016
706397345,82.2563,-26.8925,18.43,G09016;G09017
706399744,82.756,-26.409,18.53,G09016;G09017
706403840,83.9665,-26.3519,17.84,G09102
706404704,84.3325,-26.1683,18.19,G09016;G09017
706410615,83.8639,-25.9879,19.1,G09016;G09017
706412041,83.7864,-25.7444,18.27,G09016;G09017
706412992,84.3513,-25.7054,18.77,G09016;G09017
706413102,84.5475,-25.6164,17.93,G09016;G09102;G09017
706413686,84.4647,-25.4518,19.01,G09016
706702501,85.6011,-23.8992,18.78,G09016;G09017
706718218,85.9444,-23.4014,17.94,G09016;G09102;G09017;G09166
708311699,80.6019,-27.7115,19.13,G09016
708312132,80.326,-27.6652,19.07,G09016;G09017
708312223,80.2019,-27.6022,18.92,G09016;G09017
708312812,81.1295,-27.6207,18.38,G09016;G09017
708313132,80.6208,-27.5402,17.54,G09016;G09102;G09017
708313225,80.9871,-27.4267,19.07,G09016
708314247,80.3947,-27.4689,18.7,G09016;G09017
708314450,80.5453,-27.3023,18.64,G09016;G09017
708317397,80.0316,-26.4881,18.34,G09016;G09017
708321224,82.313,-26.3764,17.91,G09016;G09017
708321425,82.5108,-26.1792,19.08,G09016
708322306,82.4631,-26.0435,18.9,G09016;G09017
708322318,82.3844,-26.0489,17.03,G09016;G09102;G09017;G09166
708324275,82.2315,-25.4062,18.88,G09016;G09017
708325062,80.7932,-26.0573,18.42,G09016;G09017
708326115,80.6877,-26.039,18.74,G09016;G09017
708326323,80.4033,-25.9883,18.58,G09016;G09017
708331883,83.2912,-25.2964,19.01,G09016
708332304,82.7039,-25.4993,17.55,G09016;G09102;G09017
708335512,83.9295,-24.691,19.21,G09016
708339309,82.6011,-24.3172,19.09,G09016
708340086,81.9424,-24.4129,19.22,G09016
708345088,80.3276,-25.5448,17.08,G09016;G09102;G09017
708345277,80.2172,-25.4381,17.78,G09016;G09017
708345662,80.636,-25.4006,18.23,G09016;G09017
708346768,80.0098,-24.9222,17.8,G09016;G09102;G09017;G09166
708348197,81.2678,-24.6415,18.97,G09016;G09017
708359698,80.0945,-24.5921,18.18,G09016;G09017
708361863,80.0565,-23.4837,18.75,G09016;G09017
708363840,81.2814,-24.0574,17.49,G09016;G09102;G09017
708367865,82.1356,-23.2379,17.32,G09016;G09017;G09102;G09166
708372204,80.9844,-23.0857,18.71,G09016;G09017
708376218,81.7965,-22.3605,17.77,G09016;G09017
708377306,80.2332,-22.9349,18.97,G09016;G09017
708381967,80.5343,-21.9662,19.28,G09016
708382879,80.8795,-21.6598,19.15,G09016
708382880,80.879,-21.6594,18.87,G09016;G09017
708383254,80.0775,-21.9517,18.25,G09016;G09017
708389040,83.9303,-23.7425,19.06,G09016
708392509,85.4165,-23.1404,18.64,G09016;G09017
708393299,84.4812,-23.3089,18.93,G09016;G09017
708394158,85.1796,-23.0373,18.94,G09016;G09017
708394895,83.7054,-23.9259,17.09,G09016;G09102;G09017
708399455,84.5938,-23.0757,19.21,G09016
708402979,84.3853,-22.4136,18.9,G09016;G09017
708404238,85.9704,-23.1064,18.36,G09016;G09017
708559447,81.5417,-21.4198,19.11,G09016
708560763,81.3581,-21.4872,18.99,G09041
708560876,81.3031,-21.3916,16.86,G09016;G09102;G09017
708567080,80.9057,-21.1118,18.75,G09016;G09017
711914,74.3059,-28.1313,14.35,G09016;G09102;G09017
711970,74.2469,-27.9982,8.95,G09062
735075234,80.6241,-33.1453,17.96,G09016;G09017
735075272,80.719,-33.0313,18.6,G09016;G09017
735077277,80.6655,-32.5575,18.81,G09016;G09017
735077989,80.321,-32.4053,18.03,G09016;G09017
736554,74.4114,-26.3439,17.11,G09016;G09102;G09017
737327,74.37,-29.163,9.15,G09123
737546,74.5151,-29.933,10.54,G09196
770554,74.9343,-27.2431,15.97,G09102;20SECONDTARGET
77670537,76.2017,-31.5888,8.73,G09062
77671085,76.2871,-30.2203,18.21,G09166
778357,75.2108,-28.0648,10.6,G09180;G09180
77837822,77.8382,-30.4664,13.08,G09123
778852,75.2268,-29.6894,13.7,G09102;20SECONDTARGET
77897542,78.9055,-32.4151,16.55,G09102;G09166;20SECONDTARGET
77897915,78.949,-31.2941,9.99,G09123
77951098,79.0587,-30.9528,8.43,G09062
77951245,79.0052,-31.4127,12.43,G09123;G09126
77951631,79.0377,-32.3715,9.45,G09062
77951686,79.1009,-32.5137,6.55,G09062
77954300,79.1849,-32.4341,13.68,G09123
77954301,79.183,-32.4314,13.03,G09123
77959296,79.4856,-30.797,13.6,G09102;20SECONDTARGET
77995349,79.8709,-30.6791,12.79,G09123
78014057,80.1923,-32.031,12.96,G09123
78053513,80.267,-33.0127,10.8,G09180
78053519,80.2785,-33.0028,12.74,G09180
78055054,80.5383,-30.9708,12.85,G09058;G09031;G09123;20SECONDTARGET
78055893,80.4832,-33.1202,11.21,G09123
78055898,80.4461,-33.1345,9.56,G09123
78109269,80.9753,-32.9488,10.17,G09062
92882593,83.3396,-23.1261,13.69,G09123
93052912,84.3067,-22.8186,16.69,G09016;G09102;G09017
93242288,85.9268,-23.7116,12.8,G09123
139412418,80.1666,-18.9463,16.25,G09016;G09102;G09017
143337175,82.2225,-17.6736,16.64,G09016;G09102;G09017;G09166
143340378,82.272,-12.8697,8.18,G09062
143350469,82.3307,-16.2884,10.68,G09194;G09123;G09180
143354263,82.521,-12.6516,10.18,G09062
143354488,82.5818,-13.1341,10.0,G09123
146556980,77.3718,-17.9782,17.42,G09102
146594601,77.6483,-18.4722,12.31,G09180
146594603,77.6499,-18.4725,10.62,G09180
146598640,77.929,-19.011,8.97,G09062
152415589,75.3287,-17.5581,7.55,G09062
160180978,79.5362,-16.1868,6.8,G09062
169304622,75.8968,-17.1864,16.13,G09016;G09102;G09017
169342739,76.3843,-17.5292,16.73,G09016;G09017;G09102
169379648,76.4699,-17.3738,15.3,G09016;G09102;G09017;20SECONDTARGET
169380520,76.6155,-15.8254,8.53,G09123;20SECONDTARGET
169395153,76.7862,-17.3011,6.58,G09062;20SECONDTARGET
169397663,76.898,-13.9862,7.15,G09123
169416733,77.0805,-14.8436,16.64,G09016;G09102;G09017
169419074,77.1534,-15.3825,17.09,G09016;G09102;G09017
169421326,77.3328,-13.8116,12.85,G09123
169530372,77.9426,-17.0914,12.69,G09123;20SECONDTARGET
169532369,78.0989,-13.6057,11.58,G09079;G09036;G09039
169534187,78.1507,-14.9509,6.42,G09123
169554310,78.3896,-16.8473,10.07,G09062
188968931,78.582,-16.0252,15.81,G09102;20SECONDTARGET
188969240,78.6202,-15.2486,12.64,G09123;20SECONDTARGET
188986227,78.7125,-13.1189,15.73,G09016;G09102;G09017
188986515,78.6435,-13.9244,7.57,G09062
188987909,78.6584,-17.4292,12.71,G09123
188989112,78.7683,-15.2699,14.02,G09123
188990764,78.9473,-12.3647,7.57,G09062
189011662,78.9991,-16.353,8.45,G09062
189012795,79.0861,-16.5599,15.23,G09041;20SECONDTARGET
189016090,79.2334,-14.9323,12.21,G09180
189016091,79.236,-14.9339,8.82,G09180
189017508,79.2708,-17.4282,11.74,G09123;20SECONDTARGET
189019841,79.3541,-11.8905,16.32,G09102
24344260,79.0973,-8.8752,17.99,G09016;G09102;G09017;G09166
24346296,79.1642,-10.5373,16.56,G09177
24403104,79.262,-11.6286,12.45,G09180
24403105,79.2476,-11.6291,10.87,G09180
24404829,79.438,-8.6524,7.91,G09062
24443369,79.6244,-11.108,12.26,G09180
24444372,79.6918,-9.0451,9.6,G09150
24444418,79.6724,-8.9431,15.27,G09025
24444890,79.6336,-7.9552,16.21,G09016;G09102;G09017;G09166
24458027,79.9802,-7.3948,10.92,G09123
24518895,79.9875,-11.4124,11.89,G09123;20SECONDTARGET
24524345,80.233,-8.2589,12.54,G09180
24524347,80.2359,-8.2593,10.23,G09180
24526915,80.3291,-10.4886,16.13,G09102;20SECONDTARGET
24566156,80.4054,-11.2431,15.95,G09016;G09102;G09017;G09166
24571003,80.5333,-9.3485,9.96,G09062
24603397,80.6698,-8.0427,14.78,G09016;G09102;G09017;G09166;20SECONDTARGET
24603401,80.6811,-8.0327,12.69,G09123
24607949,80.7013,-11.7446,12.07,G09123;20SECONDTARGET
24662476,80.8485,-8.1394,17.19,G09166
24696459,81.1703,-11.049,12.72,G09123
24697724,81.1553,-8.7006,9.16,G09123
24720349,81.4237,-9.1544,10.56,G09123;20SECONDTARGET
24723697,81.5168,-8.4355,16.36,G09177;20SECONDTARGET
255752747,81.494,-19.6901,7.03,G09123
255752750,81.4993,-19.6956,5.42,G09062;20SECONDTARGET
279580178,85.6381,-11.8588,13.76,G09123
279696912,86.0738,-10.0178,6.54,G09062;20SECONDTARGET
317021301,86.293,-15.1594,9.36,G09194
317024829,86.4247,-15.8677,12.2,G09180
317026948,86.3567,-12.4356,7.62,G09062
317090307,86.5597,-12.5305,15.56,G09102
317090802,86.4681,-13.2924,11.78,G09180
317090803,86.4686,-13.2931,12.32,G09180
317090832,86.4569,-13.35,10.92,G09196
317094165,86.679,-16.7235,8.86,G09062
317094355,86.6948,-16.3791,9.84,G09123
317131676,86.7852,-12.8438,16.48,G09016;G09102;G09017;G09166
317186207,86.9977,-14.77,12.82,G09123
317330474,87.5079,-15.6002,10.64,G09079;G09036;G09039
317333887,87.5963,-14.6294,9.28,G09123
317412815,87.7266,-14.3542,10.96,G09180
317412817,87.7205,-14.3563,11.64,G09180
317417870,87.8447,-13.4452,10.33,G09123
317417916,87.8203,-13.3811,12.94,G09031
317480495,88.0474,-17.5523,6.96,G09062
317482049,88.1166,-15.8448,9.52,G09194
317483660,88.0929,-13.3725,11.56,G09058;G09114;20SECONDTARGET
317484055,88.1585,-12.7676,7.61,G09062;20SECONDTARGET
317484220,88.083,-12.5696,11.61,G09194
317546326,88.2945,-15.61,15.5,G09102;G09166;20SECONDTARGET
317546574,88.256,-15.9628,17.97,G09025
317548889,88.3783,-16.2657,6.78,G09062;G09123;20SECONDTARGET
317551218,88.3751,-12.7414,11.98,G09123
317599048,88.4463,-14.2038,13.19,G09123
317716576,88.9576,-14.7615,12.86,G09180
317716577,88.9632,-14.7623,12.35,G09180
317721019,89.1009,-14.1667,3.4,G09062;20SECONDTARGET
332831934,84.3559,-10.7652,16.38,G09177;20SECONDTARGET
332832980,84.4654,-9.6311,17.73,G09166
332858535,84.5433,-10.613,14.95,G09016;G09102;G09017
332916226,84.7528,-11.5611,11.04,G09194
33472996,87.9015,-18.3783,16.6,G09102
34466542,82.4514,-9.685,16.21,G09102;G09166;20SECONDTARGET
34507428,82.751,-10.0834,6.41,G09062;20SECONDTARGET
34509850,82.809,-9.3752,9.93,G09123;20SECONDTARGET
348772705,75.1828,-17.5852,8.1,G09062
388903375,83.8337,-10.2563,16.91,G09166
388903843,83.8413,-9.5202,14.09,G09123
388920318,83.9818,-9.9516,10.09,G09194
389855767,77.9591,-18.4274,9.65,G09123
389856488,81.708,-19.3578,10.26,G09123
393795166,81.1242,-19.0986,18.14,G09016;G09017
393796002,81.1919,-18.9824,11.76,G09180
393796003,81.1835,-18.9847,11.51,G09180
393805345,81.3039,-18.3396,9.69,G09062
398801392,78.3552,-18.5589,7.13,G09062
408190069,79.7133,-18.1296,5.43,G09062;20SECONDTARGET
408235290,82.4621,-19.6595,13.99,G09123
420963002,82.0811,-19.652,9.72,G09123
427461695,83.473,-9.0491,8.1,G09062
442868242,79.8509,-17.7485,8.63,G09123
442868525,79.7608,-16.9702,8.54,G09062
442895014,80.0507,-12.5458,10.02,G09123
442898238,80.3088,-16.8285,14.59,G09123
442899071,80.2437,-14.899,17.18,G09016;G09102;G09017;G09166
442920705,80.5729,-17.1925,10.82,G09194
442921455,80.4919,-15.4708,8.6,G09194
442926107,80.7827,-17.2239,8.24,G09123
442931466,81.0904,-17.8201,10.31,G09180
442931507,81.0918,-17.7449,11.61,G09180
442960191,81.4127,-13.1328,6.88,G09062
442960679,81.3781,-14.125,7.84,G09062
442962289,81.4481,-17.5642,16.57,G09016;G09102;G09017;G09166;20SECONDTARGET
442963044,81.5159,-16.6335,7.93,G09062
442964372,81.5898,-13.9394,7.82,G09062
46271787,82.9663,-16.1953,12.49,G09004
46308678,83.0594,-13.6856,9.12,G09123;20SECONDTARGET
46366733,83.2422,-15.475,11.65,G09196;G09196
46371568,83.5253,-13.2557,13.46,G09123
46392031,83.8313,-13.97,10.28,G09180
46392063,83.814,-14.031,11.21,G09180
46430860,83.7769,-17.1094,11.92,G09123
46432937,83.8689,-14.5971,12.37,G09058;G09031;20SECONDTARGET
46434275,83.8831,-12.1629,9.91,G09062
46530889,84.5208,-14.637,12.43,G09004
46531745,84.5342,-16.2707,13.54,G09123
46556441,84.6586,-16.9201,7.03,G09062;20SECONDTARGET
46556630,84.5916,-16.5334,15.87,G09102
46559906,84.7088,-13.347,10.11,G09123
46562304,84.7831,-17.831,7.76,G09062
46625172,84.9791,-13.1334,12.12,G09123;20SECONDTARGET
46627823,85.1818,-17.5457,11.04,G09079;G09036;G09039
46740513,85.6119,-14.7218,15.36,G09102
46743367,85.7648,-13.8662,9.63,G09062
46744856,85.7715,-16.4827,12.81,G09102
471015359,77.1529,-14.8664,16.53,G09177
66560666,86.7761,-10.6304,7.47,G09123;20SECONDTARGET
66561343,86.7382,-11.2353,10.97,G09058;20SECONDTARGET
66653370,87.1407,-11.2495,12.91,G09180
66653373,87.135,-11.2442,12.49,G09180
66830296,87.9037,-11.6023,17.06,G09016;G09102;G09017
671179491,79.1503,-19.5661,18.44,G09016;G09017
671180999,79.994,-19.2166,18.38,G09016;G09017
671239231,77.3353,-18.8549,16.63,G09016;G09102;G09017;G09166
671241662,77.3052,-18.2454,18.62,G09016;G09017
671261365,75.8446,-17.92,18.93,G09016;G09017
671261758,76.1357,-17.7198,18.69,G09016;G09017
671309460,75.4968,-17.1657,18.57,G09016;G09017
671337566,79.1453,-18.7517,18.62,G09016;G09017
671338513,78.4188,-18.548,18.56,G09016;G09017
671340679,79.7679,-18.0252,16.23,G09016;G09102;G09017
671342339,78.0742,-18.6362,17.2,G09016;G09102;G09017;G09166
671345399,78.089,-17.6532,18.3,G09016;G09017
671348047,78.8128,-17.3213,18.63,G09016;G09017
671356030,77.0544,-17.4809,18.83,G09016;G09017
671357113,77.9104,-17.4023,17.49,G09102
671358468,78.5125,-16.7693,17.88,G09016;G09102;G09017
671360588,76.4994,-17.351,19.03,G09016
671362996,76.473,-16.5609,18.54,G09016;G09017
671364037,77.5792,-16.4504,18.61,G09016;G09017
671366030,77.1696,-15.8849,19.16,G09016
671366129,77.4528,-15.8243,19.09,G09016
671369081,79.0824,-16.0274,17.34,G09016;G09102;G09017
671369363,78.4959,-15.9569,18.6,G09016;G09017
671370060,79.6781,-15.9496,17.15,G09016;G09102;G09017;G09166
671371828,78.9122,-15.8169,18.26,G09016;G09017
671372590,79.5247,-15.4187,18.66,G09016;G09017
671372896,79.3176,-15.3541,19.07,G09016;G09017
671377515,79.3656,-15.0252,18.94,G09016;G09017
671378344,78.535,-15.0612,17.73,G09016;G09102;G09017
671385119,75.9219,-16.9375,18.31,G09016;G09017
671396736,77.4317,-15.1994,18.81,G09016;G09017
671398768,77.1539,-14.8668,16.91,G09016;G09102;G09017
671399218,78.1468,-14.9228,19.25,G09016
671399625,77.9717,-14.7484,17.62,G09102;G09166
671400640,78.3648,-14.2587,19.2,G09016
671405828,77.3775,-14.0092,19.19,G09016
671430147,78.7967,-14.3337,18.99,G09016;G09017
671431439,78.8907,-13.7985,19.04,G09016
671432624,78.6331,-13.7545,18.95,G09016;G09017
671433360,78.8145,-13.3276,18.93,G09016;G09017
671433785,79.547,-13.4929,18.27,G09016;G09017
671438239,78.261,-13.353,18.9,G09016;G09017
671439019,77.858,-13.1597,17.75,G09016;G09102;G09017;G09166
671442861,78.6862,-12.5551,18.43,G09016;G09017
671445338,79.5151,-12.3406,19.04,G09016;G09017
671455768,78.0226,-11.4517,17.88,G09016;G09017
671461671,78.8789,-11.8204,18.59,G09016;G09017
671464053,78.7143,-11.315,18.71,G09016;G09017
671465016,79.353,-11.2884,18.66,G09016;G09017
671465269,79.6245,-11.1088,12.71,G09180
671467945,79.2978,-10.6148,18.36,G09016;G09017
671468428,78.0929,-11.2434,18.02,G09016;G09017;G09166
671474487,78.9424,-9.998,18.27,G09016;G09017
671475454,79.6735,-10.3683,18.82,G09016;G09017
672002022,79.1731,-8.7099,17.25,G09016;G09102;G09017
67263447,89.7764,-11.7144,14.38,G09166
708420511,85.6687,-21.517,18.2,G09016;G09017
708441337,83.1922,-21.0612,17.95,G09016;G09102;G09017;G09166
708444291,84.6944,-21.255,18.18,G09016;G09017;G09166
708444942,84.3004,-21.4127,17.77,G09016;G09102;G09017
708447582,85.3003,-20.9551,18.21,G09016;G09017;G09166
708450348,84.6169,-20.6747,18.5,G09016;G09017
708458189,84.5955,-20.2359,19.06,G09016
708460966,84.2159,-19.8549,17.77,G09016;G09102;G09017
708477462,86.6078,-20.5774,17.53,G09102;G09166
708482935,86.8216,-19.8716,18.89,G09016;G09017
708512865,86.024,-20.3882,18.59,G09016;G09017
708513923,86.1008,-20.2166,18.23,G09016;G09017
708515379,85.719,-20.1232,19.22,G09016
708516365,85.64,-19.969,17.61,G09016;G09102;G09017;G09166
708522611,86.4387,-19.046,17.53,G09016;G09102;G09017;G09166
708523381,85.2848,-19.7426,18.34,G09016;G09017
708524072,85.0852,-19.4984,18.27,G09016;G09017
708524294,85.3004,-19.6221,18.02,G09016;G09017
708524306,85.3312,-19.5854,18.9,G09016;G09017
708524810,85.3116,-19.5109,18.71,G09016;G09017
708525186,85.3443,-19.3512,17.06,G09016;G09102;G09017;G09166
708526059,84.5867,-19.5423,18.47,G09016;G09017
708530362,85.969,-18.7298,17.63,G09016;G09102;G09017
708532067,85.7988,-18.758,18.74,G09016;G09017
708534944,87.6174,-19.0581,19.11,G09016
708537563,86.9252,-18.7488,19.04,G09016
708544528,87.9765,-18.0817,19.15,G09016
708548745,86.8756,-18.04,18.09,G09016;G09017
708549381,86.261,-18.273,18.47,G09016;G09017
708556395,86.9152,-17.446,18.53,G09016;G09017
708570647,80.9229,-20.2847,18.0,G09016;G09017
708578316,82.6646,-19.8829,19.05,G09016
708580851,84.0218,-19.6299,18.77,G09016;G09017
708585345,82.6045,-19.4926,18.61,G09016;G09017
708590991,82.712,-18.6909,19.19,G09016
708594283,80.2171,-19.911,19.04,G09016
708596217,81.2404,-19.5611,17.44,G09016;G09102;G09017;G09166
708598319,81.0604,-19.167,18.12,G09016;G09017
708600026,80.7784,-18.7954,18.17,G09016;G09017
708602771,82.1545,-18.8579,17.45,G09016;G09102;G09017;G09166
708604447,81.5517,-18.7303,18.71,G09016;G09017
708611231,81.1887,-18.0689,19.14,G09016
708614708,81.8035,-17.5421,18.67,G09016;G09017
708614736,81.6975,-17.5668,18.14,G09016;G09017;G09166
708618135,84.8045,-19.0429,19.14,G09016
708618664,84.9338,-18.7412,18.07,G09016;G09017;G09166
708620286,84.0694,-18.6721,18.33,G09016;G09017
708623383,85.7194,-18.2329,18.61,G09016;G09017
708627766,83.6555,-18.3268,18.88,G09016;G09017
708631110,83.6132,-17.7302,17.81,G09016;G09017
708634034,84.3346,-17.5684,17.58,G09016;G09102;G09017;G09166
708634076,84.2847,-17.5237,19.11,G09016
708634095,84.1141,-17.6234,16.82,G09102
708634619,84.0359,-17.4621,18.59,G09016;G09017
708652627,84.9916,-16.6304,16.98,G09102;G09166
708653516,85.7871,-16.6788,19.06,G09016;G09017
708657626,85.8922,-16.2048,18.57,G09016;G09017
708658149,85.8708,-15.9618,18.35,G09016;G09017
708658507,85.6739,-15.9502,18.73,G09016;G09017
708660669,83.1332,-17.6371,18.59,G09016;G09017
708665997,83.4846,-17.0633,17.21,G09102
708669156,82.6659,-17.0944,17.03,G09016;G09102;G09017
708669730,82.4194,-16.9717,18.73,G09016;G09017
708671267,82.324,-16.7791,18.81,G09016;G09017
708671894,82.1174,-16.5768,19.06,G09016;G09017
708673082,82.8203,-16.537,16.87,G09016;G09102;G09017;G09166
708673800,83.5361,-16.3129,19.05,G09016
708675316,82.3312,-16.2877,11.51,G09180
708676550,82.8645,-15.9406,16.86,G09102;20SECONDTARGET
708680440,83.9927,-16.2631,19.11,G09016
708684247,85.3447,-15.7404,18.73,G09016;G09017
708699156,80.5059,-17.5539,19.04,G09016
708699913,80.0852,-17.3177,17.74,G09016;G09102;G09017;G09166
708700058,80.2471,-17.06,17.33,G09016;G09102;G09017;G09166
708701388,81.4358,-16.966,18.61,G09016;G09017
708702343,80.7273,-16.8692,19.27,G09016
708702478,80.2354,-17.0053,18.55,G09016;G09017
708705742,80.1043,-16.1802,19.25,G09016
708706516,81.6392,-16.8565,19.19,G09016
708707968,81.854,-16.3471,18.45,G09016;G09017
708708243,81.8493,-16.2317,18.79,G09016;G09017
708709495,81.7856,-16.0833,18.28,G09016;G09017
708711046,82.1902,-15.864,18.58,G09016;G09017
708711345,82.475,-15.8659,18.88,G09016;G09017
708714401,80.761,-16.2322,16.68,G09102
708714598,81.176,-16.0128,17.88,G09102
708715918,81.1752,-15.6234,17.81,G09016;G09102;G09017
708716611,80.2655,-15.773,17.17,G09016;G09102;G09017;G09166
708719244,82.199,-15.0504,19.13,G09025
708720585,81.216,-15.0047,18.87,G09016;G09017
708724185,82.515,-15.2448,18.77,G09016;G09017
708725171,82.9682,-14.971,18.61,G09016;G09017
708726514,83.6095,-14.8919,19.18,G09016
708726777,83.7695,-14.7878,19.18,G09016
708727939,84.1578,-14.5264,18.44,G09016;G09017
708732808,82.8397,-14.5112,19.17,G09016
708735237,82.1654,-14.2522,17.33,G09016;G09102;G09017;G09166
708735865,83.0325,-14.2966,19.1,G09016
708738599,82.8604,-13.8525,18.27,G09016;G09017
708739427,82.9977,-13.8028,18.86,G09016;G09017
708743350,80.7513,-14.9969,16.48,G09016;G09102;G09017;G09166
708744560,81.3263,-14.4283,18.68,G09016;G09017
708746574,80.7634,-14.2081,18.77,G09016;G09017
708746788,80.8614,-14.039,18.39,G09016;G09017
708747322,80.2776,-14.2267,17.95,G09016;G09102;G09017;G09166
708754345,81.9812,-13.6063,17.6,G09016;G09102;G09017;G09166
708755232,82.8804,-13.1805,19.08,G09016
708756899,81.7723,-13.1143,18.88,G09016;G09017
708758851,80.6373,-13.4939,17.65,G09016;G09102;G09017
708760673,80.2228,-13.2833,17.51,G09016;G09102;G09017
708760843,80.6065,-13.1533,18.25,G09016;G09017
708761141,80.9426,-13.0292,18.18,G09016;G09017
708769784,80.7954,-12.2223,19.28,G09016
708769807,80.816,-12.16,18.98,G09016;G09017
708772719,80.7847,-11.6382,17.28,G09016;G09017;G09102;G09166
708773419,80.2656,-11.7767,18.83,G09016;G09017
708774786,80.4899,-11.2172,17.09,G09016;G09102;G09017;G09166
708855863,87.8751,-17.3086,19.3,G09016
708856831,87.9635,-17.0729,17.91,G09016;G09102;G09017;G09166
708862596,88.3915,-16.7358,17.15,G09016;G09102;G09017;G09166
708866654,88.2646,-16.159,18.62,G09016;G09017
709069038,87.5134,-16.5056,17.02,G09102;G09166;20SECONDTARGET
709073521,87.8722,-16.185,19.17,G09016;G09017
709074172,87.7191,-16.0701,18.75,G09016;G09017
709075328,88.3827,-15.7753,17.71,G09016;G09102;G09017;G09166
709076655,87.624,-15.9132,17.84,G09102
709078048,87.5057,-15.5036,17.77,G09016;G09102;G09017
709078050,87.5116,-15.4962,17.77,G09166
709084800,86.3932,-15.4777,18.96,G09016;G09017
709090199,87.1632,-14.8672,18.35,G09016;G09017
709093683,89.0088,-15.106,18.85,G09016;G09017
709094869,88.3548,-15.2203,17.56,G09016;G09102;G09017;G09166
709096873,88.8805,-14.8287,18.04,G09016;G09017
709096918,88.8387,-14.7886,18.36,G09016;G09017
709101362,89.0544,-14.6215,17.52,G09016;G09102;G09017
709107734,87.5491,-14.6735,18.06,G09016;G09017
709114819,88.204,-13.874,19.02,G09016
709128543,84.9449,-14.9612,18.92,G09016;G09017
709138148,85.6844,-13.619,18.3,G09016;G09017
709138938,87.134,-14.2987,18.58,G09016;G09017
709145161,87.8627,-13.6642,19.08,G09016;G09017
709147902,88.1685,-13.0555,19.07,G09016
709153817,86.8214,-13.1594,17.85,G09016;G09102;G09017;G09166
709156474,86.4129,-12.962,18.6,G09016;G09017
709158747,87.5328,-12.8129,18.88,G09016;G09017
709160338,86.8403,-12.8713,18.09,G09016;G09017
709179590,89.3032,-13.4746,18.48,G09016;G09017
709180846,89.3763,-13.2462,18.03,G09016;G09017;G09166
709181499,88.9942,-13.4429,17.74,G09016;G09102;G09017
709232753,88.9356,-12.6493,18.47,G09016;G09017
709238319,89.7591,-12.0078,19.04,G09016
709238545,89.4483,-12.1223,18.51,G09016;G09017
709241695,87.8109,-12.5084,18.77,G09016;G09017
709243002,87.8427,-12.1088,18.36,G09016;G09017
709245070,87.6243,-12.06,18.63,G09016;G09017
709245524,87.2295,-12.003,18.35,G09016;G09017
709245963,87.9242,-11.9383,18.8,G09016;G09017
709246043,88.0318,-11.8848,19.04,G09016
710062949,84.7985,-14.005,18.74,G09016;G09017
710064373,84.2175,-13.9973,18.08,G09016;G09017;G09166
710065541,84.3298,-13.6314,17.67,G09102
710067093,85.2451,-13.4758,18.69,G09016;G09017
710078842,84.7426,-12.4204,18.33,G09016;G09017
710079961,84.1059,-12.4692,18.97,G09016;G09017
710082990,86.0338,-12.7878,19.2,G09016
710086029,86.0431,-12.2789,19.29,G09016
710093535,85.1108,-12.2646,18.41,G09016;G09017
710097438,84.8171,-11.7323,18.93,G09016;G09017
710098238,85.8209,-11.7606,18.24,G09016;G09017
710098776,85.4772,-11.7447,19.29,G09016
710103149,85.8064,-10.9674,19.23,G09016
710103155,85.8761,-10.9431,19.27,G09016
710104243,83.056,-12.8226,19.12,G09016
710109001,84.043,-12.3086,18.56,G09016;G09017
710109423,84.108,-12.0328,18.59,G09016;G09017
710117395,82.8693,-11.6502,18.96,G09016;G09017
710121688,84.2258,-11.8481,17.76,G09102
710126404,84.3726,-10.81,19.09,G09016;G09017
710131845,83.6293,-11.193,18.92,G09016;G09017
710134351,83.5884,-10.8158,18.63,G09016;G09017
710134364,83.6439,-10.8134,18.61,G09016;G09017
710134760,83.0838,-10.8051,18.63,G09016;G09017
710137879,84.9833,-10.2427,18.56,G09016;G09017
710139225,83.8271,-10.2579,17.06,G09102
710140097,84.3787,-9.9352,19.14,G09016
710142939,87.4363,-11.3581,19.19,G09016
710182769,84.4752,-9.6372,17.91,G09102
710182926,84.7985,-9.5108,18.47,G09016;G09017
710204970,81.2856,-11.165,19.24,G09016
710207871,82.1487,-10.8024,18.88,G09016;G09017
710210215,80.6514,-11.22,18.86,G09016;G09017
710212320,80.3146,-10.9423,18.84,G09016;G09017
710216211,81.4138,-10.2949,19.05,G09016
710220256,83.3575,-10.0078,19.07,G09016
710227229,83.4715,-9.3835,18.97,G09016;G09017
710234940,82.6536,-9.2207,19.14,G09016
710236001,82.5592,-8.85,19.05,G09016;G09017
710240566,81.0429,-9.9972,19.08,G09016
710240694,80.91,-9.9316,17.89,G09016;G09102;G09017;G09166
710240927,80.8221,-9.891,19.0,G09016;G09017
710241120,80.8948,-9.8511,18.39,G09016;G09017
710241673,81.4813,-9.568,18.83,G09016;G09017
710247942,81.6867,-9.1503,19.28,G09016
710249101,81.8979,-8.8894,17.3,G09016;G09102;G09017
710249613,81.3375,-9.0641,17.06,G09016;G09102;G09017
710251037,81.2997,-8.6758,19.27,G09016
710251678,82.4702,-8.7839,18.98,G09016;G09017
710253996,82.1091,-8.5078,17.31,G09016;G09102;G09017;G09166
710254691,82.029,-8.2546,19.02,G09016
710256269,80.8548,-8.7777,18.1,G09016;G09017;G09166
710257394,81.4385,-8.4275,17.14,G09102
710259352,80.8563,-8.1421,17.22,G09016;G09102;G09017
92845906,82.5796,-19.2756,8.94,G09123
92845910,82.6516,-19.2675,12.57,G09123
92869300,82.9338,-18.3613,14.1,G09123
92878753,83.1221,-20.7258,9.78,G09123;20SECONDTARGET
92880889,83.2533,-20.3769,9.77,G09123
93027490,84.1645,-18.7121,10.04,G09194
93125144,84.8466,-19.5585,9.68,G09123;G09126;20SECONDTARGET
93126844,85.0865,-19.6698,8.5,G09123;20SECONDTARGET
93238424,85.7065,-19.0198,15.38,G09016;G09102;G09017
93243778,85.9417,-20.5405,12.8,G09123
93243779,85.9388,-20.5405,13.58,G09123
93244307,85.9499,-19.6517,6.75,G09062
93281916,86.1182,-20.1263,5.82,G09062;20SECONDTARGET
93334206,86.5201,-18.2985,11.63,G09079;G09036;G09039
93372641,86.6769,-21.8269,8.08,G09123
94945758,81.77,-11.9013,5.79,G09062;G09157;G09123;G09123;20SECONDTARGET
94986319,81.8532,-14.2766,9.27,G09036;G09123;20SECONDTARGET
94987316,81.7916,-16.5247,6.89,G09062;20SECONDTARGET
94988963,81.9468,-15.5674,12.87,G09004
94989786,81.8859,-13.5799,6.71,G09062
95055101,86.0274,-14.512,7.4,G09062
114921565,72.4079,-15.8097,7.77,G09062;20SECONDTARGET
114922178,72.4251,-13.771,5.82,G09062;20SECONDTARGET
114922984,72.5037,-12.6801,12.9,G09180
114922985,72.5117,-12.6819,10.56,G09180
114923140,72.435,-13.1167,9.19,G09123
114925422,72.595,-15.2873,12.73,G09180
114925427,72.5721,-15.2756,11.19,G09180
114956507,72.8978,-14.5888,7.57,G09180
114956508,72.9013,-14.5873,11.72,G09180;20SECONDTARGET
117647213,67.9883,-12.6326,6.7,G09062;20SECONDTARGET
117747153,69.1966,-12.1559,9.0,G09123
117774227,69.7227,-12.1232,4.9,G09150;20SECONDTARGET
117799904,70.1674,-12.8907,10.88,G09031
117842959,70.2718,-15.3165,16.48,G09102;20SECONDTARGET
117879940,70.7276,-11.8727,10.32,G09123
117880865,70.706,-14.8752,11.88,G09123;20SECONDTARGET
117896343,70.9004,-15.5239,12.53,G09123
117897568,71.0609,-12.0756,13.41,G09123
117923090,71.1598,-12.3499,10.38,G09123
117924053,71.2825,-14.6223,11.99,G09180
117924054,71.2823,-14.6237,11.12,G09180
117940892,71.6893,-12.1854,15.54,G09102
117978079,71.7122,-13.0255,12.22,G09180
117978081,71.7069,-13.0263,12.36,G09180
118034753,72.1356,-16.3292,5.26,G09062;20SECONDTARGET
138767154,68.5603,-2.9887,16.15,G09102
138796870,74.2087,-9.8475,8.93,G09062
138797675,74.1916,-7.6995,17.07,G09102
138798618,74.3222,-6.3664,10.73,G09123;20SECONDTARGET
138799692,74.3431,-9.1336,9.44,G09123;20SECONDTARGET
138826437,74.4383,-6.8095,11.95,G09123;20SECONDTARGET
146803851,71.4985,-6.9889,6.98,G09062
146804018,71.5316,-7.5278,10.57,G09180
146804021,71.5443,-7.5319,12.58,G09180
146806013,71.6853,-9.9984,10.14,G09194
152416325,75.3167,-15.1903,16.46,G09016;G09102;G09017;G09166
167485166,71.9966,-8.2842,7.77,G09062
167485724,71.9759,-10.1787,14.62,G09041
167485881,71.9448,-10.7094,8.38,G09062
167486543,72.1335,-10.8973,16.3,G09016;G09102;G09017;G09166;20SECONDTARGET
169344643,76.2974,-12.009,10.52,G09123
169344687,76.4437,-11.9246,11.95,G09180
169344688,76.4427,-11.9248,11.52,G09180
176379354,72.1539,-5.6759,5.21,G09062;G09123;20SECONDTARGET
176379866,72.2026,-4.3709,13.9,G09123
176380024,72.1968,-4.005,13.89,G09102
176403136,72.2836,-5.1467,12.59,G09180
176403138,72.2876,-5.1485,11.03,G09180
213069348,75.6832,-5.7061,8.53,G09180
213069350,75.688,-5.703,11.83,G09180
229087301,69.0798,-3.3525,4.14,G09150;20SECONDTARGET
244208441,73.3104,-4.5444,10.8,G09194
244281413,74.7005,-5.6328,11.52,G09123
246896205,73.1046,-12.6104,13.85,G09123
246896439,73.1022,-13.2705,7.37,G09123
246897668,73.1027,-16.8243,9.24,G09123;20SECONDTARGET
246904264,73.6339,-11.9134,8.5,G09123
248681729,67.8056,-4.8606,7.36,G09062
298811075,69.3349,-5.2262,12.32,G09123
298850678,69.8344,-3.2394,10.51,G09123
298851147,69.875,-4.6005,14.05,G09041
298903489,69.981,-4.0981,16.29,G09016;G09102;G09017
298907057,70.0995,-5.5013,13.17,G09123;20SECONDTARGET
298983100,70.5673,-3.9065,13.13,G09123
298983685,70.5306,-5.609,16.68,G09177;G09016;G09102;G09017
299064105,71.0386,-3.7081,9.98,G09123
316835177,73.9472,-16.3392,10.77,G09123
316836184,73.998,-12.9836,9.43,G09062
316874070,74.1038,-17.5036,11.72,G09180
316874075,74.1051,-17.5062,12.94,G09180
316875789,74.2169,-12.8212,8.46,G09062
316877231,74.4084,-15.8136,16.19,G09102;G09102;G09102;G09102
316918406,74.6492,-15.6252,10.49,G09123;20SECONDTARGET
316919585,74.7547,-16.375,5.44,G09062;20SECONDTARGET
316970305,74.7751,-13.5055,16.35,G09102;20SECONDTARGET
316970306,74.7145,-13.5051,9.13,G09062
316971061,74.888,-12.7743,10.81,G09123
319292443,72.237,-7.1102,7.54,G09062
37779734,65.3003,-10.2356,15.98,G09016;G09102;G09017
37816222,65.4076,-9.7495,12.87,G09004
37905888,66.2998,-8.872,12.11,G09180
37905889,66.2995,-8.8737,10.27,G09180
37906169,66.2445,-9.7648,17.52,G09016;G09102;G09017
37906488,66.3356,-10.7134,12.77,G09123
37906489,66.2783,-10.7157,12.66,G09194
37947783,66.6103,-10.5513,7.17,G09123
37990255,66.8834,-7.1338,16.48,G09102;20SECONDTARGET
37993251,67.1773,-10.0804,15.63,G09102;20SECONDTARGET
38014458,67.2286,-11.0585,7.24,G09062;20SECONDTARGET
38014817,67.3923,-11.7518,15.65,G09016;G09102;G09017;G09166
38015256,67.3367,-10.4778,8.41,G09062
38015346,67.3788,-10.2038,9.13,G09062
38041444,67.7168,-8.8233,11.54,G09123
38050278,67.9586,-9.9363,14.54,G09123
38091004,68.1458,-7.1273,11.99,G09180
38091006,68.1449,-7.1267,11.0,G09180
425212609,77.1185,-9.9383,17.53,G09102
43473602,74.7998,-11.2745,10.01,G09062
43475002,74.8434,-7.7984,17.29,G09102
43490057,75.2007,-6.4122,16.35,G09016;G09102;G09017
43529091,75.2157,-9.5162,12.66,G09102;G09166;20SECONDTARGET
43529213,75.1229,-9.8518,10.58,G09180
43529214,75.1254,-9.853,10.91,G09180
43534145,75.3611,-9.2742,16.84,G09016;G09102;G09017
43602279,75.3777,-9.9864,15.98,G09102;G09166;20SECONDTARGET
43603155,75.4946,-11.7214,11.96,G09180
43603157,75.4959,-11.7185,12.24,G09180
43605290,75.4851,-6.9502,9.43,G09123;G09123
43606574,75.6863,-7.6605,12.93,G09004
43607730,75.6965,-10.4587,14.48,G09123
43609752,75.7581,-8.6632,7.16,G09194
43647325,76.082,-6.2297,10.44,G09058;G09114;20SECONDTARGET
43648757,76.1455,-9.2249,11.36,G09079;G09036;G09039
43650034,76.1988,-11.7006,6.61,G09062;20SECONDTARGET
43711846,76.263,-8.5012,9.74,G09180
43715590,76.3596,-7.575,16.09,G09016;G09102;G09017
43717817,76.4294,-9.4304,7.78,G09062;20SECONDTARGET
43721115,76.5459,-10.4225,7.04,G09062
43724684,76.4727,-8.2542,11.49,G09180
43724685,76.475,-8.2537,9.38,G09180
43783863,77.3763,-9.7377,16.81,G09166
43788571,77.586,-7.5948,6.91,G09062;20SECONDTARGET
43841327,77.5616,-10.5832,9.95,G09062
43867138,77.9499,-7.5494,13.57,G09123
43899525,78.1208,-8.638,8.43,G09062
471012346,75.1141,-11.3598,18.83,G09016;G09017
471015798,72.0967,-13.0696,18.63,G09016;G09017
55896166,68.6584,-10.2355,16.6,G09016;G09102;G09017;G09166
55934889,68.7706,-6.0243,15.9,G09016;G09102;G09017
55935823,68.6781,-8.9552,11.36,G09180
55935824,68.6766,-8.9562,12.91,G09180
55977436,69.0801,-6.9034,15.23,G09102;20SECONDTARGET
55978680,69.1572,-8.7936,9.19,G09062
55996742,69.4509,-8.0137,17.05,G09102
55997020,69.4493,-8.8312,13.32,G09102;20SECONDTARGET
55997474,69.4406,-10.3411,11.99,G09180
55997475,69.4394,-10.3422,12.02,G09180
55999432,69.546,-7.4381,9.72,G09123
56000776,69.6305,-8.2407,12.46,G09180
56000777,69.6293,-8.2413,10.79,G09180
56003070,69.7538,-8.3722,13.06,G09123
56031867,69.9465,-10.695,7.89,G09062
56096903,70.2164,-10.0686,8.72,G09062
56099399,70.4099,-5.8606,17.12,G09016;G09102;G09017
56121123,70.4204,-9.0806,12.21,G09123
56128191,70.7574,-6.4308,11.06,G09079;G09036;G09039
56129939,70.9255,-10.3488,10.05,G09180
56129940,70.924,-10.35,12.68,G09180
56130597,70.9884,-11.3143,10.42,G09194
56130845,70.9785,-10.5748,13.49,G09123
56180926,71.1854,-6.7247,12.86,G09123
56184796,71.2674,-6.0143,17.25,G09102
671312696,73.9969,-16.832,18.45,G09016;G09017
671314491,74.4556,-16.6943,18.04,G09016;G09017
671327477,72.5549,-16.3584,17.98,G09016;G09102;G09017;G09166
671329140,74.1897,-15.7624,17.9,G09102
671329397,74.1487,-15.7103,19.16,G09016
671329811,73.3379,-15.8548,18.95,G09016;G09017
671329982,73.6674,-15.6248,19.25,G09016
671331934,72.5816,-15.7465,18.91,G09016;G09017
671408784,74.6075,-15.1865,17.95,G09016;G09017
671408880,74.836,-15.351,19.02,G09016
671410944,75.4145,-14.8163,18.14,G09016;G09017
671411072,75.3754,-14.7131,18.84,G09016;G09017
671412710,74.9399,-14.3486,18.55,G09016;G09017
671413637,74.0985,-14.8479,18.29,G09016;G09017
671413685,73.9429,-14.7816,18.33,G09016;G09017
671415914,74.4073,-14.3425,18.74,G09016;G09017
671423959,76.4812,-12.9476,19.0,G09016;G09017
671425014,75.7341,-13.407,18.39,G09016;G09017
671425683,74.8816,-13.5301,19.2,G09016
671426325,74.743,-13.1115,18.08,G09016;G09017
671426959,75.3069,-12.875,19.16,G09016
671457959,76.5864,-11.8536,17.61,G09016;G09102;G09017;G09166
671516887,70.289,-15.4055,19.03,G09016
671517367,70.6058,-15.1412,17.59,G09016;G09017;G09102;G09166
671517642,69.8503,-15.2629,18.77,G09016;G09017
671522635,72.118,-14.3068,18.24,G09016;G09017
671524675,70.7943,-14.4082,18.78,G09016;G09017
671528180,69.5874,-15.0988,18.71,G09016;G09017
671531720,68.0904,-14.3433,19.07,G09016;G09017
671534627,69.9764,-13.7317,18.03,G09016;G09017
671535196,71.1143,-13.6683,18.29,G09016;G09017
671536620,71.1294,-13.0747,18.37,G09016;G09017
671537026,71.1118,-12.748,17.65,G09016;G09102;G09017
671540035,70.1727,-12.5873,18.61,G09016;G09017
671563899,65.4805,-13.4253,17.68,G09016;G09102;G09017
671564582,65.3135,-13.277,18.98,G09016;G09017
671564823,65.0392,-13.1226,19.3,G09016
671567843,64.9474,-12.5049,18.08,G09016;G09017
671568021,64.6373,-12.6653,19.25,G09016;G09017
671573339,67.0538,-13.4071,18.41,G09016;G09017
671574829,67.5528,-13.0145,18.95,G09016;G09017
671579564,69.9306,-12.1468,18.79,G09016;G09017
671579583,69.8829,-12.1029,17.52,G09016;G09102;G09017
671582625,67.6548,-11.8987,19.04,G09016
671582895,68.4049,-11.7721,18.43,G09016;G09017
671583771,68.7901,-11.5411,19.25,G09016
671586484,65.8664,-12.6862,17.67,G09016;G09102;G09017;G09166
671586527,65.8242,-12.6454,17.69,G09016;G09017;G09166
671588577,66.409,-12.0268,18.41,G09016;G09017
671588724,66.4705,-11.8205,17.49,G09016;G09102;G09017;G09166
671589286,65.4747,-12.4756,18.53,G09016;G09017
671592176,65.6306,-11.4914,19.23,G09016
671592552,66.1756,-11.1667,18.71,G09016;G09017
671594035,67.3425,-11.4219,18.1,G09016;G09017
671595799,68.5367,-10.685,18.86,G09016;G09017
671595806,68.708,-10.6747,18.62,G09016;G09017
671596213,67.5896,-10.8289,19.04,G09016
671598652,66.8213,-10.2532,18.51,G09016;G09017
671599070,67.5032,-10.4081,18.93,G09016;G09017
671601553,73.7122,-13.831,19.15,G09016
671607786,72.4926,-12.8451,18.51,G09016;G09017
671607955,73.108,-13.1139,18.88,G09016;G09017
671609225,72.8711,-12.6331,17.04,G09177;G09102
671610327,74.7872,-12.9793,19.08,G09016;G09017
671610595,74.3686,-12.9301,18.9,G09016;G09017
671611054,75.144,-12.5774,19.15,G09016
671611807,74.3854,-12.5399,18.7,G09016;G09017
671614225,74.8922,-12.2586,17.14,G09102;G09166
671614749,74.9681,-11.892,18.63,G09016;G09017
671618824,74.6603,-11.4212,18.19,G09016;G09017
671619021,74.7925,-11.2467,18.86,G09016;G09017
671622928,72.5342,-12.1315,19.26,G09016
671625098,70.8606,-12.3515,17.52,G09102;G09166
671625509,71.5042,-12.0905,18.09,G09016;G09017;G09166
671625968,70.6787,-12.1829,18.94,G09016;G09017
671628308,71.2563,-11.6082,17.46,G09016;G09017;G09102
671628559,71.1775,-11.4471,19.17,G09016
671628920,71.7532,-11.1656,18.64,G09016;G09017
671629550,73.338,-11.7795,18.53,G09016;G09017
671630743,73.0281,-11.4233,18.68,G09016;G09017
671630948,72.5831,-11.3484,18.88,G09016;G09017
671631789,73.9465,-11.2594,19.03,G09016;G09017
671635155,73.0565,-10.775,18.95,G09016;G09017
671638014,73.3381,-10.0782,18.84,G09016;G09017
671639422,76.0468,-11.8695,18.92,G09016;G09017
671639512,75.9033,-11.8073,18.94,G09016;G09017
671639579,76.2266,-11.7578,18.91,G09016;G09017
671642178,76.9633,-11.1221,19.29,G09016
671643058,76.9595,-10.8262,17.83,G09016;G09102;G09017;G09166
671644698,75.2899,-11.3494,19.23,G09016
671645415,75.6428,-10.9921,17.16,G09102
671647530,76.2551,-10.5038,18.12,G09016;G09017
671649617,76.2176,-9.8858,18.23,G09016;G09017
671649797,75.6924,-9.9303,18.41,G09016;G09017
671651170,77.5312,-10.2627,18.34,G09016;G09017
671652957,77.3858,-9.7323,17.48,G09102
671655197,77.905,-9.5219,17.33,G09016;G09102;G09017
671657507,77.2088,-9.5719,18.81,G09016;G09017
671657597,77.2036,-9.5107,19.11,G09016
671657996,77.0164,-9.3127,19.23,G09016
671659176,76.5383,-9.2855,18.62,G09016;G09017
671659947,77.0127,-9.3022,18.27,G09016;G09017
671660091,77.4041,-9.1551,18.73,G09016;G09017
671660331,77.6869,-9.1406,19.29,G09016
671660849,77.6989,-8.869,18.86,G09016;G09017
671661042,76.9199,-9.2271,18.37,G09025
671661508,76.7146,-9.0446,19.25,G09016
671664080,74.0757,-10.3196,18.87,G09016;G09017
671665994,75.1115,-9.7345,18.99,G09016;G09017
671668210,75.313,-9.0626,18.78,G09016;G09017
671669026,74.23,-9.6551,17.98,G09102;G09166
671670090,73.2974,-9.4567,19.19,G09016
671671183,74.8644,-9.2874,19.24,G09016
671672363,74.9281,-8.7948,18.09,G09016;G09017
671673091,74.1568,-8.7525,18.05,G09016;G09017;G09166
671675801,75.6761,-8.83,19.01,G09016;G09017
671676583,76.5747,-8.8953,19.03,G09016;G09017
671677072,76.3845,-8.6614,17.78,G09016;G09102;G09017;G09166
671678288,76.2625,-8.5015,13.05,G09180
671681743,74.7911,-8.1806,18.52,G09016;G09017
671683143,76.0185,-7.9988,18.64,G09016;G09017
671683442,76.276,-7.8361,18.71,G09016;G09017
671684084,75.6845,-7.9528,18.42,G09016;G09017
671688227,71.1335,-10.9637,18.51,G09016;G09017
671688953,70.603,-10.9892,18.56,G09016;G09017
671689759,70.9486,-10.4607,18.97,G09016;G09017
671692538,70.5431,-10.4164,17.52,G09016;G09017;G09166
671693196,70.5055,-10.1991,17.82,G09016;G09102;G09017;G09166
671694054,70.2404,-10.1049,18.8,G09016;G09017
671694084,70.1924,-10.036,17.24,G09016;G09102;G09017;G09166
671694620,71.737,-10.7521,17.14,G09016;G09102;G09017;G09166
671694706,71.6436,-10.6054,19.27,G09016
671697202,72.5581,-9.9965,18.97,G09016;G09017
671697453,72.2017,-9.9277,19.07,G09016;G09017
671698334,72.8094,-9.3313,18.77,G09016;G09017
671701253,70.458,-9.593,18.22,G09016;G09017
671702599,71.723,-9.0392,18.13,G09016;G09017;G09166
671703766,71.1812,-9.032,18.77,G09016;G09017
671704422,71.5422,-8.7892,18.56,G09016;G09017
671704778,68.8681,-10.7287,19.2,G09016
671705014,69.0812,-10.4747,16.88,G09016;G09102;G09017;G09166
671708112,69.9164,-9.52,18.85,G09016;G09017
671708696,69.3193,-9.4108,19.17,G09016
671710134,68.6653,-9.569,18.38,G09016;G09017
671710462,67.81,-9.8591,19.1,G09016
671710803,67.8037,-9.6112,18.23,G09016;G09017
671712395,69.425,-8.9609,17.83,G09102
671718215,70.9232,-8.14,18.31,G09016;G09017
671720690,69.6525,-7.9409,19.03,G09016
671722153,70.0762,-7.7493,18.2,G09016;G09017
671722488,69.9505,-7.5851,18.95,G09016;G09017
671723941,73.6968,-8.9993,17.74,G09016;G09017
671726624,74.3057,-8.4033,18.25,G09016;G09017
671727496,73.4618,-8.3917,18.86,G09016;G09017
671731164,72.3665,-7.9018,18.25,G09016;G09017
671731371,73.2905,-8.209,18.98,G09025
671736089,74.0307,-7.683,17.85,G09102
671737108,75.2689,-7.6712,18.99,G09016;G09017
671738490,75.6124,-7.0843,18.9,G09016;G09017
671739735,75.3688,-6.9529,18.16,G09016;G09017
671741504,74.0361,-7.1656,19.03,G09016
671743075,73.6842,-6.7935,19.09,G09016
671743451,74.4617,-6.9549,19.01,G09016
671747641,72.0092,-7.8079,19.11,G09016
671747980,71.457,-7.9862,18.41,G09016;G09017
671751217,72.4276,-7.1081,19.06,G09016
671753199,71.3496,-6.957,18.71,G09016;G09017
671753533,70.8433,-7.0734,17.33,G09102;G09166
671754346,71.0104,-6.675,18.7,G09016;G09017
671754643,71.8715,-6.8729,17.76,G09016;G09102;G09017;G09166
671754682,71.9364,-6.783,19.27,G09016
671756175,71.1269,-6.6029,17.53,G09016;G09102;G09017;G09166
671756393,71.3916,-6.3084,17.3,G09016;G09102;G09017
671756400,71.7337,-6.5444,18.33,G09016;G09017
671758406,72.8185,-6.7724,17.27,G09102
671758690,72.8741,-6.5974,18.1,G09016;G09017
671759837,73.173,-6.0777,17.96,G09016;G09102;G09017;G09166
671761176,73.9521,-5.9404,17.58,G09016;G09102;G09017
671762477,73.9236,-5.728,19.3,G09016
671767685,72.7328,-5.3063,19.12,G09016
671767893,73.1921,-5.2866,7.88,G09194
671768192,73.3085,-4.9509,17.13,G09016;G09017
671778237,64.2309,-11.6878,17.75,G09016;G09102;G09017;G09166
671795722,65.7587,-10.5719,18.33,G09016;G09017
671798481,64.6987,-10.7962,18.13,G09016;G09017
671798683,64.7586,-10.4971,18.96,G09016;G09017
671800602,66.1069,-10.4349,19.11,G09016;G09017
671800985,66.2329,-10.17,19.12,G09016
671802323,66.537,-9.9624,18.97,G09016;G09017
671803776,65.5363,-10.0411,18.0,G09016;G09017
671803913,65.5046,-9.8648,19.13,G09016
671806131,66.3551,-9.0276,18.95,G09016;G09017
671807068,66.0705,-8.562,18.26,G09016;G09017
671852407,67.8369,-9.2123,18.52,G09016;G09017
671852584,67.9411,-9.0438,19.05,G09016
671853400,67.5488,-8.8287,18.35,G09016;G09017
671854309,68.5745,-8.6114,19.11,G09016
671854415,68.5427,-8.4763,18.89,G09016;G09017
671855016,68.0787,-8.3991,18.66,G09016;G09017
671857228,66.7051,-8.2575,18.57,G09016;G09017
671859155,67.7172,-7.5795,18.45,G09016;G09017
671860068,68.9312,-7.8872,18.82,G09016;G09017
671861199,68.7067,-7.6324,18.5,G09016;G09017
671862529,69.9503,-7.2405,18.32,G09016;G09017
671865862,68.2404,-7.0414,18.19,G09016;G09017
671866481,68.8246,-7.0219,18.46,G09016;G09017
671867097,69.1865,-6.6774,18.8,G09016;G09017
671867439,69.0998,-6.5194,17.94,G09016;G09102;G09017
671869092,66.0978,-8.0397,17.41,G09102
671870571,66.8646,-7.7081,18.86,G09016;G09017
671871082,67.1961,-7.3436,18.23,G09016;G09017
671871699,66.7378,-7.225,18.52,G09016;G09017
671876555,67.748,-6.9101,18.8,G09016;G09017
671876894,67.776,-6.809,19.13,G09016;G09017
671878937,68.5899,-6.2224,18.97,G09016;G09017
671882727,67.6352,-5.8391,18.18,G09016;G09017
671890587,70.132,-5.9852,19.25,G09016
671891158,69.2761,-6.0005,19.19,G09016
671893022,70.5144,-5.4889,18.66,G09016;G09017
671894377,70.2909,-5.0583,19.02,G09016
671894733,71.9406,-5.7043,19.12,G09016
671895476,72.1684,-5.3427,18.29,G09016;G09017
671900000,72.2046,-4.4417,18.52,G09016;G09017
671902801,71.1414,-4.3363,18.27,G09016;G09017
671903050,71.6354,-4.6067,10.17,G09194
671905177,71.7062,-4.0326,17.91,G09016;G09102;G09017;G09166
671906596,69.2323,-5.5396,18.88,G09016;G09017
671907663,68.5463,-5.2922,19.01,G09016;G09017
671910796,69.3972,-4.5741,18.61,G09016;G09017
671913274,67.9912,-4.4,17.25,G09016;G09102;G09017
671913714,69.168,-4.4069,19.13,G09016
671914861,68.6033,-4.3259,18.94,G09016;G09017
671920379,70.7799,-3.7806,17.12,G09016;G09102;G09017
671922729,70.0587,-3.5734,19.06,G09016;G09017
671962340,68.789,-3.5381,19.16,G09016;G09017
671968913,68.8715,-3.1988,18.08,G09016;G09017
672007304,77.6715,-8.5931,18.1,G09016;G09017;G09166
672012466,78.8252,-7.4549,17.77,G09016;G09102;G09017;G09166
672020587,77.9704,-7.8341,18.4,G09016;G09017
672020688,77.8217,-7.7478,18.14,G09016;G09017
672021929,77.0328,-7.6475,18.24,G09016;G09017
672023116,78.0385,-7.5016,17.8,G09102
672023668,78.1566,-7.3316,18.78,G09016;G09017
672026217,78.0882,-6.8643,18.86,G09016;G09017
672027748,76.9862,-7.3236,19.11,G09016
672028035,76.8271,-7.2743,17.74,G09016;G09102;G09017
672029848,77.3391,-7.1203,18.08,G09016;G09017;G09166
672031720,77.0032,-6.7494,18.91,G09016;G09017
672031839,77.0017,-6.6897,18.48,G09016;G09017
672058533,76.9638,-6.0828,18.89,G09016;G09017
672060071,76.2913,-5.7373,19.26,G09016
672063052,74.8096,-5.9596,19.08,G09016
672063452,75.0995,-5.858,18.93,G09016;G09017
672064531,76.1302,-5.6581,18.62,G09016;G09017
672064775,75.8013,-5.5899,19.02,G09016
67783750,64.4559,-11.8229,9.81,G09062
67810907,64.6998,-10.4522,15.7,G09016;G09102;G09017
70899085,64.1904,-12.0855,10.73,G09031;G09123;20SECONDTARGET
70991709,65.4249,-13.0904,13.58,G09123
71013298,65.7177,-12.677,10.27,G09031
71013469,65.6589,-13.3586,16.89,G09041
71131756,67.2453,-13.6616,8.12,G09062
71133030,67.3699,-12.2362,10.42,G09123
9293388,72.36,-10.5925,8.57,G09123
9293696,72.3732,-11.4995,12.73,G09004
9342336,72.7866,-9.7711,8.36,G09194
9344604,72.9094,-7.712,16.29,G09041
9344899,72.794,-8.4473,12.73,G09132
9354932,73.0138,-10.9743,12.78,G09004;G09123
9358986,73.0912,-10.9654,9.37,G09062
9380768,73.2686,-7.0068,10.51,G09020;G09123
9383184,73.3313,-10.8535,12.45,G09123
9383300,73.2961,-11.0906,17.72,G09016;G09017
9383386,73.339,-11.3067,12.67,G09123
9430704,73.4507,-8.1432,10.3,G09123
9433212,73.5469,-9.4983,11.69,G09079;G09036;G09039
9434357,73.6945,-11.3883,10.21,G09062
9434710,73.7071,-10.474,17.39,G09016;G09102;G09017;G09166
114955465,72.7887,-17.8568,9.1,G09062
117626744,67.6441,-17.9595,14.08,G09123
117645279,67.7948,-17.4471,13.77,G09123
117645980,67.8862,-15.752,11.77,G09180
117645981,67.8884,-15.752,9.82,G09180
117648603,68.0039,-17.7465,10.28,G09036;G09123
117733581,68.8186,-16.1136,12.84,G09123
117748478,69.2398,-16.2187,10.73,G09123;20SECONDTARGET
117772810,69.6965,-16.4557,16.31,G09102;G09166;20SECONDTARGET
117775924,69.8164,-17.8661,13.83,G09123
117798466,70.0992,-17.3449,11.87,G09123
117843554,70.2432,-17.1502,12.76,G09180
117843557,70.2496,-17.1528,12.73,G09180
117899477,71.1455,-17.6785,15.41,G09102;20SECONDTARGET
121548959,68.6432,-19.5061,12.79,G09123
121549920,68.8888,-19.9627,11.68,G09123;20SECONDTARGET
121550586,68.8012,-22.682,16.5,G09016;G09102;G09017
121568625,69.3542,-21.6456,9.25,G09020
121594249,69.8039,-18.7678,17.24,G09102
121634404,70.0416,-18.8846,12.2,G09180
121634766,70.1079,-18.3452,14.66,G09123;20SECONDTARGET
121634915,70.0436,-18.8804,11.4,G09180
121635147,70.1107,-19.6722,2.32,G09123;20SECONDTARGET
121635619,70.1182,-21.4221,11.76,G09123
121636424,70.2679,-23.4876,10.83,G09180
121636425,70.2664,-23.4875,10.66,G09180
121637793,70.2223,-18.7099,12.91,G09123;20SECONDTARGET
121639679,70.379,-23.9764,5.38,G09123
121644774,72.5549,-18.5771,9.46,G09062
121707431,72.9072,-18.5616,9.69,G09062
121710826,72.9739,-18.4795,13.22,G09123
139526882,63.5433,-21.4253,16.39,G09102;20SECONDTARGET
139527641,63.5446,-18.2092,9.23,G09062
139528693,63.7563,-22.1164,11.83,G09114;20SECONDTARGET
139548291,63.9309,-22.7551,9.8,G09062
139552249,64.4136,-20.1026,10.58,G09180
139552250,64.4142,-20.1016,10.06,G09180
139575826,64.5443,-23.4137,9.72,G09123
139578766,64.7006,-23.1718,17.61,G09166
139593929,65.0567,-20.208,12.41,G09194
139595280,65.1845,-22.0891,14.35,G09102;20SECONDTARGET
139635924,65.1999,-19.1604,17.35,G09102
139636194,65.3154,-20.192,7.67,G09062
139637712,65.4485,-21.7709,7.02,G09062;20SECONDTARGET
139638029,65.4353,-20.4423,10.8,G09180
139638039,65.3738,-20.3983,10.61,G09180
139648221,65.5564,-19.4211,8.0,G09062
139667496,65.7525,-23.4124,12.76,G09194
139668651,65.9005,-20.2742,7.6,G09062
139670393,66.038,-21.7828,13.51,G09123
139671163,66.1223,-23.1957,16.49,G09177
139680713,66.1717,-20.1201,11.71,G09041;20SECONDTARGET
139682680,66.2162,-22.6992,12.25,G09180;G09180
139683549,66.443,-21.9005,12.99,G09123;20SECONDTARGET
139701741,66.3968,-18.8007,11.69,G09196
139704026,66.6056,-22.7271,10.8,G09036
139705151,66.7225,-18.656,6.5,G09062
139723870,66.755,-19.57,9.35,G09062
139725285,66.9005,-23.2831,12.29,G09123
139725412,66.8942,-22.7802,10.09,G09123
139725959,66.8835,-20.7065,12.67,G09004
139731951,66.9805,-21.5044,6.86,G09194
139733308,67.2228,-21.4821,11.9,G09058;G09031;G09123;20SECONDTARGET
139758315,67.6351,-20.8944,11.42,G09180
139758317,67.6403,-20.8931,8.61,G09180
139766919,68.0018,-19.3491,16.46,G09016;G09102;G09017
139826494,68.284,-19.3582,7.59,G09123
139827347,68.3229,-20.8933,8.77,G09123
139829027,68.3265,-23.5795,9.07,G09123
149846221,62.5061,-18.7112,7.75,G09062
149846788,62.5467,-19.8148,13.84,G09102;20SECONDTARGET
149859684,62.7722,-18.4268,7.84,G09062;20SECONDTARGET
149859965,62.8387,-19.7999,9.55,G09180
149859967,62.8375,-19.8062,11.46,G09180
152370762,65.2933,-24.5392,8.77,G09123;20SECONDTARGET
152371007,65.3841,-24.2914,8.34,G09062
152371331,65.3808,-25.7289,5.74,G09062;20SECONDTARGET
152373738,65.6013,-24.1323,17.2,G09166
178215855,58.9125,-21.5958,8.11,G09062
178249461,59.4339,-20.267,8.05,G09123
178251714,59.6313,-20.1171,11.85,G09123
178273822,60.0476,-23.3315,12.18,G09194
178274673,60.0012,-19.2469,6.66,G09062
178284266,60.4589,-18.3673,7.23,G09062
178284729,60.3876,-20.4505,12.27,G09180
178284730,60.3855,-20.4509,10.31,G09114;G09031;G09180;20SECONDTARGET
178284735,60.4672,-20.475,7.33,G09062
178285451,60.5235,-23.7004,9.48,G09123
178286929,60.6279,-19.4985,7.42,G09062
178289267,60.9482,-19.0569,11.71,G09058;G09114;20SECONDTARGET
178320743,61.1062,-19.8415,12.3,G09123
178322956,61.248,-21.4623,12.61,G09194
178348507,61.4609,-19.6564,12.34,G09123
178349868,61.5582,-21.8273,13.01,G09123
178350442,61.5224,-19.2949,9.63,G09123
178351350,61.6456,-20.8589,8.47,G09123
178351535,61.6905,-21.6727,7.38,G09062
178352046,61.8233,-23.6451,11.11,G09079;G09036;G09039
178353054,61.797,-18.7426,16.1,G09016;G09102;G09017;G09166
178805087,66.0479,-23.943,9.81,G09123
178831764,66.6403,-25.0411,14.36,G09041;G09025
178857300,66.6701,-24.9505,11.17,G09196
178858648,66.8505,-27.9354,9.45,G09020
178872239,67.1482,-25.1729,9.82,G09123;20SECONDTARGET
178879452,67.4386,-27.6233,11.7,G09123
178879588,67.4186,-28.1972,13.26,G09058;G09142;20SECONDTARGET
178893906,67.6132,-27.8727,13.64,G09102;20SECONDTARGET
178896096,67.8679,-24.6991,15.43,G09102;20SECONDTARGET
178937531,68.3933,-27.8903,16.05,G09102;20SECONDTARGET
178945062,68.7274,-25.0393,6.93,G09062;20SECONDTARGET
178947176,68.9014,-25.4611,9.88,G09123;20SECONDTARGET
178947400,68.8247,-24.533,6.24,G09062;20SECONDTARGET
178952927,69.1414,-27.5787,5.68,G09123;20SECONDTARGET
178953197,69.1661,-26.429,8.17,G09062
178954200,69.2904,-25.5562,8.23,G09062
179034327,64.1839,-26.7668,9.06,G09031;G09123;G09126;20SECONDTARGET
179034958,64.4047,-24.3309,10.71,G09123;20SECONDTARGET
179047457,64.2945,-26.757,16.82,G09016;G09102;G09017
179049515,64.6686,-25.118,12.13,G09123
179105394,65.0566,-26.4394,12.81,G09123
229078120,63.3578,-22.8091,16.89,G09166
229078338,63.4957,-23.8727,9.54,G09123
229078909,63.4954,-21.3758,16.82,G09102
229079718,68.4797,-18.1789,7.14,G09062
319313276,61.8649,-17.1877,14.23,G09102;20SECONDTARGET
332558858,61.6863,-16.7559,12.59,G09058;20SECONDTARGET
332622018,62.4164,-17.763,12.98,G09123
332622374,62.6107,-16.6957,16.51,G09016;G09102;G09017
332644133,62.6343,-16.6347,17.8,G09041
332699983,63.5462,-16.126,16.33,G09177
332706753,63.7456,-14.4051,8.47,G09062
398778114,71.9704,-21.4524,12.76,G09180
398778117,71.9738,-21.4579,10.37,G09180
398792541,72.2612,-18.6915,17.51,G09041
398792575,72.2665,-18.7892,12.16,G09123
398792837,72.3311,-19.633,9.39,G09062
398796167,72.4063,-18.1166,15.81,G09102;G09166;20SECONDTARGET
402147365,70.7679,-23.572,12.57,G09004
406498177,70.8221,-23.6284,6.68,G09062;20SECONDTARGET
423498764,71.644,-22.7798,8.26,G09062
423517986,71.7096,-18.3995,7.43,G09062
423518609,71.7417,-20.3253,16.86,G09016;G09102;G09017;G09166
423520098,71.8482,-22.5613,8.23,G09062
44737391,60.8706,-24.4603,4.7,G09123
44739823,61.2258,-24.4264,8.43,G09194
44745133,61.6578,-25.3496,12.58,G09058;20SECONDTARGET
44792534,61.941,-25.2089,9.78,G09058;G09123;20SECONDTARGET
44799663,62.5615,-25.2245,17.83,G09016;G09017
44799692,62.6844,-25.0965,6.79,G09062
44897584,63.938,-25.5706,10.67,G09123
44897947,63.9944,-24.0078,8.24,G09194;G09062
44898117,64.1155,-24.6092,12.6,G09004
44898160,64.0614,-24.7896,8.6,G09062
471015340,62.2817,-25.3708,16.4,G09177
471015389,66.1725,-16.7164,16.64,G09177
471015762,64.3213,-13.8071,14.75,G09123
471016004,65.0153,-24.3302,18.26,G09016;G09017
651567731,59.7417,-23.5636,18.3,G09016;G09017
651567802,59.7065,-23.3939,17.82,G09016;G09102;G09017;G09166
651568303,59.7705,-23.207,16.01,G09016;G09102;G09017
651615352,59.8907,-22.6845,18.99,G09016;G09017
651616260,59.8529,-21.9053,16.74,G09016;G09102;G09017;G09166
651616479,59.5605,-21.6372,18.08,G09016;G09017
651619024,59.9355,-20.5865,18.17,G09016;G09017
651619216,59.4858,-20.458,18.76,G09016;G09017
671201581,71.6543,-22.8608,17.66,G09016;G09102;G09017;G09166
671206684,70.8279,-21.8698,18.97,G09016;G09017
671207062,70.7582,-21.7772,18.85,G09016;G09017
671207222,71.0207,-21.534,18.27,G09016;G09017
671207998,72.158,-21.3396,19.2,G09016
671215495,72.1691,-20.564,19.08,G09016;G09017
671264300,70.6051,-21.6255,18.16,G09166
671265605,70.1799,-20.9577,17.96,G09016;G09102;G09017;G09166
671265857,70.9875,-21.1082,12.21,G09180
671266428,71.6188,-20.7124,18.92,G09016;G09017
671266878,70.6487,-20.8827,17.91,G09016;G09102;G09017
671270928,69.9098,-20.2874,18.48,G09016;G09017
671270942,69.8552,-20.2684,17.96,G09016;G09017
671273347,71.4437,-20.0227,19.14,G09016
671274749,73.0053,-19.5675,18.42,G09016;G09017
671278332,70.9895,-18.8908,18.86,G09016;G09017
671279238,71.9068,-18.8446,19.27,G09016
671280068,71.824,-18.7024,18.93,G09016;G09017
671283578,69.9061,-19.2552,18.28,G09016;G09017
671284352,69.5984,-19.1574,17.98,G09016;G09102;G09017
671285142,68.6001,-19.5197,18.14,G09016;G09017
671285411,68.359,-19.3381,19.0,G09016;G09017
671287859,68.3419,-18.7742,18.92,G09016;G09017
671288348,68.7491,-18.4469,18.06,G09016;G09017;G09166
671289814,69.8548,-18.8151,19.11,G09016
671291024,71.0198,-18.3647,18.41,G09016;G09017
671291987,70.6176,-18.2299,19.09,G09016
671293090,69.4309,-18.4915,17.7,G09102
671293657,70.1256,-18.0503,19.02,G09016
671296031,69.8078,-17.4843,18.29,G09016;G09017
671297017,72.9225,-19.156,18.59,G09016;G09017
671298056,72.8721,-18.7981,18.11,G09016;G09017
671299303,73.7732,-18.4883,17.52,G09016;G09017;G09102;G09166
671303336,72.2324,-17.8548,19.26,G09016
671317570,71.9711,-17.7576,17.76,G09102
671483434,67.9679,-18.6236,17.91,G09016;G09102;G09017;G09166
671485508,67.0316,-18.3562,18.68,G09016;G09017
671486664,66.6208,-17.7429,17.47,G09016;G09102;G09017
671487462,67.9269,-17.5306,18.28,G09016;G09017
671489293,69.3156,-17.533,17.85,G09016;G09102;G09017;G09166
671489809,68.7368,-17.5038,19.23,G09016
671493150,68.2486,-16.9948,17.44,G09016;G09102;G09017;G09166
671494560,68.8233,-16.6481,17.3,G09016;G09102;G09017
671494990,69.1416,-16.3955,17.31,G09016;G09102;G09017;G09166
671495059,69.027,-16.2973,18.94,G09016;G09017
671498729,67.0668,-16.8338,18.68,G09016;G09017
671501162,65.3646,-16.804,17.85,G09016;G09017
671501631,66.1724,-16.7163,16.89,G09016;G09102;G09017
671504319,67.3584,-16.4275,17.43,G09016;G09017;G09102;G09166
671504357,67.4409,-16.3333,19.3,G09016
671507380,66.7789,-15.9955,18.54,G09016;G09017
671509822,67.0595,-15.2829,18.16,G09016;G09017
671541496,64.8819,-16.412,18.34,G09016;G09017
671541835,64.4771,-16.4107,18.84,G09016;G09017
671543622,65.2775,-15.7075,19.14,G09016
671543773,64.8376,-15.6256,16.86,G09102;G09166
671544649,63.7166,-15.9583,18.51,G09016;G09017
671545016,64.3215,-15.7132,19.24,G09016
671545481,63.6323,-15.6676,17.45,G09016;G09102;G09017
671546549,65.3637,-15.0819,18.1,G09016;G09017
671547816,66.1503,-15.4623,18.28,G09016;G09017
671547843,66.335,-15.4969,18.68,G09016;G09017
671547859,66.2763,-15.4744,18.34,G09016;G09017
671548112,66.152,-15.2854,17.48,G09016;G09102;G09017
671548968,65.4715,-15.0714,17.89,G09016;G09102;G09017
671552404,65.0013,-14.6625,19.29,G09016
671556767,63.938,-15.0416,18.84,G09016;G09017
671557066,63.7873,-14.7664,18.84,G09016;G09017
671561072,62.9647,-13.9002,17.91,G09016;G09017
671561520,63.6022,-13.5744,18.34,G09016;G09017
671561691,63.0808,-13.5262,18.12,G09016;G09017
671561716,63.2473,-13.5127,18.67,G09016;G09017
686308606,62.5413,-25.6298,18.49,G09016;G09017
686310852,62.2818,-25.3708,16.67,G09102
686311510,61.4998,-25.1597,17.61,G09016;G09102;G09017
686311683,61.8568,-25.0572,18.03,G09016;G09017
686311954,61.9482,-24.7749,18.33,G09016;G09017
686311959,61.965,-24.7688,19.17,G09016
686315204,68.2667,-28.3589,17.43,G09016;G09017;G09102;G09166
686320378,68.4193,-27.9817,18.53,G09016;G09017
686324751,68.25,-26.706,17.92,G09016;G09102;G09017;G09166
686328416,66.1668,-27.5087,18.96,G09016;G09017
686330077,66.5465,-26.9209,17.45,G09016;G09102;G09017;G09166
686331230,65.2074,-27.2824,18.67,G09016;G09017
686334145,67.5411,-26.7793,18.68,G09016;G09017
686336705,68.1526,-25.9784,18.69,G09016;G09017
686339517,67.486,-25.5266,18.85,G09016;G09017
686345278,69.5483,-26.2419,19.02,G09016
686345585,70.0081,-26.0586,17.61,G09016;G09102;G09017;G09166
686358325,69.1711,-25.0939,18.58,G09016;G09017
686360365,69.9409,-24.4331,17.8,G09016;G09102;G09017;G09166
686360537,69.5169,-24.7053,18.29,G09016;G09017
686360866,69.2208,-24.4913,18.7,G09016;G09017
686362857,68.2133,-24.5923,18.8,G09016;G09017
686368773,70.7043,-23.2775,19.06,G09016
686369768,69.6183,-23.4749,18.79,G09016;G09017
686370675,69.0027,-23.3048,18.7,G09016;G09017
686371537,70.0937,-23.0686,17.93,G09016;G09102;G09017;G09166
686372172,70.5981,-22.5038,18.89,G09016;G09017
686373652,65.0358,-26.8172,17.35,G09016;G09017;G09102;G09166
686374775,64.5194,-26.214,18.79,G09016;G09017
686375429,65.8005,-26.0228,18.88,G09016;G09017
686376382,65.557,-25.5573,19.13,G09016
686376804,64.2235,-26.2076,17.96,G09016;G09102;G09017;G09166
686377117,64.1782,-26.122,18.29,G09016;G09017
686379305,64.3467,-25.4378,18.66,G09016;G09017
686379353,64.2059,-25.4067,17.99,G09016;G09102;G09017;G09166
686379898,64.8845,-24.9372,18.19,G09016;G09017
686381923,66.181,-24.743,18.77,G09016;G09017
686383057,66.3005,-24.6743,18.29,G09016;G09017
686384300,65.9785,-24.7029,18.56,G09016;G09017
686385425,65.4084,-24.1709,18.61,G09016;G09017
686386241,66.276,-23.9653,19.96,G09166
686386502,65.6093,-24.1235,17.28,G09016;G09102;G09017
686386605,65.8508,-24.0033,18.27,G09016;G09017
686389334,63.8644,-24.8076,19.07,G09016
686389434,64.2326,-24.8038,18.35,G09016;G09017
686389995,63.7672,-24.6304,18.53,G09016;G09017
686390687,62.548,-25.1184,19.28,G09016
686391764,62.0253,-24.5806,19.25,G09016
686391887,62.1819,-24.3627,18.81,G09016;G09017
686392241,62.667,-24.1563,18.96,G09016;G09017
686394638,65.2436,-23.9621,17.3,G09102
686395230,64.4296,-23.855,19.29,G09016
686396801,65.1395,-23.2089,18.26,G09016;G09017
686398584,63.8833,-23.2225,19.16,G09016
686398973,64.6957,-23.1772,17.71,G09016;G09102;G09017
686400671,67.6053,-24.4174,17.94,G09016;G09017
686401581,67.1231,-24.232,18.88,G09016;G09017
686401653,67.0422,-24.102,18.13,G09016;G09017
686405944,67.6985,-22.8532,17.89,G09102;G09166
686406773,67.3269,-22.5654,18.28,G09016;G09017
686409057,69.1027,-22.2083,18.09,G09016;G09017
686410572,69.1476,-21.9998,19.06,G09016
686410857,69.5071,-21.8298,18.96,G09016;G09017
686413184,69.1464,-21.7642,18.27,G09016;G09017
686414668,69.0154,-21.0832,17.48,G09016;G09102;G09017;G09166
686415642,66.2157,-22.6987,12.55,G09180
686415711,66.4907,-22.5746,18.45,G09016;G09017
686416008,65.5566,-22.6949,18.36,G09016;G09017
686416813,66.5283,-22.4021,18.65,G09016;G09017
686418956,65.6337,-21.9506,18.99,G09016;G09017
686419135,65.0858,-22.1809,18.66,G09016;G09017
686419609,65.5988,-21.7858,19.27,G09016
686423530,68.1523,-21.0403,18.52,G09016;G09017
686425082,66.8568,-21.2417,19.28,G09016
686425248,66.9947,-20.9888,18.46,G09016;G09017
686426803,67.4958,-20.6394,18.08,G09016;G09017
686428021,66.9158,-20.1544,16.9,G09016;G09102;G09017
686430839,61.0145,-24.8675,19.27,G09016
686432368,60.3506,-24.5192,17.57,G09016;G09102;G09017
686433144,61.0313,-23.8471,18.91,G09016;G09017
686434206,60.3443,-23.3373,18.1,G09016;G09017
686435360,61.7247,-24.0387,18.2,G09016;G09017
686437461,62.5586,-23.0836,17.9,G09016;G09102;G09017
686439527,61.9439,-23.069,18.89,G09016;G09017
686440864,62.0722,-22.2655,18.29,G09016;G09017
686441200,63.2552,-23.0885,19.1,G09016
686441435,63.3001,-22.9172,18.82,G09016;G09017
686441469,63.361,-22.8113,16.89,G09016;G09102;G09017
686444568,62.613,-22.4884,18.51,G09016;G09017
686445774,62.1245,-21.8977,18.75,G09016;G09017
686445991,62.8329,-21.7147,18.99,G09016;G09017
686446054,62.7598,-21.6924,18.79,G09016;G09017
686446086,62.3815,-21.8159,19.09,G09016
686446253,62.5199,-21.5073,18.68,G09016;G09017
686447586,62.9979,-21.1278,19.27,G09016
686450260,61.443,-21.8352,17.11,G09102;G09166
686450765,61.4158,-21.6532,19.01,G09016;G09017
686452041,60.7892,-21.1907,19.11,G09016
686452964,61.6299,-21.7379,18.11,G09166
686453747,61.7781,-21.3165,18.95,G09016;G09017
686454581,62.6068,-21.0413,17.24,G09016;G09102;G09017
686455595,62.059,-20.646,18.04,G09016;G09017
686460692,64.8027,-20.976,18.97,G09016;G09017
686462329,65.66,-20.4883,19.02,G09016;G09017
686462349,65.5002,-20.4768,19.23,G09016
686463490,63.5856,-20.9765,18.04,G09016;G09017
686463538,63.5043,-20.9173,19.04,G09016;G09017
686464435,64.7989,-20.4568,17.99,G09016;G09102;G09017
686464602,64.7369,-20.2849,18.84,G09016;G09017
686464793,65.0326,-20.1204,19.2,G09016
686465463,64.3875,-19.902,18.77,G09016;G09017
686467936,66.4798,-19.7587,19.66,G09041
686468347,67.0693,-19.4128,19.11,G09016;G09017
686471654,66.2593,-18.8702,19.24,G09016
686471884,65.9132,-18.994,18.19,G09016;G09017
686472414,66.2668,-18.5967,18.56,G09016;G09017
686472547,66.0097,-18.5137,18.36,G09016;G09017
686474665,64.2244,-19.7826,19.13,G09016
686474895,64.0535,-19.6864,18.77,G09016;G09017
686480555,64.8859,-18.7781,18.83,G09016;G09017
686481518,64.8036,-18.4034,18.38,G09016;G09017
686481694,65.3096,-18.6522,18.98,G09016;G09017
686482941,65.0958,-17.9947,18.3,G09016;G09017
686483324,65.3809,-17.7482,19.09,G09016
686483513,63.9864,-18.5768,19.04,G09016
686484228,64.3106,-18.1673,18.45,G09016;G09017
686485125,64.0749,-17.7626,16.36,G09102;G09166
686485170,63.8335,-17.7186,19.11,G09016
686487968,60.6372,-20.1809,18.99,G09016;G09017
686489744,60.5255,-19.5218,18.06,G09016;G09017
686490450,60.2707,-19.3641,18.77,G09016;G09017
686491355,60.8733,-18.6125,18.64,G09016;G09017
686492795,62.1519,-19.0154,18.66,G09016;G09017
686493466,61.6074,-18.7125,18.21,G09016;G09017;G09166
686494318,62.5909,-18.3413,18.72,G09016;G09017
686495291,62.7604,-17.9831,18.74,G09016;G09017
686495383,62.3745,-18.0278,18.12,G09016;G09017
686497416,61.6447,-17.9151,18.6,G09016;G09017
686502508,63.1322,-16.8938,18.43,G09016;G09017
686503340,62.4854,-16.6737,17.96,G09016;G09102;G09017;G09166
686505265,60.6615,-17.8835,19.09,G09016
686505553,60.7943,-17.8689,19.13,G09016
686510178,61.9592,-16.6276,18.59,G09016;G09017
686510746,62.1406,-16.1839,18.0,G09016;G09102;G09017
686512970,62.8573,-15.3901,19.11,G09041
70887357,63.8578,-16.9022,8.65,G09079;G09036;G09039
70911898,64.6066,-15.6349,12.76,G09123
70960821,64.8483,-17.1798,12.51,G09123
70963660,65.0194,-17.4525,14.46,G09102;20SECONDTARGET
70987703,65.2392,-16.4709,16.89,G09102
71010853,65.4726,-15.0806,17.75,G09166
71011070,65.4354,-16.0043,16.99,G09102
71047654,66.4536,-14.9333,9.79,G09062
71090087,66.6342,-16.9104,10.49,G09123
71108915,66.9166,-17.794,9.68,G09123
123573766,89.1216,-19.4931,12.06,G09079;G09036;G09039
123574104,89.1067,-20.0384,7.96,G09062
123626539,89.2872,-20.8589,17.36,G09102
123762910,90.2282,-22.0839,13.01,G09180
123762911,90.2271,-22.0837,12.28,G09180
123800210,90.4948,-20.6974,11.53,G09194
123849820,90.6165,-20.5395,17.32,G09102
123901010,90.854,-21.791,6.92,G09062
123930573,91.1758,-21.3187,17.08,G09102
124026958,91.5998,-23.3456,10.07,G09123
124029363,91.5559,-20.3521,12.33,G09102;20SECONDTARGET
124029677,91.5404,-19.9536,11.21,G09058;G09123;20SECONDTARGET
124033255,91.7144,-19.8397,12.14,G09079;G09036;G09039
124033256,91.6228,-19.8414,17.03,G09016;G09102;G09017;G09166
124085445,91.9535,-18.4002,9.87,G09194
124086703,91.9195,-19.8586,14.97,G09102;20SECONDTARGET
124127620,92.0534,-18.8664,15.42,G09102
124128680,92.1933,-18.0484,9.61,G09031
124185370,92.3581,-21.209,17.68,G09016;G09017
124229161,92.4506,-22.7739,5.26,G09062;20SECONDTARGET
124273574,92.5827,-20.1166,15.37,G09102
124279525,92.6431,-21.87,6.41,G09123;20SECONDTARGET
124377750,92.9456,-22.803,8.41,G09062
124379043,93.1147,-23.4925,12.07,G09058;20SECONDTARGET
124428559,93.1649,-20.7917,11.65,G09180
124428560,93.1656,-20.7926,12.54,G09180
160301040,88.6264,-19.7045,6.85,G09194;G09123
172081160,97.7894,-24.6927,9.18,G09062
172081181,97.8045,-24.6638,14.41,G09123
287842750,97.6633,-17.9236,6.99,G09062
287913071,97.7492,-14.4889,8.71,G09150
288356728,98.5829,-16.0105,7.17,G09062
290051427,91.6717,-16.2646,11.55,G09180
290051429,91.6745,-16.2599,7.61,G09180
299903137,97.3599,-25.2248,10.86,G09020
299967130,97.5387,-24.5437,13.35,G09123
306330414,90.8244,-16.0434,6.94,G09062;20SECONDTARGET
306335116,90.9842,-13.9496,7.65,G09062
306362738,91.0899,-16.9655,10.82,G09058;20SECONDTARGET
306363129,91.1029,-16.3935,16.68,G09102
306363166,91.0944,-16.3402,12.5,G09031
306364711,91.0544,-14.084,6.5,G09062
306367136,91.5061,-12.6799,12.36,G09180
306367142,91.5114,-12.692,10.08,G09180
306368940,91.4836,-14.834,10.62,G09180
306368941,91.4825,-14.8342,11.4,G09180
317601284,88.4624,-17.6814,16.76,G09177;G09102;20SECONDTARGET
317601968,88.6473,-17.1519,13.46,G09123
317800288,89.2451,-15.551,9.44,G09062
317801371,89.1924,-17.2542,13.35,G09123
317921889,89.905,-16.7861,7.25,G09062;20SECONDTARGET
318011831,90.0168,-14.68,12.84,G09180
318011832,90.0193,-14.6808,12.64,G09180
318015989,90.0956,-14.8812,17.35,G09016;G09102;G09017
318016230,90.1179,-14.4936,9.86,G09123
322571084,89.6385,-23.33,11.11,G09196;G09196
322572746,89.6165,-20.6911,9.52,G09062
322739572,101.1423,-16.9739,18.61,G09016;G09017
322897154,101.3207,-15.5848,14.08,G09041;20SECONDTARGET
333499483,100.4323,-16.2106,8.54,G09062
33419790,87.4027,-21.2398,9.49,G09020
33422869,87.6009,-19.7898,18.42,G09016;G09017
33521996,88.1468,-19.0316,13.34,G09142;G09031;20SECONDTARGET
33552799,88.2193,-21.3814,10.75,G09123
33692053,93.1265,-15.3508,17.34,G09016;G09102;G09017;20SECONDTARGET
33692729,93.0576,-14.6488,8.76,G09123;20SECONDTARGET
33789855,93.3298,-14.0261,9.11,G09062
33798269,93.5391,-17.7805,12.26,G09180
33798272,93.5356,-17.7783,10.24,G09180
33798564,93.574,-17.4805,7.33,G09062
33866942,93.5161,-17.0871,12.63,G09180
33866951,93.5186,-17.0819,11.01,G09180
33869471,93.5532,-14.6046,12.36,G09123
33869474,93.5536,-14.603,12.33,G09123
33938658,93.7889,-15.0252,11.7,G09123
33996992,94.043,-13.3453,12.99,G09123;20SECONDTARGET
33997020,94.1298,-13.3242,11.78,G09123
34077285,94.1645,-13.9873,9.26,G09031;G09123;20SECONDTARGET
34142502,94.4499,-15.6911,14.11,G09123
34187770,94.5931,-17.6491,17.14,G09166
34259379,94.6599,-16.6893,17.82,G09166
34264736,94.7612,-14.2869,16.06,G09177;20SECONDTARGET
34373877,95.1778,-13.1252,16.4,G09102;G09166
34378156,95.2153,-16.6132,15.76,G09123
34524641,95.4805,-16.5043,15.31,G09123
34527902,95.5275,-16.5144,12.67,G09123
34590771,95.6749,-17.9559,9.36,G09150
346434159,96.9409,-14.6885,17.39,G09166
34652088,95.7431,-15.0362,17.2,G09102
34659392,95.8945,-14.2406,16.5,G09016;G09102;G09017;G09166
34726609,95.9426,-16.4988,16.03,G09016;G09102;G09017;G09166
34788872,96.2261,-13.2307,7.57,G09062;20SECONDTARGET
34855316,96.4796,-14.2455,16.34,G09016;G09102;G09017;20SECONDTARGET
37879043,94.4064,-24.4456,7.04,G09062;20SECONDTARGET
407686084,96.7094,-23.2516,8.72,G09117
408907858,92.0701,-17.2301,9.52,G09062
408908804,92.0264,-15.9015,6.5,G09062;20SECONDTARGET
409009431,92.7298,-13.167,12.1,G09031
409010876,92.6806,-14.838,16.93,G09102
421832755,100.6768,-16.7408,11.92,G09194
443450339,98.7842,-15.1789,12.24,G09196
443507234,99.0852,-15.0771,16.14,G09016;G09102;G09017;G09166
443546268,99.2889,-14.2584,9.28,G09194
443547096,99.2576,-14.6713,8.25,G09062
443554222,99.385,-16.9753,15.67,G09102;G09166;20SECONDTARGET
443556801,99.3639,-15.4809,11.37,G09031;G09123;20SECONDTARGET
444949806,91.2775,-12.5956,12.67,G09194
445063418,91.2276,-17.5058,17.55,G09166
445145849,100.7382,-15.7342,7.4,G09062
47499442,96.894,-19.5736,16.62,G09016;G09102;G09017;20SECONDTARGET
47517148,98.316,-24.4704,9.22,G09194
47546294,97.1611,-21.6278,16.2,G09016;G09102;G09017;G09166
47596312,97.2753,-20.9671,16.9,G09102
47600599,97.3566,-22.591,6.93,G09194
47642257,97.4871,-18.8208,10.05,G09180
47642259,97.484,-18.8256,11.35,G09180
47648930,97.6047,-22.298,10.54,G09062
47717097,97.8382,-20.631,7.56,G09194
47720259,97.8917,-23.9516,10.28,G09031
47763235,97.964,-23.4184,4.65,G09150;20SECONDTARGET
47856136,98.1921,-23.4486,9.86,G09062
47859191,98.2279,-20.8602,13.09,G09123
47910521,98.2381,-22.9187,16.83,G09016;G09102;G09017;G09166
47911178,98.3511,-23.486,9.79,G09058;G09114;20SECONDTARGET
48047540,98.6982,-21.3512,8.52,G09062
48093802,98.7993,-20.7685,15.33,G09102
48177984,99.1772,-23.5368,17.69,G09166
48178703,99.1316,-22.9338,12.8,G09180
48178704,99.1296,-22.9323,12.6,G09180
48235733,99.1968,-20.3866,8.91,G09196
48322129,99.3408,-23.0457,16.66,G09177
48543298,96.2801,-25.1364,11.43,G09123
48544437,96.4968,-24.1194,10.15,G09062
48544557,96.4856,-24.2519,8.73,G09062
48620502,96.5663,-24.5175,11.84,G09123
48621773,96.7478,-24.9211,17.1,G09041
48756323,100.4102,-19.3734,16.9,G09102
49609982,95.3004,-24.5123,8.21,G09062;G09123
49610019,95.2189,-24.4672,9.95,G09194
49669872,95.6194,-24.8141,17.51,G09102;G09166
49775101,96.1937,-24.5428,10.09,G09062
59710513,93.6729,-18.0815,7.7,G09194
59751429,94.0027,-21.2567,12.75,G09036
59752641,93.9109,-19.8051,7.69,G09062;20SECONDTARGET
59843967,94.1121,-22.5469,12.76,G09058;20SECONDTARGET
59846132,94.266,-22.7172,5.53,G09062;20SECONDTARGET
59849848,94.2234,-18.7709,9.19,G09062
59850018,94.2192,-18.6065,6.89,G09062;20SECONDTARGET
59884578,94.3648,-21.608,11.71,G09196
59948913,94.4842,-20.5145,17.31,G09166
60034959,95.0039,-23.5834,16.82,G09016;G09102;G09017
60040774,94.985,-17.9723,16.88,G09016;G09102;G09017;20SECONDTARGET
60040830,94.9933,-17.8854,16.75,G09016;G09102;G09017;G09166
60122948,95.2362,-19.6061,17.74,G09016;G09017
60234491,95.4768,-20.9236,10.17,G09196
60349321,95.9906,-22.381,13.55,G09123
60349894,95.9605,-21.8395,11.38,G09180
60349896,95.9605,-21.8382,12.44,G09180
60350450,96.0435,-21.3334,17.35,G09102
60521063,96.494,-22.9505,9.82,G09062
60527886,96.5867,-18.8348,15.77,G09102
60584862,96.6104,-22.1296,16.27,G09102
706557657,94.8118,-24.687,18.8,G09016;G09017
706558016,94.6052,-24.6251,18.22,G09016;G09017
706565205,94.1233,-24.6037,18.73,G09016;G09017
706568463,93.2504,-24.3814,19.07,G09016
706574569,94.6908,-23.9981,19.03,G09016
706605784,91.6878,-23.926,17.69,G09016;G09102;G09017;G09166
706611617,92.6263,-24.1467,18.97,G09016;G09017
706611782,92.9413,-24.1316,18.99,G09016;G09017
706612443,93.1412,-24.1268,18.64,G09016;G09017
706619263,93.5907,-23.6843,17.55,G09102;G09166
706624182,93.3459,-23.2547,18.08,G09016;G09017
706626547,93.6836,-22.862,18.77,G09016;G09017
706631173,92.2889,-23.2165,19.05,G09016;G09017
706635407,92.144,-22.7363,17.04,G09102
706636202,93.1297,-23.0197,19.23,G09016
706639497,93.2146,-22.4823,18.97,G09016;G09017
706643071,92.5966,-22.4017,17.95,G09016;G09102;G09017;G09166
706721866,87.866,-22.674,17.42,G09016;G09102;G09017;G09166
706724847,87.0161,-22.4245,12.84,G09180
706735170,90.9432,-23.3095,18.09,G09016;G09017
706737507,90.249,-23.1781,18.69,G09016;G09017
706739164,90.6819,-22.8605,18.63,G09016;G09017
706744409,88.9664,-23.0316,17.23,G09016;G09017;G09102;G09166
706751856,89.9272,-22.4287,19.04,G09016
706753644,91.3782,-23.1308,19.18,G09016;G09017
706758977,90.9812,-22.4148,17.83,G09016;G09102;G09017;G09166
706764230,92.4234,-22.0236,18.16,G09016;G09017
706775140,90.8215,-21.871,18.48,G09016;G09017
706778059,91.2509,-21.7847,18.78,G09016;G09017
706790976,88.8121,-22.2956,18.59,G09016;G09017
706791581,88.7003,-22.2447,18.96,G09016;G09017
706792443,89.4731,-22.421,17.73,G09102
706796488,88.7127,-22.0916,18.78,G09016;G09017
706802242,88.2534,-21.7435,18.21,G09016;G09017
706805938,88.7985,-21.7843,18.66,G09016;G09017
706806831,88.5558,-21.614,18.6,G09016;G09017
706808218,88.922,-21.3997,19.2,G09016
706809942,88.1057,-21.4144,19.25,G09016
706817011,89.5287,-21.4786,18.07,G09016;G09017
706821434,90.5767,-20.8783,19.15,G09016
706828791,89.3004,-21.0257,18.61,G09016;G09017
706834017,89.1222,-20.3424,18.85,G09016;G09017
706835728,89.742,-20.4325,19.02,G09016
706996504,97.7567,-24.8174,18.21,G09016;G09017
707001373,97.4589,-24.8056,19.0,G09016;G09017
707030123,96.5523,-24.0031,18.95,G09016;G09017
707040878,98.8995,-23.9263,18.93,G09016;G09017
707044408,98.2167,-24.0286,16.38,G09177
707048143,98.6149,-23.7767,18.25,G09016;G09017
707054465,99.1747,-23.5459,17.75,G09016;G09102;G09017
707056206,99.3674,-23.4716,17.91,G09016;G09102;G09017
707071196,97.4767,-23.5909,19.24,G09016
707084208,97.7786,-22.7349,17.33,G09102
707085323,98.3952,-23.0962,18.65,G09016;G09017
707086394,98.5678,-22.9068,17.46,G09016;G09102;G09017
707088151,98.4124,-22.8196,18.35,G09016;G09017
707091969,98.7721,-22.6279,17.91,G09016;G09102;G09017;G09166
707124791,99.5681,-21.8302,19.24,G09016
707126952,99.1032,-21.9997,18.65,G09016;G09017
707134999,99.7228,-21.8993,18.57,G09016;G09017
707138817,99.9546,-21.2871,18.46,G09016;G09017
707140366,99.7865,-21.3966,17.1,G09102
707142939,99.3907,-21.267,18.87,G09016;G09017
707144181,99.7295,-21.2388,19.23,G09016
707145167,99.6628,-21.1643,18.99,G09016;G09017
707148642,95.6313,-24.3655,18.33,G09016;G09017
707154546,95.4631,-24.1178,18.67,G09016;G09017
707170758,96.1239,-22.9877,18.81,G09016;G09017
707189510,95.4971,-22.6487,19.25,G09016
707198822,97.233,-22.8257,18.11,G09166
707198823,97.2246,-22.8229,18.2,G09016;G09017
707201584,97.5142,-22.4904,19.04,G09016
707208244,96.9442,-22.2937,17.18,G09102;G09166
707208767,96.8502,-22.2041,18.85,G09016;G09017
707208969,97.0336,-22.2453,15.85,G09041;20SECONDTARGET
707209286,97.1182,-22.1175,17.54,G09102;G09166
707231321,96.9743,-22.0071,18.96,G09016;G09017
707232957,96.6945,-21.9565,18.6,G09016;G09017
707238117,96.4636,-21.7793,18.8,G09016;G09017
707238759,96.4265,-21.6149,19.25,G09016
707263064,93.7541,-22.7386,19.1,G09016
707266786,94.2044,-22.1784,18.84,G09016;G09017
707270059,95.3878,-22.2162,12.57,G09194
707273666,94.8855,-22.029,19.11,G09016
707275341,94.5968,-21.8188,17.79,G09016;G09017;G09166
707279356,93.6317,-22.3951,18.79,G09016;G09017
707284157,93.1636,-22.0726,19.2,G09016
707287385,93.4036,-21.6948,18.98,G09016;G09017
707289414,94.4744,-21.6407,18.68,G09016;G09017
707293272,94.3863,-21.3057,19.08,G09016
707299295,94.2849,-20.9237,18.94,G09016;G09017
707302616,95.5686,-21.5668,18.09,G09016;G09017
707309108,95.2132,-21.1937,19.19,G09016
707313482,96.4552,-21.1444,19.05,G09016
707315081,96.3776,-20.9632,18.49,G09016;G09017
707317032,96.9972,-20.7692,18.56,G09016;G09017
707321039,96.189,-20.6653,19.06,G09016;G09017
707334593,94.4913,-20.5188,17.38,G09016;G09102;G09017
707339651,95.6646,-20.2668,18.5,G09016;G09017
707345356,95.168,-19.8854,18.52,G09016;G09017
707351257,98.135,-21.6712,17.75,G09016;G09102;G09017;G09166
707361633,98.3434,-21.2405,18.45,G09016;G09017
707363933,98.2668,-21.0025,18.48,G09016;G09017
707367056,99.2432,-21.0479,18.66,G09016;G09017
707391068,98.1631,-20.6041,19.26,G09016
707416076,98.5612,-19.5982,16.98,G09016;G09102;G09017;G09166
707434796,99.2266,-19.6094,18.87,G09016;G09017
707466981,97.0265,-20.1919,16.7,G09102
707505814,97.2073,-19.2207,18.83,G09016;G09017
707517630,96.8969,-18.5577,18.36,G09016;G09017
707527925,98.0392,-18.9695,19.23,G09016
707533257,98.6138,-18.4457,18.82,G09016;G09017
707569701,98.5647,-18.094,18.11,G09166
707569706,98.5563,-18.0996,18.21,G09016;G09017
707573275,98.3549,-17.7052,19.22,G09016
707574982,98.9921,-17.5869,18.57,G09016;G09017
707579575,98.2489,-17.5756,18.48,G09016;G09017
707582748,98.5627,-17.3817,18.55,G09016;G09017
707602140,93.1943,-20.7247,18.54,G09016;G09017
707607820,92.1006,-20.8105,17.97,G09016;G09102;G09017;G09166
707614431,92.7462,-20.5794,17.46,G09016;G09102;G09017;G09166
707618210,93.1316,-19.9321,19.1,G09016
707638652,94.499,-19.489,19.02,G09016
707645122,93.7301,-19.6397,17.57,G09102
707649390,93.1428,-19.1869,18.32,G09016;G09017
707653559,94.0497,-19.0774,18.76,G09016;G09017
707668994,91.0915,-19.9645,17.85,G09016;G09102;G09017;G09166
707683004,91.0085,-19.4175,18.82,G09016;G09017
707683005,91.0081,-19.4168,17.52,G09016;G09102;G09017;G09166
707687259,90.7302,-18.8849,18.99,G09016;G09017
707695366,92.971,-19.1995,19.11,G09016;G09017
707701694,92.8476,-18.643,19.29,G09016
707706071,93.9132,-18.4471,18.78,G09016;G09017
707710899,93.1653,-18.0101,19.1,G09016;G09017
707711183,93.5977,-18.0963,18.34,G09016;G09017
707712210,93.7496,-17.8004,18.86,G09016;G09017
707726728,92.4962,-17.6357,18.98,G09016;G09017
707749500,95.843,-18.3928,18.87,G09016;G09017
707761743,94.7796,-18.2996,18.96,G09016;G09017
707773963,95.4915,-17.533,18.14,G09016;G09017
707788750,96.5764,-17.6458,17.47,G09016;G09102;G09017;G09166
707791754,97.3396,-17.2579,18.2,G09016;G09017;G09166
707814473,96.2587,-17.2759,18.76,G09016;G09017
707814734,96.035,-17.2791,18.92,G09016;G09017
707822508,96.0643,-16.7715,19.24,G09016
707838357,96.4113,-16.359,16.77,G09102;G09166
707847764,94.5864,-17.6497,17.21,G09016;G09017
707865779,94.6573,-16.69,18.01,G09016;G09017
707866975,93.5061,-17.4879,17.93,G09102;G09166
707874919,93.4732,-16.7735,18.6,G09016;G09017
707874966,93.437,-16.7797,19.13,G09016
707878105,94.3586,-16.6706,17.42,G09016;G09102;G09017
707879841,94.5898,-16.526,18.05,G09166
707883305,94.0684,-16.4628,18.69,G09016;G09017
707887614,94.2899,-15.8775,18.04,G09016;G09017
707896263,95.1036,-16.3439,17.79,G09016;G09102;G09017;G09166
707941087,95.6675,-14.8665,18.66,G09016;G09017
707951311,99.6875,-17.4656,19.22,G09016
707966584,99.3521,-16.8843,18.95,G09016;G09017
707967908,99.4619,-16.6842,17.65,G09016;G09102;G09017;G09166
707967980,98.7731,-17.2288,18.85,G09016;G09017
707971440,98.6098,-16.8415,18.6,G09016;G09017
707973185,99.2239,-16.7411,17.34,G09016;G09102;G09017;G09166;20SECONDTARGET
707979641,99.661,-16.5523,18.22,G09016;G09017
707982307,99.4685,-16.3662,18.17,G09016;G09017
708015326,99.4614,-15.7359,18.49,G09016;G09017
708026055,99.1363,-15.1301,19.12,G09016
708041184,98.0184,-15.3713,17.39,G09016;G09102;G09017;G09166
708073322,99.9063,-14.8163,18.56,G09016;G09017
708085717,99.5505,-14.3264,18.9,G09016;G09017
708101011,99.579,-14.0391,19.17,G09016;G09017
708122990,96.6762,-14.8979,17.58,G09016;G09102;G09017;G09166
708127083,96.9444,-14.6829,17.41,G09016;G09102;G09017
708144956,97.5177,-14.0648,17.76,G09102
708144957,97.5152,-14.0642,17.63,G09166
708155653,96.0084,-14.5019,18.8,G09016;G09017
708168059,97.5242,-13.7791,18.08,G09166
708169577,97.457,-13.7479,18.4,G09016;G09017
708411544,86.8405,-21.7371,18.43,G09016;G09017
708462307,87.0879,-21.7819,19.17,G09016
708462439,87.0236,-21.705,17.43,G09016;G09102;G09017
708469986,88.0757,-20.7063,18.65,G09016;G09017
708470625,87.4261,-20.9598,17.7,G09016;G09102;G09017
708492002,89.4528,-19.7862,18.14,G09016;G09017
708492844,89.3702,-19.6239,18.52,G09016;G09017
708494605,89.6696,-19.416,18.93,G09016;G09017
708496213,88.8405,-19.4448,17.87,G09016;G09102;G09017
708498646,89.4233,-18.9669,18.93,G09016;G09017
708498660,89.372,-18.9968,18.76,G09016;G09017
708510884,88.595,-18.6149,18.61,G09016;G09017
708783203,90.0621,-18.3868,17.16,G09016;G09017;G09102
708783247,90.0573,-18.3176,17.56,G09016;G09102;G09017;G09166
708783790,90.5764,-18.7016,19.27,G09016
708785647,91.0669,-18.3032,17.8,G09016;G09017
708785665,91.0736,-18.3039,17.68,G09166
708797384,89.1992,-17.9101,19.17,G09016
708797516,88.998,-17.9195,17.74,G09016;G09102;G09017
708798858,90.2721,-17.8421,16.82,G09016;G09102;G09017;G09166
708811233,91.2248,-17.4961,17.56,G09016;G09102;G09017
708819116,92.4802,-16.7541,18.38,G09016;G09017
708824287,90.5516,-17.417,19.28,G09016
708828195,90.2714,-17.1115,18.75,G09016;G09017
708835286,91.7258,-16.3533,18.93,G09016;G09017
708842226,88.3197,-17.8521,19.0,G09016;G09017
708846927,88.8506,-17.3138,18.67,G09016;G09017
708848247,89.3583,-17.4647,19.29,G09016
708854401,89.4096,-16.6256,18.67,G09016;G09017
708870250,89.9882,-16.4785,18.3,G09016;G09017
708894738,89.7985,-14.7978,19.09,G09016
708908235,93.7241,-15.8942,18.91,G09016;G09017
708909937,93.831,-15.5943,19.22,G09016
708911857,92.9679,-15.7439,18.2,G09016;G09017
708911904,93.1292,-15.7455,18.02,G09166
708926116,92.9813,-15.43,18.79,G09016;G09017
708938988,94.5331,-15.3401,18.84,G09016;G09017
708939527,94.5778,-15.2115,18.93,G09016;G09017
708948993,94.8491,-14.8953,18.9,G09016;G09017
708959542,94.8367,-14.274,18.73,G09016;G09017
708969901,93.3844,-14.4272,17.56,G09102
708978808,94.8761,-13.8971,18.37,G09016;G09017
708991019,91.2742,-15.1248,17.97,G09016;G09102;G09017
708993596,91.1734,-14.7706,19.16,G09016
709003629,91.8681,-14.1005,19.1,G09016
709005667,90.4095,-14.7455,18.9,G09016;G09017
709008525,90.3424,-14.6304,19.21,G09016
709015065,91.7729,-13.9153,18.7,G09016;G09017
709020667,91.3632,-13.5344,18.24,G09016;G09017;G09166
709023180,92.7256,-14.1444,19.17,G09016
709065028,92.7649,-12.4853,17.95,G09102;G09166
709066341,92.5954,-12.3316,17.64,G09016;G09102;G09017
709164513,89.7745,-14.201,18.52,G09016;G09017
709172019,90.7375,-13.38,16.94,G09102;G09017;G09166;20SECONDTARGET
709175252,90.6609,-13.2618,19.14,G09016
709175465,90.5539,-13.1958,18.58,G09016;G09017
709204237,91.8388,-12.3029,19.06,G09016
709214289,90.4996,-12.4127,17.91,G09102;G09166
709283372,96.2146,-13.945,18.32,G09016;G09017
709310159,94.798,-13.6608,18.99,G09016;G09017
709311511,94.9984,-13.3341,17.93,G09016;G09102;G09017;G09166
709312736,95.4997,-13.287,17.89,G09016;G09102;G09017;G09166
709395446,94.4118,-13.0766,18.03,G09016;G09017
709401554,93.6758,-12.6902,17.95,G09102
747237087,100.2358,-18.9455,17.55,G09016;G09102;G09017
747238821,100.0615,-18.927,18.21,G09016;G09017
747301577,100.8156,-18.0591,17.94,G09016;G09017
747310396,100.2301,-17.9083,17.45,G09016;G09102;G09017;G09166
747438987,100.8617,-17.1453,18.69,G09016;G09017
747457171,100.3393,-16.1956,17.56,G09016;G09102;G09017;G09166
747476180,101.1587,-16.2014,17.51,G09016;G09102;G09017;G09166
748044665,100.2175,-14.4999,18.61,G09016;G09017
93443076,87.0163,-22.4248,12.06,G09180;G09180
93444702,87.2253,-22.4239,16.42,G09177
95056949,90.5199,-12.3308,17.19,G09041
95057096,90.4891,-12.5129,8.36,G09062
95057860,90.4748,-13.4614,13.5,G09142;G09031;20SECONDTARGET
95251342,90.5878,-13.9217,13.51,G09123
95251344,90.5912,-13.9264,9.58,G09123
95328477,90.6023,-16.5809,10.39,G09123;20SECONDTARGET
95332541,90.6875,-13.8509,15.79,G09102;20SECONDTARGET
10001347440,92.7279,-31.6746,16.88,G09166
100479167,85.643,-34.2616,10.55,G09123;20SECONDTARGET
100481123,85.8616,-30.4203,11.69,G09123;20SECONDTARGET
100509149,85.8365,-34.888,17.39,G09025;G09041;G09102;20SECONDTARGET
100510452,85.909,-33.5952,11.96,G09123
100531398,86.3044,-31.6693,6.5,G09062;20SECONDTARGET
100531561,86.3942,-32.0196,14.26,G09123
100589904,86.4996,-32.3066,5.47,G09150;20SECONDTARGET
100608026,86.7486,-32.5321,10.88,G09031
100608178,86.7774,-32.1781,11.58,G09123;20SECONDTARGET
100609635,86.982,-30.7777,8.84,G09123
100610506,86.8713,-32.7058,9.26,G09062
100656225,87.128,-31.7687,9.4,G09123
100777591,88.3978,-33.8915,11.27,G09194
117666759,95.9148,-33.319,7.02,G09062
117670649,96.0128,-31.7738,7.76,G09062
117739047,96.1075,-32.959,15.45,G09102;G09166;20SECONDTARGET
117739806,96.2041,-31.8645,9.4,G09036
117740570,96.2267,-30.8545,9.48,G09123
117768715,96.4108,-31.481,7.4,G09123;20SECONDTARGET
117817258,96.7575,-31.0342,13.12,G09123
124746067,93.9392,-32.2366,10.99,G09194
124777954,94.3527,-35.3179,10.1,G09194
124778445,94.4447,-35.7063,13.98,G09142;20SECONDTARGET
124849365,94.6907,-32.9768,16.53,G09177
124855028,94.9355,-35.4999,17.64,G09016;G09017;G09102;G09166
124936819,95.354,-30.5132,9.97,G09062
140211218,84.8293,-32.9331,10.07,G09062
140212820,84.9683,-30.7657,11.98,G09036;G09123
140214221,84.9123,-34.0743,2.65,G09164;20SECONDTARGET
140286133,85.4094,-30.6745,8.21,G09062
140286859,85.477,-30.9594,13.89,G09102;20SECONDTARGET
143095959,89.1332,-33.4344,7.31,G09123
143103732,89.2285,-34.6587,9.45,G09123
143106235,89.275,-31.2571,8.11,G09062
143107923,89.4134,-32.6033,15.96,G09016;G09102;G09017
143107924,89.4259,-32.6043,15.93,G09166
143108992,89.3842,-35.2832,4.54,G09150;20SECONDTARGET
143141922,89.5491,-35.0136,10.56,G09123
143143769,89.5988,-30.8118,12.37,G09031;G09123;20SECONDTARGET
143144496,89.7408,-30.6526,11.5,G09123
143168991,89.9001,-30.1332,11.18,G09031
143205487,90.2897,-31.7264,7.89,G09062;20SECONDTARGET
143209291,90.3563,-32.4202,10.76,G09123
143229203,90.398,-31.3961,11.31,G09180
143229204,90.3969,-31.3961,12.43,G09180
143230081,90.583,-30.0145,7.87,G09062
143232813,90.5126,-35.5977,10.36,G09196
143234741,90.6297,-32.38,11.41,G09036
143234933,90.6701,-32.016,8.08,G09062
143235267,90.7444,-31.3304,10.31,G09123
143275534,90.9947,-34.2928,15.14,G09102;20SECONDTARGET
143314827,91.1598,-32.1349,13.38,G09123
153095597,89.2111,-26.0112,12.72,G09123
153097724,89.1589,-29.6955,9.09,G09062
153166843,89.6218,-27.8221,10.36,G09020
153182595,89.7909,-28.9656,16.3,G09177;G09102
153210624,89.9841,-25.1537,9.28,G09123
160328683,91.1961,-32.5802,14.2,G09031
160329848,91.2542,-35.0613,10.87,G09062
160330299,91.4007,-35.8914,12.72,G09180
160330305,91.4234,-35.8803,10.39,G09180
160379153,91.7044,-31.7476,11.87,G09180
160379154,91.6971,-31.7469,10.04,G09180
172119334,98.1614,-26.5511,8.8,G09062
172120110,98.1933,-27.4037,6.37,G09062
201373582,91.7653,-34.312,5.85,G09164;20SECONDTARGET
201375066,91.7825,-31.8971,7.42,G09062
201426753,92.33,-35.8257,9.2,G09123;20SECONDTARGET
201430036,92.4258,-30.5991,18.52,G09016;G09017
201432628,92.5687,-33.3558,8.39,G09020
201433128,92.5246,-34.1012,14.86,G09041
201468889,92.7241,-30.9831,13.91,G09123
201495954,92.8869,-31.5195,8.71,G09062
201513771,93.1599,-32.8993,16.51,G09102;G09166;20SECONDTARGET
231315283,93.5681,-34.3238,13.0,G09123
24450869,82.2357,-33.4712,10.06,G09123;20SECONDTARGET
24452802,82.4363,-32.6539,10.91,G09123;20SECONDTARGET
24585000,83.6157,-34.0983,12.86,G09194
24587624,83.7027,-32.66,11.51,G09123
24608426,83.7672,-34.2979,10.84,G09123
24608799,83.8611,-33.2684,6.25,G09062;20SECONDTARGET
24610262,83.9448,-30.4188,13.07,G09123
24623618,84.1413,-31.6362,9.61,G09180
24623623,84.1408,-31.6321,11.94,G09180
24628299,84.3979,-31.1322,12.78,G09194
299908219,97.5221,-28.6585,7.78,G09062
300112535,92.2426,-36.7977,8.29,G09062
300112712,92.3553,-37.123,9.11,G09194
31406847,83.747,-29.9009,9.61,G09123;20SECONDTARGET
31476478,84.0529,-29.7517,12.87,G09180
31476480,84.0542,-29.7523,11.71,G09180
322647376,97.2739,-29.1545,16.63,G09177
32499655,84.3267,-27.9726,13.54,G09142;G09031;20SECONDTARGET
32500064,84.2982,-29.1735,17.06,G09025
32500750,84.4356,-28.6894,4.83,G09062;20SECONDTARGET
32545814,84.7122,-29.6823,12.96,G09123
32606276,85.1788,-26.26,14.3,G09123
32608489,85.3191,-26.3466,7.07,G09062;20SECONDTARGET
32644711,85.5995,-27.9676,13.11,G09123;20SECONDTARGET
32677026,85.7697,-26.5929,12.32,G09123
32677675,85.7046,-25.9966,12.71,G09036
32680457,85.8502,-24.638,17.21,G09102;G09102;G09102;G09102;G09166
32681367,85.8688,-25.6224,8.06,G09194
32702481,86.0309,-28.6105,8.92,G09123
32705970,86.0559,-26.1043,10.0,G09123;20SECONDTARGET
32706905,86.0663,-27.9364,12.88,G09123
32707784,86.1426,-29.7126,16.63,G09016;G09102;G09017
32759110,86.2432,-24.9371,12.57,G09123
32816814,86.8247,-28.9367,11.72,G09123;20SECONDTARGET
32828818,86.8416,-27.1346,6.69,G09062;20SECONDTARGET
32829486,86.822,-25.8838,17.28,G09016;G09102;G09017
32874669,87.2776,-27.5654,9.55,G09123;20SECONDTARGET
32930236,87.5894,-29.2557,10.39,G09123;20SECONDTARGET
32947827,87.6948,-24.1473,16.68,G09016;G09102;G09017
32949762,87.6797,-27.6234,12.34,G09058;G09031;G09123;20SECONDTARGET
32952672,87.8778,-26.7455,11.76,G09180
32952673,87.8786,-26.7448,10.54,G09194;G09180
32953011,87.8285,-26.1535,16.59,G09016;G09017;G09102
33003331,87.9184,-25.5012,16.75,G09016;G09102;G09017;G09166
33005217,87.9302,-28.9053,11.9,G09196
33006416,88.0666,-28.6572,8.48,G09123;20SECONDTARGET
33061033,88.4261,-24.0632,10.72,G09196;G09196
33063882,88.5583,-29.1474,5.96,G09062;20SECONDTARGET
33100462,88.7169,-24.0906,13.95,G09123
33103633,88.9025,-29.9164,7.41,G09062;20SECONDTARGET
343864440,93.0596,-36.7572,8.6,G09062
37115454,90.4878,-26.182,9.52,G09180
37115456,90.4876,-26.1838,12.96,G09180
37115627,90.5373,-26.5043,16.14,G09177;G09102
37115794,90.5271,-26.7903,12.32,G09036
37118148,90.6663,-28.7693,14.6,G09102;20SECONDTARGET
37118328,90.6647,-28.4478,12.39,G09123
37198629,91.0228,-28.3645,11.89,G09180
37198631,91.0226,-28.3655,12.59,G09180
37203905,91.2568,-24.6301,13.37,G09025
37205283,91.2917,-26.7424,12.18,G09180
37248869,91.275,-26.7544,12.49,G09180
37250075,91.3529,-28.6762,8.01,G09062;20SECONDTARGET
37250076,91.3528,-28.6779,7.82,G09194
37251296,91.4699,-29.0983,15.35,G09166
37300880,91.5725,-27.9012,11.31,G09123
37300889,91.5691,-27.9056,8.12,G09123
37348844,91.8723,-25.5949,13.61,G09142;G09010;20SECONDTARGET
37351923,91.9558,-29.7469,16.95,G09166
37351925,91.945,-29.742,17.13,G09016;G09102;G09017
37352458,91.9202,-28.8839,16.55,G09016;G09102;G09017
37354242,91.9565,-26.3721,12.72,G09004
37437272,92.3865,-25.2754,7.72,G09062;20SECONDTARGET
37501256,92.8162,-28.299,10.0,G09062
37543678,92.9043,-27.9275,7.38,G09062;20SECONDTARGET
37547551,93.0873,-26.5757,15.86,G09102;20SECONDTARGET
37601240,93.1552,-25.269,8.96,G09196
37602282,93.0964,-26.609,9.53,G09062
37602756,93.1559,-27.2153,13.66,G09102;20SECONDTARGET
37604071,93.1277,-29.0185,6.93,G09062
37606218,93.2486,-27.8804,9.26,G09036
37658824,93.4485,-26.9942,17.61,G09016;G09102;G09017;G09166
37660988,93.3999,-29.8971,8.28,G09123
37662248,93.5069,-28.2604,12.68,G09123
37744137,93.8201,-29.2483,9.7,G09062
37791683,94.1041,-28.5313,16.02,G09177
37877105,94.3852,-27.0356,13.9,G09123
37997333,94.8696,-28.8834,11.81,G09180
37997336,94.8718,-28.8815,12.15,G09180
38023727,95.0553,-27.7262,10.18,G09062
393314942,92.0665,-36.9796,12.16,G09180
393314943,92.0672,-36.9788,12.9,G09180
393315347,92.2068,-36.1306,7.58,G09062;20SECONDTARGET
393315435,92.1776,-35.9451,10.48,G09062
393452654,94.7376,-37.3107,10.07,G09062
453121720,91.6967,-36.9595,10.57,G09180
453121738,91.7144,-36.9863,11.41,G09180
48540748,96.2795,-28.6987,8.43,G09062
48618858,96.6189,-26.6378,10.8,G09123
49612167,95.3594,-26.0167,11.94,G09180
49612170,95.3598,-26.0174,11.65,G09194;G09180
49614493,95.4614,-29.145,15.79,G09041;20SECONDTARGET
49614495,95.3799,-29.1503,7.22,G09062;20SECONDTARGET
49614743,95.4189,-29.5628,9.79,G09123
49701149,95.7634,-28.7466,16.01,G09016;G09102;G09017;G09166
49701947,95.7976,-27.7292,10.99,G09079;G09036;G09039
49702657,95.832,-26.8392,9.23,G09062
49707471,95.9167,-26.964,12.5,G09041;20SECONDTARGET
49770412,96.0198,-29.0369,16.48,G09016;G09017
49771092,96.0662,-28.1347,14.81,G09031
49771751,96.1024,-27.3134,7.49,G09062;20SECONDTARGET
49831913,96.1814,-28.781,5.79,G09062;G09123;20SECONDTARGET
705392112,94.045,-37.0363,18.94,G09016;G09017
705394311,93.5483,-37.0017,18.96,G09016;G09017
705401741,92.9705,-36.5965,18.87,G09016;G09017
705403032,93.2572,-36.3027,18.02,G09016;G09017;G09166
705403498,92.4545,-36.5391,19.12,G09016
705405529,92.7611,-35.9913,17.63,G09016;G09102;G09017;G09166
705406558,94.047,-36.9082,19.16,G09016
705407571,94.5517,-36.587,19.25,G09016
705409139,94.0545,-36.5505,18.62,G09016;G09017
705411128,94.122,-36.0422,18.44,G09016;G09017
705413015,94.8675,-35.9295,18.04,G09016;G09017;G09166
705413449,95.406,-35.9094,17.46,G09102
705416185,94.7105,-35.5083,18.85,G09016;G09017
705416692,94.8816,-35.4632,18.34,G09016;G09017
705418118,93.5583,-36.3072,19.14,G09016
705418312,93.4492,-36.21,19.02,G09016
705419496,93.885,-35.9762,18.7,G09016;G09017
705428282,93.994,-34.7503,17.82,G09016;G09102;G09017
705432160,91.5844,-36.2616,18.43,G09016;G09017
705433381,90.904,-36.3212,16.93,G09016;G09102;G09017;G09166
705436286,92.5027,-35.8648,18.87,G09016;G09017
705436492,92.6741,-35.7592,18.47,G09016;G09017
705436676,92.5052,-35.7114,17.88,G09102;G09166
705437860,91.9816,-35.6983,19.18,G09016
705439524,91.8425,-35.3645,19.01,G09016
705439750,92.1052,-35.1467,19.32,G09025
705441336,91.2165,-35.8787,19.26,G09016
705445545,91.2775,-35.3731,19.2,G09016
705447891,91.2145,-35.0635,18.12,G09016;G09017
705451907,93.3859,-35.0784,18.05,G09016;G09017;G09166
705454630,92.9581,-34.7371,19.05,G09016
705457375,93.9894,-34.3663,17.43,G09102;G09166
705463499,92.6695,-34.1808,18.64,G09016;G09017
705464417,91.8554,-34.3698,18.34,G09016;G09017
705468517,93.2888,-33.7273,19.07,G09016
705470319,92.752,-33.5064,17.84,G09016;G09102;G09017;G09166
705471378,92.7365,-33.3923,17.47,G09016;G09102;G09017;G09166
705471628,92.9641,-33.2261,17.91,G09016;G09102;G09017
705472377,92.7316,-33.0702,18.78,G09016;G09017
705493982,89.5858,-35.947,16.83,G09016;G09102;G09017
705501818,88.7015,-35.4788,18.2,G09016;G09017
705502000,88.7554,-35.3616,18.55,G09016;G09017
705502855,89.0788,-35.1103,19.1,G09016
705503014,88.9168,-35.0717,18.28,G09016;G09017
705504061,88.2919,-35.1374,18.6,G09016;G09017
705518540,86.4297,-34.9509,18.87,G09016;G09017
705522328,87.5027,-35.0555,19.24,G09016
705524251,87.069,-34.7355,18.73,G09016;G09017
705524695,86.9264,-34.6731,17.01,G09016;G09102;G09017;G09166
705526688,88.1437,-34.2686,19.05,G09016
705529659,86.6561,-34.6568,18.81,G09016;G09017
705531960,85.9047,-34.2125,18.8,G09016;G09017
705533192,86.4681,-33.582,18.9,G09016;G09017
705533334,87.2621,-34.0158,18.77,G09016;G09017
705535310,86.8085,-33.7408,17.3,G09016;G09102;G09017;G09166
705536306,87.2938,-33.3944,19.18,G09016;G09017
705537669,90.3262,-35.2905,18.51,G09016;G09017
705539708,89.592,-35.2439,19.26,G09016
705542441,90.7069,-34.7338,19.21,G09016
705543563,91.0965,-34.404,17.98,G09016;G09102;G09017;G09166
705546432,90.82,-33.8793,18.98,G09016;G09017
705548385,89.2419,-34.3632,19.23,G09016
705551345,89.4035,-33.9699,17.73,G09016;G09102;G09017;G09166
705570224,91.0956,-32.9972,19.17,G09016
705575200,91.0889,-32.4369,18.43,G09016;G09017
705575439,91.4607,-32.3112,18.91,G09016;G09017
705577034,91.719,-31.9224,18.88,G09016;G09017
705577356,90.9378,-32.3126,18.36,G09016;G09017
705579289,91.603,-31.6054,18.81,G09016;G09017
705587633,89.0015,-32.9056,18.63,G09016;G09017
705590451,87.987,-33.2128,19.21,G09016
705590710,87.8,-33.1166,19.25,G09016
705592512,87.5323,-32.8516,19.2,G09016
705593096,87.6059,-32.6699,19.12,G09016
705595000,88.3821,-32.4962,18.99,G09016;G09017
705596316,88.8917,-32.0615,17.52,G09016;G09102;G09017
705598507,88.7561,-31.7144,19.1,G09016
705602514,89.8274,-31.9678,19.18,G09016
705603917,89.7892,-31.8026,18.89,G09016;G09017
705604881,90.874,-31.8406,19.0,G09016;G09017
705604882,90.8728,-31.8391,18.32,G09016;G09017
705615053,89.1437,-30.909,19.0,G09016;G09017
705615257,89.2156,-30.9437,18.57,G09016;G09017
705616443,89.8486,-30.9153,19.18,G09016
705621854,95.4219,-35.3846,17.27,G09177;G09102
705624636,95.3503,-35.1573,18.63,G09016;G09017
705627587,95.6903,-34.5051,17.49,G09016;G09102;G09017
705636109,95.0572,-34.7779,18.16,G09016;G09017
705648683,95.6268,-33.4287,17.23,G09016;G09102;G09017
705686836,94.139,-33.641,19.21,G09016
705692316,94.9289,-33.3013,17.76,G09016;G09102;G09017;G09166
705696618,94.4627,-32.8191,19.13,G09016
705696839,94.3633,-32.7324,17.29,G09016;G09102;G09017;G09166
705701963,93.8885,-32.7619,18.72,G09016;G09017
705712010,94.1708,-31.694,19.08,G09016
705712991,95.5463,-32.6094,18.85,G09016;G09017
705714133,95.4544,-32.3282,19.0,G09016
705715135,95.9774,-32.1628,18.88,G09016;G09017
705717130,95.2485,-32.1809,19.2,G09016
705719007,95.6502,-31.8774,19.15,G09016
705727467,95.9981,-31.1531,18.12,G09166
705727484,95.9704,-31.1426,17.12,G09016;G09102;G09017;G09166
705735913,94.8566,-31.2838,17.7,G09102
705742560,95.4952,-30.7543,19.23,G09016
705742583,95.3977,-30.7514,18.26,G09016;G09017
705745487,95.353,-30.2695,18.46,G09016;G09017
705825854,96.5742,-30.4704,17.38,G09102
705826082,97.0892,-30.5943,16.22,G09177
705850776,97.0559,-29.6195,18.05,G09041
705852111,97.5611,-29.4149,18.51,G09016;G09017
705854364,96.6051,-29.5154,18.5,G09016;G09017
705854456,96.5457,-29.4615,18.08,G09016;G09017
705888410,97.6787,-28.7811,18.25,G09016;G09017
705894412,97.2684,-28.4056,18.92,G09016;G09017
705897112,97.8549,-28.1319,19.0,G09016
705897184,97.7913,-28.1062,18.22,G09016;G09017
705912032,92.7345,-32.4194,18.86,G09016;G09017
705919125,93.8468,-31.5521,18.09,G09016;G09017;G09166
705923062,93.6283,-30.9359,18.8,G09016;G09017
705925651,92.4228,-31.5744,18.68,G09016;G09017
705930240,92.6869,-31.1647,19.03,G09016
705935388,93.0184,-30.2748,17.82,G09102
705936516,94.3045,-31.1635,17.71,G09016;G09017
705937858,94.3699,-30.8669,19.07,G09016
705949557,94.5945,-29.7246,18.35,G09016;G09017
705950611,95.0572,-29.5397,18.17,G09016;G09017
705950760,94.8414,-29.7303,18.99,G09016;G09017
705956029,92.9642,-30.1391,19.16,G09016
705959486,94.3929,-29.582,19.21,G09016
705970805,90.9521,-30.4537,17.51,G09016;G09017;G09166
705977611,92.3444,-29.768,18.92,G09016;G09017
705979872,90.5407,-30.2061,19.3,G09016
705985176,91.6073,-29.7021,19.15,G09016
705987181,91.6401,-29.2731,17.83,G09016;G09102;G09017;G09166
705996940,92.7648,-28.8617,19.01,G09016;G09017
705999812,93.9458,-28.6729,17.94,G09016;G09102;G09017;G09166
706000659,93.8695,-28.4728,17.43,G09041
706002407,93.1228,-28.5234,19.07,G09016
706005183,92.3744,-28.9275,19.17,G09016
706005773,92.1225,-28.9479,19.02,G09016
706007176,92.4213,-28.617,18.81,G09016;G09017
706007289,92.2335,-28.6179,17.66,G09016;G09102;G09017;G09166
706007424,92.2243,-28.5444,18.15,G09016;G09017
706010674,91.9177,-28.1905,18.99,G09016;G09017
706014885,92.352,-28.1601,18.79,G09016;G09017
706020123,95.4572,-29.4839,18.0,G09016;G09017;G09166
706021707,95.8829,-29.2887,18.41,G09016;G09017
706022804,95.4279,-29.4948,19.23,G09016
706028085,96.4167,-28.9887,18.19,G09016;G09017;G09166
706028331,96.457,-28.8821,16.74,G09177;G09102
706037617,94.9287,-29.2165,18.78,G09016;G09017
706039997,95.259,-28.8025,18.77,G09016;G09017
706046068,94.8128,-28.0822,18.17,G09016;G09017
706046560,95.6036,-28.4618,18.48,G09016;G09017
706049281,96.1491,-28.0807,19.1,G09016
706053931,95.504,-27.732,18.79,G09016;G09017
706054576,95.7976,-27.5818,18.38,G09016;G09017
706056227,97.1384,-28.4531,17.3,G09102
706057789,96.7243,-28.3071,19.14,G09016
706058030,96.874,-28.1684,18.31,G09016;G09017
706059180,97.2986,-28.0996,17.65,G09016;G09102;G09017;G09166
706072151,97.9801,-27.3486,18.94,G09016;G09017
706076204,97.5121,-27.1127,18.88,G09016;G09017
706079518,97.8411,-26.7851,18.7,G09016;G09017
706086903,96.0411,-27.3038,18.83,G09016;G09017
706100493,96.6517,-26.38,18.9,G09016;G09017
706106263,94.7472,-28.1002,18.01,G09016;G09017
706113747,95.02,-27.4282,19.02,G09016
706116111,95.1692,-27.1561,18.66,G09016;G09017
706118621,94.9159,-27.2117,18.53,G09016;G09017
706123199,93.7908,-27.3645,18.28,G09016;G09017
706124502,93.741,-27.1444,18.03,G09016;G09017;G09166
706132795,94.6754,-26.3959,18.66,G09016;G09017
706136061,94.501,-26.2209,18.38,G09016;G09017
706140747,96.157,-26.77,18.94,G09016;G09017
706151002,96.6696,-26.2117,19.07,G09016
706167019,94.6395,-25.7912,17.45,G09102
706186521,85.4371,-33.9661,18.67,G09016;G09017
706195200,84.2252,-33.0525,19.27,G09016
706197206,86.1991,-33.4093,18.35,G09016;G09017
706200990,86.5819,-32.8146,18.86,G09016;G09017
706201085,86.7147,-32.6793,19.02,G09016
706201207,86.9267,-32.6313,18.7,G09016;G09017
706201210,86.9749,-32.6545,17.68,G09016;G09102;G09017;G09166
706203444,86.4347,-32.1891,19.13,G09016
706203607,84.9494,-33.3697,18.3,G09016;G09017
706204138,84.8529,-33.0639,19.18,G09016
706204707,85.7451,-32.8307,17.03,G09177
706211611,82.7275,-33.9585,20.69,G09025
706214418,82.938,-32.8788,18.9,G09016;G09017
706215607,84.1676,-32.9152,17.07,G09016;G09102;G09017;G09166
706217551,83.4674,-32.5781,18.54,G09016;G09017
706217613,83.585,-32.4736,16.99,G09102;G09166
706220419,82.2643,-32.7283,19.02,G09016
706221225,82.9383,-32.6667,19.11,G09016;G09017
706221290,82.9497,-32.6212,17.82,G09016;G09102;G09017;G09166
706221990,82.9989,-32.2085,18.16,G09016;G09017
706222539,83.1791,-32.1706,19.26,G09016
706223271,82.8934,-32.0441,18.43,G09016;G09017
706227375,84.0684,-31.8522,20.15,G09025
706228167,84.4163,-31.6381,19.25,G09016
706228663,85.352,-31.7778,17.35,G09016;G09102;G09017;G09166
706228785,85.2827,-31.6623,19.03,G09016
706238436,84.0442,-30.4306,17.47,G09102
706238442,84.0654,-30.4031,17.84,G09016;G09102;G09017;G09166
706240912,87.6265,-32.0357,18.12,G09016;G09017
706250289,86.8702,-31.1642,18.48,G09016;G09017
706252506,87.1875,-31.3311,18.16,G09016;G09017
706253516,87.2693,-30.8203,18.43,G09016;G09017
706254334,87.4071,-30.6969,18.4,G09016;G09017
706254968,86.7392,-30.865,16.83,G09102;20SECONDTARGET
706255920,87.2965,-30.5019,18.9,G09016;G09017
706256440,87.0239,-30.3835,19.19,G09016
706256554,86.93,-30.3483,18.26,G09016;G09017
706258223,89.0984,-30.8865,17.92,G09016;G09102;G09017;G09166
706260840,88.684,-30.4511,18.8,G09016;G09017
706262809,89.184,-30.3071,18.37,G09016;G09017
706267712,87.6901,-30.4672,16.85,G09177;G09102
706267986,87.9288,-30.2946,19.28,G09016
706273465,89.1198,-29.2189,17.53,G09102
706274092,88.9682,-28.9957,19.03,G09016
706274299,88.1531,-29.4494,17.68,G09016;G09102;G09017;G09166
706276811,85.9903,-31.1342,18.9,G09016;G09017
706277065,85.5646,-31.1514,17.78,G09016;G09102;G09017
706281004,86.6831,-30.2624,19.28,G09016
706284285,86.3688,-29.6362,18.25,G09016;G09017
706290613,86.077,-29.0582,19.13,G09016
706295854,87.0444,-29.1694,18.64,G09025
706305281,86.5694,-28.2082,18.33,G09016;G09017
706307025,87.6316,-27.8808,18.87,G09016;G09017
706307132,87.2829,-28.0322,17.79,G09102;G09166
706308434,86.5372,-27.9699,19.2,G09016
706314254,82.8748,-31.3207,17.91,G09016;G09017;G09102;G09166
706357539,84.0128,-29.6442,19.19,G09016
706357814,84.1546,-29.402,19.28,G09016
706358229,83.7987,-29.2375,17.2,G09016;G09102;G09017;G09166
706360271,85.1191,-28.8398,18.16,G09016;G09017
706362261,84.7741,-28.47,18.59,G09016;G09017
706376203,86.8231,-27.3468,18.75,G09016;G09017
706377116,86.0924,-27.5185,18.95,G09016;G09017
706378526,86.7302,-26.8872,17.87,G09016;G09017;G09166
706378528,86.7656,-26.8847,19.08,G09016
706382901,84.9114,-26.9521,18.37,G09016;G09017
706387351,85.681,-26.17,17.68,G09016;G09102;G09017;G09166
706417764,90.1778,-29.5118,18.12,G09016;G09017
706420127,89.5398,-29.5142,19.05,G09016
706424793,91.095,-28.6017,17.35,G09016;G09102;G09017;G09166
706425401,91.1212,-28.5158,18.98,G09016;G09017
706433462,89.0859,-28.3891,18.6,G09016;G09017
706440539,91.5907,-28.1501,18.99,G09016;G09017
706446323,92.1626,-27.7391,19.19,G09016
706447554,92.2195,-27.4351,18.73,G09016;G09017
706449325,92.5504,-27.1269,18.67,G09016;G09017
706451106,91.8255,-27.0928,17.85,G09016;G09017
706452539,92.0048,-26.8696,19.19,G09016
706458387,90.8317,-27.0236,17.99,G09016;G09102;G09017
706459157,90.7027,-26.8727,18.98,G09016;G09017
706466281,91.4018,-25.9963,19.36,G09025
706467854,88.8668,-28.0609,18.76,G09016;G09017
706471794,89.5162,-27.5881,19.09,G09016
706474370,89.1286,-27.3962,18.83,G09016;G09017
706478670,88.0381,-27.3482,17.1,G09177;G09102
706482378,88.4945,-26.997,17.98,G09016;G09017;G09102
706483028,89.0705,-26.8175,18.73,G09016;G09017
706498172,90.7535,-25.8747,17.8,G09016;G09102;G09017;G09166
706499106,90.6603,-25.5817,19.2,G09016
706499443,90.6438,-25.5424,17.46,G09016;G09102;G09017;G09166
706502195,89.4461,-25.9509,19.09,G09016
706503164,89.1327,-25.9829,18.45,G09016;G09017
706509879,89.3947,-25.2389,17.26,G09016;G09017
706509991,89.4766,-25.1322,18.01,G09016;G09017
706511572,89.9922,-24.9231,19.23,G09016
706517474,92.4766,-26.3117,17.72,G09016;G09102;G09017;G09166
706520766,93.3468,-26.2124,18.22,G09016;G09017;G09166
706523639,93.1973,-26.1308,19.11,G09016
706527647,92.1828,-26.4856,18.09,G09166
706531563,91.9568,-26.0558,19.21,G09016
706534860,92.8657,-25.7598,19.17,G09016;G09017
706537085,93.3476,-25.3703,17.91,G09102
706540512,92.9054,-25.1602,18.89,G09016;G09017
706540528,92.8885,-25.1369,18.42,G09016;G09017
706586005,91.0457,-25.181,17.14,G09016;G09102;G09017;G09166
706587279,91.1738,-25.0596,19.07,G09016
706587629,91.2023,-24.8504,17.99,G09016;G09017
706599877,90.6098,-24.5909,19.08,G09016
706646083,87.3339,-26.5039,19.16,G09016
706646349,87.4114,-26.4049,19.18,G09016
706647149,86.6133,-26.5924,18.28,G09016;G09017
706657703,86.3657,-25.702,18.88,G09016;G09017
706659041,87.1253,-25.5786,18.91,G09016;G09017
706660883,86.9255,-25.4607,18.57,G09016;G09017
706668580,88.6942,-24.8581,18.97,G09016;G09017
706671877,89.0339,-24.8385,18.55,G09016;G09017
706673669,89.5078,-24.3922,18.93,G09016;G09017
706674566,89.2211,-24.1972,18.66,G09016;G09017
706682340,88.8628,-23.9266,18.83,G09016;G09017
706684345,88.2124,-23.6965,18.49,G09016;G09017
706688289,85.37,-25.4542,17.42,G09041
706701880,86.0936,-23.7756,19.03,G09016;G09017
706716704,87.103,-23.3122,17.55,G09016;G09102;G09017
738258407,94.7367,-37.4354,16.79,G09016;G09102;G09017
738261407,94.3862,-37.1623,19.1,G09016
738268002,95.1972,-36.4134,17.45,G09102
93443909,87.0956,-23.9691,12.62,G09180
93443910,87.0928,-23.9702,12.73,G09180
93443984,87.2543,-23.8095,7.68,G09062;20SECONDTARGET
10000880737,100.6071,-28.9573,16.25,G09166
101145648,99.0368,-27.6243,6.99,G09123
101266495,103.4442,-35.838,8.39,G09062
106338071,109.5614,-28.9445,16.71,G09102;G09166
106619926,110.0125,-29.7487,13.03,G09194
106839739,110.4799,-29.1696,12.24,G09194
107083703,110.7395,-28.8869,16.49,G09177
107259081,110.8661,-29.2492,16.29,G09177
107415639,111.0237,-29.3031,4.06,G09052;20SECONDTARGET
111235557,110.3908,-30.1041,8.3,G09062
111242086,110.5084,-32.6303,16.49,G09177
111317402,110.4454,-35.5642,16.6,G09177;G09102
111381080,110.717,-30.7068,16.89,G09102
111383067,110.7186,-31.4372,16.84,G09177
111494999,110.7914,-35.8316,16.56,G09177
111539246,110.8971,-33.3845,9.28,G09062
111636453,111.0447,-32.5209,15.77,G09102
111636476,111.0485,-32.529,15.55,G09166
112115538,111.7805,-30.6706,16.65,G09016;G09102;G09017;G09166
112115898,111.6559,-30.552,11.77,G09031;20SECONDTARGET
112117384,111.6577,-30.112,16.57,G09177
119287844,96.502,-37.8732,17.32,G09016;G09102;G09017
119325803,96.5954,-36.9544,17.63,G09166
119327800,96.7816,-37.8952,6.11,G09062;20SECONDTARGET
119443278,97.7092,-37.0849,7.96,G09062
147802298,98.5785,-38.5997,10.17,G09062
147902328,99.0521,-36.1388,6.65,G09062;20SECONDTARGET
147902364,98.9749,-36.0891,5.89,G09062;20SECONDTARGET
147945235,99.4589,-36.1143,7.33,G09062
147977348,99.7346,-36.6461,10.04,G09058;G09114;20SECONDTARGET
147977750,99.8295,-37.13,7.7,G09062
147978881,99.7532,-38.547,16.7,G09177
148003795,99.8874,-35.9275,8.99,G09062
148003877,100.1484,-36.0056,8.76,G09062
148045331,100.2955,-37.6231,17.03,G09016;G09102;G09017
148090854,100.3796,-38.0283,17.12,G09166
148124865,100.6294,-36.447,9.54,G09062
148182457,101.0191,-36.5613,10.27,G09196;G09196
148226714,101.1167,-38.0691,7.94,G09062;20SECONDTARGET
148227036,101.1934,-37.6814,17.27,G09166
148463034,102.4176,-38.8878,15.95,G09102;20SECONDTARGET
156709835,102.9532,-39.2193,9.03,G09062
156715084,103.0787,-38.6051,16.19,G09102;G09166;20SECONDTARGET
156942196,104.1011,-38.8981,9.76,G09196
156948641,104.2718,-39.161,14.64,G09102;20SECONDTARGET
157000246,104.3908,-39.5649,9.9,G09079;G09036;G09039
157051253,104.9313,-35.9815,16.69,G09177
157095839,104.9635,-38.8245,8.44,G09062
157129562,105.1319,-37.6354,16.05,G09177
157250130,105.6043,-36.7134,16.65,G09166
157250132,105.5985,-36.7121,16.88,G09177;G09102
157250629,105.6099,-36.3112,12.23,G09194
157250746,105.6807,-36.212,12.03,G09196
157309737,105.8117,-38.6917,17.23,G09166
157451427,106.4271,-38.2442,15.72,G09041;20SECONDTARGET
157633138,107.0987,-36.8256,10.67,G09194
157698565,107.4881,-37.2309,10.72,G09123;20SECONDTARGET
172195260,98.5955,-29.2676,9.39,G09062
172359183,99.7068,-27.7479,7.54,G09062;20SECONDTARGET
172368393,99.7325,-28.7523,11.15,G09196
172403379,99.9883,-28.1646,15.84,G09102;20SECONDTARGET
172410935,100.0198,-27.0555,16.06,G09177;G09102
172461490,100.0572,-29.2503,16.46,G09177;G09102
172464366,100.1589,-27.5712,11.09,G09079;G09036;G09039
172525833,100.4713,-28.6288,14.03,G09123
172598832,100.5712,-29.7768,12.94,G09058;20SECONDTARGET
172703276,101.1188,-28.5446,16.35,G09102;G09166
172703449,101.0798,-28.7111,16.56,G09177;G09102
172734582,101.2164,-27.3395,5.9,G09062;20SECONDTARGET
172839358,101.8254,-27.6569,13.63,G09123
173035047,102.1641,-29.3621,15.81,G09102;20SECONDTARGET
173088921,102.439,-28.988,9.95,G09123
22529346,107.6002,-39.0972,10.06,G09058;G09114;20SECONDTARGET
22598327,108.0621,-38.1747,7.42,G09062;G09123;20SECONDTARGET
22641002,108.1426,-36.222,8.86,G09117
22641187,108.1371,-36.094,15.63,G09041;20SECONDTARGET
22644202,108.2625,-38.1651,10.24,G09062
22866080,108.9582,-37.1105,16.36,G09016;G09017;20SECONDTARGET
22866110,108.9467,-37.1311,16.3,G09177
22868366,108.9453,-38.8679,15.75,G09016;G09102;G09017;G09166
22869764,108.9077,-40.0629,10.08,G09194
231455095,109.124,-33.8982,17.51,G09102
231459128,109.178,-31.8138,16.52,G09166
231484259,109.3774,-30.2103,17.16,G09102
23164311,109.8207,-40.1071,8.3,G09062
237397195,95.8032,-37.6911,12.48,G09102;20SECONDTARGET
237404597,96.0259,-37.9465,11.41,G09194
300029930,99.1435,-27.3226,14.26,G09123
300031164,99.0855,-28.5515,10.88,G09123
300031791,99.0945,-29.1304,10.63,G09123
300031999,99.1237,-29.3691,9.81,G09062
319862613,109.4469,-33.2422,9.58,G09194
319933613,109.5534,-33.4648,8.23,G09062
320214991,109.8295,-35.0391,7.6,G09062
320220653,110.0652,-33.7352,11.22,G09062
320346426,110.1993,-31.784,14.44,G09102;20SECONDTARGET
320346431,110.1957,-31.7865,14.3,G09166
320350213,110.1074,-33.549,8.28,G09062
320411045,110.1704,-33.9223,12.32,G09058;G09126;20SECONDTARGET
322685727,99.2183,-28.2184,10.03,G09123
47590073,100.6786,-28.9594,13.39,G09123
51829779,97.7635,-35.4801,7.6,G09062;20SECONDTARGET
51894533,97.9497,-31.1243,12.5,G09180
51926419,98.245,-30.5894,10.21,G09123
51932980,98.3834,-32.8871,16.23,G09102;20SECONDTARGET
51996218,98.5156,-30.3372,7.68,G09062
51997221,98.6006,-31.3834,11.0,G09123
51998562,98.5503,-32.986,16.54,G09166
52001745,98.7248,-34.8363,7.99,G09062
52051207,98.9986,-35.1713,7.34,G09062;20SECONDTARGET
52109184,98.9873,-34.1156,15.81,G09102;20SECONDTARGET
52111139,98.9717,-31.8968,10.62,G09062
52114921,99.1162,-31.8867,6.51,G09062;20SECONDTARGET
52172862,99.4494,-32.3392,4.19,G09123
52218290,99.3694,-34.1565,14.88,G09102;20SECONDTARGET
52283228,99.8514,-30.7395,16.7,G09016;G09102;G09017;G09166
52385153,100.1035,-31.6739,9.3,G09062
52393967,100.3822,-34.5021,17.42,G09166
52446910,100.2963,-33.219,16.0,G09177
52447844,100.36,-32.2291,16.07,G09177
52640302,101.1149,-32.8584,12.05,G09058;20SECONDTARGET
52641093,101.005,-33.6341,9.72,G09062
52683870,101.1371,-31.0234,12.82,G09180
52683875,101.1366,-31.0216,9.13,G09180
52687259,101.3437,-31.796,5.44,G09062;20SECONDTARGET
52689469,101.3948,-33.8817,13.64,G09142;20SECONDTARGET
52692117,101.5475,-35.2805,16.24,G09177
52918500,102.1614,-32.4687,7.69,G09062;20SECONDTARGET
52924466,102.3875,-33.7094,8.88,G09036
52982382,102.4602,-32.5084,3.55,G09164;20SECONDTARGET
53059882,102.6211,-34.6049,10.11,G09036
53063082,102.5973,-31.7059,5.37,G09164;20SECONDTARGET
53175558,103.0078,-33.9151,6.66,G09062;G09123;20SECONDTARGET
53457068,102.6895,-29.4476,7.39,G09062;20SECONDTARGET
53458803,102.8474,-29.0587,11.87,G09058;G09114;20SECONDTARGET
53688090,103.3938,-28.5431,5.42,G09062;20SECONDTARGET
63050430,104.585,-29.6455,9.25,G09062
63198307,104.6565,-28.9722,2.48,G09052;20SECONDTARGET
63199687,104.7211,-29.8669,9.82,G09062
63352695,104.9116,-27.9281,17.17,G09102
63355088,105.0002,-29.2874,15.6,G09166
63475995,105.1769,-28.4899,5.84,G09062;20SECONDTARGET
63663439,105.5227,-28.9204,8.67,G09062
63801778,105.7239,-28.636,15.54,G09102;20SECONDTARGET
63951167,106.1826,-28.7319,10.84,G09196
64538339,106.9481,-28.4851,17.31,G09102
64608449,107.1403,-28.6129,7.01,G09062
65057472,107.6706,-29.661,9.51,G09062
65133086,107.7418,-29.4288,16.73,G09177
65133944,107.8213,-29.0653,16.57,G09177
65911723,108.8385,-29.8893,16.91,G09102
66421167,109.1555,-29.3152,16.84,G09177
705650782,97.0799,-34.0889,18.77,G09016;G09017
705663410,97.3971,-33.1122,18.53,G09016;G09017
705664076,97.5547,-32.8041,18.04,G09016;G09017
705750317,98.4944,-32.1109,18.32,G09016;G09017
705758092,99.1799,-31.6748,18.45,G09016;G09017
705800203,99.3718,-30.1933,19.13,G09016
705810086,99.9884,-29.6091,19.19,G09016
705881507,98.8577,-28.501,16.93,G09177;G09102
706848832,99.3673,-27.8427,16.83,G09016;G09102;G09017;G09166
706854268,99.3026,-27.6655,18.7,G09016;G09017
706859795,99.5424,-27.1036,19.16,G09016
738221225,96.8304,-37.5825,18.48,G09016;G09017
738253896,96.5919,-36.9452,17.66,G09016;G09102;G09017
738255027,95.8923,-37.1545,18.81,G09016;G09017
738280763,99.3922,-38.5156,18.59,G09016;G09017
738286500,99.8432,-38.2422,18.36,G09016;G09017
738290980,99.8162,-37.3443,18.55,G09016;G09017
738291111,99.9011,-37.2578,18.75,G09016;G09017
738292539,98.2625,-38.3497,17.49,G09102
738294822,98.4729,-37.9211,18.48,G09016;G09017
738299867,99.1116,-37.6291,18.21,G09016;G09017
738301180,99.2491,-37.2859,18.82,G09016;G09017
738305419,98.9047,-36.9776,19.29,G09016
738306251,99.1358,-36.8406,18.98,G09016;G09017
738307605,99.1126,-36.5805,19.09,G09016
738308708,97.873,-37.4249,18.79,G09016;G09017
738321820,98.447,-36.3027,18.48,G09016;G09017
738325535,99.7579,-36.5347,19.26,G09016
738326614,99.6667,-36.4451,17.27,G09016;G09102;G09017;G09166
738326676,99.7666,-36.4229,18.82,G09016;G09017
738327820,99.6469,-36.2563,18.81,G09016;G09017
738333800,99.3871,-35.7807,18.48,G09016;G09017
738334756,99.3944,-35.4358,17.3,G09016;G09102;G09017
738334932,99.4892,-35.3449,18.66,G09016;G09017
738340088,99.9544,-35.2835,19.24,G09016
738344632,99.9578,-34.606,18.74,G09016;G09017
738351689,97.1542,-36.1964,18.37,G09016;G09017
738352084,97.2057,-36.0615,18.45,G09016;G09017
738356538,97.9034,-35.7744,18.64,G09016;G09017
738360648,97.573,-35.3331,18.64,G09016;G09017
738364942,96.5769,-35.5309,19.02,G09016
738375040,97.1705,-34.7421,17.85,G09016;G09102;G09017;G09166
738377550,98.557,-35.3952,19.1,G09016;G09017
738380790,98.767,-34.7987,17.67,G09016;G09102;G09017;G09166
738390938,99.0746,-34.2582,19.25,G09016
738396657,97.7409,-34.5211,17.72,G09016;G09102;G09017;G09166
738399550,97.473,-34.3736,17.99,G09016;G09102;G09017
738402602,97.5996,-33.9603,18.75,G09016;G09017
738403383,97.6185,-33.7459,18.45,G09016;G09017
738404400,98.6892,-33.8955,18.86,G09016;G09017
738405140,98.2204,-33.8604,18.6,G09016;G09017
738406801,98.9946,-33.5158,18.8,G09016;G09017
738411611,98.6216,-33.051,19.23,G09016
738412405,98.553,-32.9971,20.6,G09041
738412619,98.2889,-32.9767,18.75,G09016;G09017
738413659,99.7746,-33.9434,18.5,G09016;G09017
738413735,99.9551,-33.9653,19.17,G09016
738414966,99.8889,-33.6436,18.53,G09016;G09017
738415311,99.9761,-33.5803,17.98,G09016;G09102;G09017;G09166
738418803,99.9984,-33.1975,19.0,G09016;G09017
738422302,98.865,-33.2103,18.2,G09016;G09017
743771452,100.1099,-30.5422,17.45,G09102
743782895,100.45,-29.8518,18.25,G09016;G09017
743789382,100.2102,-29.1773,18.39,G09016;G09017
743800346,101.1409,-29.2928,17.14,G09102;G09166
743810866,102.0575,-28.7947,18.49,G09016;G09017
743819583,101.387,-28.5421,15.62,G09041
743819937,101.691,-28.5298,18.43,G09016;G09017
743827081,100.6035,-28.9671,16.37,G09016;G09102;G09017
743834799,100.4618,-28.6631,18.8,G09016;G09017
743839502,100.2981,-28.3299,17.16,G09016;G09102;G09017;G09166
743840762,100.4724,-28.1001,18.3,G09016;G09017
743842346,101.446,-28.3425,18.8,G09016;G09017
743870309,102.4448,-28.047,18.67,G09016;G09017
743907954,102.1257,-27.4033,19.11,G09016
743958187,100.2669,-27.103,18.69,G09016;G09017
771193664,109.1937,-39.9933,19.17,G09016
771394430,103.535,-39.2951,17.86,G09102;G09166
771397891,104.115,-38.892,18.55,G09016;G09017
771454891,106.7419,-39.3745,18.93,G09016;G09017
771458805,107.0449,-39.0473,18.83,G09016;G09017
771468199,108.5122,-39.5602,18.99,G09016;G09017
771469463,108.6237,-39.3003,19.14,G09016
771488699,109.4146,-38.5206,17.82,G09102;G09166
771494505,108.9746,-38.5107,19.1,G09016
771498710,109.0232,-38.0986,18.97,G09016;G09017
771498838,108.9212,-38.1673,16.76,G09177
771526572,108.4612,-37.8932,18.09,G09016;G09017
771527689,108.5726,-37.7712,19.2,G09016
771531211,107.8255,-37.8288,18.44,G09016;G09017
771543966,105.7526,-39.2529,18.65,G09016;G09017
771547074,105.2533,-39.2328,17.45,G09016;G09102;G09017
771554685,106.0772,-38.8178,18.89,G09016;G09017
771560034,105.8105,-38.6971,17.25,G09016;G09102;G09017
771560976,106.0,-38.5737,17.51,G09016;G09102;G09017;G09166
771562183,105.9111,-38.5755,17.99,G09102
771562977,106.194,-38.6073,18.58,G09194
771566135,106.2707,-38.1943,18.56,G09016;G09017
771566975,104.7369,-39.3646,18.03,G09016;G09017
771574700,104.5042,-38.7507,17.9,G09016;G09102;G09017
771575411,104.2715,-38.7007,18.64,G09016;G09017
771583107,105.3029,-38.1016,18.67,G09016;G09017
771584132,105.8063,-38.0899,18.5,G09016;G09017
771592659,105.3177,-37.5993,18.01,G09166
771593864,105.3726,-37.4257,17.83,G09102
771595242,106.8574,-38.4216,19.23,G09016
771595645,107.0403,-38.3977,19.12,G09016
771605262,106.5678,-37.9025,17.26,G09177;G09102
771608833,106.8696,-37.5635,16.7,G09177;G09102
771632058,106.2636,-37.4944,18.59,G09016;G09017
771638971,105.9179,-37.2832,18.21,G09016;G09017
771649952,106.8055,-36.6077,19.09,G09016
771657291,106.9668,-36.2816,17.86,G09016;G09017
771726673,103.325,-38.6165,18.98,G09016;G09017
771728208,103.1901,-38.3458,19.19,G09016
771728804,103.3519,-38.2533,17.79,G09016;G09102;G09017;G09166
771734131,102.0872,-38.5532,18.05,G09016;G09017;G09166
771750234,102.4659,-37.5115,18.22,G09016;G09017
771755849,100.532,-38.8554,18.55,G09016;G09017
771757611,100.7687,-38.5686,18.26,G09016;G09017
771763617,100.3916,-38.0269,17.59,G09016;G09102;G09017
771772014,100.6407,-37.8524,18.94,G09016;G09017
771773286,101.2027,-37.6789,17.39,G09016;G09102;G09017
771774343,101.0448,-37.5246,18.98,G09016;G09017
771774733,101.3125,-37.4114,19.24,G09016
771780386,102.2743,-36.9653,17.91,G09016;G09017
771788033,100.8769,-37.5157,18.15,G09016;G09017
771789114,101.085,-37.0335,18.08,G09016;G09017;G09166
771790503,100.247,-37.3156,17.97,G09102
771790690,100.2413,-37.3057,17.89,G09166
771792001,100.107,-37.0277,18.17,G09016;G09017
771794493,101.2577,-37.1309,18.64,G09025
771800164,101.1245,-36.537,17.13,G09177;G09102
771807037,104.0452,-38.1547,18.18,G09016;G09017
771824366,104.3989,-37.5149,18.06,G09016;G09017
771831885,103.3896,-37.6714,18.37,G09016;G09017
771847698,104.6632,-36.5104,18.5,G09016;G09017
771858992,105.3357,-36.7789,17.7,G09016;G09102;G09017
771873713,106.3862,-36.0682,18.3,G09016;G09017
771881847,105.7117,-35.887,19.16,G09016
771882549,106.0758,-35.7301,18.26,G09016;G09017
771890147,104.7669,-36.329,19.15,G09016
771892658,104.8087,-35.9006,18.64,G09016;G09017
771909270,105.8456,-35.0283,17.91,G09016;G09017
771913185,105.2602,-35.1688,17.88,G09016;G09017
771921677,102.6126,-36.8598,18.86,G09016;G09017
771931561,102.5029,-36.1869,19.23,G09016
771932457,102.6877,-35.9127,18.57,G09016;G09017
771937827,103.7747,-35.6526,17.39,G09016;G09102;G09017
771961277,102.7329,-35.5869,18.48,G09016;G09017
771961457,102.7487,-35.5232,18.69,G09016;G09017
771964056,102.543,-35.0891,19.27,G09016
771965133,103.1342,-35.0535,16.83,G09102;G09017;G09166;20SECONDTARGET
771985792,103.9145,-34.5646,17.53,G09016;G09102;G09017;G09166
772003983,103.3804,-34.6134,17.91,G09166
772004558,103.3882,-34.6102,18.01,G09016;G09017
772006659,103.3305,-34.2884,18.53,G09016;G09017
772026385,104.019,-33.5462,18.24,G09016;G09017
772038616,101.0861,-35.6988,18.98,G09016;G09017
772041223,100.4854,-35.6511,17.65,G09102
772044687,100.6729,-35.1649,18.41,G09016;G09017
772051088,101.6495,-35.0994,17.55,G09016;G09102;G09017
772060916,102.1594,-34.458,19.02,G09016
772064731,102.1464,-34.1515,17.28,G09016;G09102;G09017;G09166
772073696,100.3919,-34.4983,17.43,G09016;G09102;G09017
772084056,101.0603,-34.0158,17.68,G09102;G09166
772084194,101.1061,-33.91,18.96,G09016;G09017
772084617,101.0782,-33.8256,18.31,G09016;G09017
772099393,103.1274,-33.5568,17.59,G09016;G09102;G09017
772112550,103.6389,-32.9774,18.56,G09016;G09017
772126942,101.9415,-32.8514,17.77,G09102
772139292,102.5667,-32.487,17.78,G09016;G09102;G09017;G09166
772145519,102.4369,-32.1857,18.24,G09016;G09017
772162583,100.2665,-32.8001,19.08,G09016
772168244,100.1858,-32.2172,19.1,G09016
772181263,101.1828,-31.959,17.88,G09102;G09166
772182595,101.411,-31.5839,18.39,G09016;G09017
772187661,101.8522,-31.4932,17.41,G09016;G09102;G09017;G09166
772188327,102.4007,-31.5321,18.48,G09016;G09017
772223571,101.3096,-30.3619,17.03,G09016;G09017;G09166
772224051,101.0616,-30.4062,19.26,G09016
772525926,109.8326,-38.7513,18.36,G09016;G09017
773370205,109.3196,-38.0341,18.61,G09016;G09017
773413276,108.9558,-37.228,19.01,G09016
773421732,108.848,-37.1807,19.29,G09016
773430803,108.9495,-36.6497,18.55,G09016;G09017
773436582,109.5336,-36.6938,17.55,G09016;G09102;G09017
773449021,109.0896,-36.5002,17.95,G09166
773449025,109.0848,-36.5047,18.04,G09016;G09017
773528420,110.3459,-35.9194,18.25,G09016;G09017
773535432,110.5209,-35.5634,18.04,G09166
773535438,110.522,-35.5696,17.93,G09102
773550887,110.3815,-35.225,18.99,G09016;G09017
773589557,108.0086,-36.7587,19.02,G09016
773599527,108.0529,-36.5195,18.17,G09016;G09017
773600529,108.1551,-36.3572,19.25,G09016
773601312,107.8198,-36.3989,19.3,G09016
773615049,108.9074,-35.8384,18.82,G09016;G09017
773628734,108.93,-35.5283,18.19,G09016;G09017
773642717,107.9366,-35.477,18.92,G09016;G09017
773678094,109.7791,-35.4103,17.92,G09166
773735838,110.2675,-33.9339,19.01,G09016
773757228,108.8212,-34.251,18.84,G09016;G09017
773774884,109.6284,-33.8535,17.74,G09016;G09017
773783127,109.8791,-33.6508,19.24,G09016
774323806,110.546,-32.0135,18.82,G09016;G09017
776991379,107.1049,-35.4317,18.96,G09016;G09017
776997740,106.9975,-35.0661,17.69,G09102
776998775,106.9837,-34.8708,17.77,G09016;G09017
777007376,106.9643,-34.5546,19.2,G09016
777036547,106.2018,-34.6129,19.01,G09016
777061270,107.3134,-33.615,18.64,G09016;G09017
777071001,106.5416,-33.4829,17.41,G09016;G09102;G09017;G09166
777071545,106.5678,-33.3232,17.82,G09016;G09102;G09017
777075080,107.0343,-33.1199,19.11,G09016
777098781,107.948,-33.3971,18.55,G09016;G09017
777104887,108.1474,-33.1473,17.89,G09016;G09017;G09166
777133291,108.6859,-32.5431,17.62,G09102
777158024,107.1441,-32.9691,19.16,G09016
777219473,105.2536,-33.0368,18.14,G09016;G09017;G09166
777276071,105.1224,-31.8608,19.0,G09016
777338168,106.113,-31.8,17.42,G09016;G09017;G09166
777338561,106.3666,-31.7982,18.25,G09016;G09017
777352466,105.5482,-31.402,17.29,G09177;G09102
777365883,106.907,-30.9402,17.99,G09016;G09017;G09166
777373755,107.3253,-30.4582,16.7,G09016;G09102;G09017
777377620,106.5916,-30.6707,19.11,G09016
777382059,107.0275,-30.5344,18.35,G09016;G09017
777419727,109.7179,-32.0043,17.45,G09016;G09102;G09017
777460384,109.9243,-31.4979,16.93,G09177
777479354,108.8627,-31.9635,18.46,G09016;G09017
777480658,109.1839,-31.8061,16.56,G09016;G09102;G09017
777504592,108.5723,-31.2769,17.96,G09016;G09017
777513065,108.7024,-31.0075,18.82,G09016;G09017
777575426,111.3674,-30.8727,17.9,G09102
777582932,111.3109,-30.5903,18.63,G09016;G09017
777607740,110.8003,-30.292,17.85,G09016;G09102;G09017;G09166
777662346,111.6602,-29.6763,17.74,G09102
777666362,111.7294,-29.5388,17.79,G09016;G09102;G09017;G09166
777798051,107.6743,-30.6959,18.38,G09016;G09017
777811636,109.0835,-30.4944,19.02,G09016
777816546,108.8682,-30.4018,18.29,G09016;G09017
777858462,107.5988,-30.1548,17.81,G09016;G09102;G09017
777864400,107.8295,-30.0854,16.87,G09016;G09102;G09017;G09166
777873693,106.9638,-29.9685,18.76,G09016;G09017
777957111,109.3625,-29.0214,17.95,G09102
777963242,109.8462,-28.8621,16.64,G09177
777999164,109.9602,-28.8478,18.36,G09016;G09017
778126442,104.2262,-32.0896,18.67,G09016;G09017
778126740,104.2764,-31.991,19.28,G09041
778127059,104.3594,-32.0197,17.91,G09016;G09102;G09017;G09166
778131484,103.6546,-31.9945,18.85,G09016;G09017
778143542,105.3213,-31.3798,17.79,G09016;G09102;G09017;G09166
778146065,105.1624,-31.2183,18.66,G09025
778165605,103.588,-31.2077,18.7,G09016;G09017
778177298,103.8741,-31.1444,18.5,G09016;G09017
778193053,103.8152,-30.2972,18.41,G09016;G09017
778200300,105.4505,-30.7242,19.0,G09016
778215425,105.3582,-30.4088,19.24,G09016
778223526,106.1538,-30.2285,18.79,G09016;G09017
778224585,106.2175,-30.0655,18.58,G09016;G09017
778242197,105.9346,-29.7168,18.87,G09016;G09017
778272614,105.504,-29.5536,19.08,G09016;G09017
778284326,104.9877,-29.2836,16.09,G09016;G09102;G09017
778292076,105.4436,-28.8475,17.51,G09102
778293206,105.4223,-28.7179,18.41,G09016;G09017
778295592,102.5982,-31.0903,18.62,G09016;G09017
778300228,102.7791,-30.6649,18.98,G09016;G09017
778305525,102.6511,-30.6713,19.01,G09016
778315241,103.8396,-30.1549,18.38,G09016;G09017
778320343,102.9742,-30.1858,18.09,G09016;G09017
778330675,102.1017,-30.2625,18.74,G09016;G09017
778335796,102.3434,-29.9077,18.03,G09016;G09017
778342157,102.2378,-29.6486,18.39,G09016;G09017
778354951,102.221,-29.4693,18.23,G09016;G09017
778388095,104.9392,-28.8555,16.96,G09016;G09102;G09017;G09166
778402705,104.3128,-28.5254,18.59,G09016;G09017
778418297,103.7329,-28.56,18.0,G09016;G09017;G09166
778444300,103.6149,-27.9553,18.76,G09016;G09017
778445411,103.7909,-27.8398,18.49,G09016;G09017
778453140,106.9308,-29.8262,19.25,G09016
778497296,107.8271,-28.6787,18.0,G09102;G09166
778498245,107.6724,-28.6201,17.31,G09016;G09102;G09017;G09166
778505856,107.0701,-28.7341,18.08,G09016;G09017
778529771,106.5916,-28.6367,19.22,G09016
778535136,105.9267,-28.7677,19.18,G09016
778537070,105.9286,-28.6771,18.93,G09016;G09017
96322307,103.7885,-35.6494,17.38,G09166
96391724,104.0028,-32.5578,16.92,G09166
96391732,103.9923,-32.5617,17.07,G09016;G09102;G09017
96520633,104.3229,-35.507,5.82,G09062;20SECONDTARGET
96522055,104.37,-35.0628,8.32,G09062
96580348,104.4864,-33.7678,16.77,G09177
96739823,104.7974,-33.8803,8.22,G09062
96799506,105.1765,-30.7191,11.5,G09079;G09036;G09039
96921920,105.4251,-32.5241,18.09,G09166
96928050,105.4907,-34.7454,15.24,G09102;20SECONDTARGET
97062473,105.8423,-34.0588,16.24,G09177;G09102
97065627,105.8818,-31.9292,16.0,G09177
97161543,105.9987,-32.514,16.04,G09177;G09102
97162204,105.9047,-32.9816,7.81,G09062
97163088,106.0304,-33.574,16.64,G09177
97273469,106.185,-31.9454,6.91,G09062
97276720,106.1959,-34.1226,16.3,G09177
97280658,106.3831,-34.7774,6.1,G09062
97281605,106.3205,-34.1431,7.06,G09062
97416936,106.5647,-33.319,17.64,G09166
97578039,107.0085,-35.0594,17.48,G09166
97579288,106.9255,-34.2065,8.86,G09062
97582089,106.9921,-32.4275,16.75,G09177
97646800,107.0461,-31.4282,6.61,G09062
97656215,107.2592,-34.2984,16.94,G09016;G09102;G09017;G09166
97704990,107.3046,-30.2752,16.57,G09177
97708390,107.3528,-32.0816,15.57,G09102;G09166
97790682,107.3568,-33.4547,8.2,G09062
97791435,107.4241,-33.889,16.83,G09177
97797267,107.4841,-34.0312,9.07,G09150
97840441,107.6006,-30.1548,17.7,G09166
97847605,107.7133,-34.3527,16.27,G09102;G09166
97921547,107.8333,-35.8505,11.1,G09058;G09114;20SECONDTARGET
97924419,107.7475,-33.8403,16.71,G09177
98168772,108.327,-33.9699,9.29,G09062
98283926,108.4524,-33.4374,13.15,G09058;G09142;20SECONDTARGET
98293921,108.6522,-32.5413,14.32,G09102;20SECONDTARGET
98293937,108.6834,-32.532,17.57,G09166
98393577,108.7486,-32.8029,8.11,G09062
98544203,109.0441,-30.4791,17.56,G09102
98545929,109.1045,-31.2444,12.45,G09058;20SECONDTARGET
100113050,109.1484,-17.9814,9.41,G09062
100389539,109.3883,-19.8289,10.9,G09058;G09114;20SECONDTARGET
106347755,109.6498,-24.993,9.94,G09150
106410605,109.8026,-25.9211,17.27,G09102
106413626,109.705,-27.1287,15.8,G09025
106752161,110.2711,-24.9656,16.35,G09177
106830354,110.2288,-26.9638,6.16,G09150
106894218,110.4236,-25.9008,8.6,G09062
107088110,110.6421,-27.2471,16.13,G09177;G09102;20SECONDTARGET
107255233,110.834,-27.7895,14.92,G09016;G09102;G09017;20SECONDTARGET
107407027,111.0613,-26.4505,17.81,G09166
107538847,111.1565,-27.7125,17.29,G09102
107948929,111.7096,-27.6419,16.4,G09177;G09102
108183404,112.0678,-27.7227,17.46,G09166
10827386,110.2474,-21.1146,11.7,G09058;G09031;20SECONDTARGET
108413068,112.1758,-27.9045,7.96,G09062
108749984,112.5701,-26.3086,17.33,G09102
108834836,112.6713,-25.8257,16.78,G09102
108835547,112.6552,-26.0013,16.0,G09102
139385056,111.7478,-23.086,5.61,G09150;20SECONDTARGET
139786309,112.3312,-18.9792,16.82,G09177
142463497,103.1376,-16.1741,16.84,G09016;G09102;G09017
147034452,104.2404,-16.7464,13.19,G09031
147178211,104.5244,-17.74,16.08,G09041
147918815,105.5947,-17.8159,16.52,G09166
147918835,105.5961,-17.8253,16.69,G09016;G09102;G09017
148108466,105.9303,-15.9749,16.31,G09025
148590337,106.707,-16.4926,16.44,G09102
172361463,99.6506,-25.5537,12.3,G09079;G09036;G09039
172467837,100.1985,-24.387,14.96,G09041;G09102;20SECONDTARGET
172698381,101.1432,-24.4729,17.87,G09166
172782915,101.4694,-25.7612,9.79,G09062
172925290,101.8836,-24.0964,15.26,G09102;20SECONDTARGET
172999052,102.2335,-25.3961,13.98,G09016;G09102;G09017;20SECONDTARGET
173040300,102.3078,-25.6559,16.49,G09102
259217117,113.5774,-17.1074,17.52,G09025;G09041
262321830,108.7974,-23.0153,11.83,G09196
295624699,108.886,-17.1306,15.45,G09102
295629702,108.8964,-17.1298,15.35,G09166
295945688,109.029,-17.1779,16.3,G09177
306536180,107.5334,-16.2442,9.67,G09196;G09196
306536310,107.648,-16.2941,16.98,G09016;G09102;G09017;G09166
306537275,107.5701,-16.6469,12.38,G09052
306539043,107.5346,-17.2477,15.96,G09102
306852153,107.9849,-17.5051,9.78,G09062
307303669,108.2974,-16.7735,11.42,G09196
354770601,107.4041,-16.0963,9.16,G09164
35481236,101.969,-16.7157,9.97,G09020
35827381,102.5608,-15.6876,17.05,G09166
385722763,110.8927,-17.6881,16.83,G09102
385910710,111.2091,-17.1631,18.11,G09016;G09017
405111559,113.677,-17.6791,9.43,G09062
405113468,113.8007,-17.5471,6.74,G09062;20SECONDTARGET
412344084,110.4899,-18.1144,16.89,G09166
412458408,110.786,-18.1341,16.53,G09177
412515802,110.7578,-20.3735,15.02,G09102;20SECONDTARGET
412670422,110.9116,-18.0871,16.91,G09166
412743856,111.2169,-21.9641,10.3,G09117
412784279,111.307,-19.802,9.99,G09062
412842729,111.3158,-22.1001,17.01,G09025
423127506,113.0652,-19.0348,11.55,G09196
456736556,112.784,-21.7058,16.02,G09102
456765540,112.9385,-19.3719,11.8,G09196
456796636,113.2165,-21.0948,14.88,G09025;20SECONDTARGET
4614765,102.028,-20.9767,16.3,G09016;G09102;G09017
4616072,101.9942,-21.9107,12.89,G09058;20SECONDTARGET
47634940,104.1538,-24.8645,8.09,G09062
48949059,100.8353,-21.6792,17.18,G09102
49185262,101.3245,-21.7217,17.06,G09016;G09102;G09017
49185274,101.326,-21.7286,17.0,G09166
49190173,101.5187,-22.7765,17.05,G09102
49245329,101.5097,-19.9882,16.75,G09025
49834546,111.8234,-17.2425,17.45,G09166
49835817,111.7786,-16.7371,16.82,G09016;G09102;G09017
50218531,112.1987,-17.4193,17.08,G09166
50276717,112.3352,-17.345,6.57,G09062
5051080,109.9191,-21.8896,12.47,G09102;20SECONDTARGET
5051420,109.8754,-22.0048,8.55,G09150
5123582,110.0324,-21.6536,12.16,G09196
5127671,110.0092,-20.289,17.0,G09166
5214630,112.4642,-23.0243,4.57,G09052;20SECONDTARGET
5220128,112.4089,-21.0354,16.96,G09177
5236342,112.5123,-19.4983,15.75,G09041
53604257,103.164,-24.8977,17.06,G09102
53746254,103.5235,-24.6948,14.43,G09102;20SECONDTARGET
53898748,103.6508,-24.7769,11.56,G09196
53986346,103.971,-25.5178,6.86,G09194;G09062
56038863,113.1316,-17.8424,16.58,G09016;G09102;G09017;G09166
63041201,104.391,-24.6301,5.04,G09062;20SECONDTARGET
63192395,104.7255,-25.5721,9.6,G09020
63305683,105.0389,-25.9753,12.01,G09194
63579446,105.4939,-25.5321,11.04,G09020
63579455,105.515,-25.5347,12.27,G09117
63720865,105.6765,-26.0924,9.97,G09196
63731792,105.779,-25.5567,17.04,G09166
63731809,105.7786,-25.562,17.33,G09102
63893927,106.0196,-25.6783,8.45,G09062
64203116,106.4945,-25.3121,8.58,G09062
64963323,107.5059,-24.2049,16.3,G09177
65142573,107.8006,-25.9078,7.7,G09062;20SECONDTARGET
65144290,107.8091,-25.3027,14.47,G09016;G09017;G09166;20SECONDTARGET
65186456,107.8747,-24.164,17.5,G09102
65191207,107.845,-25.751,16.88,G09177
65401386,108.0643,-26.5805,9.68,G09062
65406275,108.0191,-24.8921,8.89,G09123
65652471,108.2604,-24.2248,6.59,G09062;20SECONDTARGET
65664136,108.4018,-27.3563,6.36,G09150
65803653,108.5633,-26.3525,4.72,G09150;20SECONDTARGET
65900170,108.628,-25.8034,9.14,G09062
65903024,108.7026,-26.7726,4.05,G09164;20SECONDTARGET
66057502,109.0108,-24.3954,16.43,G09177
66237908,109.0972,-25.1251,8.97,G09196
66329797,109.2879,-24.8504,17.35,G09102
66506323,109.4017,-24.8163,8.58,G09150
743936454,102.6485,-26.599,17.83,G09016;G09017
743984862,100.9644,-26.317,17.52,G09016;G09102;G09017
743986445,101.1768,-26.0333,18.51,G09016;G09017
743990368,101.742,-26.1509,17.51,G09102
743994779,102.2131,-25.9996,19.12,G09016
744001837,101.461,-25.7528,18.58,G09016;G09017
744016533,100.8208,-25.7499,18.62,G09016;G09017
744026899,101.4545,-25.7245,18.48,G09016;G09017
744072384,104.9783,-26.2432,18.37,G09016;G09017
744075782,104.6821,-26.1863,17.95,G09102
744101742,103.4906,-26.0955,18.0,G09016;G09017
744126694,104.5095,-25.5216,19.3,G09016
744127654,104.421,-25.3983,19.26,G09016
744157718,105.956,-25.1674,17.67,G09016;G09102;G09017;G09166
744158219,105.6171,-25.3589,18.25,G09016;G09017
744178013,105.4779,-24.7766,19.1,G09016
744239889,104.8886,-24.4333,19.15,G09016
744286773,102.4574,-25.5585,18.34,G09016;G09017
744321320,102.8255,-24.7667,17.66,G09016;G09017
744327081,103.5239,-24.2446,18.79,G09016;G09017
744346565,101.4541,-24.5,16.77,G09177
744362518,103.3264,-23.963,17.62,G09016;G09102;G09017;G09166
744372298,102.4265,-23.8283,18.79,G09016;G09017
744427925,104.3401,-23.442,19.26,G09016
744450016,103.7501,-23.5548,18.68,G09016;G09017
744490670,103.7239,-22.6789,18.54,G09016;G09017
744513529,100.9133,-24.9381,18.62,G09016;G09017
744520580,100.3275,-24.6569,18.59,G09016;G09017
744535098,101.2235,-24.3749,19.23,G09016
744542701,101.4778,-24.0035,18.72,G09016;G09017
744577706,101.7675,-23.1298,18.5,G09016;G09017
744579726,101.9648,-22.8497,17.65,G09102
744588307,101.1466,-23.2387,18.41,G09016;G09017
744598348,100.3625,-23.0148,18.62,G09016;G09017
744598729,100.328,-23.0249,19.04,G09016
744604936,101.2813,-22.8889,16.96,G09177
744627837,102.5007,-23.0551,18.13,G09166
744642507,102.0784,-22.6309,19.15,G09016
744662493,103.7984,-22.09,17.44,G09016;G09017
744679128,103.1561,-21.8001,18.57,G09016;G09017
744686455,101.8284,-22.3913,18.98,G09016;G09017
744706780,101.8542,-21.6453,18.65,G09016;G09017
744717238,102.8699,-21.5443,17.71,G09016;G09017;G09166
744747008,100.5658,-22.1252,17.97,G09016;G09102;G09017;G09166
744779980,101.6367,-21.1002,18.93,G09016;G09017
744803569,102.2968,-20.4735,19.01,G09025
744872179,107.2105,-24.0966,18.39,G09016;G09017
744906234,107.8288,-23.7333,16.67,G09177
744966372,106.4646,-23.3836,18.04,G09016;G09017
745035699,106.7105,-22.2576,18.67,G09016;G09017
745089593,109.0445,-22.5953,17.35,G09016;G09017;G09166
745123103,109.2185,-21.7062,18.61,G09016;G09017
745167492,107.7463,-21.5639,18.63,G09016;G09017
745183654,108.5711,-21.4594,17.47,G09166
745183686,108.5634,-21.4533,17.51,G09102
745190869,108.6794,-21.1091,17.55,G09016;G09102;G09017
745195351,107.8017,-21.4312,19.19,G09016
745196629,107.7242,-21.3497,18.46,G09016;G09017
745198175,107.815,-21.2028,18.43,G09016;G09017
745255809,106.4012,-22.2007,17.57,G09102
745378009,107.2356,-21.2549,19.19,G09016
745389239,106.5329,-21.1651,17.88,G09102;G09166
745411191,108.1452,-20.6917,17.82,G09016;G09102;G09017
745438096,106.4271,-21.1146,19.12,G09016
745450031,106.3363,-20.779,16.89,G09016;G09102;G09017
745455042,105.8792,-20.9199,19.16,G09016
745461766,105.6189,-20.7636,17.88,G09016;G09102;G09017;G09166
745487252,107.3538,-20.0164,18.49,G09016;G09017
745492264,106.5845,-20.3022,18.25,G09016;G09017
745504652,106.7485,-19.845,18.55,G09016;G09017
745516161,109.4559,-21.7084,17.82,G09016;G09017
745667044,110.0054,-20.2804,17.0,G09102
745683415,109.1355,-20.1285,19.23,G09016
745788327,111.5214,-19.2537,18.2,G09016;G09017
745833592,109.8918,-19.4807,17.53,G09102;G09166
745898222,108.1244,-20.5419,19.21,G09016
745902053,108.3138,-20.2042,17.87,G09016;G09102;G09017
745904208,108.6905,-20.1849,18.98,G09016;G09017
745925732,108.1623,-19.6073,19.3,G09016
745963532,108.1834,-19.4848,18.39,G09016;G09017
745994838,108.7156,-18.7478,17.39,G09016;G09102;G09017;G09166
745998109,108.1128,-18.9829,19.06,G09016
746001037,107.6357,-18.8891,19.16,G09016
746002804,108.0318,-18.6572,18.82,G09016;G09017
746007681,108.1697,-18.4837,17.78,G09102;G09166
746048306,110.5955,-18.5387,19.02,G09016;G09017
746059300,110.921,-18.0909,17.43,G09102
746067208,110.2663,-18.2785,18.42,G09016;G09017
746073229,110.0177,-17.994,17.7,G09102
746074212,110.4981,-18.1089,17.0,G09016;G09102;G09017
746087238,108.9397,-18.3417,17.75,G09016;G09102;G09017;G09166
746096468,108.9356,-18.1876,17.5,G09102;G09166
746109170,109.0275,-17.6929,18.51,G09016;G09017
746111336,109.9116,-17.8593,18.95,G09016;G09017
746114268,109.6789,-17.6503,18.81,G09016;G09017
746127077,109.8159,-17.2491,17.75,G09102;G09166
746130593,104.163,-21.932,19.13,G09016
746163387,104.7826,-21.0799,17.39,G09016;G09102;G09017;G09166
746210979,103.1041,-20.7418,17.34,G09016;G09102;G09017
746222184,103.3603,-20.2421,17.66,G09016;G09017
746256101,105.5334,-20.5452,18.98,G09016;G09017
746304521,106.5632,-19.3414,18.68,G09016;G09017
746306201,105.7816,-19.6996,19.03,G09016
746316404,106.1507,-19.2104,18.87,G09016;G09017
746317710,106.3288,-19.1481,18.02,G09016;G09017
746334283,105.2231,-19.5073,16.95,G09177
746377292,105.1596,-18.836,18.93,G09016;G09017
746399246,103.1453,-20.1703,17.84,G09016;G09102;G09017
746414140,102.7659,-19.8142,19.05,G09016
746459432,102.1857,-19.5059,18.73,G09016;G09017
746482391,102.6415,-18.9446,18.23,G09166
746509947,104.4433,-18.9566,19.0,G09016;G09017
746520640,103.5118,-18.8809,17.16,G09102
746553722,104.3436,-17.9665,18.69,G09016;G09017
746569031,103.5737,-18.3506,17.55,G09102;G09166
746615297,103.8529,-17.3512,19.2,G09016
746671594,107.2449,-18.3084,19.17,G09016
746672637,107.4719,-18.2674,17.7,G09016;G09102;G09017
746702675,106.6146,-18.1993,19.28,G09016
746820239,108.5959,-16.941,19.25,G09016
746917439,106.0715,-17.6455,18.71,G09016;G09017
746928730,105.2831,-17.4483,18.18,G09016;G09017
746957300,106.3883,-17.062,18.29,G09016;G09017
746966557,105.938,-16.9391,17.88,G09016;G09017
746997530,104.8761,-16.8617,19.12,G09016
746999640,105.137,-16.6914,18.13,G09016;G09017
747003342,104.5494,-16.846,17.83,G09016;G09017
747018748,105.7863,-16.6733,18.6,G09016;G09017
747039962,104.9655,-16.2049,19.18,G09016
747158768,105.7786,-15.5775,19.12,G09016;G09017
747269700,101.7283,-18.4401,18.72,G09016;G09017
747280125,101.8674,-18.2065,18.59,G09016;G09017
747286723,102.1742,-17.8603,18.21,G09016;G09017
747288049,101.8765,-17.9164,18.82,G09016;G09017
747288811,101.7921,-17.8492,18.53,G09016;G09017
747355478,102.7188,-17.2046,18.91,G09016;G09017
747367910,103.578,-17.0723,19.09,G09016;G09017
747423162,102.7232,-16.1581,19.02,G09016
747486051,102.5618,-15.6974,17.26,G09102
747546953,103.9484,-16.4888,19.04,G09016;G09017
747603146,104.8228,-15.2699,16.9,G09102;G09166
747630559,104.0966,-15.6362,18.53,G09016;G09017
747803369,102.6253,-15.248,18.95,G09016;G09017
747803783,102.7015,-15.1596,18.12,G09016;G09017
748433298,112.7046,-19.1325,18.44,G09016;G09017
748436543,112.5142,-19.0243,19.24,G09016
748443078,112.914,-18.6733,18.7,G09016;G09017
748460262,113.3599,-18.4291,18.69,G09016;G09017
748498875,112.2167,-18.0366,17.27,G09016;G09102;G09017;G09166
748509996,112.0421,-17.8474,17.87,G09016;G09102;G09017
748520529,112.9243,-17.5547,17.78,G09016;G09102;G09017;G09166
748526716,112.1925,-17.429,17.14,G09016;G09102;G09017
748621185,112.5463,-16.9681,16.59,G09016;G09102;G09017;G09166
748696746,110.9459,-17.283,19.03,G09016
748701552,111.9604,-17.2194,18.39,G09016;G09017
748701923,111.553,-17.3576,19.21,G09016
748702832,111.8175,-17.2464,17.45,G09016;G09102;G09017
748729780,110.779,-17.1251,18.05,G09016;G09017
748741080,110.2731,-16.8397,18.81,G09016;G09017
778093189,109.9628,-27.7023,17.88,G09166
778093208,109.969,-27.6922,17.93,G09016;G09102;G09017
778651033,108.946,-27.2633,17.79,G09016;G09017
778741335,108.3706,-26.285,17.31,G09102
778794268,105.9528,-27.3205,17.61,G09016;G09102;G09017
778794279,105.9476,-27.3155,17.29,G09166
778799169,106.1169,-27.2112,18.48,G09016;G09017
778819274,105.0283,-27.0398,19.06,G09016
778839616,105.3004,-26.7772,17.99,G09016;G09102;G09017;G09166
778871733,107.212,-26.7674,18.68,G09016;G09017
778919037,107.2294,-26.0974,19.21,G09016
778932463,107.5107,-25.5788,18.73,G09016;G09017
778936128,107.5146,-25.3754,17.58,G09166
778936133,107.5054,-25.3739,17.61,G09016;G09102;G09017
778986525,107.0601,-25.2313,19.2,G09016
779004039,107.0684,-24.8994,18.93,G09016;G09017
779225704,112.0787,-27.7284,17.53,G09102
779516812,112.0581,-27.1896,19.3,G09016
779554692,110.0999,-27.6036,17.27,G09102
779586308,110.1054,-27.1056,19.18,G09016
779643529,110.7828,-26.39,16.81,G09177
779645939,111.0554,-26.4587,17.88,G09102
779789809,111.7154,-25.851,18.26,G09016;G09017
779789830,111.6979,-25.8329,17.05,G09016;G09102;G09017;G09166
779790682,111.7712,-25.7149,18.62,G09016;G09017
780674748,109.5815,-26.9262,19.22,G09016
780681834,110.0676,-26.7495,17.03,G09177;G09102
780684028,110.2684,-26.5873,17.88,G09016;G09017
780713535,109.7854,-26.0723,19.05,G09016
780779662,108.9582,-25.9761,17.66,G09016;G09102;G09017
780779775,109.3487,-26.2309,19.15,G09016
780851614,109.6599,-25.2179,18.62,G09016;G09017
780879758,110.7517,-25.5225,17.88,G09102
780883703,111.0628,-25.2852,18.8,G09016;G09017
780917046,112.1186,-24.3696,17.98,G09102;G09166
780929167,111.6352,-24.3777,18.77,G09016;G09017
780939610,110.4598,-24.9501,18.53,G09016;G09017
780948603,110.7509,-24.7776,17.63,G09016;G09102;G09017;G09166
780996712,111.287,-23.945,17.05,G09177
781018068,111.032,-23.5629,18.14,G09016;G09017
781081228,109.2623,-24.5968,19.22,G09016
781090879,108.7133,-24.6906,18.56,G09016;G09017
781090893,108.73,-24.6747,16.21,G09177;G09102
781113528,107.734,-25.0035,18.08,G09016;G09017
781130796,107.2241,-24.8007,18.94,G09016;G09017
781134497,107.3191,-24.6077,18.99,G09016;G09017
781152902,108.2116,-24.4734,18.88,G09016;G09017
781192552,108.3925,-23.6558,17.57,G09102
781200592,108.2616,-23.3781,17.36,G09102
781217454,110.0692,-23.9905,19.22,G09016
781228459,109.2545,-24.0166,18.42,G09016;G09017
781231961,109.3702,-23.7937,18.83,G09016;G09017
781274831,110.6148,-23.0961,18.09,G09016;G09017;G09166
781276478,110.4423,-22.9779,18.89,G09016;G09017
781290085,108.8947,-23.7073,16.67,G09016;G09102;G09017
781323205,109.1081,-23.0884,18.93,G09016;G09017
781324288,109.2243,-22.9485,17.33,G09016;G09102;G09017;G09166
781344589,110.142,-22.8611,18.49,G09016;G09017
781357616,109.2407,-22.8096,18.85,G09016;G09017
781358726,109.5173,-22.7826,18.03,G09166
781372793,109.8035,-22.3126,17.97,G09025
781380503,112.4283,-24.5055,17.6,G09016;G09102;G09017;G09166
781470384,112.2538,-23.5328,19.11,G09016
781518441,112.3726,-22.7635,15.88,G09025
781523733,112.1904,-22.4229,18.02,G09166
781523734,112.1937,-22.4229,18.04,G09016;G09017
781526136,112.7823,-22.3956,18.03,G09016;G09017
781651090,113.0253,-21.9326,18.37,G09016;G09017
781658094,113.1483,-21.894,19.17,G09016
781658096,113.1458,-21.896,17.92,G09016;G09102;G09017;G09166
781744643,111.2538,-22.3576,19.14,G09016
781754850,112.0056,-22.258,18.33,G09016;G09017
781877451,111.181,-21.1566,18.84,G09016;G09017
781982370,111.8045,-20.9462,18.17,G09166
782000624,111.5842,-20.8297,17.78,G09102;G09166
782037411,112.8059,-20.2708,18.07,G09016;G09017
782040877,113.0121,-20.074,17.88,G09016;G09102;G09017;G09166
782050287,112.3264,-20.2228,19.11,G09016
783409166,113.2291,-20.0549,17.05,G09102
78380089,102.427,-20.5257,16.36,G09177
78382063,102.4296,-19.3834,7.44,G09062
78439074,102.5574,-19.5785,8.79,G09194
78485877,102.6306,-20.3632,8.13,G09062
78492571,102.7412,-19.2537,16.66,G09166
78492576,102.7348,-19.2584,16.69,G09016;G09102;G09017
78568736,102.8913,-22.1908,9.14,G09020;G09036
78687405,102.971,-23.0732,16.12,G09177;G09102
78743082,103.0988,-20.7493,17.21,G09166
78744190,103.1505,-20.1659,17.82,G09166
78817217,103.3203,-19.5855,8.31,G09020
78893174,103.4182,-22.1275,8.85,G09194
78897024,103.3871,-20.2242,5.05,G09150;20SECONDTARGET
78953410,103.5143,-20.8915,18.08,G09166
79139803,103.7924,-22.0995,17.41,G09166
79213018,103.9481,-21.2405,16.33,G09102
79213041,103.9446,-21.2338,16.04,G09166
79215518,103.9064,-20.1362,4.31,G09062;20SECONDTARGET
79220430,103.9103,-18.1116,16.07,G09102
79430862,104.2573,-19.4396,6.19,G09062
79431939,104.2313,-19.839,12.08,G09196
79437840,104.3115,-22.2028,6.81,G09150
79545756,104.3798,-19.7541,17.25,G09102
79545764,104.3888,-19.7525,17.17,G09166
79689537,104.6927,-23.02,16.51,G09177
80043574,105.086,-22.5654,16.57,G09177
80132574,105.2097,-22.3852,7.43,G09194
80133660,105.1584,-21.9675,17.1,G09177
80134150,105.1458,-21.7692,16.89,G09102
80134572,105.1499,-21.6124,17.26,G09102
80190150,105.3652,-18.3667,10.15,G09194
80193064,105.3036,-19.4161,12.07,G09196;G09196
80287593,105.4452,-21.4626,16.94,G09177;G09102
80389619,105.396,-20.7467,16.94,G09102
80389990,105.4975,-20.6176,11.22,G09196;G09196
80466973,105.7561,-23.8333,1.7,G09052;20SECONDTARGET
80556181,105.6956,-21.2194,10.26,G09020
80560511,105.6845,-19.7233,16.4,G09177
80700489,105.8726,-23.1655,9.75,G09062
80817264,106.0106,-20.2451,12.79,G09166
80919649,106.0169,-22.2447,17.24,G09102
80923771,106.021,-23.7596,15.87,G09041
80956151,106.2262,-21.5423,12.16,G09196
81058371,106.3962,-22.2072,17.44,G09166
81153267,106.4514,-23.6856,16.39,G09177
81220688,106.4111,-20.5779,16.2,G09177
81320127,106.5726,-20.7306,15.39,G09102;20SECONDTARGET
81404416,106.7506,-22.9512,16.36,G09102
81584725,106.995,-23.9122,16.62,G09177
81668439,107.0179,-20.1422,16.65,G09177;G09102
81677445,107.1282,-18.6814,16.74,G09016;G09102;G09017
81737290,107.1142,-21.0698,15.28,G09041;20SECONDTARGET
81744320,107.0616,-23.4317,8.68,G09164
81836708,107.2717,-22.0032,16.32,G09177
81936492,107.4163,-19.1226,16.48,G09016;G09102;G09017;G09166
81984230,107.3876,-23.6599,15.59,G09102;G09166
95513457,107.389,-16.2345,6.0,G09052;20SECONDTARGET
95669146,110.4516,-17.7445,12.64,G09194
98878315,107.5392,-18.6856,5.87,G09062;20SECONDTARGET
98878653,107.4815,-18.5528,16.29,G09177
98886269,107.6717,-19.9866,17.34,G09102
99086567,107.7189,-18.0515,7.5,G09036
99155397,107.8429,-22.8482,16.88,G09102
99349256,108.0852,-18.2652,16.48,G09016;G09102;G09017;G09166
99354946,108.1263,-20.178,17.35,G09016;G09102;G09017;G09166
99356450,108.1416,-20.6828,17.77,G09166
99424943,108.2914,-23.2998,16.9,G09102
99608963,108.3215,-20.1993,17.77,G09166
99694823,108.5425,-18.9839,7.22,G09062
99830371,108.6979,-23.1657,17.22,G09102
99832044,108.5842,-23.6903,15.18,G09102
99935330,108.9072,-23.7064,16.64,G09166
99935334,108.887,-23.7075,7.81,G09062;20SECONDTARGET
108644881,112.4628,-28.24,14.44,G09102;20SECONDTARGET
108839460,112.625,-27.0801,9.11,G09194
10921006,119.8764,-19.8425,17.19,G09102
10924328,119.8999,-21.4063,16.43,G09102
109318740,113.157,-24.5728,7.97,G09062
109692639,113.409,-28.2723,16.05,G09016;G09102;G09017;G09166
109927469,113.7862,-27.3805,10.04,G09196;G09196
11005364,120.036,-21.949,15.77,G09102
11009169,119.9653,-20.1944,9.54,G09062
110108756,113.9228,-25.2096,16.7,G09177
110342135,114.0854,-24.1119,9.45,G09062
110347046,114.3313,-25.2175,14.72,G09102;20SECONDTARGET
11076279,122.3243,-21.7649,16.72,G09102
11076396,122.2742,-21.8242,11.48,G09117
110795273,114.7075,-27.8185,10.4,G09031
110908242,114.8343,-26.4877,16.53,G09102
11168378,122.4943,-23.5087,15.93,G09102
11169173,122.589,-23.1465,10.43,G09196
11172641,122.4895,-21.4937,16.85,G09102
11175956,122.5662,-19.7356,16.81,G09102
11177422,122.5112,-18.8863,17.11,G09102
11179513,122.6413,-18.2318,17.05,G09102
11225798,122.6212,-21.1131,16.68,G09102
11226863,122.6866,-21.6576,16.15,G09102
11228069,122.6506,-22.2574,17.0,G09102
11229156,122.6459,-22.7363,16.43,G09102
11301111,122.8058,-22.8108,16.78,G09102
11301758,122.8291,-22.4935,17.19,G09102
11302776,122.7834,-21.9987,16.93,G09102
11305727,122.8198,-20.4935,16.06,G09102
11308269,122.7249,-19.0425,10.64,G09194
125555805,114.9948,-27.7176,9.6,G09062
125800382,115.2955,-24.0768,16.52,G09177
126042721,115.616,-24.6536,17.2,G09025
126102143,115.6501,-25.2811,17.71,G09166
126110862,115.6595,-27.5834,11.36,G09062
126356111,115.8164,-25.7746,16.17,G09177
126446153,116.0132,-27.8266,10.44,G09020;20SECONDTARGET
126534808,116.0104,-25.6439,8.69,G09062
126544165,115.988,-23.9692,17.98,G09166
126586580,116.1423,-24.674,5.82,G09150;20SECONDTARGET
126780196,116.223,-24.1771,17.31,G09102
127131602,116.7268,-27.8536,16.01,G09177
127262002,116.7378,-25.3707,7.79,G09062;20SECONDTARGET
127493838,117.1004,-25.8767,16.41,G09177
127568340,117.0352,-24.546,15.35,G09102
127569343,117.0836,-24.2964,16.13,G09102
127579341,117.2135,-26.0077,8.2,G09062
127581770,117.2131,-26.5678,15.01,G09102;20SECONDTARGET
127648842,117.1381,-28.4037,11.19,G09150
127746973,117.3669,-26.3412,9.85,G09150
127803530,117.4676,-24.1514,17.11,G09102
127977898,117.5752,-27.2509,10.73,G09150
128051438,117.6474,-24.8766,11.68,G09150
128051533,117.5433,-24.852,16.78,G09102
128127465,117.7853,-26.4693,11.84,G09150
128127559,117.7122,-26.4919,16.19,G09102
128325734,117.9003,-25.565,16.94,G09102;G09102;G09102;G09102
128326544,117.839,-25.3789,17.01,G09102
128336628,118.0237,-24.9849,16.85,G09102
128564719,118.11,-26.6572,11.19,G09150
128564945,118.1033,-26.6031,11.97,G09150
128576647,118.2893,-24.0501,16.35,G09102
128666345,118.2909,-26.5621,16.01,G09102
128671610,118.2597,-27.8328,13.76,G09102;20SECONDTARGET
128808726,118.4092,-26.234,9.31,G09150
128811735,118.3387,-25.5359,16.32,G09102
128812893,118.3879,-25.268,16.48,G09102
128898689,118.5649,-24.3268,15.39,G09041
128902569,118.5429,-25.3017,8.18,G09123
128902999,118.4835,-25.3989,15.47,G09016;G09017
129164534,118.6971,-24.2567,16.84,G09102
129170913,118.7806,-25.1696,17.29,G09102
129269428,118.7938,-29.0169,9.72,G09150
129364361,118.9316,-27.9015,11.64,G09150
129371913,118.8884,-26.0067,11.45,G09150
129437848,118.8826,-24.7441,16.34,G09102
129666810,119.2073,-25.9751,15.8,G09102
129671129,119.1522,-24.9117,15.71,G09102
129682867,119.3054,-25.3752,15.77,G09102
129793316,119.3847,-25.612,16.76,G09102
129886149,119.4428,-26.8956,17.6,G09016;G09017
129922541,119.4096,-25.2603,17.42,G09166
130100502,119.7371,-28.5584,11.23,G09150
130101059,119.6789,-28.4388,10.89,G09150
130348163,119.9346,-29.0153,10.84,G09150
130445098,120.0058,-25.7503,13.18,G09166
130525232,120.1093,-25.4753,17.01,G09102
130526449,120.1525,-25.7921,16.83,G09102
130530138,120.0618,-26.7647,17.18,G09102
130530816,120.1488,-26.9298,16.41,G09016;G09102;G09017;G09166
140096203,115.5394,-22.3903,11.83,G09196
140533683,116.0876,-22.7057,11.46,G09196
140744986,116.2914,-23.3382,10.35,G09150
140748121,116.4114,-23.7249,10.78,G09062
140818922,116.4116,-19.8213,16.34,G09166
140877882,116.5348,-21.2217,8.88,G09194
140879012,116.5285,-21.5431,16.57,G09025
140882409,116.5287,-22.5028,11.21,G09150
140947789,116.5139,-23.1418,6.46,G09062
141019807,116.7898,-18.1033,12.27,G09117
141260492,117.0497,-18.891,9.09,G09062
141261906,117.0323,-19.3313,7.81,G09062
141395223,117.1374,-22.4696,12.46,G09031
141402349,117.2419,-20.4184,17.19,G09166
141515459,117.3752,-23.5059,16.81,G09016;G09102;G09017
141515717,117.2718,-23.5668,14.46,G09041
141595550,117.4383,-20.2086,6.01,G09062
141653007,117.5529,-20.3469,16.9,G09102
141837416,117.7985,-20.7846,11.67,G09196
141920709,117.8068,-23.0325,7.81,G09062
141988284,117.9554,-20.7209,6.36,G09062
142126335,118.2104,-22.7323,17.01,G09102
142295037,118.4106,-23.663,17.05,G09102
142358230,118.451,-22.4892,15.67,G09102
142369467,118.427,-18.9208,8.76,G09062
142415262,118.4079,-18.0957,17.28,G09102
142695565,118.9331,-23.1203,15.32,G09102;G09166
142776664,119.1193,-20.9834,9.28,G09062
142778712,119.142,-21.5978,16.39,G09102
142837638,119.0643,-23.4186,17.23,G09166
142846728,119.209,-21.5679,15.99,G09102
142908390,119.2574,-20.4636,12.27,G09031
142910943,119.1612,-19.5024,11.46,G09196
142912191,119.1862,-19.0157,17.71,G09166
142915421,119.4023,-18.1947,16.94,G09102
142973021,119.3855,-23.0444,15.54,G09102
143318295,124.9798,-23.2746,17.16,G09102
143321318,124.9536,-21.7356,15.62,G09102
143322022,124.9403,-21.3654,17.19,G09102
143364800,124.9751,-20.2538,17.05,G09102
143365091,125.0245,-20.0733,16.77,G09102
143369499,125.1334,-18.5894,17.19,G09102
143371275,125.0464,-19.7473,8.64,G09062
143378501,125.0498,-21.9614,17.09,G09102
143430377,125.2051,-23.8241,16.66,G09102
143476054,125.2986,-18.3937,10.43,G09062
143482306,125.3744,-22.25,16.5,G09102
143516671,125.4202,-22.7917,17.05,G09102
143526233,125.5443,-19.1243,12.49,G09058;20SECONDTARGET
143581262,125.6595,-21.7769,16.59,G09166
143581734,125.617,-22.0344,17.14,G09102
143584970,125.6115,-23.6985,16.11,G09102
143589488,125.6559,-21.7678,16.66,G09016;G09102;G09017
143721385,125.8343,-22.8515,17.15,G09102
152952020,120.3077,-25.361,17.29,G09102
153035380,120.3922,-24.8936,14.63,G09102;G09166
153042595,120.3229,-27.0753,15.65,G09102
153044084,120.3614,-27.4808,15.95,G09102
153120436,120.4637,-28.4762,16.41,G09016;G09102;G09017
153193840,120.4606,-25.8505,17.07,G09102
153198743,120.4749,-24.338,16.63,G09102
153274018,120.6454,-27.3264,8.99,G09062
153437008,120.7392,-25.2727,16.91,G09102
153442427,120.9437,-24.3495,17.03,G09102
153519958,120.8485,-27.5801,17.0,G09102
153597206,121.062,-27.8295,17.26,G09102
153597396,121.0863,-27.7804,17.12,G09102
153600301,121.0052,-26.973,6.75,G09062;20SECONDTARGET
153651777,121.1014,-26.1123,16.48,G09102
153657168,121.1051,-24.4495,13.12,G09150
153657584,120.9866,-24.318,16.97,G09102
153849956,121.294,-27.5169,15.19,G09102
153920788,121.3017,-26.082,16.86,G09102
153921851,121.3165,-25.764,16.48,G09102
154002332,121.3935,-29.0787,8.97,G09062
154076220,121.5329,-28.4385,9.48,G09062
154171664,121.6524,-24.1558,15.73,G09102;G09166
154177868,121.661,-26.1641,16.57,G09102
154178878,121.7434,-26.4648,16.57,G09102
154368337,121.9895,-26.1752,16.79,G09102
154541003,122.1588,-25.8059,11.44,G09196;G09196
154545006,122.1411,-24.4799,16.47,G09102
154606518,122.195,-26.1043,17.15,G09102
154607212,122.2249,-26.3108,15.52,G09102
154607248,122.2194,-26.3238,15.67,G09102
154616309,122.2171,-28.9378,13.31,G09031
154673737,122.3598,-28.9202,17.19,G09166
154674069,122.3828,-28.8325,16.37,G09102
154677787,122.4266,-27.7399,16.75,G09102
154678933,122.377,-27.4106,17.32,G09166
154679055,122.308,-27.3669,16.2,G09102
154679502,122.3551,-27.219,9.61,G09062
154746370,122.3105,-25.9242,16.63,G09102
154747887,122.3766,-25.4274,17.4,G09102
154749597,122.3162,-24.8703,17.06,G09102
154753360,122.5035,-24.3503,15.74,G09016;G09017;G09102
154986479,122.7287,-23.8663,17.01,G09102
154987672,122.7435,-24.3831,17.29,G09102
155124623,122.947,-27.1428,9.47,G09062
155133323,122.8954,-24.1029,17.29,G09102
155212559,123.0221,-25.9586,16.79,G09102
155213492,123.0815,-26.2776,15.16,G09102
155214809,123.1008,-26.719,17.48,G09016;G09017
155221935,123.0508,-28.88,11.65,G09194
155340815,123.2815,-24.6505,16.79,G09102
155342764,123.2991,-25.3916,16.86,G09102
155429793,123.3072,-27.5596,17.07,G09102
155437725,123.2788,-28.8803,16.82,G09102
155482540,123.4717,-28.0023,17.09,G09102
155486300,123.396,-26.7653,17.24,G09102
155493809,123.6226,-23.8883,17.17,G09102
155494946,123.5518,-24.4066,17.23,G09102
155564378,123.63,-25.217,14.45,G09041
155571411,123.51,-27.7472,9.4,G09150
155572157,123.5116,-27.9989,16.82,G09166
155573117,123.5154,-28.3239,10.62,G09164;G09150
155721134,123.6986,-24.7915,16.02,G09102
155884819,123.9206,-26.0879,17.14,G09102
155892278,124.1326,-24.7438,15.6,G09102
155958705,124.1125,-27.4033,16.92,G09102
156107409,124.3814,-24.1139,15.85,G09102
156117613,124.3196,-27.9121,17.37,G09102
156174585,124.4076,-28.8133,14.21,G09102;G09102;G09102;G09102
156184826,124.5491,-27.852,17.32,G09102
156262228,124.4774,-25.3611,7.83,G09062
156264367,124.5559,-24.5281,16.83,G09102
156265652,124.4569,-23.9704,17.09,G09102
156318182,124.6145,-26.8063,17.13,G09102
156404954,124.8175,-25.1183,20.38,G09025
156407047,124.7329,-24.1881,16.95,G09102
156407385,124.7851,-24.0343,16.09,G09102
156466394,124.8422,-24.5035,16.88,G09102
156472714,124.8689,-27.0711,16.63,G09102
156537816,124.9852,-27.5145,12.44,G09194
156580142,125.0094,-25.1248,17.35,G09102
175924687,121.0993,-22.4191,16.79,G09102
175975960,121.3191,-21.4304,16.45,G09102
176043808,121.3724,-22.3804,10.02,G09062
176045788,121.4234,-21.4188,17.02,G09102
176051262,121.384,-18.5149,11.78,G09150
176087258,121.48,-20.9601,7.81,G09062
176088248,121.5779,-21.4627,16.77,G09102
176090262,121.5669,-22.357,17.48,G09102
176090348,121.5188,-22.3939,17.37,G09102
176091408,121.5532,-22.8555,15.8,G09102
176093204,121.5463,-23.6504,16.24,G09102
176157174,121.6691,-18.2824,17.1,G09102
176157205,121.6552,-18.2656,16.23,G09102
176249052,121.7847,-21.6803,8.29,G09062
176252827,121.8164,-23.2436,17.07,G09102
176254404,121.7762,-23.8361,17.18,G09102
176352408,122.0689,-20.5768,17.18,G09102
176353662,121.9772,-21.1508,9.29,G09150
176355865,122.0413,-22.131,7.38,G09062;20SECONDTARGET
176356654,122.0792,-22.4793,16.47,G09102
196318162,125.4958,-26.5141,14.97,G09102;G09166
218525425,124.0497,-19.3327,9.96,G09194
218528552,124.099,-21.9825,16.22,G09102
218528803,124.0145,-23.0903,16.98,G09102
218535502,124.0643,-20.5054,17.14,G09102
218591874,124.1582,-22.0412,15.89,G09102;G09102;G09102;G09102
218592052,124.2241,-21.737,15.3,G09102
218703524,124.4386,-22.8699,14.8,G09102
218705221,124.3486,-21.0655,16.2,G09102
218705520,124.4196,-22.8758,16.63,G09102
218713443,124.375,-23.3305,16.74,G09102
218714031,124.39,-23.2292,17.34,G09102
218714397,124.3778,-22.6915,17.15,G09102
218714750,124.3495,-22.8194,16.52,G09102
218791808,124.4853,-17.982,16.02,G09177
218795833,124.6066,-19.6627,14.44,G09142;G09031;20SECONDTARGET
218798458,124.6377,-18.5423,16.26,G09166
218885572,124.675,-23.8169,15.71,G09102
218887009,124.54,-21.713,16.05,G09102
218887195,124.6405,-21.318,16.12,G09102
218889345,124.5279,-22.5751,17.0,G09102
218894071,124.7026,-19.9856,15.51,G09102
218996233,124.7665,-18.5659,11.61,G09196
218996417,124.7845,-18.3233,10.17,G09062
218998567,124.7999,-21.9772,16.64,G09102
219000249,124.6488,-18.5452,16.43,G09016;G09102;G09017
231406987,115.1538,-19.4425,12.02,G09196
231419689,115.3158,-20.3663,8.6,G09062
231426825,115.2265,-22.4209,8.33,G09062
271037745,125.138,-26.7827,17.06,G09102
271116055,125.1968,-27.436,16.07,G09016;G09017;G09102;G09166
271301333,125.2911,-28.8893,15.74,G09102
271381285,125.2347,-25.4766,16.9,G09102
271382379,125.2934,-24.9933,16.5,G09102
271383199,125.2601,-24.6029,17.25,G09102
271386749,125.4895,-24.9983,14.42,G09102
271387154,125.378,-25.195,15.72,G09016;G09017;G09102;G09166
271387690,125.4363,-25.4357,17.14,G09102
271387778,125.4138,-25.4771,16.29,G09102
271388661,125.4497,-25.8724,16.99,G09102
271584681,125.6742,-27.0582,14.75,G09102;20SECONDTARGET
271588465,125.6827,-25.3726,17.04,G09102
271590468,125.719,-24.3923,17.34,G09102
271590821,125.6459,-24.2107,16.89,G09102
271590845,125.6764,-24.1941,16.18,G09016;G09017;G09102;G09166
289113764,115.0955,-17.4177,12.82,G09016;G09017;G09102
293825481,119.5639,-20.7924,15.25,G09102
293829810,119.644,-19.3959,17.4,G09102
293834425,119.5825,-18.3456,16.04,G09177;G09102;20SECONDTARGET
293911989,119.7641,-21.3139,15.92,G09102
293916972,119.6966,-23.2788,15.91,G09102
293977076,122.3574,-23.4818,17.03,G09102
293985176,122.3737,-19.5635,16.83,G09102
296454984,125.56,-17.933,17.89,G09166
299844909,122.1855,-19.5596,17.34,G09102
331992200,120.0243,-17.8344,16.08,G09102
346887826,117.3977,-17.5491,16.81,G09102
348744589,113.9227,-21.4825,7.73,G09052
349043273,114.1709,-19.7023,5.91,G09150;20SECONDTARGET
349201305,114.422,-23.3287,16.48,G09102
349318274,114.3764,-19.4104,11.9,G09117
349323840,114.4562,-18.2689,16.12,G09016;G09102;G09017
349414705,114.5166,-20.3895,11.55,G09196
415276070,114.9426,-21.4856,11.4,G09058;G09114;20SECONDTARGET
423245334,113.5769,-23.4737,5.41,G09062;20SECONDTARGET
431842620,120.1642,-22.7426,17.33,G09102
431843568,120.0653,-22.3879,15.29,G09102
431883441,120.1774,-21.6688,17.1,G09102
431910629,120.3817,-21.7702,12.03,G09196
431917249,120.3601,-18.915,17.96,G09166
431947378,120.4616,-23.1825,15.67,G09102
431973233,120.6105,-22.9919,17.01,G09102
431975623,120.5632,-22.0681,16.42,G09102
431999662,120.8103,-19.8943,16.88,G09102;G09102;G09102;G09102
432005016,120.8182,-22.1798,17.17,G09102
432040816,120.8536,-20.0415,11.78,G09196
432056457,121.0411,-18.2358,16.59,G09102
432063405,121.0035,-21.307,16.67,G09166
432063408,121.008,-21.3089,16.89,G09102
432065242,121.0583,-22.0259,17.11,G09102
437081255,122.8778,-22.9688,15.83,G09102
437083147,122.8627,-22.1524,16.94,G09102
437119851,123.0463,-22.861,17.4,G09102
437127301,123.2134,-21.6727,17.0,G09102
437131727,123.1497,-19.4259,17.05,G09102
437134981,123.3569,-18.2762,17.5,G09102
437137578,123.3324,-19.7169,17.12,G09102
437143765,123.2896,-22.7103,16.14,G09016;G09102;G09017;G09166
437143895,123.3549,-22.7765,17.22,G09102
437146510,123.2451,-23.9213,16.93,G09102
437150938,123.4816,-21.9562,16.86,G09102
437154051,123.3685,-20.4032,17.17,G09102
437183588,123.5757,-22.0409,16.69,G09102
437183706,123.5425,-22.0906,16.4,G09102
437185410,123.5203,-22.8377,16.5,G09102
437186096,123.5089,-23.1364,17.07,G09102
437186115,123.5957,-23.1444,14.85,G09102
437187573,123.5924,-23.7649,17.01,G09102
437191859,123.6957,-22.2532,15.11,G09166
437191877,123.679,-22.2436,16.77,G09102
437212326,123.6465,-21.2368,16.94,G09102
437212966,123.7028,-20.9134,11.31,G09079;G09036;G09039
437217323,123.6257,-18.5256,17.28,G09102
437220261,123.7785,-19.0554,15.64,G09041;G09102;20SECONDTARGET
437222002,123.7795,-20.0694,16.54,G09102
437227606,123.8472,-22.8733,17.19,G09102
437227670,123.7877,-22.9036,16.74,G09102
456852749,113.4899,-23.8055,16.78,G09102
456871289,113.5129,-22.2957,3.94,G09062;G09123;20SECONDTARGET
54226583,118.0745,-17.8514,17.12,G09102
54398826,118.3307,-17.8167,17.26,G09166
56244951,119.0677,-17.7959,13.29,G09196
684371,119.5922,-17.7712,16.95,G09102
775280468,119.6859,-28.7604,18.57,G09016;G09017
776064301,115.6027,-28.4292,18.36,G09016;G09017
776142896,115.3555,-28.0511,18.0,G09016;G09102;G09017;G09166
776157537,115.0382,-28.1018,19.27,G09016
776546289,119.5863,-26.2301,18.68,G09016;G09017
776558753,116.8561,-28.2378,17.58,G09016;G09102;G09017;G09166
776564227,116.6338,-28.0879,19.21,G09016
776585501,116.1666,-27.8641,19.18,G09016
776586392,116.3199,-27.8466,18.31,G09016;G09017
776717437,117.1474,-26.7436,19.1,G09016
776717501,117.1476,-26.7085,17.92,G09016;G09017
776743323,116.7202,-26.3829,16.39,G09102
776753359,116.6972,-26.0977,16.77,G09177
776914466,117.361,-25.7284,18.41,G09016;G09017
776918754,117.6516,-25.503,17.41,G09102
776960018,117.7836,-25.4452,16.6,G09102
779240900,113.8957,-28.5024,18.16,G09016;G09017
779280643,113.8122,-27.7708,19.17,G09016
779313819,115.0709,-27.0574,18.65,G09016;G09017
779318713,114.5018,-27.3105,18.93,G09016;G09017
779370543,112.6588,-27.1366,18.13,G09016;G09017
779370618,112.8345,-27.2571,19.03,G09016;G09017
779404448,114.0126,-26.5874,18.78,G09016;G09017
779413962,113.5892,-26.6384,18.71,G09016;G09017
779418537,113.3411,-26.5012,18.25,G09016;G09017
779678826,112.8219,-26.4372,18.23,G09016;G09017
779717891,113.165,-25.9832,18.82,G09016;G09017
779724160,113.7808,-25.8538,18.38,G09016;G09017
779858851,115.7618,-26.6088,17.46,G09102;G09166
779908146,116.3012,-26.0796,17.93,G09016;G09102;G09017;G09166
779991706,114.5079,-25.5698,18.66,G09016;G09017
780016862,115.6489,-25.2791,17.73,G09016;G09102;G09017
780142689,117.3688,-24.6006,18.98,G09016;G09017
780171850,115.8111,-25.0125,18.06,G09016;G09017
780235595,117.1868,-24.1828,18.1,G09016;G09017
780403725,113.214,-24.4699,19.0,G09016
780407423,113.2351,-24.3256,18.57,G09016;G09017
780470923,115.5916,-24.1909,19.2,G09016
780473514,115.9493,-24.0227,18.6,G09016;G09017
780473706,115.99,-23.9796,18.0,G09016;G09102;G09017
780529810,116.117,-23.3865,19.06,G09016
780618996,115.5479,-22.9696,17.16,G09102
781425059,113.1932,-23.7239,18.09,G09016;G09017
781592165,114.9192,-22.1361,19.02,G09016
782112895,119.4135,-25.261,17.48,G09102
782260312,118.1806,-24.3809,19.12,G09016
782318866,119.0637,-23.4265,17.46,G09102
782321737,119.2354,-23.2661,17.83,G09025;G09041
782347741,118.8924,-22.9216,17.05,G09102
782349574,118.7475,-22.7681,15.56,G09102
782382858,117.3791,-23.1506,18.29,G09016;G09017
782437931,119.6994,-22.8573,18.2,G09016;G09017
782458079,119.3535,-22.5722,17.72,G09016;G09102;G09017;G09166
782463248,119.1595,-22.3943,17.88,G09166
782463249,119.155,-22.3917,17.91,G09102
782476260,119.8695,-22.156,17.21,G09102
782482009,119.9,-21.8202,16.65,G09102
782532037,119.6632,-21.5741,18.97,G09016;G09017
782568181,116.4775,-22.9785,18.15,G09016;G09017
782584518,116.2286,-22.825,18.92,G09016;G09017
782596998,116.6622,-22.4253,17.95,G09016;G09102;G09017;G09166
782621856,117.8536,-21.913,19.24,G09016
782755323,117.7756,-21.6599,19.11,G09016
782755608,117.7319,-21.6229,18.75,G09016;G09017
782769614,118.3281,-21.0731,18.87,G09016;G09017
782850859,117.2489,-20.4247,17.2,G09102
782924892,119.1131,-20.0198,18.92,G09016;G09017
782968807,118.4461,-19.2626,18.34,G09016;G09017
782986894,119.9302,-18.9771,18.03,G09166
782993243,119.177,-19.0163,17.71,G09102
783127903,114.4395,-20.8179,18.66,G09016;G09017
783145106,115.4336,-20.6128,18.7,G09016;G09017
783216450,116.4175,-19.8308,16.35,G09016;G09102;G09017
783217275,116.4927,-19.7253,19.07,G09016
783226668,117.2704,-19.6724,18.31,G09016;G09017
783228248,117.3142,-19.6339,19.04,G09016
783254874,117.4969,-19.0171,18.09,G09016;G09017
783267141,116.2408,-19.6603,17.57,G09016;G09102;G09017;G09166
783340019,113.9886,-20.4976,17.68,G09016;G09102;G09017;G09166
783400689,114.6326,-19.4091,18.27,G09016;G09017
783481304,115.7337,-18.9344,18.49,G09016;G09017
783552685,114.792,-18.4131,17.76,G09016;G09102;G09017
783575017,114.3349,-18.1106,18.8,G09016;G09017
783595260,115.2835,-17.817,17.93,G09016;G09102;G09017
783603253,115.6259,-17.5804,18.81,G09016;G09017
783661277,118.0822,-18.3608,19.15,G09016
783672186,119.3336,-18.3246,18.09,G09016;G09017
783730092,118.1914,-18.0273,17.94,G09016;G09102;G09017;G09166
783732870,118.3283,-17.8128,17.32,G09016;G09102;G09017
825525250,122.7022,-29.1022,17.99,G09166
825551281,122.3593,-28.9174,17.28,G09102
825716768,120.2548,-29.0513,18.8,G09016;G09017
825782355,121.3114,-27.7625,17.88,G09016;G09017
831602356,123.3671,-29.0733,18.97,G09016;G09017
831618961,124.5744,-28.9608,16.74,G09016;G09102;G09017;G09166
831641030,124.2608,-28.597,18.12,G09016;G09017
831641033,124.2595,-28.5885,18.03,G09166
831652843,124.3275,-28.3887,18.77,G09016;G09017
831658702,123.1339,-29.225,18.63,G09016;G09017
831735913,123.5002,-27.9949,16.94,G09016;G09102;G09017
831819686,125.6003,-27.2332,18.76,G09016;G09017
831824264,125.469,-27.092,17.79,G09016;G09102;G09017;G09166
831825129,125.5468,-26.9893,17.88,G09102
831858179,123.963,-27.4432,18.83,G09016;G09017
831871935,124.4917,-26.9423,18.28,G09016;G09017
831907629,124.679,-26.4859,17.86,G09016;G09102;G09017;G09166
831968501,122.3709,-27.4024,17.43,G09016;G09102;G09017
831985198,123.67,-27.3443,16.27,G09177;20SECONDTARGET
832038277,121.8197,-27.2968,19.18,G09016
832048065,121.4307,-27.335,18.48,G09016;G09017
832063734,121.7909,-26.9476,18.88,G09016;G09017
832109309,121.9384,-26.4418,18.54,G09016;G09017
832141842,123.8112,-26.6016,18.43,G09016;G09017
832155643,123.3853,-26.4449,18.01,G09016;G09017
832257734,123.5288,-25.6197,19.14,G09016
832261935,124.2018,-25.4372,18.81,G09016;G09017
832541975,125.0295,-25.2332,17.48,G09102
832571321,125.5983,-24.7819,19.07,G09016
832615049,124.2817,-24.3934,19.22,G09016
832628563,125.3845,-24.091,17.73,G09102;G09166
832639426,124.5378,-23.983,18.83,G09016;G09017
832706221,125.8077,-23.4147,18.75,G09016;G09017
832718074,125.4747,-23.2168,17.02,G09016;G09102;G09017;G09166
832809621,121.8327,-26.2042,16.13,G09102
832821689,122.2574,-25.8933,18.67,G09016;G09017
832824343,121.9481,-25.9556,17.6,G09102;G09166
832916561,121.3354,-25.3882,18.0,G09016;G09017
833024347,123.1701,-24.4941,17.55,G09102
833024932,122.9394,-24.4903,17.78,G09016;G09017
833025831,122.9942,-24.3646,17.16,G09102
833032229,123.0652,-24.1125,18.67,G09016;G09017
833043564,121.6833,-24.6837,17.39,G09016;G09102;G09017;G09166
833053593,121.8829,-24.4703,16.66,G09102
833106806,122.2655,-23.7327,18.03,G09016;G09017
833107297,122.4764,-23.7382,18.7,G09016;G09017
833125405,120.0067,-24.9751,17.8,G09102
833171269,121.2282,-24.2063,17.37,G09102
833202136,121.0235,-23.4196,18.41,G09016;G09017
833212759,121.6226,-23.4579,17.11,G09102
833220737,121.9491,-23.2198,17.68,G09016;G09102;G09017
833266596,120.1886,-23.0846,18.49,G09016;G09017
833269261,120.374,-22.9359,16.84,G09016;G09102;G09017
833280474,120.6918,-23.0432,18.89,G09016;G09017
833307065,121.1325,-22.3795,18.03,G09016;G09017
833307068,121.132,-22.3735,17.89,G09166
833315371,123.8231,-24.3837,16.91,G09102
833327271,123.9978,-23.9332,18.28,G09016;G09017
833329118,124.1298,-23.8263,17.2,G09102
833339581,123.8517,-23.86,17.09,G09102
833346831,123.6738,-23.4443,18.57,G09016;G09017
833355282,124.4592,-23.3671,18.64,G09025
833362565,124.7969,-23.0464,17.66,G09166
833362595,124.7879,-23.0474,17.67,G09016;G09102;G09017
833377644,124.3415,-22.8465,17.28,G09102
833393184,123.3804,-23.2018,17.35,G09102
833398246,122.7942,-23.3867,17.66,G09102
833439754,123.6282,-22.3438,18.86,G09016;G09017
833469996,125.7411,-22.5499,18.48,G09016;G09017
833472659,125.7584,-22.3587,18.14,G09016;G09017
833520558,125.2042,-21.8447,19.05,G09016
833530479,125.3392,-21.2667,18.49,G09016;G09017
833605608,123.0751,-21.6771,18.53,G09016;G09017
833616149,121.3972,-22.2937,17.43,G09102
833618153,121.5906,-22.1593,18.09,G09016;G09017
833642287,121.467,-21.7024,18.13,G09016;G09017;G09166
833648456,122.6118,-21.7338,17.97,G09102;G09166
833648920,122.4514,-21.7372,19.26,G09016
833657408,122.8562,-21.3469,16.61,G09102
833667613,121.7858,-21.2774,16.87,G09102
833696517,123.218,-21.2552,18.94,G09016;G09017
833701558,123.5644,-21.1693,16.82,G09102
833703621,123.8813,-20.9223,18.53,G09016;G09017
833704085,123.7121,-20.9016,18.59,G09016;G09017
833718714,124.2377,-20.7954,19.2,G09016
833719755,124.3269,-20.6719,17.37,G09102
833728471,124.5556,-20.2485,18.94,G09016;G09017
833731685,123.327,-21.054,16.77,G09102
833738437,123.6788,-20.7565,18.64,G09016;G09017
833738910,123.4444,-20.7713,17.79,G09102
833751659,123.079,-20.5276,18.75,G09016;G09017
834229519,125.905,-21.2728,17.07,G09102
834334762,125.5763,-20.2996,18.41,G09016;G09017
834345086,125.1619,-20.0931,19.13,G09016
834349392,125.2643,-19.6322,16.77,G09102
834395070,125.2432,-18.9249,15.96,G09102
834454231,125.9888,-18.0573,18.94,G09016;G09017
834456407,125.5644,-17.9242,17.97,G09102
834671031,120.3687,-22.1397,18.71,G09016;G09017
834675974,120.0949,-22.0802,18.29,G09016;G09017
834697964,120.844,-21.5176,18.89,G09016;G09017
834741367,121.266,-20.9298,19.14,G09016
834754561,121.3535,-20.3816,18.55,G09016;G09017
834813365,121.0358,-19.7602,18.86,G09016;G09017
834837658,121.7835,-20.0538,18.66,G09016;G09017
834843314,122.2012,-19.9162,18.72,G09016;G09017
834843319,122.2003,-19.9159,18.43,G09016;G09017
834845236,122.378,-19.713,16.88,G09102;G09166
834860893,122.6913,-19.5021,17.33,G09102
834863474,122.4419,-19.5051,18.6,G09016;G09017
834953008,120.2187,-19.0726,17.99,G09102;G09166
834957024,120.9345,-19.3806,17.47,G09016;G09102;G09017
834957641,120.8725,-19.3514,17.43,G09102
834975812,120.3663,-18.9138,17.96,G09016;G09102;G09017
834996451,121.7929,-18.3396,17.84,G09016;G09102;G09017
834996460,121.7911,-18.3315,17.82,G09166
835026932,120.5865,-18.0024,18.44,G09016;G09017
835106827,123.8753,-18.5468,17.25,G09102
835110979,124.4092,-18.7203,16.61,G09102
835131105,123.0558,-18.6181,17.95,G09016;G09102;G09017
835155221,123.9087,-17.8832,18.01,G09016;G09017
882520,123.9013,-17.8794,17.96,G09166
94510585,115.6186,-17.7703,17.35,G09102
108946093,112.7887,-29.3266,16.59,G09177
109447298,113.3037,-29.7973,10.47,G09196;G09196
110204755,113.9953,-29.3619,17.25,G09102
110481341,114.4133,-29.7492,14.89,G09016;G09102;G09017;G09166
111644228,111.0381,-35.8743,11.38,G09194
112064333,111.5404,-33.8112,16.87,G09102
112069360,111.7619,-35.7756,18.11,G09166
112234243,111.8258,-33.4812,16.5,G09166
112236473,111.8332,-34.3481,9.46,G09036
112407780,111.992,-31.2219,16.8,G09177
112604564,112.4192,-29.9379,12.32,G09058;20SECONDTARGET
112659652,112.3853,-31.915,16.71,G09177
112726375,112.5079,-32.9281,8.61,G09062
112727684,112.5784,-32.503,16.8,G09177
112923257,112.6419,-34.0906,7.81,G09150
113027515,112.8051,-31.6907,10.0,G09062
113177336,112.991,-35.2588,8.57,G09062
113292892,113.1747,-30.403,17.07,G09177
113661364,113.5492,-33.1194,15.15,G09102;20SECONDTARGET
113844912,113.7892,-31.5003,7.73,G09062
114115352,114.1256,-32.2118,10.75,G09102;20SECONDTARGET
114208332,114.1209,-35.5955,9.93,G09062
114299824,114.2834,-32.7554,12.93,G09058;20SECONDTARGET
114300451,114.2403,-32.5459,15.74,G09152
114658086,114.5907,-32.5727,10.97,G09062
130792766,116.9706,-40.337,8.76,G09062
130955391,117.3123,-39.0175,16.49,G09166
131188704,117.761,-36.6497,16.55,G09177
131341343,117.9681,-38.9107,7.82,G09062
131343095,117.8862,-38.4769,13.9,G09102;20SECONDTARGET
131419572,118.0686,-37.7014,15.95,G09166
131419589,118.0692,-37.7093,15.69,G09102
131571805,118.1988,-38.2157,9.7,G09194
131640050,118.3865,-38.6062,10.01,G09194
131744564,118.4814,-39.5943,17.89,G09166
131788884,118.5239,-37.3162,9.16,G09194
132325018,119.4455,-37.5507,16.51,G09102;G09017;G09166;20SECONDTARGET
132766482,119.9634,-38.1276,14.53,G09031
132864430,120.163,-39.6186,17.61,G09102;G09102;G09102;G09102;G09166
132923808,120.3331,-41.4813,17.6,G09102
133488240,121.1043,-36.0339,8.76,G09062
133570951,121.0839,-39.769,16.82,G09016;G09102;G09017
133570954,121.0694,-39.7702,16.55,G09166
134113566,121.7861,-36.3807,6.81,G09062;20SECONDTARGET
134522557,122.3693,-38.8581,9.15,G09150
134637308,122.6324,-40.5467,12.47,G09102;20SECONDTARGET
134737814,122.6433,-39.6642,7.33,G09062
134821648,122.9016,-37.2132,8.75,G09150
144358830,121.2586,-34.3118,7.84,G09062
144361392,121.2635,-33.5912,6.18,G09062
144420530,121.3978,-30.4897,16.05,G09166
144535458,121.4868,-33.0061,11.22,G09150
144633165,121.6608,-30.2373,11.62,G09194
144635065,121.7194,-30.7691,11.12,G09194
144746973,121.8041,-33.2659,11.24,G09150
144859500,121.9713,-32.5168,8.53,G09062
144860431,121.9314,-32.75,17.11,G09166
145620527,122.9419,-35.3514,14.81,G09025;20SECONDTARGET
145631857,122.8813,-32.751,12.55,G09166
145702409,123.078,-30.4949,16.48,G09102
145760541,123.0878,-32.5842,10.55,G09150
145863747,123.1122,-35.4956,14.0,G09016;G09017;G09102
145867411,123.2294,-35.3926,7.9,G09062
146036695,123.3729,-35.8994,5.15,G09164;20SECONDTARGET
146039664,123.4615,-35.2084,6.18,G09036
146264536,123.5548,-35.4899,4.89,G09123;20SECONDTARGET
146328742,123.7629,-34.9009,11.56,G09150
146332758,123.7754,-34.0372,11.01,G09150
146480942,123.8782,-34.3565,16.88,G09177
146703842,124.1292,-33.244,9.31,G09020
146772271,124.3134,-35.5018,8.06,G09062
147018085,124.6698,-31.1782,15.11,G09016;G09102;G09017;20SECONDTARGET
147105872,124.7476,-31.371,15.26,G09102
147442521,125.098,-34.4549,8.07,G09062
147674961,125.3856,-30.5322,15.6,G09102
148662156,114.7796,-32.1031,8.09,G09062
148794925,115.0294,-33.5423,11.86,G09150
148795222,115.1267,-33.4251,6.8,G09062;20SECONDTARGET
148872191,115.2515,-30.9276,10.18,G09062
148982298,115.3055,-32.6439,7.17,G09052
149075809,115.4567,-30.3862,8.27,G09062
149085381,115.4377,-33.0855,9.68,G09150
149134319,115.6742,-35.1616,8.88,G09062
149212278,115.7091,-30.4617,15.35,G09102;G09102;G09102;G09102;G09166
149517611,116.2281,-31.886,15.97,G09016;G09102;G09017;G09166;20SECONDTARGET
149672905,116.3935,-34.1598,4.78,G09062;20SECONDTARGET
149744486,116.4076,-33.9184,15.58,G09016;G09102;G09017;20SECONDTARGET
150082567,117.0286,-35.3928,17.67,G09166
150082579,117.0285,-35.3913,17.81,G09102
150151885,117.1768,-30.2533,6.9,G09062
150335527,117.3509,-30.5581,7.67,G09062;20SECONDTARGET
150470230,117.5396,-33.6107,9.86,G09062
150473921,117.5906,-32.4831,15.98,G09016;G09102;G09102;G09102;G09102;G09017
150560248,117.6531,-31.5966,17.88,G09166
150750364,118.0751,-30.8349,9.12,G09062
150796339,118.0635,-34.7037,4.64,G09062;G09157;20SECONDTARGET
151005205,118.3293,-32.9932,16.83,G09177
151066148,118.2282,-35.8525,17.02,G09102
151157566,118.4651,-30.4072,16.1,G09177
151223679,118.571,-32.9213,17.9,G09166
151483286,119.0598,-35.1167,11.39,G09058;G09114;20SECONDTARGET
151710029,119.1401,-34.3977,17.89,G09166
152154985,119.6356,-33.5176,17.33,G09166
152159822,119.7292,-34.6682,9.28,G09062
152329055,119.9882,-30.3756,7.02,G09194;G09062;20SECONDTARGET
152399684,120.0281,-31.9125,8.19,G09062
152401009,119.9204,-32.2369,9.75,G09062
152683125,120.2393,-33.0869,16.56,G09177
173079035,111.0288,-40.0503,17.38,G09016;G09017
173141118,111.1558,-38.2734,7.0,G09062;20SECONDTARGET
173324797,111.5697,-37.6408,9.38,G09062;20SECONDTARGET
173387002,111.8961,-38.3179,9.86,G09062
173435454,112.1147,-37.4114,16.36,G09166
173510881,112.2681,-39.9124,18.11,G09166
173639806,112.5247,-39.5828,7.97,G09062;20SECONDTARGET
173755791,112.7826,-37.1486,16.87,G09016;G09102;G09017
174008063,113.4626,-36.3383,5.53,G09164;20SECONDTARGET
174146868,113.9166,-37.645,8.61,G09062
174210045,114.0764,-40.8949,17.68,G09166
174275318,114.0649,-38.4288,17.67,G09166
174276401,114.0174,-37.9238,10.46,G09194
174430779,114.4262,-37.1891,8.85,G09062
174464448,114.5114,-38.1909,16.93,G09177
174539349,114.5676,-37.018,16.47,G09177
174546820,114.7203,-37.6717,11.97,G09031
174601778,114.7695,-40.6119,11.56,G09194
174664153,114.9916,-37.5795,6.04,G09164
174792475,115.1781,-38.9395,11.46,G09194
174867675,115.3015,-36.6177,16.71,G09177
174867843,115.3195,-36.6795,9.81,G09062
174869379,115.2975,-37.2393,16.25,G09025;G09177
175175901,115.7621,-36.6514,16.27,G09016;G09102;G09017
175178258,116.0396,-36.0619,5.49,G09062;20SECONDTARGET
175253445,115.9569,-40.7662,8.69,G09062
175523591,116.5438,-37.9336,6.0,G09164;20SECONDTARGET
175610054,116.7854,-37.1159,16.38,G09177
182267768,123.3421,-40.8459,17.1,G09166
182315791,123.3443,-36.3104,7.47,G09150
182318468,123.4929,-36.3222,5.28,G09150;20SECONDTARGET
182320704,123.5158,-36.9522,7.25,G09150
182659932,124.083,-39.8487,8.65,G09150
182661485,124.0522,-40.4205,16.42,G09016;G09017;G09102
182753718,124.196,-36.9359,9.33,G09150
182754359,124.1577,-36.7874,16.47,G09016;G09102;G09017;G09166
182932920,124.4905,-36.547,8.94,G09196
182992572,124.6595,-40.6188,9.79,G09031
284655957,110.7688,-39.205,10.27,G09062
419084538,120.6114,-30.4188,7.97,G09062;20SECONDTARGET
419085989,120.6898,-30.7694,16.59,G09177
419424892,121.1677,-32.8728,9.91,G09062
769264190,119.6529,-41.0775,19.07,G09016;G09017
769290160,119.4733,-40.5223,20.39,G09025
769498790,117.6074,-41.3591,18.68,G09016;G09017
769673727,114.0842,-40.9039,17.74,G09102
769820161,115.0016,-39.031,17.63,G09016;G09102;G09017;G09166
769832939,118.1539,-41.3089,18.57,G09016;G09017
769951956,117.1001,-40.1341,17.79,G09016;G09102;G09017;G09166
769963603,117.5396,-39.6184,18.97,G09016;G09017
769967841,118.1245,-39.9856,18.29,G09016;G09017
769980691,118.4776,-39.5965,17.93,G09016;G09102;G09017
769986478,118.2184,-39.4224,18.27,G09016;G09017
770052911,119.4713,-39.2274,16.85,G09102
770223961,117.3161,-39.0118,16.5,G09102;G09017;20SECONDTARGET
770256780,117.6694,-38.2679,17.67,G09016;G09102;G09017;G09166
770266862,115.9518,-39.1875,16.94,G09016;G09102;G09017
770329580,117.0851,-37.5773,18.79,G09016;G09017
770358706,118.2621,-38.4339,18.61,G09016;G09017
770378949,118.3505,-37.7109,18.63,G09016;G09017
770427030,118.3653,-37.2515,18.11,G09016;G09017;G09166
770429081,118.2937,-37.1137,18.18,G09016;G09017
770455090,117.728,-37.2587,18.95,G09016;G09017
770591953,119.7206,-35.2993,17.55,G09102;G09166
770597497,119.7109,-35.1115,18.71,G09016;G09017
770622629,119.6393,-34.2921,19.07,G09016
771173603,110.2729,-40.0313,18.73,G09016;G09017
772248779,112.5944,-40.3814,18.32,G09016;G09017
772287554,112.3072,-40.0414,18.59,G09016;G09017
772290795,111.7275,-40.1904,17.12,G09016;G09102;G09017
772308774,112.7913,-39.5417,17.32,G09102;G09166
772340584,114.1109,-39.2796,18.31,G09016;G09017
772347931,113.4499,-39.2962,19.09,G09016
772415455,112.7808,-38.6731,18.2,G09016;G09017
772424210,112.978,-38.2178,19.08,G09016
772428725,114.0725,-38.4265,17.8,G09016;G09102;G09017
772432106,113.668,-38.2642,18.56,G09016;G09017
772445055,113.5962,-38.1747,18.02,G09166
772477411,110.5833,-39.4934,19.15,G09016
772479724,110.7805,-39.1273,17.73,G09016;G09017
772497393,112.2645,-38.5368,17.62,G09102
772509713,111.5457,-38.3141,17.88,G09016;G09017
772512319,110.4113,-39.3603,18.32,G09016;G09017
772548268,110.7488,-38.0265,18.69,G09016;G09017
772566928,112.5475,-38.1309,19.29,G09016
772614969,112.8178,-37.0274,17.95,G09016;G09017
772630557,111.7276,-37.5034,18.57,G09016;G09017
772643111,111.3846,-37.3113,18.17,G09016;G09017;G09166
772695662,115.3625,-38.2919,18.57,G09016;G09017
772771710,115.8822,-37.018,18.63,G09016;G09017
772835896,115.6262,-36.7271,18.3,G09016;G09017
772852812,114.8326,-36.5449,19.0,G09016;G09017
772862798,115.4238,-36.0234,18.9,G09016;G09017
772865470,115.0397,-36.0028,19.04,G09016;G09017
772910035,116.6052,-36.2186,17.48,G09016;G09102;G09017;G09166
772923041,117.5749,-36.0864,19.25,G09016
772949590,117.2919,-35.4718,18.53,G09016;G09017
772988207,115.6484,-35.4752,17.14,G09016;G09102;G09017
773033571,116.9224,-34.7028,19.28,G09016
773204390,114.0074,-34.3925,19.25,G09016
773284040,114.6459,-34.4691,17.83,G09102;G09166
773289174,115.1539,-34.334,18.14,G09016;G09017
773320307,115.189,-34.0683,17.65,G09016;G09102;G09017;G09166
773330185,115.8812,-33.5944,17.58,G09016;G09102;G09017
773476273,111.0098,-36.4272,19.02,G09016
773490199,111.6832,-36.2963,18.85,G09016;G09017
773510638,111.3368,-35.7113,17.92,G09016;G09102;G09017
773521589,111.8834,-35.0567,18.99,G09016;G09017
773558720,111.1564,-35.2215,17.76,G09016;G09017
773893612,111.9052,-34.6378,19.05,G09016
773986434,114.3018,-33.7563,19.16,G09016
774041611,114.9887,-32.6705,19.22,G09016
774205944,111.8231,-33.4778,16.59,G09102
774218658,112.1745,-32.8726,18.76,G09016;G09017
774227223,112.0769,-32.538,17.23,G09016;G09102;G09017;G09166
774340574,112.6167,-32.564,18.16,G09016;G09017
774363052,112.8779,-31.8114,19.1,G09016;G09017
774410042,113.474,-31.4361,17.92,G09166
774434710,113.3504,-31.1346,18.91,G09016;G09017
774538309,112.1595,-30.6707,18.67,G09016;G09017
774551754,112.2043,-30.3113,19.11,G09016
774568041,118.8113,-34.9434,17.55,G09016;G09017
774573717,117.8135,-35.1227,18.19,G09016;G09017
774583367,117.8852,-34.6357,17.76,G09016;G09102;G09017
774594656,119.1383,-34.4054,17.91,G09102
774596198,119.4215,-34.2606,18.89,G09016;G09017
774633893,117.1292,-34.457,17.55,G09102
774639417,117.0892,-33.911,17.8,G09016;G09102;G09017;G09166
774642178,117.6034,-33.6992,19.18,G09016
774651181,117.9822,-33.7133,17.86,G09016;G09017
774662559,118.4806,-33.2609,18.72,G09016;G09017
774669459,118.2003,-33.2882,17.07,G09016;G09102;G09017
774691773,119.6463,-33.5143,17.33,G09016;G09017
774753695,119.1063,-32.6716,19.14,G09016
774756541,118.5692,-32.9125,17.97,G09016;G09017
774767724,118.9256,-32.5133,18.7,G09016;G09017
774842064,116.6691,-33.4381,18.6,G09016;G09017
774844964,116.4793,-33.1483,18.87,G09016;G09017
774853502,117.8898,-32.7886,19.12,G09016
774891556,115.6025,-32.8011,17.29,G09166
774891566,115.599,-32.7975,17.33,G09102
774959917,118.3515,-32.0473,19.2,G09016
774974569,118.0806,-32.0353,18.61,G09016;G09017
775030020,117.4625,-32.0365,19.26,G09016
775041282,117.6439,-31.5895,17.89,G09016;G09102;G09017
775049313,117.6883,-31.2633,17.76,G09016;G09102;G09017;G09166
775103687,117.5971,-30.5242,17.65,G09102
775157094,119.1996,-30.5342,18.84,G09016;G09017
775312136,115.7904,-31.8888,18.61,G09016;G09017
775350994,115.7644,-31.798,18.44,G09016;G09017
775372627,115.75,-31.4022,17.93,G09102
775454745,115.3031,-31.1323,17.96,G09016;G09017
775500770,114.964,-30.3798,17.23,G09102
775529914,117.1631,-30.9363,17.18,G09102
775564028,116.5212,-30.4805,19.11,G09016
775564285,116.5581,-30.4317,16.04,G09016;G09102;G09017;G09166;20SECONDTARGET
775646480,116.1704,-29.9628,18.84,G09016;G09017
775738113,114.1383,-30.9353,18.8,G09016;G09017
775794634,114.5214,-30.4095,17.54,G09102;G09166
775829417,114.694,-29.8298,17.62,G09016;G09102;G09017
775829418,114.6855,-29.8247,17.61,G09166
775851904,112.9118,-30.3078,18.49,G09016;G09017
775870979,113.5308,-29.723,16.77,G09016;G09102;G09017;G09166
775878600,112.7303,-30.062,16.28,G09177
775884348,112.79,-29.7858,19.13,G09016;G09017
775964805,115.377,-29.6861,17.32,G09016;G09102;G09017
779019738,112.2372,-29.5756,17.14,G09177;G09102
820585099,124.924,-41.795,18.14,G09016;G09017;G09166
821691306,122.0659,-40.5873,18.48,G09016;G09017
821747203,121.0422,-40.9676,18.0,G09166
821835819,120.0687,-40.4257,17.2,G09016;G09102;G09017;G09166
821859434,120.3713,-39.7017,18.32,G09016;G09017
821901685,121.1065,-38.9066,19.14,G09016;G09017
821903583,120.7262,-39.0924,16.71,G09016;G09102;G09017;G09166
821917938,120.1345,-39.1034,18.5,G09016;G09017
821928731,120.6313,-38.7085,16.89,G09016;G09102;G09017;G09166
821965963,123.399,-41.0277,19.26,G09016
821970845,123.3496,-40.8454,17.21,G09016;G09102;G09017
822028904,123.5436,-39.7206,18.92,G09016;G09017
822235905,122.2176,-39.3359,18.09,G09016;G09017;G09166
822247673,122.3993,-39.048,17.97,G09016;G09017
822295806,121.5947,-38.7994,18.75,G09016;G09017
822424241,124.7334,-37.6159,17.79,G09016;G09102;G09017;G09166
822454655,124.1624,-37.1739,17.67,G09102
822492630,123.4366,-37.4528,17.96,G09016;G09017
822494373,123.295,-37.413,17.6,G09102
823012085,124.9096,-36.7494,17.97,G09016;G09017
823130214,124.7974,-35.5893,16.91,G09177
823138491,124.023,-35.6789,16.9,G09016;G09102;G09017;G09166
823143105,124.3352,-35.4704,19.13,G09016
823150773,125.1732,-35.5938,18.05,G09016;G09017
823150780,125.1656,-35.597,18.04,G09166
823194372,125.2118,-34.7756,18.28,G09016;G09017
823628077,122.4594,-36.7944,16.28,G09177;G09102
823678548,123.2239,-35.9116,18.07,G09016;G09017;G09166
823680375,123.0277,-35.9855,17.96,G09016;G09017
823701618,122.5873,-35.5274,17.41,G09016;G09102;G09017
823727153,122.2036,-35.5527,17.42,G09102;G09166
823731279,121.947,-35.4197,17.56,G09016;G09102;G09017;G09166
823799874,122.3151,-34.5979,18.5,G09016;G09017
823847220,121.3492,-34.8238,18.32,G09016;G09017
823858038,120.3852,-34.8843,18.29,G09016;G09017
824024045,121.1088,-33.0299,17.87,G09016;G09102;G09017
824178571,123.0837,-34.3473,17.85,G09016;G09102;G09017
824194176,123.4729,-34.0832,18.5,G09016;G09017
824225501,122.9846,-33.8842,18.7,G09016;G09017
824297044,123.5639,-32.9853,19.14,G09016
824484237,124.6541,-32.4135,17.68,G09016;G09017
824500779,125.3832,-32.3449,17.68,G09016;G09102;G09017
824577930,122.9187,-33.5266,17.87,G09102
824703907,121.9236,-32.7414,17.15,G09102
824705655,121.7559,-32.6885,18.15,G09016;G09017
824733248,121.408,-32.4308,18.28,G09016;G09017
824772598,121.6951,-32.0887,17.92,G09016;G09102;G09017
824810518,124.1388,-32.2413,18.24,G09016;G09017
824926097,123.4593,-31.67,18.61,G09016;G09017
824978543,123.5518,-31.0727,18.86,G09016;G09017
824986141,124.178,-30.9044,18.26,G09016;G09017
825010723,123.3928,-30.5547,18.5,G09016;G09017
825067896,120.2084,-32.4559,18.05,G09016;G09017
825146983,121.7481,-31.6722,19.05,G09016
825156549,121.965,-31.6192,18.79,G09016;G09017
825170751,121.9737,-31.2092,16.88,G09102
825275523,121.2961,-30.9808,17.98,G09016;G09102;G09017;G09166
825278801,121.2006,-30.8121,17.6,G09016;G09102;G09017
825290785,121.3913,-30.4979,16.16,G09102
825315320,121.0184,-30.3498,19.11,G09016
825325951,122.3343,-31.1362,17.34,G09102
825340971,122.8295,-30.8519,17.83,G09166
825369954,121.9657,-30.4114,17.02,G09102;G09166
825401735,123.4825,-30.1656,19.12,G09016
11663625,128.9575,-30.5649,8.77,G09194
11741512,129.0324,-31.7218,14.45,G09102;G09166
11749208,129.0731,-34.4591,8.18,G09123
17460375,135.2246,-35.2976,13.48,G09025
17682482,135.7013,-32.9517,12.99,G09123
17682958,135.6123,-33.1934,12.19,G09194
17685932,135.7178,-34.7777,14.15,G09102
17754631,135.7704,-34.5872,17.12,G09016;G09102;G09017;G09166
17755302,135.8332,-34.2012,8.16,G09062
17763136,135.9609,-30.2945,8.61,G09062
17842115,135.9816,-32.0705,10.56,G09180
17842118,135.9833,-32.0709,10.38,G09180
17849960,136.12,-35.727,12.99,G09180
17849961,136.1208,-35.7261,12.65,G09180
17890137,136.0374,-31.9327,17.57,G09166
18011473,136.3357,-34.8911,12.64,G09123
180497060,128.803,-39.9701,5.91,G09062;20SECONDTARGET
180540045,129.0451,-40.2269,8.88,G09150
180573885,129.0996,-36.0852,14.44,G09102;20SECONDTARGET
180581211,129.0968,-38.4549,6.73,G09062;20SECONDTARGET
180661948,129.3181,-41.3179,8.33,G09123;20SECONDTARGET
180664865,129.3303,-40.1474,5.98,G09062;20SECONDTARGET
180665630,129.2661,-39.7983,11.02,G09194
180668917,129.3415,-38.4944,9.28,G09062
180731211,129.4195,-40.194,9.64,G09196
180838732,129.8051,-39.1275,17.33,G09166
180842215,129.7016,-40.568,10.18,G09062
180886238,129.9438,-37.8689,9.24,G09196
180929040,129.8405,-36.6063,5.84,G09062;20SECONDTARGET
180935063,130.047,-37.1281,9.34,G09062
181174670,130.5539,-35.9439,17.81,G09166
181208162,130.6968,-37.5866,16.55,G09166
181208184,130.6929,-37.5968,16.64,G09016;G09017;G09102
181272668,130.8176,-39.1376,7.3,G09062;20SECONDTARGET
181298422,130.8669,-37.086,8.91,G09062
181511158,131.4474,-40.6156,7.3,G09150
181560282,131.4634,-37.1042,10.77,G09062
181682119,131.6413,-37.9094,8.44,G09062
181686257,131.6457,-36.3686,16.81,G09102
181726529,131.9124,-39.6651,12.1,G09196
181741837,131.9181,-41.7385,5.83,G09062;20SECONDTARGET
181741991,131.8921,-41.798,12.13,G09196
18213411,136.6695,-30.2076,15.72,G09016;G09017;G09102;G09166
18286951,136.936,-34.1222,7.6,G09062;20SECONDTARGET
18288340,136.9898,-33.351,9.97,G09062
18289624,136.9899,-32.6483,15.78,G09025
183815751,126.1385,-40.2134,17.68,G09166
184027575,126.6612,-41.5267,17.85,G09166
184070341,126.6415,-39.273,8.73,G09062
184226481,126.8818,-41.4134,9.9,G09150
184351709,127.0517,-41.8345,9.12,G09150
184356078,127.2055,-41.1445,17.81,G09166
184408044,127.204,-37.7679,17.6,G09166
184515469,127.525,-41.6386,9.51,G09150
184912380,128.1785,-37.4693,7.78,G09062
185013064,128.3663,-41.6177,6.41,G09062
185099888,128.5466,-36.9057,6.28,G09062;20SECONDTARGET
185102925,128.6218,-37.6111,4.58,G09194
185167317,128.5125,-39.9682,17.33,G09166
185369994,129.806,-30.5334,17.18,G09102
185370035,129.8195,-30.5535,16.55,G09102
185374889,129.8387,-32.7223,16.51,G09102
185476952,129.9748,-30.5,9.77,G09150
185522801,130.1061,-34.2488,17.21,G09166
18558724,137.5987,-30.859,17.3,G09102
185617406,130.3757,-32.9324,11.73,G09016;G09017;G09102;G09166;20SECONDTARGET
185623265,130.35,-35.2003,17.75,G09166
185693907,130.5001,-34.1271,15.95,G09016;G09017;G09102;G09166
185754724,130.5956,-35.7403,18.11,G09166
185815213,130.8979,-33.1863,3.88,G09150;20SECONDTARGET
185938909,131.1972,-31.3516,17.07,G09166
185942104,131.1807,-32.8312,17.57,G09166
186100808,131.6364,-30.9936,17.0,G09102
186103592,131.7226,-30.3071,15.97,G09102
186222446,132.0592,-31.0955,16.75,G09102
186315815,132.3056,-31.2063,15.8,G09102
186372332,132.2919,-34.3042,8.37,G09062
186373893,132.2783,-34.9769,17.16,G09166
186392108,132.4149,-31.9311,8.68,G09062
186461402,132.6012,-33.0666,15.89,G09025;20SECONDTARGET
186470968,132.6825,-34.783,13.7,G09031
18649456,137.6678,-32.6904,16.73,G09025
18654235,137.7078,-35.2252,10.42,G09180
18657235,137.7094,-35.2253,12.4,G09180
186615126,133.1421,-30.4265,12.21,G09194
186758527,133.4885,-35.2613,15.36,G09025
186760876,133.5039,-35.6494,6.88,G09062
186777643,133.5584,-31.8852,8.47,G09062
186779497,133.5076,-30.8602,10.72,G09123;20SECONDTARGET
186925997,134.058,-32.3562,17.02,G09016;G09102;G09017
186975208,134.0682,-32.3518,16.98,G09166
186977075,134.1429,-31.2992,13.26,G09123
186977101,134.1439,-31.2844,14.59,G09123
186981654,134.2163,-31.341,17.26,G09102
187024332,134.4218,-35.8433,15.86,G09102;G09166
187052535,134.3984,-31.1914,10.1,G09062
187058423,134.5858,-32.1426,7.46,G09062
187096198,134.5492,-34.1112,17.15,G09016;G09017
187122267,134.8416,-30.6403,17.07,G09102
187123483,134.8059,-31.4046,16.35,G09016;G09017;G09102
187188422,135.0188,-33.9389,17.77,G09166
187245616,135.039,-31.7178,12.57,G09123
190122499,132.3819,-41.5638,8.79,G09150
190216154,132.6513,-41.1979,9.71,G09062
190496853,133.4086,-40.5436,10.3,G09058;20SECONDTARGET
190599978,133.3851,-36.5623,12.41,G09194
190605891,133.5692,-37.5572,10.54,G09194
190783321,133.858,-41.0788,8.24,G09150
190783581,133.7802,-41.1624,17.77,G09166
190856325,134.0811,-37.1224,6.32,G09062;20SECONDTARGET
19089910,138.6328,-30.5347,10.07,G09194
191164779,134.6536,-37.9766,11.96,G09194
191174923,134.7191,-41.3379,12.44,G09194
191190652,134.8595,-40.1327,15.96,G09166
191233258,134.7939,-36.7919,15.43,G09016;G09017;G09102;G09166
191398882,135.3477,-37.1182,10.07,G09062
191457397,135.4198,-38.2081,10.79,G09196
191532802,135.5545,-39.7649,15.88,G09016;G09102;G09017
191535452,135.5743,-40.6033,11.55,G09196;G09196
191536753,135.6836,-41.0312,7.79,G09062
191678773,135.9635,-41.5555,7.23,G09062
191712017,136.0109,-40.372,17.87,G09166
191748452,135.9928,-36.7386,6.87,G09062;20SECONDTARGET
191780450,136.1602,-41.0643,8.37,G09062
191787817,136.3323,-40.4613,18.12,G09166
191933324,136.44,-40.4204,14.16,G09102
191951879,136.6389,-41.6006,17.6,G09166
19199541,138.9032,-31.8484,12.62,G09180
19199543,138.9047,-31.8478,11.91,G09180
192003064,136.8333,-36.2671,17.72,G09166
192010047,136.8047,-38.9834,18.78,G09025
19204398,139.04,-31.5042,17.08,G09102
192057239,137.0307,-41.0741,7.69,G09062;20SECONDTARGET
192079072,137.0101,-38.4701,17.44,G09025
192083079,136.9839,-36.8975,15.57,G09016;G09102;G09017;G09166;20SECONDTARGET
192084774,136.8924,-36.1532,17.04,G09102
192087959,137.0709,-37.1149,7.66,G09194;G09123
192088566,137.0994,-37.3765,12.21,G09194
192311642,137.6107,-38.5074,14.95,G09123
192401112,137.6906,-39.5521,8.41,G09062
192405672,137.7681,-41.245,8.05,G09062
192514915,137.9924,-37.5941,17.55,G09166
192517401,137.9871,-38.5914,8.77,G09062
19271382,139.1789,-35.2245,11.69,G09079;G09036;G09039
19354044,139.1301,-30.1314,8.01,G09062;20SECONDTARGET
19434778,139.2756,-34.5909,14.39,G09025
19488490,139.515,-30.5965,15.69,G09041;20SECONDTARGET
19492690,139.5714,-32.2671,17.27,G09102
19493614,139.6207,-32.9007,13.78,G09123
19549751,139.708,-31.4112,11.59,G09194
2886565,138.1926,-39.7669,16.47,G09166
2886586,138.194,-39.7586,16.54,G09016;G09102;G09017
2962605,138.2996,-39.1726,16.74,G09016;G09102;G09017
3120302,138.6628,-38.5618,16.29,G09177
3235988,138.8393,-36.3895,17.86,G09166
3360041,139.1292,-37.0835,16.21,G09166
3360044,139.1343,-37.0823,16.62,G09102
3360066,139.0964,-37.0724,16.56,G09166
3447241,139.2154,-39.0948,12.8,G09194
3525057,139.3299,-38.2991,14.77,G09123
3582508,139.5935,-36.1017,13.88,G09123
3585136,139.4834,-37.3976,6.47,G09062;G09123
3588352,139.4679,-38.8481,11.46,G09196
3588888,139.5763,-39.0836,13.16,G09123
3839024,139.8122,-38.8588,11.16,G09196
3843279,139.8829,-40.5616,8.83,G09062
393557934,127.872,-32.5255,16.91,G09102
393557959,127.8701,-32.5168,16.87,G09166
393617973,127.8376,-30.985,9.43,G09062
393781133,128.1616,-30.9903,15.85,G09102
393989510,128.3341,-31.5077,16.7,G09102
394080042,128.5802,-34.3202,17.26,G09102
394222786,128.7169,-30.9739,16.94,G09102
4261575,140.5383,-40.4718,12.83,G09180
4261594,140.5501,-40.4658,12.46,G09180
4264922,140.5534,-39.0237,13.07,G09102
461796487,128.8448,-35.8817,10.15,G09194
461799854,128.7331,-34.8475,16.21,G09016;G09102;G09017;G09166
55790630,126.3216,-33.9546,17.48,G09166
55792361,126.3237,-34.3672,7.27,G09062;20SECONDTARGET
56087556,126.5779,-34.9463,16.7,G09166
56263068,126.8072,-33.4577,8.43,G09062
56524988,127.0647,-31.4863,16.44,G09102
56630835,127.1791,-34.7316,7.81,G09150
56709209,127.3013,-32.1924,16.7,G09102
56978844,127.5747,-31.0235,8.68,G09062
56980182,127.5191,-30.5652,17.16,G09102
56983306,127.6448,-30.4622,16.97,G09102
56983397,127.6804,-30.5013,17.66,G09166
816501973,138.5511,-41.2494,18.0,G09016;G09017
816531898,138.7302,-41.1323,17.58,G09016;G09102;G09017;G09166
816618330,136.6411,-41.6049,17.66,G09016;G09102;G09017
816666121,136.3162,-41.6197,18.57,G09016;G09017
816704476,136.3356,-40.4628,18.2,G09016;G09017
816771068,137.989,-40.1997,18.55,G09016;G09017
816801709,137.5485,-40.0444,17.58,G09102;G09166
816866006,139.8733,-40.615,18.98,G09016;G09017
816968463,138.2778,-38.4765,19.16,G09016
816990387,139.8468,-37.8778,18.21,G09016;G09017
817019726,139.8119,-37.1375,18.54,G09041
820125167,133.7655,-41.1655,17.79,G09016;G09102;G09017
820163546,130.3811,-41.396,19.29,G09016
820164376,130.5417,-41.3818,17.45,G09102;G09166
820165576,130.8883,-41.0487,19.06,G09016
820169148,130.7829,-40.3714,19.24,G09016
820188032,132.7514,-40.5692,19.23,G09016
820188651,132.8777,-40.5349,18.81,G09016;G09017
820194097,133.4139,-40.1521,17.7,G09102
820201013,132.8229,-40.195,18.12,G09016;G09017;G09166
820206287,132.9023,-40.0353,18.99,G09016;G09017
820492020,127.1935,-41.1379,17.82,G09102
820504128,128.4854,-41.1351,17.84,G09102;G09166
820508705,128.2307,-40.7596,18.49,G09016;G09017
820515475,127.3814,-40.9604,19.29,G09016
820621930,126.6629,-41.5306,17.96,G09016;G09102;G09017
820655959,127.1807,-40.3542,18.59,G09016;G09017
820683129,126.1361,-40.2037,17.69,G09016;G09102;G09017
820703774,127.1162,-39.5622,19.16,G09016
820728065,129.3293,-41.6646,18.7,G09016;G09017
820731588,129.7458,-40.9552,18.52,G09016;G09017
820748938,130.0327,-40.117,18.86,G09016;G09017
820769515,128.5079,-39.9727,17.38,G09016;G09102;G09017
820769748,128.4841,-39.8752,19.21,G09016
820778395,128.9806,-39.3912,17.76,G09016;G09102;G09017
820783081,129.3903,-39.0278,18.16,G09166
820788432,130.9328,-39.6379,17.98,G09016;G09102;G09017;G09166
820860326,129.7998,-39.1216,17.37,G09016;G09102;G09017
820871053,130.2987,-38.8,19.0,G09016
820960936,128.0547,-40.0528,19.0,G09016
820967627,128.1012,-39.5954,19.1,G09016
820988010,129.1849,-38.7903,17.71,G09016;G09017
820995847,128.2102,-38.7964,18.88,G09016;G09017
821029560,126.8236,-38.5653,19.18,G09016
821057722,127.3964,-37.9198,18.48,G09016;G09017
821111728,129.0395,-37.6831,18.77,G09016;G09017
821209206,129.0072,-37.166,18.51,G09016;G09017
821301468,129.1851,-36.0042,17.37,G09102;G09166
822597381,126.5375,-37.9335,18.79,G09016;G09017
822620810,127.2075,-37.7751,17.62,G09102
822629699,127.4061,-37.3346,18.46,G09016;G09017
822644723,127.5814,-36.8734,18.11,G09016;G09017
822810712,128.5855,-36.418,18.71,G09025
822926723,126.9421,-35.8545,19.19,G09016
822953490,127.9925,-35.4416,17.25,G09016;G09102;G09017;G09166
822955922,128.0551,-35.3729,17.99,G09166
822965436,128.2552,-35.1814,18.45,G09016;G09017
822972868,128.1127,-34.9146,17.83,G09016;G09102;G09017;G09166
823215144,126.4699,-35.3692,18.7,G09016;G09017
823230135,126.5802,-34.9405,16.75,G09102
823277726,127.5989,-34.5464,18.75,G09016;G09017
823284820,127.4466,-34.2741,18.43,G09016;G09017
823295004,127.1933,-34.2776,18.44,G09016;G09017
823386731,126.3216,-33.9636,17.59,G09102
823391951,126.4868,-33.7636,18.07,G09166
823396273,126.7964,-33.6337,18.8,G09016;G09017
823406415,126.833,-33.3128,18.12,G09166
825886671,134.488,-41.0587,19.19,G09016
825901402,135.6199,-40.8758,17.52,G09016;G09102;G09017;G09166
825911549,136.0095,-40.3722,17.97,G09016;G09102;G09017
825951381,134.8516,-40.1285,16.06,G09016;G09102;G09017
825992546,135.3673,-39.2481,18.39,G09016;G09017
826026313,136.8984,-39.5829,18.93,G09016;G09017
826034599,135.9337,-39.6328,18.95,G09016;G09017
826039535,136.1385,-39.3278,18.18,G09016;G09017
826067507,137.4588,-38.6768,17.6,G09102
826072671,136.994,-38.7581,18.44,G09016;G09017
826081361,137.0223,-38.4463,17.95,G09016;G09102;G09017
826081388,137.0232,-38.444,17.94,G09166
826133032,136.5928,-38.2129,19.07,G09016
826159889,136.2191,-37.7022,17.85,G09016;G09102;G09017;G09166
826172504,134.0636,-39.6658,19.23,G09016
826240814,134.2467,-38.5275,17.95,G09102
826253529,133.1381,-39.0003,18.26,G09016;G09017
826290327,133.1467,-38.3178,17.15,G09016;G09102;G09017
826332345,133.2986,-37.7329,18.39,G09016;G09017
826337653,133.7886,-37.5765,18.8,G09016;G09017
826405252,135.0943,-37.0786,18.67,G09016;G09017
826417055,134.1782,-37.7303,17.88,G09016;G09102;G09017
826425653,134.774,-37.3637,18.55,G09016;G09017
826429462,134.4781,-37.236,18.07,G09016;G09017
826503329,137.7219,-37.8417,18.33,G09016;G09017
826510429,137.8368,-37.6632,18.02,G09166
826511201,138.0067,-37.596,17.57,G09102
826529198,139.088,-37.0706,16.68,G09016;G09017;G09102
826561593,137.5567,-37.1065,17.3,G09102
826583903,137.7296,-36.9625,16.8,G09016;G09102;G09017
826610843,137.6293,-35.9968,18.72,G09016;G09017
826623279,139.4496,-36.4901,18.66,G09016;G09017
826632038,138.8507,-36.3968,17.93,G09016;G09102;G09017
826639542,139.2749,-35.8166,18.69,G09016;G09017
826642366,139.7543,-36.0533,18.75,G09016;G09017
826657422,138.6361,-35.9372,16.89,G09102
826659475,138.492,-35.968,17.74,G09016;G09102;G09017;G09166
826659696,138.5778,-35.931,19.02,G09016
826663137,138.8847,-35.6785,17.29,G09102
826677426,138.4411,-35.06,17.71,G09016;G09102;G09017;G09166
826678779,139.0902,-35.4559,18.09,G09016;G09017
826695409,139.3549,-34.5721,19.04,G09016;G09017
826697503,139.262,-34.4465,19.19,G09016
826711638,136.833,-36.2769,17.85,G09016;G09102;G09017
826768174,135.6287,-35.6775,17.58,G09102;G09166
826798308,136.0676,-34.7439,19.25,G09016
826808695,137.8815,-35.2154,17.51,G09016;G09102;G09017;G09166
826818094,137.2013,-35.0435,18.97,G09016;G09017
826843008,138.7587,-33.7646,18.66,G09016;G09017
826850608,137.1194,-34.2907,18.46,G09016;G09017
826861192,136.7308,-33.9488,18.87,G09016;G09017
826872489,138.3017,-33.5902,18.41,G09025
826883078,137.7418,-33.1846,18.67,G09016;G09017
826915470,131.8914,-37.8535,17.29,G09102
826986973,131.7506,-37.4065,19.09,G09016
826994906,131.7883,-36.8731,17.78,G09016;G09102;G09017;G09166
827072305,134.0656,-36.391,18.76,G09016;G09017
827087572,133.5493,-36.3365,18.1,G09016;G09017
827158984,132.9577,-35.5208,18.32,G09016;G09017
827180398,133.7487,-34.8931,18.23,G09166
827192394,133.6033,-34.7327,18.74,G09016;G09017
827243762,130.5532,-35.9449,17.85,G09102
827305616,130.5895,-35.7329,18.15,G09016;G09017
827360543,131.1772,-34.7798,16.67,G09016;G09102;G09017;G09166
827363613,130.3477,-35.2005,17.92,G09016;G09102;G09017
827400551,132.28,-34.9687,17.17,G09016;G09102;G09017
827431334,132.7881,-34.4701,18.83,G09016;G09017
827486270,131.1661,-34.0178,18.71,G09016;G09017
827593489,134.5032,-34.2763,18.81,G09016;G09017
827603084,133.8437,-34.0683,18.93,G09016;G09017
827612692,135.0267,-33.9342,17.92,G09102
827633876,135.1215,-33.2299,19.07,G09016
827647172,136.5666,-33.6228,18.52,G09016;G09017
827651484,136.2132,-33.5878,18.79,G09016;G09017
827666793,137.3302,-33.0214,17.61,G09016;G09102;G09017;G09166
827672565,136.9782,-32.8758,16.89,G09016;G09017;G09102;G09166
827681461,135.6998,-33.3923,18.42,G09016;G09017
827712787,136.8445,-32.0445,16.69,G09102
827720489,136.0361,-31.9258,17.6,G09016;G09102;G09017
827728230,133.7882,-33.9708,18.86,G09016;G09017
827781677,134.1069,-32.3217,18.56,G09016;G09017
827848068,135.431,-32.0982,19.15,G09016
827880266,135.7629,-31.0947,18.4,G09016;G09017
827886604,134.1366,-31.8523,18.28,G09016;G09017
827901915,134.3414,-31.1363,18.97,G09016;G09017
827907829,135.1589,-31.1201,19.05,G09016
827917200,134.7285,-30.957,18.57,G09016;G09017
827920597,134.4326,-30.7219,18.19,G09016;G09017
827928570,139.8121,-34.8346,19.03,G09016
827935168,139.5283,-34.1237,19.28,G09016
827957906,139.8193,-33.3191,18.28,G09016;G09017
827967425,139.8178,-32.2075,17.36,G09016;G09102;G09017;G09166
827975205,138.7331,-32.7192,17.74,G09016;G09017
827991462,139.6765,-32.0657,18.95,G09016;G09017
828000072,139.2251,-31.7324,19.22,G09016
828007843,139.3924,-31.2442,18.95,G09016;G09017
828038400,138.1946,-31.4523,19.18,G09016
828040405,138.0298,-31.3418,18.75,G09016;G09017
828044966,138.575,-30.81,19.25,G09016
828054496,137.4177,-31.1448,17.85,G09102;G09166
828076002,137.7274,-30.4609,18.09,G09016;G09017
828077910,137.6193,-30.2965,16.51,G09016;G09102;G09017;20SECONDTARGET
828131869,136.4461,-30.8157,18.22,G09016;G09017
828141859,136.2723,-30.5534,16.85,G09102
828143172,136.5407,-30.2488,18.74,G09016;G09017
828145422,137.1087,-30.6144,18.66,G09016;G09017
828325192,129.7646,-34.7403,17.6,G09016;G09102;G09017
828352523,129.481,-34.3783,18.93,G09016;G09017
828373488,130.0996,-34.243,17.26,G09016;G09017
828486092,129.1619,-33.3033,17.67,G09016;G09102;G09017
828495549,129.3159,-33.1176,18.98,G09016;G09017
828510029,130.6875,-33.628,17.41,G09016;G09102;G09017
828558665,131.3292,-32.9484,18.98,G09016;G09017
828560018,131.1693,-32.8332,17.69,G09016;G09102;G09017
828575698,129.9188,-33.3476,17.38,G09102;G09166
828624215,130.8019,-32.2234,18.57,G09016;G09017
828628477,131.3458,-32.0423,18.42,G09016;G09017
828670724,128.2938,-33.5107,19.05,G09016
828674312,128.3948,-33.271,18.48,G09016;G09017
828698220,127.8182,-33.008,16.95,G09166
828700716,127.8611,-32.9462,17.85,G09102;G09166
828810968,128.336,-32.3498,19.14,G09016
828842762,127.9201,-31.6369,18.94,G09016;G09017
828867187,129.0219,-32.2882,19.02,G09016
828897295,130.0338,-31.5723,18.64,G09016;G09017
828911596,130.0044,-31.3483,18.7,G09016;G09017
828925933,130.0366,-30.9444,18.62,G09016;G09017
828968083,128.484,-30.8934,16.82,G09102
828969793,128.5584,-30.882,19.12,G09016
828970970,129.4245,-31.2829,19.1,G09016;G09017
828989142,129.8158,-30.6002,18.95,G09016;G09017
828990717,129.7096,-30.4215,17.73,G09102
829063692,133.1422,-30.9684,18.72,G09016;G09017
829081334,131.5535,-31.3333,18.18,G09016;G09017
829087352,131.2063,-31.3491,17.15,G09016;G09102;G09017
829114523,131.9719,-30.8855,19.29,G09016
829125242,132.0864,-30.4035,18.55,G09016;G09017
829135971,134.1121,-30.7435,18.92,G09016;G09017
829141325,133.2965,-30.7542,17.67,G09016;G09102;G09017;G09166
829149839,133.3162,-30.3293,18.28,G09016;G09017
829493966,126.8967,-31.7247,18.21,G09016;G09017
829505867,127.5319,-31.7542,18.51,G09016;G09017
829518193,127.8003,-31.317,17.88,G09102
829518308,127.8103,-31.3122,17.84,G09166
829524372,126.9086,-31.7217,18.03,G09166
829545481,127.2422,-30.939,18.12,G09016;G09017
829612500,126.4936,-30.8727,17.73,G09016;G09102;G09017
829617956,127.1752,-30.6694,18.99,G09016;G09017
829641683,126.7288,-30.3601,17.69,G09102;G09166
829644752,126.4907,-30.4097,17.46,G09102;G09166
829680293,127.6797,-30.5033,17.89,G09102
872203258,140.0304,-40.2993,19.2,G09016
872206439,140.0339,-40.0665,16.83,G09102
872229051,140.3636,-39.3868,18.45,G09016;G09017
872374411,140.2736,-38.2982,18.54,G09016;G09017
874819221,140.3305,-34.91,17.43,G09016;G09102;G09017;G09166
1084245,130.9265,-25.1197,12.29,G09052
1088319,130.9667,-25.7446,8.95,G09062
1130644,131.0711,-29.555,16.27,G09102
1133914,131.1022,-27.5223,11.98,G09196;G09196
1137418,131.1444,-25.1566,9.61,G09194
117885256,128.274,-22.8089,16.56,G09041
117948083,128.4376,-23.3543,6.56,G09062;20SECONDTARGET
118024423,128.5076,-18.2729,12.72,G09194
118062633,128.6252,-22.8038,16.68,G09102
118069524,128.7755,-20.3431,13.21,G09123
118157830,128.8899,-21.0149,12.06,G09196
118158912,128.8832,-21.7936,10.3,G09180
118158916,128.8807,-21.7966,12.3,G09180
118159186,128.8765,-22.0015,10.5,G09123
118201001,129.0963,-20.3055,11.1,G09180;G09180
118205475,129.2137,-19.3063,16.06,G09102
118208997,129.169,-21.8979,16.59,G09102
118285243,129.3277,-23.3095,17.75,G09102
118287070,129.2501,-22.0845,15.97,G09166
118292725,129.3748,-18.1692,15.9,G09102
118333218,129.3899,-22.542,12.25,G09123
118339710,129.572,-23.5502,10.35,G09034;G09126;20SECONDTARGET
118342897,129.5633,-22.1804,11.69,G09180
118342900,129.5606,-22.1784,8.78,G09180
118343753,129.5691,-21.5518,17.33,G09166
118428912,129.7157,-21.2283,12.99,G09180
118428917,129.7139,-21.2301,12.65,G09180
118429656,129.7393,-21.7697,15.44,G09016;G09017;G09102;G09166
118486580,129.7809,-22.6584,4.97,G09062;20SECONDTARGET
118488188,129.842,-21.46,9.06,G09062
118560530,129.8823,-22.1583,17.0,G09102
118560974,129.8885,-22.4733,17.3,G09102
118562817,129.9536,-23.7507,9.79,G09062
118600826,130.0578,-18.0771,13.39,G09123
118601107,130.2251,-18.0241,9.44,G09062
118601740,130.196,-18.5869,10.14,G09180
118601741,130.2007,-18.5881,8.89,G09180
118606408,130.1977,-22.2311,17.51,G09166
118608254,130.2429,-23.4503,9.51,G09123
118688924,134.4572,-21.5412,16.64,G09016;G09017;G09102;G09166
118690168,134.3426,-22.7585,15.21,G09016;G09017;G09102;G09166;20SECONDTARGET
118812041,134.7763,-23.0246,8.86,G09062
118814061,134.7908,-20.9041,9.86,G09180
118814062,134.7922,-20.9037,11.52,G09180
118814592,134.7545,-20.2865,12.87,G09180
118814594,134.7536,-20.2855,12.89,G09180
118817518,134.916,-19.2088,5.76,G09062;20SECONDTARGET
118828860,134.8699,-21.8521,9.84,G09062
118829622,134.9728,-22.6913,6.57,G09062
118907356,135.179,-19.106,11.28,G09180
118907362,135.1954,-19.118,12.96,G09180
118909381,135.2011,-21.4782,9.44,G09062
118910681,135.2136,-22.9068,9.17,G09062
118913097,135.3371,-22.3967,8.57,G09062
118914286,135.3358,-20.9735,9.45,G09031
118956453,135.4163,-20.7204,11.94,G09058;G09114;20SECONDTARGET
119062150,135.9836,-23.8486,7.99,G09123
119077152,136.0512,-22.3867,11.07,G09194
119080861,136.1548,-18.1913,12.49,G09123
1202936,131.24,-28.2914,17.23,G09102
1407086,131.7408,-25.3372,13.57,G09123
144079686,126.7293,-19.0725,17.46,G09166
144084448,126.8855,-20.1676,15.42,G09102
144085107,126.9372,-20.6083,16.66,G09102
144088477,126.8847,-22.6594,17.07,G09102
1563155,132.0298,-27.8015,10.44,G09117
1573839,132.1691,-25.3324,17.19,G09102
1618392,132.2897,-24.5424,17.68,G09166
1737550,132.5521,-26.8584,16.51,G09166
176397088,131.743,-18.6433,12.48,G09180
176397108,131.738,-18.6684,10.72,G09180
176397361,131.723,-18.9321,12.1,G09180
176397362,131.7227,-18.9331,12.86,G09180;G09180
176438645,131.7445,-22.3681,8.88,G09062
176445717,131.8712,-18.9969,15.82,G09016;G09102;G09017;G09166
176494100,132.0964,-21.8885,7.77,G09062
176555284,132.1721,-20.457,17.52,G09166
176558976,132.2629,-23.8015,10.59,G09194
176606109,132.4738,-19.2159,8.48,G09062
1814380,132.7387,-25.0611,15.71,G09102
1816359,132.807,-24.466,13.13,G09123
1861139,132.9509,-29.4645,7.86,G09062
1868257,133.0608,-24.3863,15.75,G09102
196357294,129.4385,-29.0287,17.49,G09102
196429262,129.5748,-27.9535,16.61,G09102
196460607,129.49,-28.7431,16.98,G09102
196461131,129.5666,-28.9877,17.34,G09102
196466745,129.6764,-28.4495,17.42,G09166
196468637,129.6463,-27.5687,16.2,G09102
196512087,129.7494,-25.0608,17.28,G09102
196513419,129.7427,-25.7687,16.5,G09102
196518001,129.8359,-28.0255,15.51,G09016;G09102;G09017;20SECONDTARGET
196607323,130.0116,-28.6859,15.87,G09102
1967409,133.1376,-27.16,17.31,G09102
1968612,133.1888,-27.9727,16.78,G09102
2019023,133.2048,-24.3837,14.25,G09123
2026234,133.3291,-28.7786,17.47,G09166
2084183,133.416,-29.3942,16.86,G09102
2089490,133.5031,-26.9153,8.74,G09062
2094712,133.6278,-25.1473,16.16,G09016;G09017;G09102
2133062,133.6725,-26.1276,12.84,G09180
2133065,133.6717,-26.1291,11.43,G09180
2137185,133.6293,-28.998,13.88,G09123
2140147,133.8135,-28.981,16.11,G09016;G09102;G09017
2220684,133.8486,-24.5801,12.29,G09180
2220688,133.8463,-24.5774,12.05,G09180
2224747,133.961,-26.6301,16.8,G09016;G09102;G09017
2224750,133.9624,-26.6315,16.59,G09016;G09102;G09017
2241421,133.932,-29.121,15.11,G09123
229846907,137.9943,-19.7473,4.87,G09123;20SECONDTARGET
229856791,138.1905,-21.2353,11.68,G09194
229859330,138.3234,-23.3713,11.7,G09123
229861350,138.3303,-20.5507,11.97,G09194
229866992,138.4404,-23.5601,9.04,G09062
231497787,127.3202,-28.925,17.06,G09102
231508963,127.354,-24.4862,17.02,G09102
231512013,127.3587,-26.0772,16.2,G09102
231558350,127.7329,-26.6792,8.08,G09062;20SECONDTARGET
231560003,127.7576,-27.4966,16.7,G09016;G09102;G09017
231589639,127.7522,-27.4897,16.67,G09166
231592937,127.8107,-25.7025,16.97,G09102
231599925,127.9689,-26.2021,15.65,G09016;G09102;G09017;G09166;20SECONDTARGET
231601660,127.958,-27.0978,16.11,G09102
231606406,127.9497,-29.3371,16.95,G09102
231609255,128.1378,-29.2884,16.64,G09102
2349033,134.1437,-27.9043,16.71,G09102
2355179,134.3116,-27.7955,12.71,G09123
2398191,134.284,-24.7048,17.75,G09166
257880349,126.5896,-23.9921,17.23,G09102
257880501,126.6515,-24.0788,17.12,G09102
257881200,126.6756,-24.4666,17.23,G09102
257982176,126.6022,-26.0379,16.93,G09102
257984571,126.5735,-27.1455,6.58,G09062;20SECONDTARGET
258051694,126.715,-26.9175,8.19,G09062
258155834,126.9158,-28.7061,16.9,G09102
258155860,126.8762,-28.714,15.88,G09102
258225456,127.0433,-28.6853,16.88,G09102
258231640,126.9624,-25.7782,15.88,G09102
270150709,126.5043,-27.7806,17.07,G09102
270207170,138.7654,-28.9358,11.73,G09194
283308260,128.2283,-25.731,17.13,G09102
283311563,128.2777,-27.2625,16.38,G09016;G09102;G09017;G09166
283402168,128.3287,-28.076,17.07,G09102
283403398,128.3973,-27.5366,16.98,G09102
283497784,128.3733,-26.1674,16.41,G09177;20SECONDTARGET
283581337,128.5387,-28.0803,16.86,G09102
283582645,128.5407,-28.6393,16.56,G09102
283583403,128.4995,-28.9579,16.98,G09102
283584163,128.532,-29.2667,15.71,G09102
283588331,128.6093,-28.9738,16.74,G09102
283696308,128.7466,-24.2941,17.16,G09102
283779853,128.9318,-28.6742,16.14,G09102
283783277,128.8325,-27.1453,16.02,G09102
283882408,129.0121,-27.0792,17.24,G09102
285222557,129.1557,-28.2777,15.91,G09016;G09017;G09102;G09166;20SECONDTARGET
285315101,129.1576,-27.2022,16.23,G09102
285317890,129.1285,-25.8103,16.84,G09102
285325755,129.2394,-26.4633,16.22,G09102
285991289,138.6059,-18.4013,12.66,G09123
294088094,130.355,-23.6065,9.79,G09062
294089506,130.5044,-23.1511,16.89,G09166
294168783,132.7757,-23.6334,13.46,G09123
294225731,132.7006,-22.7938,12.46,G09123
294232194,132.8288,-20.5183,7.51,G09062
37364410,134.5485,-24.6151,16.9,G09102
37371801,134.7599,-27.1644,15.92,G09025;G09041
37430543,134.8325,-24.4821,14.95,G09041
37435001,134.9325,-27.776,16.33,G09102
37435039,134.9276,-27.8166,6.22,G09062;G09123
37531274,135.0687,-24.4747,10.08,G09062
37533318,135.3024,-25.5291,7.9,G09123
37644584,135.452,-26.5613,6.74,G09062;20SECONDTARGET
37646060,135.5216,-27.8144,7.63,G09062
37690653,135.7729,-24.2648,12.21,G09180
37690656,135.7726,-24.2672,11.46,G09180
37692009,135.8214,-25.5847,10.8,G09180
37692012,135.8249,-25.5871,11.29,G09180
37780662,135.9192,-24.1312,13.22,G09123
37867104,136.2032,-25.6625,7.54,G09062
37921735,136.4673,-29.1925,12.1,G09180
37921741,136.4699,-29.1902,9.84,G09180
37924796,136.5006,-26.6235,10.96,G09180
37924801,136.4999,-26.6224,12.49,G09180
37925216,136.5017,-26.2381,8.31,G09062
37926787,136.4536,-24.7422,16.6,G09102;G09166;20SECONDTARGET
38004089,136.6399,-26.4495,16.16,G09016;G09017;G09102
38007053,136.5721,-29.0012,11.53,G09194
38009069,136.7058,-29.2926,7.83,G09062
38034523,136.8481,-25.3148,11.51,G09194
38035614,136.8328,-26.4183,9.64,G09194
38036544,136.8387,-27.3049,12.59,G09194
38037534,136.8907,-28.1747,11.01,G09062
38118182,136.9739,-28.9931,17.41,G09166
38125059,137.1498,-25.8394,6.24,G09062;20SECONDTARGET
38146136,137.0663,-28.1218,10.37,G09062
38149453,137.2566,-28.9564,7.3,G09062
38149907,137.2815,-28.5571,10.9,G09180
38149909,137.2821,-28.5548,12.12,G09180
38340995,137.6165,-29.1436,11.95,G09180
38340997,137.6176,-29.1443,12.03,G09180
38348412,137.8488,-24.263,13.85,G09102
38453603,138.1636,-25.4033,10.07,G09194
38454876,138.1166,-26.7015,16.52,G09016;G09017;G09102;20SECONDTARGET
410094645,133.2589,-22.1981,12.42,G09036
410203048,133.7427,-21.6078,14.56,G09123
410204979,133.7937,-19.3212,10.35,G09194
410205094,133.7676,-19.1683,12.84,G09123
410205387,133.744,-18.812,6.58,G09062
410211252,133.8297,-23.8705,10.76,G09123
410242957,134.0702,-23.4489,12.73,G09123
412849128,127.0002,-22.9656,16.87,G09102
412849594,127.0417,-22.678,16.98,G09102
412894944,126.9381,-20.834,17.38,G09102
412963000,127.2391,-19.936,16.16,G09102
413017160,127.436,-18.1621,17.18,G09102
413025641,127.4852,-23.4969,17.18,G09102
413028058,127.5441,-21.9354,13.99,G09102;20SECONDTARGET
413070124,127.4735,-18.0886,9.79,G09180
413162396,127.9197,-20.1132,11.32,G09036
413162671,127.8535,-20.3408,16.78,G09102
415285271,130.6326,-23.6994,17.62,G09166
415340789,130.6233,-22.0194,16.23,G09102
415346397,130.6784,-19.0494,14.93,G09102;20SECONDTARGET
415348059,130.6562,-20.6045,17.79,G09166
415350115,130.64,-22.3861,7.5,G09150
415404154,130.9364,-17.9938,17.38,G09102;G09166
415502268,131.1706,-21.4303,8.9,G09164
415528958,131.3942,-21.967,11.62,G09020
415538651,131.4594,-22.7468,8.65,G09062
432085744,136.6283,-18.3403,17.42,G09016;G09102;G09017
432104967,137.0077,-19.0879,11.64,G09180
432104973,137.0091,-19.0853,9.77,G09180
432134447,137.3026,-22.7744,17.66,G09016;G09017
432135041,137.3641,-23.5212,8.23,G09180
432135055,137.329,-23.5413,9.02,G09180
432159356,137.6022,-22.0056,16.68,G09102;G09102;G09102;G09102;G09166;20SECONDTARGET
434412464,128.0501,-22.107,17.24,G09102
434417855,128.0715,-18.0697,17.49,G09102
434425405,128.1617,-23.2353,15.4,G09102;20SECONDTARGET
51867317,133.0624,-19.2472,17.51,G09016;G09017
51867348,133.0751,-19.221,10.73,G09123
51870656,136.254,-21.1272,8.59,G09062
51915236,136.3126,-23.7157,15.74,G09016;G09017;G09102;G09166
5347658,139.0783,-23.1301,8.33,G09194
70443148,138.8229,-24.6277,12.01,G09123
70509940,139.1187,-25.3032,8.38,G09062
70563385,139.1816,-24.7948,9.96,G09123
70566571,139.3026,-27.1068,17.28,G09016;G09102;G09017
828122982,138.6724,-29.1767,18.79,G09016;G09017
828192028,136.23,-29.1318,18.68,G09016;G09017
828207333,137.7588,-28.8311,18.9,G09016;G09017
828207955,138.6505,-29.1658,17.96,G09166
828208340,138.533,-29.1132,17.65,G09102
828221772,136.9688,-28.9839,17.48,G09016;G09102;G09017;20SECONDTARGET
828227599,136.9271,-28.7464,17.04,G09102
828230075,136.7254,-28.4229,18.13,G09016;G09017
828240529,137.3632,-28.054,18.63,G09016;G09017
828261583,138.8852,-27.9006,18.66,G09016;G09017
828267464,139.4061,-27.4551,18.28,G09016;G09017
828274446,138.4787,-27.3266,19.22,G09016
828277405,138.093,-27.5262,19.23,G09016
828278915,138.0106,-27.325,19.18,G09016
828284942,138.9604,-26.9958,17.77,G09166
828284943,138.9587,-26.9907,17.99,G09102
829317593,130.0958,-29.4059,18.34,G09016;G09017
829326813,131.2663,-29.4531,17.43,G09102
829329925,131.3125,-29.1476,19.12,G09016;G09017
829332527,131.2539,-29.1188,19.26,G09016
829356748,132.5873,-29.4539,18.98,G09016;G09017
829382780,133.3236,-28.7727,17.61,G09102
829409714,131.6287,-28.6807,18.59,G09016;G09017
830025014,126.4978,-29.5171,18.74,G09016;G09017
830060907,127.4209,-29.0085,17.44,G09016;G09102;G09017;G09166
830064296,127.0206,-28.994,17.58,G09102
830075082,127.4681,-28.4878,18.44,G09016;G09017
830172752,126.5184,-27.5772,18.75,G09016;G09017
830200083,129.1355,-29.1646,18.92,G09016;G09017
830230824,129.6805,-28.4502,17.82,G09016;G09102;G09017
830246816,128.7333,-28.7043,19.16,G09016
830247684,129.1155,-28.8532,16.17,G09102
830258486,128.5404,-28.6186,17.78,G09016;G09017
830272366,129.4465,-28.546,18.24,G09016;G09017
830313979,130.972,-27.8669,17.45,G09016;G09102;G09017
830328152,130.6329,-27.542,19.11,G09016
830329377,130.7469,-27.4639,17.63,G09102
830331510,131.4324,-27.7198,19.0,G09016;G09017
830351181,131.5213,-26.9397,18.99,G09016;G09017
830351814,131.3561,-27.0183,18.39,G09016;G09017
830353303,131.5084,-26.8421,16.65,G09016;G09017;G09102
830371872,129.953,-27.219,18.52,G09016;G09017
830375593,129.7361,-26.9978,18.99,G09016;G09017
830381765,129.9238,-26.7668,18.58,G09016;G09017
830388340,130.6191,-26.7827,16.79,G09016;G09017;G09102;G09166
830391182,131.3986,-26.5365,17.72,G09016;G09102;G09017;G09166
830399810,130.3532,-26.519,20.54,G09025
830402972,131.067,-26.3071,18.51,G09016;G09017
830408033,128.0572,-28.423,17.8,G09102
830539454,127.9417,-26.09,18.58,G09016;G09017
830582010,129.5182,-25.8152,17.43,G09102
830605671,128.0293,-25.9562,18.62,G09016;G09017
830649674,134.5276,-29.1119,16.75,G09102
830669341,135.5511,-28.2159,18.14,G09016;G09017
830722366,137.3465,-27.7139,17.97,G09016;G09102;G09017
830722910,137.215,-27.5779,18.69,G09016;G09017
830736555,135.8824,-27.5203,17.41,G09102;G09166
830739089,135.9389,-27.4431,19.05,G09016
830741127,135.8321,-27.2268,18.55,G09016;G09017
830751150,136.7091,-26.929,18.6,G09016;G09017
830756437,136.8002,-26.398,19.21,G09016
830761448,136.1604,-26.3673,17.58,G09016;G09102;G09017
830770490,133.8959,-27.9113,19.23,G09016
830792853,134.2522,-27.3203,18.91,G09016;G09017
830795565,133.8701,-27.0436,18.05,G09166
830795899,134.2644,-27.2328,19.23,G09016
830808227,133.0182,-27.3559,18.67,G09016;G09017
830811624,132.5928,-27.3583,18.24,G09016;G09017
830834184,133.6215,-26.4961,17.65,G09016;G09102;G09017;G09166
830842934,135.5247,-26.7487,18.52,G09016;G09017
830869653,134.7142,-25.9632,18.7,G09016;G09017
830875378,134.1721,-25.8116,16.64,G09102;G09166
830879157,135.1185,-25.5308,18.9,G09016;G09017
830891775,137.7806,-26.9039,18.42,G09016;G09017
830894619,137.9977,-26.4846,18.59,G09016;G09017
830899146,138.0749,-26.1999,18.55,G09016;G09017
830908257,138.5743,-25.7884,19.11,G09016;G09017
830911836,136.87,-26.3539,18.76,G09016;G09017
830913427,137.3838,-26.1472,19.16,G09016
830930152,139.3975,-25.7007,19.16,G09016
830935258,138.6903,-25.3081,16.86,G09016;G09017;G09102;G09166
830950911,138.3821,-24.2506,18.49,G09016;G09017
830959923,136.3765,-25.6884,18.62,G09016;G09017
830967611,136.5488,-25.0141,17.87,G09102
830972078,137.4501,-24.7129,18.98,G09016;G09017
830977720,137.221,-24.1454,16.34,G09102;G09166
830984041,135.2495,-24.7055,19.29,G09016
830986110,135.7196,-24.2957,18.39,G09016;G09017
830993181,135.8009,-23.8808,17.4,G09016;G09102;G09017;G09166
830996058,137.7631,-24.4415,17.8,G09016;G09017
831002875,137.5896,-23.5616,16.5,G09102
831004387,138.3591,-23.697,17.27,G09016;G09102;G09017
831006882,138.7748,-23.2215,19.29,G09016
831007921,138.2691,-23.2592,18.21,G09016;G09017
831008225,138.1271,-23.3206,18.81,G09016;G09017
831010586,138.6579,-22.8114,19.1,G09016
831021757,137.846,-22.6523,17.71,G09102;G09166
831023356,137.3631,-22.7423,17.75,G09016;G09102;G09017;G09166
831028793,132.3364,-26.8714,16.49,G09016;G09017;G09102
831028830,132.29,-26.8489,17.33,G09102
831030214,131.9448,-26.8782,16.98,G09102
831031819,132.5641,-26.8564,16.83,G09102
831041660,132.2044,-26.5849,18.99,G09016;G09017
831050365,132.9058,-26.0776,18.35,G09016;G09017
831093845,131.8038,-25.1779,18.05,G09016;G09017
831096543,132.2885,-24.8652,18.54,G09016;G09017
831105456,133.1733,-25.4063,16.7,G09016;G09017;G09102;G09166
831111266,133.4954,-24.7811,17.42,G09016;G09102;G09017
831132424,132.2974,-24.5483,17.74,G09016;G09102;G09017
831137359,133.616,-24.3696,18.49,G09016;G09017
831166356,130.6649,-25.0482,19.25,G09016
831180294,131.1185,-24.4943,18.91,G09016;G09017
831181835,131.4101,-24.4259,17.87,G09016;G09102;G09017;G09166
831199543,130.0062,-24.5516,18.62,G09016;G09017
831206143,130.557,-24.3521,16.84,G09102
831219579,130.8418,-23.5591,18.24,G09016;G09017
831238510,133.3308,-23.262,18.05,G09016;G09017
831243124,132.5543,-23.1008,18.92,G09016;G09017
831243614,132.9531,-23.1038,18.05,G09016;G09017
831244453,132.9291,-22.9855,19.05,G09016
831254241,131.411,-23.289,18.61,G09016;G09017
831260771,132.4013,-22.975,18.02,G09016;G09017;G09166
831273719,135.0326,-24.1095,19.18,G09016
831279630,135.1041,-23.8019,18.72,G09016;G09017
831293054,134.6751,-23.3464,18.38,G09016;G09017
831308753,136.6873,-23.0513,18.16,G09016;G09017
831327492,135.5005,-22.1079,18.04,G09016;G09017
831334100,136.6929,-21.1824,18.91,G09016;G09017
831335584,135.9135,-21.2628,17.66,G09016;G09102;G09017
831351126,134.6939,-22.2787,18.8,G09016;G09017
831372369,133.8402,-21.4402,17.85,G09102;G09166
831374532,133.4038,-21.305,17.78,G09016;G09102;G09017;G09166
831376369,133.7674,-21.2028,18.53,G09016;G09017
831376985,133.3808,-21.1742,18.37,G09016;G09017
831384426,135.1945,-21.0416,18.91,G09016;G09017
831396346,133.9278,-20.9217,17.38,G09102;G09166
831396628,133.8582,-20.8575,18.78,G09016;G09017
831400797,135.2155,-20.5282,18.69,G09016;G09017
831424218,138.7081,-22.2172,18.95,G09016;G09017
831424620,138.3426,-22.2722,17.64,G09016;G09102;G09017
831426928,138.8482,-21.8242,18.1,G09016;G09017
831428211,137.8661,-21.9772,18.12,G09016;G09017
831428566,138.0833,-21.8871,18.5,G09016;G09017
831430349,138.5402,-21.454,17.34,G09016;G09102;G09017;G09166
831443487,138.4294,-21.3056,18.8,G09016;G09017
831443890,138.0649,-21.3744,19.16,G09016
831446264,137.4112,-21.1663,17.84,G09016;G09017
831454067,138.4448,-20.4546,19.02,G09016
831461564,137.0808,-20.1591,18.41,G09016;G09017
831461686,137.9712,-20.5906,19.25,G09016
831465620,137.365,-20.0581,19.11,G09016
831482309,138.4873,-19.2182,17.94,G09016;G09102;G09017
831497158,137.1097,-19.7814,18.23,G09016;G09017
831498576,137.2,-19.4929,18.7,G09016;G09017
831509304,136.6829,-19.1424,17.97,G09016;G09102;G09017;G09166
831525241,137.8752,-18.1545,18.66,G09016;G09017
831525937,138.3504,-18.0621,18.8,G09016;G09017
831530449,136.9005,-18.2773,17.14,G09102;G09166
832298168,126.9113,-26.9208,17.94,G09016;G09017
832332724,127.26,-25.9718,18.23,G09016;G09017
832355988,127.2775,-25.3771,18.37,G09016;G09017
832426908,127.6945,-25.5817,17.71,G09102
832445739,127.7761,-25.0106,18.99,G09016;G09017
832460149,128.2563,-24.7722,17.93,G09016;G09102;G09017
832463793,128.378,-24.4981,18.85,G09016;G09017
832507810,128.3771,-23.8399,17.64,G09166
832507914,128.3782,-23.8321,17.67,G09016;G09102;G09017
832510190,127.5689,-24.0413,18.73,G09016;G09017
832514458,127.572,-23.7077,17.15,G09102
832516183,128.1744,-23.7317,17.37,G09016;G09102;G09017
832658726,127.2218,-23.9501,18.43,G09016;G09017
832735845,126.9267,-22.5876,18.66,G09016;G09017
832747565,126.6396,-22.1841,18.69,G09016;G09017
833801698,130.1747,-23.6929,19.21,G09016
833807777,130.4929,-23.1486,16.93,G09016;G09102;G09017
833819517,128.5638,-23.6495,17.77,G09016;G09102;G09017;G09166
833823204,129.3327,-23.3167,17.45,G09166
833849450,129.3109,-22.4159,17.62,G09016;G09102;G09017
833854127,130.9599,-22.9907,18.66,G09016;G09017
833857743,131.1877,-22.6504,17.91,G09016;G09102;G09017;G09166
833866426,130.7143,-22.2823,19.14,G09016;G09017
833867164,131.4829,-22.6508,17.88,G09166
833867167,131.4813,-22.6417,17.93,G09102
833867720,131.3918,-22.4831,18.54,G09016;G09017
833880790,130.3573,-22.2963,19.24,G09016;G09017
833882425,130.1895,-22.2368,17.53,G09102
833886442,130.3408,-21.7999,18.22,G09016;G09017
833890599,130.0306,-21.9527,18.38,G09016;G09017
833902857,130.266,-21.2368,19.25,G09016
833910467,127.726,-22.9339,17.48,G09016;G09102;G09017
833910720,127.7234,-22.9225,17.47,G09166
833917651,127.6407,-22.8471,17.74,G09016;G09102;G09017;G09166
833919438,127.7197,-22.6471,17.85,G09102;G09166
833923226,127.8972,-22.5244,17.58,G09102;G09166
833926100,127.7738,-22.2902,18.29,G09016;G09017
833961817,127.4213,-21.6943,19.12,G09016
833987393,129.5633,-21.5432,17.36,G09016;G09102;G09017
833990123,129.6008,-21.1819,18.15,G09016;G09017
834002886,130.5914,-20.6376,18.57,G09016;G09017
834022948,128.7168,-20.5964,17.72,G09102
834033122,129.0961,-20.3061,11.75,G09180
834041125,132.0722,-21.751,17.78,G09016;G09102;G09017;G09166
834045129,131.9931,-21.5362,17.72,G09166
834045130,131.9971,-21.5314,17.82,G09016;G09102;G09017
834052276,132.9724,-20.9448,18.88,G09016;G09017
834064097,131.7029,-20.8129,19.11,G09016
834071588,132.1781,-20.4517,17.76,G09102
834076041,131.9604,-20.2825,19.27,G09016
834102247,132.29,-19.5208,18.44,G09016;G09017
834107832,133.7582,-18.9433,18.38,G09016;G09017
834110715,133.5718,-18.7339,17.63,G09016;G09102;G09017
834112781,130.6661,-20.6001,17.89,G09016;G09102;G09017
834113294,131.0779,-20.4485,16.45,G09016;G09017;G09102;G09166
834122574,130.6687,-19.8775,18.99,G09016;G09017
834140343,129.8106,-19.6848,17.79,G09016;G09017
834148249,130.8654,-19.0638,17.38,G09102
834148441,130.7173,-19.0535,17.52,G09102
834152739,130.2411,-18.9328,19.29,G09016
834154347,130.8863,-18.6879,17.36,G09016;G09102;G09017;G09166
834166542,132.9224,-18.5086,17.41,G09102
834171470,132.52,-18.0746,18.59,G09016;G09017
834172251,132.8317,-18.0263,18.24,G09016;G09017
834177189,131.9515,-18.1938,18.38,G09016;G09017
834183986,132.3594,-17.9991,18.79,G09016;G09017
834199879,126.9679,-21.3093,19.07,G09016
834219072,127.5805,-20.6623,18.59,G09016;G09017
834255085,126.8801,-20.2699,16.63,G09102
834274860,128.3272,-20.0355,17.7,G09016;G09102;G09017
834286729,128.6422,-19.7016,18.43,G09016;G09017
834287761,129.1174,-19.6422,17.71,G09102
834294558,128.6959,-19.3892,18.33,G09016;G09017
834312207,127.3972,-19.1611,18.99,G09016;G09017
834314698,127.9877,-19.4323,18.95,G09016;G09017
834325433,127.6554,-18.6342,17.71,G09016;G09102;G09017
834411342,126.7277,-19.0735,17.38,G09016;G09102;G09017
834430111,127.7615,-18.3719,19.28,G09016
834432565,127.4732,-18.0893,12.71,G09180
834433371,127.701,-17.9712,17.63,G09102
834433712,126.9422,-18.3937,18.4,G09016;G09017
834434844,127.1571,-18.2252,19.26,G09016
834439937,127.018,-17.8656,18.3,G09016;G09017
834475038,129.1977,-19.2293,18.55,G09016;G09017
834484036,129.5821,-18.4701,18.58,G09016;G09017
834489174,130.6646,-18.3059,18.28,G09016;G09017
834489717,130.5282,-18.129,18.66,G09016;G09017
834490504,130.4643,-18.1475,17.52,G09016;G09102;G09017;G09166
834497638,128.8905,-18.5331,17.83,G09025;G09041
834498210,128.5393,-18.6104,17.01,G09102
834505644,128.2594,-18.153,17.25,G09102
836076647,134.8045,-18.7718,19.2,G09016
836079296,135.6734,-18.6391,19.03,G09016
836080972,136.2251,-18.3382,17.52,G09102
836081980,135.9849,-18.0697,18.55,G09016;G09017
836083517,135.3037,-18.0208,16.85,G09102;G09166;20SECONDTARGET
836085701,134.4882,-18.5613,18.5,G09016;G09017
869015,130.4921,-26.248,15.8,G09102
943322,130.8052,-25.1918,13.66,G09123
