TICID,RA,Dec,Tmag,Keywords
9383300,73.2962,-11.0906,17.72,G09016;G09017
9434710,73.7071,-10.474,17.39,G09016;G09102;G09017;G09166
24344260,79.0973,-8.8752,17.99,G09016;G09102;G09017;G09166
24444890,79.6336,-7.9552,16.21,G09016;G09102;G09017;G09166
24566156,80.4054,-11.2431,15.95,G09016;G09102;G09017;G09166
24603397,80.6698,-8.0427,14.78,G09016;G09102;G09017;G09166;20SECONDTARGET
24664916,81.0361,-7.7049,16.6,G09016;G09102;G09017;G09166
43490057,75.2007,-6.4122,16.35,G09016;G09102;G09017
43534145,75.3611,-9.2742,16.84,G09016;G09102;G09017
43715590,76.3596,-7.575,16.09,G09016;G09102;G09017
152416325,75.3167,-15.1903,16.46,G09016;G09102;G09017;G09166
167486543,72.1335,-10.8973,16.3,G09016;G09102;G09017;G09166;20SECONDTARGET
169304622,75.8968,-17.1864,16.13,G09016;G09102;G09017
169342739,76.3843,-17.5292,16.73,G09016;G09017;G09102
169379648,76.4699,-17.3738,15.3,G09016;G09102;G09017;20SECONDTARGET
169416733,77.0805,-14.8437,16.64,G09016;G09102;G09017
169419074,77.1534,-15.3824,17.09,G09016;G09102;G09017
188986227,78.7125,-13.1189,15.73,G09016;G09102;G09017
213102400,76.0514,-5.3047,17.12,G09016;G09102;G09017
332858535,84.5433,-10.613,14.95,G09016;G09102;G09017
442899071,80.2437,-14.899,17.18,G09016;G09102;G09017;G09166
471012346,75.1141,-11.3598,18.83,G09016;G09017
471015798,72.0967,-13.0696,18.63,G09016;G09017
671239231,77.3353,-18.8549,16.63,G09016;G09102;G09017;G09166
671241662,77.3052,-18.2454,18.62,G09016;G09017
671261758,76.1357,-17.7198,18.69,G09016;G09017
671309460,75.4968,-17.1657,18.57,G09016;G09017
671314491,74.4557,-16.6943,18.04,G09016;G09017
671329397,74.1487,-15.7103,19.16,G09016
671329811,73.3379,-15.8548,18.95,G09016;G09017
671329982,73.6674,-15.6248,19.25,G09016
671342339,78.0742,-18.6362,17.2,G09016;G09102;G09017;G09166
671345399,78.089,-17.6532,18.3,G09016;G09017
671348047,78.8128,-17.3213,18.63,G09016;G09017
671356030,77.0544,-17.4809,18.83,G09016;G09017
671358468,78.5125,-16.7693,17.88,G09016;G09102;G09017
671360588,76.4994,-17.351,19.03,G09016
671362996,76.473,-16.5609,18.54,G09016;G09017
671364037,77.5792,-16.4504,18.61,G09016;G09017
671366030,77.1696,-15.8849,19.16,G09016
671366129,77.4528,-15.8243,19.09,G09016
671369081,79.0824,-16.0274,17.34,G09016;G09102;G09017
671369363,78.4959,-15.9569,18.6,G09016;G09017
671370060,79.6781,-15.9496,17.15,G09016;G09102;G09017;G09166
671371828,78.9122,-15.8169,18.26,G09016;G09017
671372590,79.5247,-15.4187,18.66,G09016;G09017
671372896,79.3176,-15.3541,19.07,G09016;G09017
671377515,79.3656,-15.0252,18.94,G09016;G09017
671378344,78.535,-15.0612,17.73,G09016;G09102;G09017
671385119,75.9219,-16.9375,18.31,G09016;G09017
671387112,75.4349,-16.1583,18.81,G09016;G09017
671394788,75.4849,-15.2747,18.84,G09016;G09017
671394794,75.5387,-15.2583,18.04,G09016;G09017
671396736,77.4317,-15.1994,18.81,G09016;G09017
671398768,77.154,-14.8668,16.91,G09016;G09102;G09017
671399218,78.1468,-14.9228,19.25,G09016
671400640,78.3648,-14.2587,19.2,G09016
671405005,76.6659,-14.0864,18.23,G09016;G09017
671405067,76.7033,-14.001,17.5,G09016;G09102;G09017;G09166
671405828,77.3775,-14.0092,19.19,G09016
671408784,74.6075,-15.1865,17.95,G09016;G09017
671408880,74.836,-15.351,19.02,G09016
671410944,75.4145,-14.8163,18.14,G09016;G09017
671411072,75.3754,-14.7131,18.84,G09016;G09017
671412710,74.9399,-14.3486,18.55,G09016;G09017
671413637,74.0985,-14.8479,18.29,G09016;G09017
671413685,73.9429,-14.7816,18.33,G09016;G09017
671415914,74.4073,-14.3425,18.74,G09016;G09017
671423959,76.4812,-12.9476,19.0,G09016;G09017
671425014,75.7341,-13.407,18.39,G09016;G09017
671425683,74.8816,-13.5301,19.2,G09016
671426325,74.743,-13.1115,18.08,G09016;G09017
671426959,75.3069,-12.875,19.16,G09016
671430147,78.7967,-14.3337,18.99,G09016;G09017
671431439,78.8907,-13.7985,19.04,G09016
671432624,78.6331,-13.7545,18.95,G09016;G09017
671433360,78.8145,-13.3276,18.93,G09016;G09017
671433785,79.547,-13.4929,18.27,G09016;G09017
671438239,78.261,-13.353,18.9,G09016;G09017
671439019,77.858,-13.1597,17.75,G09016;G09102;G09017;G09166
671442861,78.6862,-12.5551,18.43,G09016;G09017
671445338,79.5151,-12.3406,19.04,G09016;G09017
671451813,77.3247,-12.5116,18.86,G09016;G09017
671452197,77.1167,-12.4215,19.07,G09016
671455768,78.0226,-11.4517,17.88,G09016;G09017
671457959,76.5864,-11.8536,17.61,G09016;G09102;G09017;G09166
671461671,78.8789,-11.8204,18.59,G09016;G09017
671464053,78.7143,-11.315,18.71,G09016;G09017
671465016,79.353,-11.2884,18.66,G09016;G09017
671467945,79.2978,-10.6148,18.36,G09016;G09017
671468428,78.0929,-11.2434,18.02,G09016;G09017;G09166
671468749,77.8326,-11.1491,18.91,G09016;G09017
671468887,77.8758,-10.9769,17.2,G09016;G09017;G09102;G09166
671471184,77.8337,-10.599,17.61,G09016;G09102;G09017;G09166
671474487,78.9424,-9.998,18.27,G09016;G09017
671474800,78.5974,-9.8969,18.71,G09016;G09017
671475454,79.6735,-10.3683,18.82,G09016;G09017
671522635,72.118,-14.3068,18.24,G09016;G09017
671535196,71.1143,-13.6683,18.29,G09016;G09017
671536620,71.1294,-13.0747,18.37,G09016;G09017
671537026,71.1118,-12.748,17.65,G09016;G09102;G09017
671540035,70.1727,-12.5873,18.61,G09016;G09017
671579564,69.9306,-12.1468,18.79,G09016;G09017
671579583,69.8829,-12.1029,17.52,G09016;G09102;G09017
671601553,73.7122,-13.831,19.15,G09016
671607786,72.4926,-12.8451,18.51,G09016;G09017
671607955,73.108,-13.1139,18.88,G09016;G09017
671610327,74.7872,-12.9793,19.08,G09016;G09017
671610595,74.3686,-12.9301,18.9,G09016;G09017
671611054,75.144,-12.5774,19.15,G09016
671611807,74.3854,-12.5399,18.7,G09016;G09017
671614749,74.9681,-11.892,18.63,G09016;G09017
671618824,74.6603,-11.4212,18.19,G09016;G09017
671619021,74.7925,-11.2467,18.86,G09016;G09017
671622928,72.5342,-12.1315,19.26,G09016
671625509,71.5042,-12.0905,18.09,G09016;G09017;G09166
671625968,70.6787,-12.183,18.94,G09016;G09017
671628308,71.2563,-11.6082,17.46,G09016;G09017;G09102
671628559,71.1775,-11.4471,19.17,G09016
671628920,71.7532,-11.1656,18.64,G09016;G09017
671629550,73.338,-11.7795,18.53,G09016;G09017
671630743,73.0281,-11.4233,18.68,G09016;G09017
671630948,72.5831,-11.3484,18.88,G09016;G09017
671631789,73.9465,-11.2594,19.03,G09016;G09017
671635155,73.0565,-10.775,18.95,G09016;G09017
671638014,73.3381,-10.0782,18.84,G09016;G09017
671639422,76.0468,-11.8695,18.92,G09016;G09017
671639512,75.9033,-11.8073,18.94,G09016;G09017
671639579,76.2266,-11.7578,18.91,G09016;G09017
671642178,76.9633,-11.1221,19.29,G09016
671643058,76.9595,-10.8262,17.83,G09016;G09102;G09017;G09166
671644698,75.2899,-11.3494,19.23,G09016
671647530,76.2551,-10.5038,18.12,G09016;G09017
671649617,76.2176,-9.8858,18.23,G09016;G09017
671649797,75.6924,-9.9303,18.41,G09016;G09017
671651170,77.5312,-10.2627,18.34,G09016;G09017
671654582,78.1878,-9.4764,18.53,G09016;G09017
671655197,77.905,-9.5219,17.33,G09016;G09102;G09017
671657507,77.2088,-9.5719,18.81,G09016;G09017
671657597,77.2036,-9.5107,19.11,G09016
671657996,77.0164,-9.3127,19.23,G09016
671659176,76.5383,-9.2855,18.62,G09016;G09017
671659947,77.0127,-9.3022,18.27,G09016;G09017
671660091,77.4041,-9.1551,18.73,G09016;G09017
671660331,77.6869,-9.1406,19.29,G09016
671660849,77.6989,-8.869,18.86,G09016;G09017
671661508,76.7146,-9.0446,19.25,G09016
671664080,74.0757,-10.3196,18.87,G09016;G09017
671665994,75.1115,-9.7345,18.99,G09016;G09017
671668210,75.313,-9.0626,18.78,G09016;G09017
671670090,73.2974,-9.4567,19.19,G09016
671671183,74.8644,-9.2874,19.24,G09016
671672363,74.9281,-8.7948,18.09,G09016;G09017
671673091,74.1568,-8.7525,18.05,G09016;G09017;G09166
671675801,75.6761,-8.83,19.01,G09016;G09017
671676583,76.5747,-8.8953,19.03,G09016;G09017
671677072,76.3845,-8.6614,17.78,G09016;G09102;G09017;G09166
671681743,74.7911,-8.1806,18.52,G09016;G09017
671683143,76.0185,-7.9988,18.64,G09016;G09017
671683442,76.276,-7.8361,18.71,G09016;G09017
671684084,75.6845,-7.9528,18.42,G09016;G09017
671688227,71.1335,-10.9637,18.51,G09016;G09017
671688953,70.603,-10.9892,18.56,G09016;G09017
671689759,70.9486,-10.4607,18.97,G09016;G09017
671692538,70.5431,-10.4164,17.52,G09016;G09017;G09166
671693196,70.5055,-10.1991,17.82,G09016;G09102;G09017;G09166
671694620,71.737,-10.7521,17.14,G09016;G09102;G09017;G09166
671694706,71.6436,-10.6054,19.27,G09016
671697202,72.5581,-9.9965,18.97,G09016;G09017
671697453,72.2017,-9.9277,19.07,G09016;G09017
671698334,72.8094,-9.3313,18.77,G09016;G09017
671702599,71.723,-9.0392,18.13,G09016;G09017;G09166
671704422,71.5422,-8.7892,18.56,G09016;G09017
671723941,73.6968,-8.9993,17.74,G09016;G09017
671726624,74.3057,-8.4033,18.25,G09016;G09017
671727496,73.4618,-8.3917,18.86,G09016;G09017
671731164,72.3665,-7.9018,18.25,G09016;G09017
671737108,75.2689,-7.6712,18.99,G09016;G09017
671738490,75.6124,-7.0843,18.9,G09016;G09017
671739735,75.3688,-6.9529,18.16,G09016;G09017
671741504,74.0361,-7.1656,19.03,G09016
671743075,73.6842,-6.7935,19.09,G09016
671743451,74.4617,-6.9549,19.01,G09016
671761176,73.9521,-5.9404,17.58,G09016;G09102;G09017
671762477,73.9236,-5.728,19.3,G09016
672000346,78.7452,-8.9333,18.79,G09016;G09017
672002022,79.1731,-8.7099,17.25,G09016;G09102;G09017
672007304,77.6715,-8.5931,18.1,G09016;G09017;G09166
672012466,78.8252,-7.4549,17.77,G09016;G09102;G09017;G09166
672016285,79.139,-7.3204,18.71,G09016;G09017
672018548,79.7725,-6.6405,18.05,G09016;G09017;G09166
672020587,77.9704,-7.8341,18.4,G09016;G09017
672020688,77.8217,-7.7478,18.14,G09016;G09017
672021929,77.0328,-7.6475,18.24,G09016;G09017
672023668,78.1566,-7.3316,18.78,G09016;G09017
672026217,78.0882,-6.8643,18.86,G09016;G09017
672027748,76.9862,-7.3236,19.11,G09016
672028035,76.8271,-7.2743,17.74,G09016;G09102;G09017
672029848,77.3391,-7.1203,18.08,G09016;G09017;G09166
672031720,77.0032,-6.7494,18.91,G09016;G09017
672031839,77.0017,-6.6897,18.48,G09016;G09017
672044472,78.2,-5.6425,17.96,G09016;G09102;G09017;G09166
672058533,76.9638,-6.0828,18.89,G09016;G09017
672059113,77.0207,-5.838,18.52,G09016;G09017
672059125,77.0677,-5.8088,19.27,G09016
672059154,76.9262,-5.848,18.65,G09016;G09017
672060071,76.2913,-5.7374,19.26,G09016
672063052,74.8096,-5.9596,19.08,G09016
672063452,75.0995,-5.858,18.93,G09016;G09017
672064531,76.1302,-5.6581,18.62,G09016;G09017
672064775,75.8013,-5.5899,19.02,G09016
672065399,76.4372,-5.3289,19.12,G09016
672068182,77.0642,-5.7318,18.92,G09016;G09017
672070439,77.0369,-5.2932,18.46,G09016;G09017
672072190,78.0528,-5.0846,17.12,G09016;G09102;G09017
672076784,76.5619,-4.9065,18.0,G09016;G09017
672079086,76.8113,-4.6171,17.34,G09016;G09102;G09017;G09166
672080432,77.1688,-4.5151,17.49,G09016;G09102;G09017
672088287,75.2908,-4.8975,18.9,G09016;G09017
672097645,76.2151,-4.4916,19.18,G09016
672098372,76.2653,-4.3251,18.35,G09016;G09017
672099654,75.5423,-4.1891,18.89,G09016;G09017
672100068,76.0107,-4.0855,19.3,G09016
672104760,75.1884,-4.1302,18.41,G09016;G09017
708705742,80.1043,-16.1802,19.25,G09016
708716611,80.2655,-15.773,17.17,G09016;G09102;G09017;G09166
708720585,81.216,-15.0047,18.87,G09016;G09017
708743350,80.7513,-14.9969,16.48,G09016;G09102;G09017;G09166
708744560,81.3263,-14.4283,18.68,G09016;G09017
708746574,80.7634,-14.2081,18.77,G09016;G09017
708746788,80.8614,-14.039,18.39,G09016;G09017
708747322,80.2776,-14.2267,17.95,G09016;G09102;G09017;G09166
708754345,81.9812,-13.6063,17.6,G09016;G09102;G09017;G09166
708755232,82.8804,-13.1805,19.08,G09016
708756899,81.7723,-13.1143,18.88,G09016;G09017
708758851,80.6373,-13.4939,17.65,G09016;G09102;G09017
708760673,80.2228,-13.2833,17.51,G09016;G09102;G09017
708760843,80.6065,-13.1533,18.25,G09016;G09017
708761141,80.9426,-13.0292,18.18,G09016;G09017
708769784,80.7954,-12.2223,19.28,G09016
708769807,80.816,-12.16,18.98,G09016;G09017
708772719,80.7847,-11.6382,17.28,G09016;G09017;G09102;G09166
708773419,80.2656,-11.7767,18.83,G09016;G09017
708774786,80.4899,-11.2172,17.09,G09016;G09102;G09017;G09166
710104243,83.056,-12.8226,19.12,G09016
710117395,82.8693,-11.6502,18.96,G09016;G09017
710126404,84.3726,-10.81,19.09,G09016;G09017
710131845,83.6293,-11.193,18.92,G09016;G09017
710134351,83.5884,-10.8158,18.63,G09016;G09017
710134364,83.6439,-10.8135,18.61,G09016;G09017
710134760,83.0838,-10.8051,18.63,G09016;G09017
710140097,84.3787,-9.9352,19.14,G09016
710204970,81.2856,-11.165,19.24,G09016
710207871,82.1487,-10.8024,18.88,G09016;G09017
710210215,80.6514,-11.22,18.86,G09016;G09017
710212320,80.3146,-10.9423,18.84,G09016;G09017
710216211,81.4138,-10.2949,19.05,G09016
710220256,83.3575,-10.0078,19.07,G09016
710227229,83.4715,-9.3835,18.97,G09016;G09017
710234940,82.6536,-9.2207,19.14,G09016
710236001,82.5592,-8.85,19.05,G09016;G09017
710240566,81.0429,-9.9972,19.08,G09016
710240694,80.91,-9.9316,17.89,G09016;G09102;G09017;G09166
710240927,80.8221,-9.891,19.0,G09016;G09017
710241120,80.8948,-9.8511,18.39,G09016;G09017
710241673,81.4813,-9.568,18.83,G09016;G09017
710247942,81.6867,-9.1503,19.28,G09016
710249101,81.8979,-8.8894,17.3,G09016;G09102;G09017
710249613,81.3375,-9.0641,17.06,G09016;G09102;G09017
710251037,81.2997,-8.6758,19.27,G09016
710251678,82.4702,-8.7839,18.98,G09016;G09017
710253996,82.1091,-8.5078,17.31,G09016;G09102;G09017;G09166
710254691,82.029,-8.2546,19.02,G09016
710256269,80.8548,-8.7777,18.1,G09016;G09017;G09166
710259352,80.8563,-8.1421,17.22,G09016;G09102;G09017
710263472,81.3292,-7.6139,19.1,G09016
4010319,79.8364,-3.4266,17.38,G09016;G09102;G09017;20SECONDTARGET
4068779,79.955,-4.7166,16.33,G09016;G09102;G09017
4291393,81.151,-5.5873,14.07,G09016;G09102;G09017;G09166;20SECONDTARGET
24663908,81.002,-6.0671,16.8,G09016;G09102;G09017
24721850,81.3304,-6.4356,16.74,G09016;G09102;G09017
39296409,88.7937,-4.186,13.66,G09016;G09102;20SECONDTARGET
39580395,89.5245,-0.1877,17.83,G09016;G09102;G09017
50743002,82.8897,-0.0535,15.7,G09016;G09102;G09017;G09166
66533442,86.6443,-8.1011,16.99,G09016;G09102;G09017
176727377,87.9785,-0.5527,15.83,G09016;G09102;G09017;G09166
199912744,85.6013,1.7374,16.77,G09016;G09102;G09017;G09166
201370072,83.3209,-7.8471,16.16,G09016;G09102;G09017;G09166
220069688,83.8978,5.6731,17.62,G09016;G09102;G09017
427350675,83.5847,-2.242,16.31,G09016;G09017
449258423,79.9044,1.722,16.83,G09016;G09017;G09102
449313581,80.1524,0.6243,16.84,G09016;G09102;G09017;G09166
672115676,78.6842,-3.9072,18.35,G09016;G09017
672119221,79.5255,-3.45,19.05,G09016
672121725,78.4783,-3.5917,19.16,G09016
672123918,78.0981,-3.2665,18.86,G09016;G09017
672126150,79.1874,-3.0057,18.78,G09016;G09017
672127987,78.7522,-2.8956,19.23,G09016
672128184,78.7389,-2.7732,18.63,G09016;G09017
672132968,78.8973,-2.3716,18.25,G09016;G09017
672133696,79.671,-2.1468,18.27,G09016;G09017
672137821,77.4815,-3.0082,17.67,G09016;G09102;G09017
672141036,77.8585,-2.7815,18.14,G09016;G09017
672141105,77.9651,-2.7561,18.88,G09016;G09017
672143407,77.5291,-2.4053,18.14,G09016;G09017
672153273,77.4717,-1.5093,19.11,G09016
672166222,77.634,-1.3657,18.43,G09016;G09017
672166323,77.6411,-1.2919,17.71,G09016;G09102;G09017;G09166
672172106,78.5378,-0.4207,18.31,G09016;G09017
672173734,79.9271,-0.9078,18.48,G09016;G09017
672175408,79.4469,-0.5427,16.95,G09016;G09102;G09017
672178603,79.2274,-0.044,18.42,G09016;G09017
672447422,79.7053,1.0654,17.45,G09016;G09017;G09102;G09166
710183423,85.7357,-9.5166,17.51,G09016;G09017
710183959,86.1848,-8.7818,19.0,G09016;G09017
710183968,85.4634,-9.2026,17.09,G09016;G09017
710194226,85.8057,-8.3928,19.01,G09016
710194551,86.7121,-8.1271,18.72,G09016;G09017
710199632,87.239,-7.6336,19.12,G09016
710279686,85.919,-7.8113,18.81,G09016;G09017
710281692,86.6233,-7.5747,18.01,G09016;G09017;G09166
710284502,86.2231,-7.3781,18.45,G09016;G09017
710287753,85.712,-7.2058,19.23,G09016
710291107,86.3246,-6.6201,18.45,G09016;G09017
710293696,85.6343,-6.3667,18.78,G09016;G09017
710299936,83.7608,-7.4462,18.19,G09016;G09017;G09166
710308763,82.9427,-7.0978,19.08,G09016
710315837,85.1995,-6.3617,18.85,G09016;G09017
710317509,85.3692,-5.755,18.63,G09016;G09017
710317712,84.5708,-6.1196,17.3,G09016;G09102;G09017;G09166
710317796,84.8762,-6.0934,17.56,G09016;G09102;G09017;G09166
710318399,85.3282,-5.7284,17.84,G09016;G09102;G09017;G09166
710319555,83.9847,-5.8355,17.9,G09016;G09102;G09017;G09166
710320574,84.2471,-5.7659,18.34,G09016;G09017
710617602,87.1581,-7.1312,19.29,G09016
710618608,86.9059,-6.8522,18.69,G09016;G09017
710623640,87.0988,-6.1943,17.59,G09016;G09102;G09017;G09166
710625866,88.2872,-6.0418,18.75,G09016;G09017
710626502,88.1643,-5.9385,19.12,G09016
710635369,86.513,-5.6035,18.51,G09016;G09017
710640516,87.2433,-5.1237,17.86,G09016;G09102;G09017
710657103,88.3307,-4.6328,18.82,G09016;G09017
710659220,87.7945,-4.5794,18.67,G09016;G09017
710665836,88.6761,-3.8464,19.13,G09016
710673333,86.1571,-4.9764,17.57,G09016;G09102;G09017
710679129,84.8151,-4.4344,19.3,G09016
710701681,87.6901,-3.0288,18.44,G09016;G09017
710725971,89.0804,-3.7388,18.28,G09016;G09017
710731205,90.5808,-3.0332,17.8,G09016;G09102;G09017
710734783,90.1982,-2.6341,18.06,G09016;G09017
710765271,90.0469,-2.4172,18.86,G09016;G09017
710766093,90.7106,-2.363,19.19,G09016
710786115,89.8994,-2.4541,17.16,G09016;G09102;G09017
710786775,89.4459,-2.3826,19.03,G09016
710787335,89.5311,-2.2569,18.63,G09016;G09017
710789865,89.4475,-2.2152,18.83,G09016;G09017
710794036,88.3404,-2.2117,18.98,G09016;G09017
710803131,88.7206,-1.6282,18.92,G09016;G09017
710809957,89.8334,-1.9023,18.1,G09016;G09017
710820198,90.2091,-1.2783,18.06,G09016;G09017;G09166
710820991,90.4113,-1.0294,17.89,G09016;G09017
710828274,89.6775,-1.0373,17.92,G09016;G09017
710828827,89.1074,-1.3355,18.41,G09016;G09017
710831942,89.2186,-0.9145,18.56,G09016;G09017
710839579,89.5912,-0.5177,18.21,G09016;G09017
711900458,91.9025,-1.204,18.9,G09016;G09017
711999630,91.1545,-0.5627,18.2,G09016;G09017
712003870,92.1216,-0.5836,18.94,G09016;G09017
712020743,90.7762,-0.155,18.7,G09016;G09017
712738199,81.8247,-6.3847,18.13,G09016;G09017
712738225,81.926,-6.3806,18.1,G09016;G09017;G09166
712747842,81.107,-6.0589,17.79,G09016;G09102;G09017;G09166
712758629,83.0501,-4.971,18.73,G09016;G09017
712760042,83.773,-4.455,18.34,G09016;G09017
712765786,83.003,-4.318,18.02,G09016;G09017
712765844,83.0176,-4.2826,17.22,G09016;G09102;G09017;G09166
712773476,81.015,-4.8209,19.01,G09016;G09017
712776723,80.3342,-4.4413,17.62,G09016;G09102;G09017;G09166
712777713,80.2666,-4.2747,17.69,G09016;G09102;G09017;G09166
712779639,81.739,-4.4461,18.39,G09016;G09017
712784379,82.3027,-3.8926,18.62,G09016;G09017
712787437,82.1976,-3.438,19.2,G09016
712791279,80.5489,-3.6052,18.9,G09016;G09017
712791821,80.399,-3.4342,18.96,G09016;G09017
712799725,80.4281,-3.0275,18.83,G09016;G09017
712800578,80.2988,-2.7681,19.25,G09016
712809523,80.0964,-1.2559,18.34,G09016;G09017
712815733,85.2556,-3.4389,19.18,G09016
712825763,84.1431,-3.0791,18.0,G09016;G09017;G09166
712826855,84.3535,-2.9624,19.24,G09016
712829503,86.3319,-3.0848,18.27,G09016;G09017
712829557,86.275,-3.0469,18.43,G09016;G09017
712832990,87.1284,-2.4008,17.88,G09016;G09102;G09017;G09166
712834899,85.1746,-2.7315,18.94,G09016;G09017
712835734,85.348,-2.3633,17.71,G09016;G09102;G09017
712836461,84.8964,-2.246,19.06,G09016
712838117,85.7848,-2.2594,18.43,G09016;G09017
712838665,85.6781,-1.8449,17.58,G09016;G09017
712838673,85.4071,-1.8069,17.0,G09016;G09017
712838938,82.8243,-3.4391,18.71,G09016;G09017
712839413,82.805,-3.4054,18.84,G09016;G09017
712842209,82.6771,-2.7893,18.2,G09016;G09017;G09166
712845320,83.9683,-2.4601,18.14,G09016;G09017;G09166
712854699,82.907,-2.2553,17.91,G09016;G09102;G09017
712856752,83.166,-1.8282,18.4,G09016;G09017
712857323,83.1961,-1.6375,18.79,G09016;G09017
712860416,84.4784,-2.2458,18.98,G09016;G09017
712865595,84.3032,-1.6123,18.73,G09016;G09017
712873796,83.9195,-1.2238,17.22,G09016;G09017;G09102;G09166
712876662,83.7776,-0.9227,18.77,G09016;G09017
712882688,83.9858,-0.3817,19.07,G09016
712882718,84.0172,-0.3314,18.23,G09016;G09017;G09166
712883200,84.6069,-0.3989,19.3,G09016
712884272,84.2942,-0.1237,18.64,G09016;G09017
712885861,87.7782,-1.852,18.54,G09016;G09017
712887302,86.6478,-1.815,18.09,G09016;G09017
712891945,87.521,-1.338,19.1,G09016;G09017
712894532,86.3087,-1.5321,18.59,G09016;G09017
712895235,86.5513,-0.9049,17.88,G09016;G09017
712895320,86.4145,-0.9118,19.18,G09016
712897049,87.3799,-0.4393,18.47,G09016;G09017
712897364,86.7406,-0.5642,18.79,G09016;G09017
712897468,86.8014,-0.4863,17.9,G09016;G09017
712897556,86.818,-0.4088,17.78,G09016;G09102;G09017;G09166
712898382,87.2416,-0.2439,18.94,G09016;G09017
712922107,88.8791,0.8306,19.11,G09016
712923645,88.597,0.6795,19.01,G09016
712924244,88.7394,0.9195,18.33,G09016;G09017
712932595,86.5703,0.2092,18.15,G09016;G09017
712943411,85.9275,0.6036,18.12,G09016;G09017
712948774,87.2754,0.4158,18.01,G09016;G09017
712950389,87.0457,0.5289,19.3,G09016
712951302,87.217,1.0108,17.76,G09016;G09102;G09017
712951671,88.0101,0.7456,18.5,G09016;G09017
712956858,87.7901,1.5197,18.6,G09016;G09017
712966603,87.16,1.5435,18.19,G09016;G09017
712969830,87.0082,1.6499,19.2,G09016;G09017
712973166,87.2178,2.1199,18.9,G09016;G09017
712974001,81.5539,-2.2198,19.22,G09016
712974864,81.5631,-1.9527,18.7,G09016;G09017
712976734,81.3633,-1.94,19.11,G09016
713008848,83.5632,0.45,18.44,G09016;G09017
713011939,82.6632,0.07,18.4,G09016;G09017
713012066,82.7762,0.154,18.79,G09016;G09017
713016992,83.0824,0.2896,18.62,G09016;G09017
713021230,82.392,0.5003,18.74,G09016;G09017
713022476,82.9252,0.7576,18.74,G09016;G09017
713023118,83.1029,0.9336,18.27,G09016;G09017;G09166
713033130,80.7855,0.1158,19.18,G09016
713033528,81.0959,0.3177,18.75,G09016;G09017
713034003,80.7943,0.3215,18.62,G09016;G09017
713038511,80.3252,0.9719,18.44,G09016;G09017
713040632,81.6598,0.4211,19.15,G09016
713046385,81.6388,1.0127,18.97,G09016;G09017
713054027,82.4476,1.5301,17.94,G09016;G09017
713055704,81.0699,0.8324,18.79,G09016;G09017
713060102,80.3812,1.2226,19.17,G09016;G09017
713061046,80.7344,1.3359,18.65,G09016;G09017
713064587,81.5255,1.7117,18.73,G09016;G09017
713065912,81.888,1.7853,18.71,G09016;G09017
713072084,84.2412,0.3448,17.99,G09016;G09102;G09017;G09166
713072093,84.2463,0.3708,18.92,G09016;G09017
713081852,84.6117,1.0571,16.77,G09016;G09102;G09017
713085428,83.6243,0.6558,18.79,G09016;G09017
713110761,86.303,2.1058,18.51,G09016;G09017
713112099,86.9603,2.3763,18.72,G09016;G09017
713113144,86.8366,2.6461,18.73,G09016;G09017
713115712,86.6204,2.7716,18.83,G09016;G09017
713126498,86.3784,3.0233,19.2,G09016
713129812,85.9276,3.3842,19.09,G09016
713130209,85.5787,3.3458,18.58,G09016;G09017
713132937,83.3118,1.5785,18.6,G09016;G09017
713135735,82.7292,1.7082,18.87,G09016;G09017
713136997,82.6742,1.938,18.82,G09016;G09017
713137802,82.9892,2.0157,17.11,G09016;G09102;G09017
713141527,83.8148,2.2666,18.73,G09016;G09017
713144139,83.3836,2.1532,19.19,G09016
713155047,82.3155,2.4769,19.04,G09016
713161741,83.3652,3.2267,18.09,G09016;G09017
713166214,82.8779,3.4653,18.17,G09016;G09017
713170221,84.5135,3.0656,18.52,G09016;G09017
713174137,84.4365,3.3073,19.11,G09016
713174489,84.2916,3.2781,18.74,G09016;G09017
713176620,84.9913,3.2795,17.53,G09016;G09102;G09017
713179699,84.6308,3.461,18.19,G09016;G09017
713182160,85.292,3.7917,19.09,G09016
713182181,85.2993,3.8278,19.05,G09016
713192904,84.5663,3.8008,18.86,G09016;G09017
713197052,83.8936,4.0477,18.79,G09016;G09017
713197989,83.7947,4.1576,17.47,G09016;G09102;G09017
713199092,84.4026,4.3735,18.94,G09016;G09017
713200750,80.0512,1.2191,18.09,G09016;G09017
713205569,80.9804,1.9136,18.96,G09016;G09017
713211203,80.8225,2.4645,18.04,G09016;G09017
713223134,81.2951,2.787,18.26,G09016;G09017
713225870,81.8156,3.2837,19.2,G09016;G09017
713225928,81.8301,3.3363,18.62,G09016;G09017
713227660,82.1659,3.1631,19.26,G09016
713244977,81.5345,3.6608,17.45,G09016;G09102;G09017;G09166
713245858,81.7629,3.9183,17.89,G09016;G09102;G09017;G09166
713249111,81.9621,4.328,18.8,G09016;G09017
713255456,82.7886,3.8506,18.84,G09016;G09017
713275801,82.5893,4.9761,19.09,G09016
713284321,83.316,5.4862,17.33,G09016;G09102;G09017
713358257,89.5969,0.7205,18.92,G09016;G09017
713439679,88.0753,1.8168,17.97,G09016;G09102;G09017;G09166
713440580,88.5816,2.079,18.25,G09016;G09017
713449532,87.6275,2.2039,18.71,G09016;G09017
713449799,87.4585,2.2686,16.52,G09016;G09102;G09017
713801230,87.2442,3.4424,18.61,G09016;G09017
713812500,85.9323,3.6016,18.38,G09016;G09017
713855011,85.933,4.1671,18.68,G09016;G09017
713869262,84.9402,4.3154,18.42,G09016;G09017
715574261,84.4723,5.0902,19.01,G09016;G09017
715578811,83.9559,5.4427,17.64,G09016;G09102;G09017
262462749,73.7498,4.7911,16.76,G09016;G09102;G09017;G09166
365691951,81.6066,6.7213,16.53,G09016;G09102;G09017
365692167,81.6051,6.9642,16.48,G09016;G09102;G09017;G09166
408131865,78.0319,9.7851,17.68,G09016;G09102;G09017;G09166
445930000,77.5397,6.6377,16.59,G09016;G09102;G09017;G09166
450024389,74.9097,7.3086,17.01,G09016;G09102;G09017
450105508,73.7352,10.4628,16.51,G09016;G09102;G09017;20SECONDTARGET
455027125,76.4134,1.9745,15.81,G09016;G09102;G09017
455059853,77.1287,1.2776,15.63,G09016;G09102;G09017
455072135,77.4329,2.1142,16.52,G09016;G09102;G09017;G09166;20SECONDTARGET
455094688,77.5564,4.6479,15.44,G09016;G09102;G09017;G09166;20SECONDTARGET
459963707,73.2965,4.9804,15.66,G09016;G09102;G09017
464834360,77.725,2.3529,16.08,G09016;G09102;G09017
467619023,79.5251,9.5376,16.33,G09016;G09102;G09017;G09166;20SECONDTARGET
672227798,74.3062,-1.005,19.01,G09016
672239251,75.6761,-1.7073,19.07,G09016;G09017
672242733,76.2912,-1.3534,19.08,G09016
672242878,76.297,-1.3,18.27,G09016;G09017
672243590,76.3511,-1.0311,18.77,G09016;G09017
672249816,76.0336,-0.775,19.1,G09016
672251230,75.516,-0.7708,18.55,G09016;G09017
672252142,75.6091,-0.3602,18.97,G09016;G09017
672262132,77.7105,0.2653,18.31,G09016;G09017
672267422,76.7042,0.1609,18.74,G09016;G09017
672274728,74.2708,-0.9261,19.26,G09016
672276098,74.1964,-0.809,19.05,G09016
672278548,75.3908,-0.2175,18.09,G09016;G09017;G09166
672280987,74.7629,0.0081,17.66,G09016;G09017;G09166
672296419,75.9327,0.9344,18.58,G09016;G09017
672296874,76.7197,0.7466,18.68,G09016;G09017
672299433,76.2967,0.9804,18.35,G09016;G09017
672299476,76.3897,1.0447,18.9,G09016;G09017
672307224,75.2648,1.7022,16.11,G09016;G09102;G09017;G09166
672307593,75.916,1.4216,18.08,G09016;G09017
672310015,76.2547,1.9696,17.62,G09016;G09102;G09017
672311459,75.5979,2.0704,18.64,G09016;G09017
672312339,75.8633,2.1359,19.05,G09016
672329708,72.9116,0.0851,19.11,G09016;G09017
672366419,73.5121,0.3719,18.35,G09016;G09017
672369155,72.8667,0.8849,19.13,G09016
672370391,73.8486,0.9174,17.68,G09016;G09017
672374625,72.34,0.8782,18.66,G09016;G09017
672376626,71.9511,1.1096,17.9,G09016;G09017
672377895,72.4564,1.5888,19.25,G09016
672379857,73.2586,1.735,18.77,G09016;G09017
672382396,73.2679,2.2337,18.64,G09016;G09017
672383331,74.4057,1.4808,17.44,G09016;G09102;G09017;G09166;20SECONDTARGET
672383947,74.9657,1.6268,18.22,G09016;G09017
672387551,74.4072,2.2111,19.13,G09016;G09017
672390470,74.9448,2.1629,18.99,G09016;G09017
672392002,75.3041,2.5259,18.99,G09016;G09017
672394319,73.7817,2.1451,18.42,G09016;G09017
672400342,74.9901,3.0697,17.67,G09016;G09102;G09017;G09166
672402368,74.2065,3.1978,18.34,G09016;G09017
672402594,74.6127,3.1513,19.27,G09016
672403065,74.684,3.3328,18.84,G09016;G09017
672406406,71.3163,1.851,18.98,G09016;G09017
672408240,72.0823,2.0882,19.17,G09016
672412617,71.0677,2.3179,19.02,G09016
672412703,71.3748,2.203,18.8,G09016;G09017
672413814,70.8724,2.2851,18.15,G09016;G09017;G09166
672415301,70.9438,2.8172,18.43,G09016;G09017
672418224,71.353,3.0668,18.76,G09016;G09017
672419209,71.5348,3.3713,17.84,G09016;G09102;G09017;G09166
672420936,73.3678,2.8373,18.73,G09016;G09017
672426563,74.1126,3.5315,19.28,G09016
672426806,74.1542,3.6181,18.56,G09016;G09017
672436519,73.5193,4.2295,18.98,G09016;G09017
672438283,73.0369,4.3884,17.86,G09016;G09102;G09017;G09166
672473820,79.7165,2.7828,18.51,G09016;G09017
672486573,78.1333,2.5435,18.44,G09016;G09017
672499268,77.6159,3.3436,18.78,G09016;G09017
672500131,77.3338,3.4843,19.03,G09016
672503148,78.9189,3.1195,18.81,G09016;G09017
672512003,79.2233,3.6979,18.85,G09016;G09017
672513445,79.2079,3.8389,18.19,G09016;G09017
672513655,79.27,3.9982,18.66,G09016;G09017
672518335,77.8346,3.5873,18.47,G09016;G09017
672534321,79.1138,4.7404,18.43,G09016;G09017
672539082,79.5398,5.4406,18.07,G09016;G09017
672553070,75.0012,3.3789,17.58,G09016;G09102;G09017
672555980,74.7647,3.6325,19.01,G09016;G09017
672558088,75.9334,3.73,18.89,G09016;G09017
672565775,77.6115,3.9821,17.77,G09016;G09102;G09017;G09166
672565897,77.7586,4.0903,18.58,G09016;G09017
672574505,77.8389,4.8731,17.02,G09016;G09102;G09017;G09166
672579446,77.154,4.7979,18.61,G09016;G09017
672588268,77.0594,5.5928,16.97,G09016;G09102;G09017;G09166
672594483,74.7186,4.3526,19.13,G09016
672594919,74.3775,4.3891,19.14,G09016
672601191,74.9861,4.9969,19.06,G09016
672603313,73.8226,4.7443,19.23,G09016
672610825,74.2812,5.2228,18.43,G09016;G09017
672612329,74.5765,5.5285,18.98,G09016;G09017
672619377,76.1214,5.734,19.02,G09016
672622990,76.7429,6.0499,19.18,G09016
672632974,76.1171,6.1952,18.27,G09016;G09017
672646640,79.7817,5.6767,18.79,G09016;G09017
672646768,79.5405,5.6784,19.27,G09016
672667991,78.7156,7.0883,17.57,G09016;G09102;G09017
672670663,79.4531,6.764,18.5,G09016;G09017
672672721,79.0613,6.9528,18.82,G09016;G09017
672675703,79.6758,7.7679,17.66,G09016;G09017;G09102;G09166
672703009,78.927,7.4794,16.49,G09016;G09102;G09017
672705011,79.2532,7.8131,18.77,G09016;G09017
672709922,79.6024,8.0257,19.21,G09016
672718947,77.802,8.4189,16.79,G09016;G09102;G09017;G09166
672723460,78.7208,8.9618,18.39,G09016;G09017
672849603,70.2078,2.372,19.11,G09016
672855740,69.4747,3.0712,18.65,G09016;G09017
672856154,69.2206,3.1675,18.54,G09016;G09017
672857665,68.8179,3.4314,18.81,G09016;G09017
672881781,71.1359,3.29,18.95,G09016;G09017
672883036,71.2999,3.6141,19.04,G09016;G09017
672888324,69.8567,3.963,19.02,G09016
672892247,70.1638,4.5881,18.77,G09016;G09017
672893110,71.5951,3.8611,19.12,G09016
672899453,71.9938,4.5938,18.84,G09016;G09017
672906413,71.7688,4.978,16.67,G09016;G09102;G09017
672907676,72.2048,5.2941,19.13,G09016
672911315,68.688,3.9248,18.56,G09016;G09017
672912240,69.3662,4.2978,18.52,G09016;G09017
672913383,69.1275,4.4151,19.1,G09016
672915025,70.1492,4.6944,17.74,G09016;G09102;G09017;G09166
672928301,70.8211,5.6899,18.64,G09016;G09017
672928642,71.0398,5.876,18.38,G09016;G09017
672930175,70.7912,6.0438,18.71,G09016;G09017
672931870,69.558,5.602,18.36,G09016;G09017
672936492,70.8905,6.5631,18.15,G09016;G09017
672937577,69.8557,6.5133,18.68,G09016;G09017
672950637,67.3531,4.6792,18.45,G09016;G09017
672976247,67.8132,5.6752,18.77,G09016;G09017
672977675,68.4957,5.8599,19.24,G09016
672979049,67.7911,6.2154,18.9,G09016;G09017
672979342,68.4095,6.2372,18.68,G09016;G09017
672979752,68.246,6.38,17.48,G09016;G09017;G09102;G09166
672986230,69.2607,6.3493,18.76,G09016;G09017
672997045,69.2752,7.6415,18.93,G09016;G09017
673026193,72.9939,5.5124,18.62,G09016;G09017
673027589,73.8638,5.5638,19.05,G09016
673037159,72.718,6.2805,18.44,G09016;G09017
673038929,72.9303,6.3051,18.72,G09016;G09017
673044700,74.46,6.4688,18.99,G09016;G09017
673057144,74.0504,7.0159,18.08,G09016;G09017
673061335,74.5244,7.2339,18.93,G09016;G09017
673065377,73.9727,7.7593,18.63,G09016;G09017
673066851,74.2978,8.0361,18.12,G09016;G09017
673068838,72.3574,6.5573,17.92,G09016;G09102;G09017;G09166
673071684,71.7355,7.0245,18.71,G09016;G09017
673073017,72.4548,7.0755,19.21,G09016
673076206,72.5563,7.5703,18.43,G09016;G09017
673080797,70.7806,7.5718,18.17,G09016;G09017
673082075,71.8071,7.6088,18.8,G09016;G09017
673086212,73.3526,7.3986,17.69,G09016;G09102;G09017;G09166
673087345,73.5606,7.5659,18.64,G09016;G09017
673090961,72.8641,8.0355,18.45,G09016;G09017
673103621,72.855,8.7511,18.51,G09016;G09017
673106988,73.2174,9.1988,19.25,G09016
673109715,76.2663,7.603,19.22,G09016
673118752,76.2343,8.5192,18.88,G09016;G09017
673121498,75.0288,8.0457,18.83,G09016;G09017
673122162,75.591,8.128,19.26,G09016
673124452,74.7147,8.2467,19.11,G09016
673127148,75.8681,8.6228,19.15,G09016
673135222,77.6884,8.9827,18.38,G09016;G09017
673154105,77.3196,9.6474,19.18,G09016
673157121,77.7488,10.3013,18.29,G09016;G09017
673170700,74.9593,9.6213,18.67,G09016;G09017
673185462,76.0544,9.7748,18.15,G09016;G09017
673186230,75.8539,9.825,18.21,G09016;G09017
673187912,76.2175,10.2374,19.23,G09016
673187930,76.0333,10.1422,18.93,G09016;G09017
673188240,76.2844,10.2918,18.86,G09016;G09017
673192502,76.9577,10.5116,17.23,G09016;G09102;G09017;G09166
673202265,74.8471,10.6753,18.45,G09016;G09017
673217757,70.9512,8.4077,18.84,G09016;G09017
673220047,69.5446,8.0668,17.53,G09016;G09102;G09017;G09166
673236420,72.5615,9.8783,19.23,G09016
673238451,71.4093,9.4993,18.66,G09016;G09017
673243324,71.9424,10.3198,19.12,G09016
673300962,74.0079,11.4356,18.29,G09016;G09017
673301751,74.5164,11.673,18.11,G09016;G09017
673310552,74.4779,11.9875,18.07,G09016;G09017
673339980,73.4995,12.4568,18.66,G09016;G09017
673350253,73.8143,13.5925,18.47,G09016;G09017
673743560,77.0465,11.4202,17.05,G09016;G09102;G09017
673743849,76.8846,11.4256,18.42,G09016;G09017
673751693,76.6947,11.6404,18.41,G09016;G09017
673755405,76.1166,11.9601,18.67,G09016;G09017
713307703,80.3869,5.6572,18.31,G09016;G09017
713322136,82.065,5.9465,19.15,G09016
713323201,82.3959,6.1454,17.63,G09016;G09102;G09017;G09166
713327618,81.4473,6.0283,17.56,G09016;G09102;G09017
713333615,81.3028,6.3059,18.15,G09016;G09017;G09166
713339839,80.2081,6.4825,18.8,G09016;G09017
713349708,80.2035,7.5654,19.15,G09016
715655043,82.5623,6.5354,19.07,G09016
715675002,82.174,7.2716,19.16,G09016
715952836,81.1367,7.6101,18.59,G09016;G09017
715967320,81.0452,8.2852,18.8,G09016;G09017
9237081,62.4894,-4.147,16.7,G09016;G09102;G09017;G09166
11052616,65.6327,-3.3621,17.22,G09016;G09017;G09102;G09166
11162598,72.8846,-3.5521,16.14,G09016;G09102;G09017;G09166
37906169,66.2445,-9.7648,17.52,G09016;G09102;G09017
55896166,68.6584,-10.2355,16.6,G09016;G09102;G09017;G09166
55934889,68.7706,-6.0243,15.9,G09016;G09102;G09017
56099399,70.4099,-5.8606,17.12,G09016;G09102;G09017
67718433,63.4119,-8.0259,16.14,G09016;G09102;G09017;G09166
248621149,66.4195,-2.58,16.3,G09016;G09102;G09017;G09166
248654486,67.3589,-4.8122,14.63,G09016;G09102;G09017;G09166;20SECONDTARGET
250140196,63.7445,-4.7895,17.76,G09016;G09017
250171954,64.6309,-2.3185,17.28,G09016;G09102;G09017;G09166
269629297,61.2416,-5.39,17.35,G09016;G09102;G09017;G09166
269694728,61.6362,-4.5468,16.84,G09016;G09102;G09017
298903489,69.981,-4.0981,16.29,G09016;G09102;G09017
298983685,70.5306,-5.609,16.68,G09177;G09016;G09102;G09017
671595799,68.5367,-10.685,18.86,G09016;G09017
671595806,68.708,-10.6747,18.62,G09016;G09017
671596213,67.5896,-10.8289,19.04,G09016
671598652,66.8213,-10.2532,18.51,G09016;G09017
671599070,67.5032,-10.4081,18.93,G09016;G09017
671704778,68.8681,-10.7287,19.2,G09016
671705014,69.0812,-10.4747,16.88,G09016;G09102;G09017;G09166
671708112,69.9164,-9.52,18.85,G09016;G09017
671708696,69.3193,-9.4108,19.17,G09016
671710134,68.6653,-9.569,18.38,G09016;G09017
671710462,67.81,-9.8591,19.1,G09016
671710803,67.8037,-9.6112,18.23,G09016;G09017
671718215,70.9232,-8.14,18.31,G09016;G09017
671720690,69.6525,-7.9409,19.03,G09016
671722153,70.0762,-7.7493,18.2,G09016;G09017
671722488,69.9505,-7.5851,18.95,G09016;G09017
671753199,71.3496,-6.957,18.71,G09016;G09017
671754346,71.0104,-6.675,18.7,G09016;G09017
671754643,71.8715,-6.8729,17.76,G09016;G09102;G09017;G09166
671754682,71.9364,-6.783,19.27,G09016
671756175,71.1269,-6.6029,17.53,G09016;G09102;G09017;G09166
671756393,71.3916,-6.3084,17.3,G09016;G09102;G09017
671756400,71.7337,-6.5444,18.33,G09016;G09017
671767685,72.7328,-5.3063,19.12,G09016
671768192,73.3085,-4.9509,17.13,G09016;G09017
671800985,66.2329,-10.17,19.12,G09016
671802323,66.537,-9.9624,18.97,G09016;G09017
671803913,65.5046,-9.8648,19.13,G09016
671806131,66.3551,-9.0276,18.95,G09016;G09017
671807068,66.0705,-8.562,18.26,G09016;G09017
671815690,64.845,-8.5876,17.77,G09016;G09102;G09017
671834648,63.1573,-7.8698,18.3,G09016;G09017
671835348,63.2488,-7.3933,18.48,G09016;G09017
671835677,63.8407,-7.5648,18.74,G09016;G09017
671835770,63.9497,-7.4365,18.71,G09016;G09017
671836381,63.6266,-7.3786,18.48,G09016;G09017
671836529,63.8342,-7.1653,17.99,G09016;G09017
671840022,63.0111,-6.6241,19.03,G09016
671847326,62.6916,-6.0951,18.66,G09016;G09017
671849509,61.5556,-5.7265,18.67,G09016;G09017
671851383,61.5731,-5.2516,18.81,G09016;G09017
671852407,67.8369,-9.2123,18.52,G09016;G09017
671852584,67.9411,-9.0438,19.05,G09016
671853400,67.5488,-8.8287,18.35,G09016;G09017
671854309,68.5745,-8.6114,19.11,G09016
671854415,68.5427,-8.4763,18.89,G09016;G09017
671855016,68.0787,-8.3991,18.66,G09016;G09017
671857228,66.7051,-8.2575,18.57,G09016;G09017
671859155,67.7172,-7.5795,18.45,G09016;G09017
671860068,68.9312,-7.8872,18.82,G09016;G09017
671861199,68.7067,-7.6324,18.5,G09016;G09017
671862529,69.9503,-7.2405,18.32,G09016;G09017
671865862,68.2404,-7.0414,18.19,G09016;G09017
671866481,68.8246,-7.0219,18.46,G09016;G09017
671867097,69.1865,-6.6774,18.8,G09016;G09017
671867439,69.0998,-6.5194,17.94,G09016;G09102;G09017
671870571,66.8646,-7.7081,18.86,G09016;G09017
671871082,67.1961,-7.3436,18.23,G09016;G09017
671871699,66.7378,-7.225,18.52,G09016;G09017
671872930,65.5275,-7.3635,18.65,G09016;G09017
671876363,65.9495,-6.1357,17.63,G09016;G09102;G09017;G09166
671876555,67.748,-6.9101,18.8,G09016;G09017
671876894,67.776,-6.809,19.13,G09016;G09017
671878937,68.5899,-6.2224,18.97,G09016;G09017
671882727,67.6352,-5.8391,18.18,G09016;G09017
671890587,70.132,-5.9852,19.25,G09016
671891158,69.2761,-6.0005,19.19,G09016
671893022,70.5144,-5.4889,18.66,G09016;G09017
671894377,70.2909,-5.0583,19.02,G09016
671894733,71.9406,-5.7043,19.12,G09016
671895476,72.1684,-5.3427,18.29,G09016;G09017
671900000,72.2046,-4.4417,18.52,G09016;G09017
671902801,71.1414,-4.3363,18.27,G09016;G09017
671905177,71.7062,-4.0326,17.91,G09016;G09102;G09017;G09166
671906596,69.2323,-5.5396,18.88,G09016;G09017
671907663,68.5463,-5.2922,19.01,G09016;G09017
671910796,69.3972,-4.5741,18.61,G09016;G09017
671913274,67.9912,-4.4,17.25,G09016;G09102;G09017
671913714,69.168,-4.4069,19.13,G09016
671914861,68.6033,-4.3259,18.94,G09016;G09017
671920379,70.7799,-3.7806,17.12,G09016;G09102;G09017
671922729,70.0587,-3.5734,19.06,G09016;G09017
671925155,70.2446,-3.1333,19.05,G09016
671926850,70.3389,-2.7425,18.22,G09016;G09017
671927065,70.0802,-2.7598,19.02,G09016
671927823,64.6049,-6.7487,18.71,G09016;G09017
671928199,64.9752,-6.5706,19.23,G09016
671930117,66.0202,-5.9216,18.16,G09016;G09017;G09166
671930407,65.745,-5.8217,18.72,G09016;G09017
671931129,65.4969,-5.6983,18.81,G09016;G09017
671932225,64.2118,-6.0639,17.98,G09016;G09102;G09017;G09166
671936502,65.6828,-5.4394,19.29,G09016
671936529,65.9578,-5.4333,18.16,G09016;G09017;G09166
671938210,67.429,-4.7466,18.48,G09016;G09017
671938569,66.4315,-5.0255,19.06,G09016
671941544,65.5045,-4.3636,18.17,G09016;G09017;G09166
671948558,62.2178,-4.918,18.61,G09016;G09017
671950355,63.6335,-3.9452,19.3,G09016
671951039,63.3814,-3.8004,18.97,G09016;G09017
671956800,63.9399,-3.5418,17.91,G09016;G09102;G09017;G09166
671959670,67.6701,-4.4754,18.33,G09016;G09017
671959788,67.2235,-4.512,18.36,G09016;G09017
671960065,67.7657,-4.284,18.21,G09016;G09017
671961282,67.4363,-3.9068,18.51,G09016;G09017
671962340,68.789,-3.5381,19.16,G09016;G09017
671962937,68.056,-3.6372,19.25,G09016
671965046,66.5544,-3.7843,17.9,G09016;G09017
671965450,66.4113,-3.513,19.17,G09016
671966011,66.7277,-3.1291,19.1,G09016
671968913,68.8715,-3.1988,18.08,G09016;G09017
671970168,68.3989,-3.109,19.18,G09016
671971021,68.605,-2.7249,17.46,G09016;G09102;G09017
671974772,68.555,-2.6756,18.75,G09016;G09017
671975808,67.6966,-2.4553,18.71,G09016;G09017
671975909,67.6642,-2.3778,19.23,G09016
671976152,68.3167,-2.2717,18.77,G09016;G09017
671980825,65.726,-3.0721,18.24,G09016;G09017
671981312,66.0351,-2.886,19.3,G09016
671981821,66.8769,-2.8271,19.0,G09016;G09017
671982744,66.9108,-2.2998,17.9,G09016;G09102;G09017;G09166
671984769,65.65,-2.3981,17.3,G09016;G09102;G09017
671987799,65.8492,-1.5764,18.98,G09016;G09017
671988373,67.3374,-2.0973,18.56,G09016;G09017
671990986,68.6316,-1.3438,18.17,G09016;G09017
671991527,68.6191,-1.0078,18.47,G09016;G09017
671992272,68.2488,-1.1453,18.85,G09016;G09017
671993050,67.0777,-1.5424,19.01,G09016
671994382,66.2108,-1.1138,17.39,G09016;G09102;G09017;G09166
671996875,67.5952,-0.3922,18.6,G09016;G09017
672107032,74.6982,-3.5769,18.69,G09016;G09017
672107868,74.9213,-3.2576,19.28,G09016
672184388,73.4186,-4.1976,19.17,G09016
672186607,74.0548,-3.8992,19.09,G09016
672186833,73.7779,-3.8969,18.08,G09016;G09017
672188654,73.5039,-3.4825,18.14,G09016;G09017
672189266,73.9904,-3.1962,17.35,G09016;G09102;G09017;G09166
672195416,73.2959,-2.7063,18.76,G09016;G09017
672195547,73.3164,-2.6297,18.88,G09016;G09017
672195733,72.8503,-2.6653,17.71,G09016;G09102;G09017
672203641,73.8068,-2.7796,18.73,G09016;G09017
672204368,74.2955,-2.5771,17.88,G09016;G09017
672204726,74.2161,-2.3912,18.98,G09016;G09017
672209008,74.1141,-1.9197,18.88,G09016;G09017
672211182,71.4324,-3.2297,18.39,G09016;G09017
672212110,71.9348,-2.8576,19.11,G09016
672212956,71.702,-2.9496,18.25,G09016;G09017
672218231,71.3829,-2.1562,17.69,G09016;G09017
672219977,71.9592,-2.0662,17.05,G09016;G09102;G09017;G09166
672220532,72.064,-1.9558,18.46,G09016;G09017
672221236,72.0032,-1.6195,19.21,G09016
672222892,73.1478,-2.2463,17.85,G09016;G09102;G09017;G09166
672225350,73.2313,-1.6321,18.2,G09016;G09017
672225669,73.2595,-1.3896,17.82,G09016;G09102;G09017;G09166
672226705,73.5767,-1.4945,19.1,G09016
672231061,72.5418,-1.2254,17.4,G09016;G09102;G09017;G09166
672313400,70.1175,-2.022,18.49,G09016;G09017
672314194,70.6489,-1.6972,17.36,G09016;G09102;G09017;G09166
672314246,70.7267,-1.5917,19.16,G09016
672318723,70.7102,-0.8701,19.12,G09016;G09017
672320699,69.2498,-1.2649,18.18,G09016;G09017;G09166
672321809,69.5065,-0.89,18.53,G09016;G09017
672323268,70.4913,-0.7164,17.93,G09016;G09017
672324170,69.6284,-0.5854,18.77,G09016;G09017
672324301,70.0879,-0.453,18.92,G09016;G09017
672324710,70.5675,-0.2761,18.98,G09016;G09017
672324885,70.2222,-0.31,18.32,G09016;G09017
672332655,70.9869,-0.0779,18.62,G09016;G09017
672332662,71.0101,-0.0625,19.1,G09016;G09017
672339901,69.4738,-0.6408,18.13,G09016;G09017
672340819,68.6487,-0.5911,17.28,G09016;G09102;G09017
672342326,69.8737,-0.2952,18.55,G09016;G09017
672345277,69.6366,0.5213,17.92,G09016;G09102;G09017
672346149,68.647,-0.0158,19.08,G09016
672347040,67.6422,0.0893,18.85,G09016;G09017
672347960,68.9234,0.0659,19.15,G09016
672348795,69.2491,0.3697,19.09,G09016
672351639,70.4476,0.3785,18.91,G09016;G09017
672351862,70.1314,0.3721,18.02,G09016;G09017
672353604,69.8553,0.6655,18.41,G09016;G09017
672358820,69.3786,0.8539,19.17,G09016
672361564,69.5035,1.5366,18.98,G09016;G09017
672730590,60.3028,-5.0161,18.99,G09016;G09017
672732250,61.0295,-4.324,17.98,G09016;G09102;G09017;G09166
672733528,60.4338,-4.2027,18.02,G09016;G09017
672733564,60.302,-4.117,19.18,G09016
672733894,60.3896,-3.9215,18.64,G09016;G09017
672734236,60.3842,-3.5432,17.19,G09016;G09102;G09017;G09166
672735507,61.6642,-4.0898,18.2,G09016;G09017
672736371,62.7781,-3.8174,19.29,G09016
672737538,62.5969,-3.3593,19.12,G09016;G09017
672738637,61.5281,-3.5525,18.48,G09016;G09017
672738744,61.5212,-3.3327,18.4,G09016;G09017
672739035,60.853,-3.481,16.98,G09016;G09102;G09017;G09166
672740446,61.7355,-3.0996,18.89,G09016;G09017
672740750,61.4742,-2.8394,19.26,G09016
672741039,61.7581,-2.742,18.85,G09016;G09017
672742814,63.5133,-2.6762,17.53,G09016;G09102;G09017;G09166
672744622,63.4339,-2.341,18.21,G09016;G09017
672746022,62.5989,-2.3971,18.12,G09016;G09017
672746735,62.7323,-2.1377,17.43,G09016;G09102;G09017
672747025,62.5686,-1.9075,19.3,G09016
672747397,63.0711,-2.0353,18.15,G09016;G09017
672748292,62.6289,-1.8115,18.49,G09016;G09017
672750821,61.5707,-2.3931,18.44,G09016;G09017
672759181,62.3645,-0.6862,18.6,G09016;G09017
672759207,62.4855,-0.6013,19.15,G09016
672761654,64.1947,-1.8111,18.97,G09016;G09017
672762355,64.5892,-1.3487,18.93,G09016;G09017
672762530,65.3994,-1.503,18.65,G09016;G09017
672763452,65.1357,-1.4054,17.65,G09016;G09102;G09017;G09166
672763716,64.8619,-1.2253,17.59,G09016;G09102;G09017
672764435,65.4622,-0.7439,17.53,G09016;G09102;G09017
672765489,64.3873,-0.9635,17.67,G09016;G09102;G09017
672770018,65.6362,-0.6536,18.48,G09016;G09017
672771984,67.0279,0.1116,18.13,G09016;G09017
672773622,65.5528,-0.1666,18.34,G09016;G09017
672775038,65.3535,0.0363,17.92,G09016;G09102;G09017;G09166
672776051,65.9977,0.3543,18.78,G09016;G09017
672776377,66.561,0.4136,19.12,G09016
672777430,65.5575,0.6486,18.11,G09016;G09017
672778996,63.45,-0.6845,19.08,G09016
672785198,63.1489,0.507,18.31,G09016;G09017
672787107,65.0814,0.8526,18.86,G09016;G09017
672787307,64.6418,0.5937,18.81,G09016;G09017
672788065,64.5549,0.9267,18.72,G09016;G09017
672789628,65.004,1.049,19.12,G09016
672791723,64.1318,1.254,18.29,G09016;G09017
672840296,67.0179,0.8811,16.81,G09016;G09102;G09017
672843138,67.2248,1.502,19.09,G09016
672848311,68.7465,2.1113,19.13,G09016
672851831,68.2716,1.8958,18.71,G09016;G09017
672858592,66.7184,1.797,16.84,G09016;G09102;G09017
672859238,65.8287,1.7316,19.06,G09016
672860776,66.4763,2.1071,18.34,G09016;G09017
672861639,66.4002,2.1695,18.2,G09016;G09017
672861640,66.3987,2.1697,18.19,G09016;G09017
672863306,65.233,2.1258,19.05,G09016
672864631,65.0049,2.6074,18.36,G09016;G09017
672867080,66.4076,3.3102,19.04,G09016
672947679,66.067,3.8143,17.11,G09016;G09102;G09017
37156765,90.9268,-24.2159,16.0,G09016;G09102;G09017;G09166
37306866,91.8213,-24.6595,16.8,G09016;G09102;G09017
37352458,91.9202,-28.8839,16.55,G09016;G09102;G09017
37658824,93.4485,-26.9942,17.61,G09016;G09102;G09017;G09166
47499442,96.894,-19.5736,16.62,G09016;G09102;G09017;20SECONDTARGET
47546294,97.1611,-21.6278,16.2,G09016;G09102;G09017;G09166
47910521,98.2381,-22.9187,16.83,G09016;G09102;G09017;G09166
49185262,101.3245,-21.7217,17.06,G09016;G09102;G09017
49701149,95.7634,-28.7466,16.01,G09016;G09102;G09017;G09166
49770412,96.0198,-29.0369,16.48,G09016;G09017
52283228,99.8514,-30.7395,16.7,G09016;G09102;G09017;G09166
60034959,95.0039,-23.5834,16.82,G09016;G09102;G09017
60122948,95.2362,-19.6061,17.74,G09016;G09017
172195840,98.6595,-28.5749,17.13,G09016;G09102;G09017
172999052,102.2335,-25.3961,13.98,G09016;G09102;G09017;20SECONDTARGET
705664076,97.5547,-32.8041,18.04,G09016;G09017
705676990,97.1784,-32.4817,18.88,G09016;G09017
705679144,97.5257,-32.196,18.09,G09016;G09017
705683573,96.9975,-31.7909,18.38,G09016;G09017
705719007,95.6502,-31.8774,19.15,G09016
705727484,95.9704,-31.1426,17.12,G09016;G09102;G09017;G09166
705742560,95.4952,-30.7543,19.23,G09016
705742583,95.3977,-30.7514,18.26,G09016;G09017
705745487,95.353,-30.2695,18.46,G09016;G09017
705750317,98.4944,-32.1109,18.32,G09016;G09017
705758092,99.1799,-31.6749,18.45,G09016;G09017
705776050,97.895,-31.1564,18.64,G09016;G09017
705800203,99.3718,-30.1933,19.13,G09016
705810086,99.9884,-29.6091,19.19,G09016
705821494,97.4024,-30.8658,19.19,G09016
705828664,97.776,-30.6205,18.56,G09016;G09017
705836981,97.7275,-29.8187,18.66,G09016;G09017
705852111,97.5611,-29.4149,18.51,G09016;G09017
705854364,96.6051,-29.5154,18.5,G09016;G09017
705854456,96.5457,-29.4615,18.08,G09016;G09017
705865736,98.1459,-29.5696,19.2,G09016
705867935,98.0687,-29.2467,17.57,G09016;G09102;G09017;G09166;20SECONDTARGET
705870636,98.3731,-28.9301,18.95,G09016;G09017
705886230,97.8071,-29.0625,18.96,G09016;G09017
705888410,97.6787,-28.7811,18.25,G09016;G09017
705891118,98.0776,-28.5814,18.96,G09016;G09017
705894412,97.2684,-28.4056,18.92,G09016;G09017
705897112,97.8549,-28.1319,19.0,G09016
705897184,97.7913,-28.1062,18.22,G09016;G09017
705910737,98.4037,-27.4465,19.12,G09016
705937858,94.3699,-30.8669,19.07,G09016
705949557,94.5945,-29.7246,18.35,G09016;G09017
705950611,95.0572,-29.5397,18.17,G09016;G09017
705950760,94.8414,-29.7303,18.99,G09016;G09017
705956029,92.9642,-30.1391,19.16,G09016
705959486,94.3929,-29.582,19.21,G09016
705977611,92.3444,-29.768,18.92,G09016;G09017
705987181,91.6401,-29.2731,17.83,G09016;G09102;G09017;G09166
705996940,92.7648,-28.8617,19.01,G09016;G09017
705999812,93.9458,-28.6729,17.94,G09016;G09102;G09017;G09166
706002407,93.1228,-28.5234,19.07,G09016
706005183,92.3744,-28.9275,19.17,G09016
706005773,92.1225,-28.9479,19.02,G09016
706007176,92.4213,-28.617,18.81,G09016;G09017
706007289,92.2335,-28.6179,17.66,G09016;G09102;G09017;G09166
706007424,92.2243,-28.5444,18.15,G09016;G09017
706010674,91.9177,-28.1905,18.99,G09016;G09017
706014885,92.352,-28.1601,18.79,G09016;G09017
706020123,95.4572,-29.4839,18.0,G09016;G09017;G09166
706021707,95.8829,-29.2887,18.41,G09016;G09017
706022804,95.4279,-29.4948,19.23,G09016
706028085,96.4167,-28.9887,18.19,G09016;G09017;G09166
706037617,94.9287,-29.2165,18.78,G09016;G09017
706039997,95.259,-28.8025,18.77,G09016;G09017
706046068,94.8128,-28.0822,18.17,G09016;G09017
706046560,95.6036,-28.4618,18.48,G09016;G09017
706049281,96.1491,-28.0807,19.1,G09016
706053931,95.504,-27.732,18.79,G09016;G09017
706054576,95.7976,-27.5818,18.38,G09016;G09017
706057789,96.7243,-28.3071,19.14,G09016
706058030,96.874,-28.1684,18.31,G09016;G09017
706059180,97.2986,-28.0996,17.65,G09016;G09102;G09017;G09166
706072151,97.9801,-27.3486,18.94,G09016;G09017
706076204,97.5121,-27.1127,18.88,G09016;G09017
706079518,97.8411,-26.7851,18.7,G09016;G09017
706086903,96.0411,-27.3038,18.83,G09016;G09017
706100493,96.6517,-26.38,18.9,G09016;G09017
706106263,94.7472,-28.1002,18.01,G09016;G09017
706113747,95.02,-27.4282,19.02,G09016
706116111,95.1692,-27.1561,18.66,G09016;G09017
706118621,94.9159,-27.2117,18.53,G09016;G09017
706123199,93.7908,-27.3645,18.28,G09016;G09017
706124502,93.741,-27.1444,18.03,G09016;G09017;G09166
706132795,94.6755,-26.3959,18.66,G09016;G09017
706136061,94.501,-26.2209,18.38,G09016;G09017
706140747,96.157,-26.77,18.94,G09016;G09017
706151002,96.6696,-26.2117,19.07,G09016
706159421,96.3025,-25.5373,17.23,G09016;G09102;G09017;G09166
706173543,96.3177,-25.2823,18.09,G09016;G09017
706424793,91.095,-28.6017,17.35,G09016;G09102;G09017;G09166
706425401,91.1212,-28.5158,18.98,G09016;G09017
706440539,91.5907,-28.1501,18.99,G09016;G09017
706446323,92.1626,-27.7391,19.19,G09016
706447554,92.2195,-27.4351,18.73,G09016;G09017
706449325,92.5504,-27.1269,18.67,G09016;G09017
706451106,91.8255,-27.0928,17.85,G09016;G09017
706452539,92.0048,-26.8696,19.19,G09016
706458387,90.8317,-27.0236,17.99,G09016;G09102;G09017
706459157,90.7027,-26.8727,18.98,G09016;G09017
706471794,89.5162,-27.5881,19.09,G09016
706474370,89.1286,-27.3962,18.83,G09016;G09017
706482378,88.4945,-26.997,17.98,G09016;G09017;G09102
706483028,89.0705,-26.8175,18.73,G09016;G09017
706498172,90.7535,-25.8747,17.8,G09016;G09102;G09017;G09166
706499106,90.6603,-25.5817,19.2,G09016
706499443,90.6438,-25.5424,17.46,G09016;G09102;G09017;G09166
706502195,89.4461,-25.9509,19.09,G09016
706503164,89.1327,-25.9829,18.45,G09016;G09017
706511572,89.9922,-24.9231,19.23,G09016
706517474,92.4766,-26.3117,17.72,G09016;G09102;G09017;G09166
706520766,93.3468,-26.2124,18.22,G09016;G09017;G09166
706523639,93.1973,-26.1308,19.11,G09016
706531563,91.9568,-26.0558,19.21,G09016
706534860,92.8657,-25.7598,19.17,G09016;G09017
706540512,92.9054,-25.1602,18.89,G09016;G09017
706540528,92.8885,-25.1369,18.42,G09016;G09017
706542313,92.7762,-24.6879,18.8,G09016;G09017
706549609,94.3013,-25.0459,18.2,G09016;G09017
706557657,94.8118,-24.687,18.8,G09016;G09017
706558016,94.6052,-24.6251,18.22,G09016;G09017
706564848,93.8775,-24.7037,18.93,G09016;G09017
706565205,94.1233,-24.6037,18.73,G09016;G09017
706568463,93.2504,-24.3814,19.07,G09016
706574569,94.6908,-23.9981,19.03,G09016
706586005,91.0457,-25.181,17.14,G09016;G09102;G09017;G09166
706587279,91.1738,-25.0596,19.07,G09016
706587629,91.2023,-24.8504,17.99,G09016;G09017
706599877,90.6098,-24.5909,19.08,G09016
706605784,91.6878,-23.926,17.69,G09016;G09102;G09017;G09166
706607689,90.8464,-23.968,18.1,G09016;G09017
706608014,91.1312,-23.8076,19.09,G09016
706610280,92.9587,-24.4468,18.81,G09016;G09017
706611617,92.6263,-24.1467,18.97,G09016;G09017
706611782,92.9413,-24.1316,18.99,G09016;G09017
706612443,93.1412,-24.1268,18.64,G09016;G09017
706624182,93.3459,-23.2547,18.08,G09016;G09017
706626547,93.6836,-22.862,18.77,G09016;G09017
706631173,92.2889,-23.2165,19.05,G09016;G09017
706636202,93.1297,-23.0197,19.23,G09016
706639497,93.2146,-22.4823,18.97,G09016;G09017
706643071,92.5966,-22.4017,17.95,G09016;G09102;G09017;G09166
706753644,91.3782,-23.1308,19.18,G09016;G09017
706764230,92.4234,-22.0236,18.16,G09016;G09017
706848832,99.3673,-27.8427,16.83,G09016;G09102;G09017;G09166
706854268,99.3026,-27.6655,18.7,G09016;G09017
706859795,99.5424,-27.1036,19.16,G09016
706880512,98.4517,-26.9439,17.42,G09016;G09017
706902826,99.002,-25.9431,18.57,G09016;G09017
706910745,97.8201,-26.2339,17.61,G09016;G09102;G09017
706971172,99.9239,-24.1194,18.42,G09016;G09017
706981010,97.02,-25.7818,19.06,G09016
706996504,97.7567,-24.8174,18.21,G09016;G09017
707001373,97.4589,-24.8056,19.0,G09016;G09017
707030123,96.5523,-24.0031,18.95,G09016;G09017
707040878,98.8995,-23.9263,18.93,G09016;G09017
707048143,98.6149,-23.7767,18.25,G09016;G09017
707054465,99.1747,-23.5459,17.75,G09016;G09102;G09017
707056206,99.3674,-23.4716,17.91,G09016;G09102;G09017
707071196,97.4767,-23.5909,19.24,G09016
707085323,98.3952,-23.0962,18.65,G09016;G09017
707086394,98.5678,-22.9068,17.46,G09016;G09102;G09017
707088151,98.4124,-22.8196,18.35,G09016;G09017
707091969,98.7721,-22.6279,17.91,G09016;G09102;G09017;G09166
707124791,99.5681,-21.8302,19.24,G09016
707126952,99.1032,-21.9997,18.65,G09016;G09017
707134999,99.7228,-21.8993,18.57,G09016;G09017
707138817,99.9546,-21.2871,18.46,G09016;G09017
707142939,99.3907,-21.267,18.87,G09016;G09017
707144181,99.7295,-21.2388,19.23,G09016
707145167,99.6628,-21.1643,18.99,G09016;G09017
707148642,95.6313,-24.3655,18.33,G09016;G09017
707154546,95.4631,-24.1178,18.67,G09016;G09017
707170758,96.1239,-22.9877,18.81,G09016;G09017
707189510,95.4971,-22.6487,19.25,G09016
707198823,97.2246,-22.8229,18.2,G09016;G09017
707201584,97.5142,-22.4904,19.04,G09016
707208767,96.8502,-22.2041,18.85,G09016;G09017
707231321,96.9743,-22.0071,18.96,G09016;G09017
707232957,96.6945,-21.9565,18.6,G09016;G09017
707238117,96.4636,-21.7793,18.8,G09016;G09017
707238759,96.4265,-21.6149,19.25,G09016
707263064,93.7541,-22.7386,19.1,G09016
707266786,94.2044,-22.1784,18.84,G09016;G09017
707273666,94.8855,-22.029,19.11,G09016
707275341,94.5968,-21.8188,17.79,G09016;G09017;G09166
707279356,93.6317,-22.3951,18.79,G09016;G09017
707284157,93.1636,-22.0726,19.2,G09016
707287385,93.4036,-21.6948,18.98,G09016;G09017
707289414,94.4744,-21.6407,18.68,G09016;G09017
707293272,94.3863,-21.3057,19.08,G09016
707299295,94.2849,-20.9237,18.94,G09016;G09017
707302616,95.5686,-21.5668,18.09,G09016;G09017
707309108,95.2132,-21.1937,19.19,G09016
707313482,96.4552,-21.1444,19.05,G09016
707315081,96.3776,-20.9632,18.49,G09016;G09017
707317032,96.9972,-20.7692,18.56,G09016;G09017
707321039,96.189,-20.6653,19.06,G09016;G09017
707334593,94.4913,-20.5188,17.38,G09016;G09102;G09017
707339651,95.6646,-20.2668,18.5,G09016;G09017
707345356,95.168,-19.8854,18.52,G09016;G09017
707351257,98.135,-21.6712,17.75,G09016;G09102;G09017;G09166
707361633,98.3434,-21.2405,18.45,G09016;G09017
707363933,98.2668,-21.0025,18.48,G09016;G09017
707367056,99.2432,-21.0479,18.66,G09016;G09017
707391068,98.1631,-20.6041,19.26,G09016
707505814,97.2073,-19.2207,18.83,G09016;G09017
707602140,93.1943,-20.7247,18.54,G09016;G09017
707638652,94.499,-19.489,19.02,G09016
707749500,95.843,-18.3928,18.87,G09016;G09017
738411611,98.6216,-33.051,19.23,G09016
738412619,98.2889,-32.9767,18.75,G09016;G09017
738422302,98.865,-33.2103,18.2,G09016;G09017
743782895,100.45,-29.8518,18.25,G09016;G09017
743789382,100.2102,-29.1773,18.39,G09016;G09017
743810866,102.0575,-28.7947,18.49,G09016;G09017
743819937,101.691,-28.5298,18.43,G09016;G09017
743827081,100.6035,-28.9671,16.37,G09016;G09102;G09017
743834799,100.4618,-28.6631,18.8,G09016;G09017
743839502,100.2981,-28.3299,17.16,G09016;G09102;G09017;G09166
743840762,100.4724,-28.1001,18.3,G09016;G09017
743842346,101.446,-28.3425,18.8,G09016;G09017
743870309,102.4448,-28.047,18.67,G09016;G09017
743893782,103.0314,-27.2095,19.13,G09016
743899154,103.3509,-26.874,17.55,G09016;G09017;G09166
743907036,102.6231,-27.3061,19.13,G09016
743907954,102.1257,-27.4033,19.11,G09016
743914191,101.571,-27.211,19.02,G09016
743915530,101.9481,-27.1374,17.12,G09016;G09102;G09017
743923593,102.4672,-26.9406,18.86,G09016;G09017
743936454,102.6485,-26.599,17.83,G09016;G09017
743958187,100.2669,-27.103,18.69,G09016;G09017
743962764,100.5777,-26.7478,17.78,G09016;G09102;G09017;G09166
743978350,100.8833,-26.6467,19.09,G09016
743984862,100.9644,-26.317,17.52,G09016;G09102;G09017
743986445,101.1768,-26.0333,18.51,G09016;G09017
743986602,101.9413,-26.5777,18.8,G09016;G09017
743994779,102.2131,-25.9996,19.12,G09016
744001837,101.461,-25.7528,18.58,G09016;G09017
744016533,100.8208,-25.7499,18.62,G09016;G09017
744026899,101.4545,-25.7245,18.48,G09016;G09017
744101742,103.4906,-26.0955,18.0,G09016;G09017
744126694,104.5095,-25.5216,19.3,G09016
744127654,104.421,-25.3983,19.26,G09016
744239889,104.8886,-24.4333,19.15,G09016
744286773,102.4574,-25.5585,18.34,G09016;G09017
744321320,102.8255,-24.7667,17.66,G09016;G09017
744327081,103.5239,-24.2446,18.79,G09016;G09017
744362518,103.3264,-23.963,17.62,G09016;G09102;G09017;G09166
744372298,102.4265,-23.8283,18.79,G09016;G09017
744427925,104.3401,-23.442,19.26,G09016
744450016,103.7501,-23.5548,18.68,G09016;G09017
744513529,100.9133,-24.9381,18.62,G09016;G09017
744520580,100.3275,-24.6569,18.59,G09016;G09017
744535098,101.2235,-24.3749,19.23,G09016
744542701,101.4778,-24.0035,18.72,G09016;G09017
744577706,101.7675,-23.1298,18.5,G09016;G09017
744588307,101.1466,-23.2387,18.41,G09016;G09017
744598348,100.3625,-23.0148,18.62,G09016;G09017
744598729,100.328,-23.0249,19.04,G09016
744642507,102.0784,-22.6309,19.15,G09016
744686455,101.8284,-22.3913,18.98,G09016;G09017
744745524,100.2904,-22.2966,17.56,G09016;G09102;G09017;G09166
744747008,100.5658,-22.1252,17.97,G09016;G09102;G09017;G09166
744760553,100.4637,-21.7446,18.73,G09016;G09017
744761117,100.2752,-21.647,17.55,G09016;G09102;G09017
772224051,101.0616,-30.4062,19.26,G09016
4614765,102.028,-20.9767,16.3,G09016;G09102;G09017
78492576,102.7348,-19.2584,16.69,G09016;G09102;G09017
81677445,107.1282,-18.6814,16.74,G09016;G09102;G09017
81936492,107.4163,-19.1226,16.48,G09016;G09102;G09017;G09166
99349256,108.0852,-18.2652,16.48,G09016;G09102;G09017;G09166
99354946,108.1263,-20.178,17.35,G09016;G09102;G09017;G09166
142463497,103.1376,-16.1741,16.84,G09016;G09102;G09017
147484847,105.0412,-14.1801,15.48,G09016;G09102;G09017
147918835,105.5961,-17.8253,16.69,G09016;G09102;G09017
306536310,107.648,-16.2941,16.98,G09016;G09102;G09017;G09166
322739572,101.1423,-16.9739,18.61,G09016;G09017
322814068,101.1919,-14.2657,16.85,G09016;G09102;G09017;G09166
322900030,101.2716,-17.2419,17.57,G09016;G09102;G09017
333432673,100.3152,-13.69,15.66,G09016;G09102;G09017;20SECONDTARGET
385865494,111.1472,-13.6447,17.2,G09016;G09102;G09017
443507234,99.0852,-15.0771,16.14,G09016;G09102;G09017;G09166
707533257,98.6138,-18.4457,18.82,G09016;G09017
707569706,98.5563,-18.0996,18.21,G09016;G09017
707573275,98.3549,-17.7052,19.22,G09016
707574982,98.9921,-17.5869,18.57,G09016;G09017
707579575,98.2489,-17.5756,18.48,G09016;G09017
707582748,98.5627,-17.3817,18.55,G09016;G09017
707791754,97.3396,-17.2579,18.2,G09016;G09017;G09166
707814473,96.2587,-17.2759,18.76,G09016;G09017
707951311,99.6875,-17.4656,19.22,G09016
707966584,99.3521,-16.8843,18.95,G09016;G09017
707967908,99.4619,-16.6842,17.65,G09016;G09102;G09017;G09166
707967980,98.7731,-17.2288,18.85,G09016;G09017
707971440,98.6098,-16.8415,18.6,G09016;G09017
707973185,99.2239,-16.7411,17.34,G09016;G09102;G09017;G09166;20SECONDTARGET
707979641,99.661,-16.5523,18.22,G09016;G09017
707982307,99.4685,-16.3662,18.17,G09016;G09017
708015326,99.4614,-15.7359,18.49,G09016;G09017
708026055,99.1363,-15.1301,19.12,G09016
708041184,98.0184,-15.3713,17.39,G09016;G09102;G09017;G09166
708073322,99.9063,-14.8163,18.56,G09016;G09017
708085717,99.5505,-14.3264,18.9,G09016;G09017
708101011,99.579,-14.0391,19.17,G09016;G09017
708207868,98.951,-13.2792,18.86,G09016;G09017
708269262,99.6284,-12.304,18.64,G09016;G09017
708294601,99.8624,-11.8195,18.73,G09016;G09017
745035699,106.7105,-22.2576,18.67,G09016;G09017
745378009,107.2356,-21.2549,19.19,G09016
745438096,106.4271,-21.1146,19.12,G09016
745450031,106.3363,-20.779,16.89,G09016;G09102;G09017
745455042,105.8792,-20.9199,19.16,G09016
745461766,105.6189,-20.7636,17.88,G09016;G09102;G09017;G09166
745487252,107.3538,-20.0164,18.49,G09016;G09017
745492264,106.5845,-20.3022,18.25,G09016;G09017
745504652,106.7485,-19.845,18.55,G09016;G09017
745898222,108.1244,-20.5419,19.21,G09016
745902053,108.3138,-20.2042,17.87,G09016;G09102;G09017
745925732,108.1623,-19.6073,19.3,G09016
745963532,108.1834,-19.4848,18.39,G09016;G09017
745994838,108.7156,-18.7478,17.39,G09016;G09102;G09017;G09166
745998109,108.1128,-18.9829,19.06,G09016
746001037,107.6357,-18.8891,19.16,G09016
746002804,108.0318,-18.6572,18.82,G09016;G09017
746087238,108.9397,-18.3417,17.75,G09016;G09102;G09017;G09166
746109170,109.0275,-17.6929,18.51,G09016;G09017
746114268,109.6789,-17.6503,18.81,G09016;G09017
746130593,104.163,-21.932,19.13,G09016
746163387,104.7826,-21.0799,17.39,G09016;G09102;G09017;G09166
746210979,103.1041,-20.7418,17.34,G09016;G09102;G09017
746222184,103.3603,-20.2421,17.66,G09016;G09017
746256101,105.5334,-20.5452,18.98,G09016;G09017
746304521,106.5632,-19.3414,18.68,G09016;G09017
746306201,105.7816,-19.6996,19.03,G09016
746316404,106.1507,-19.2104,18.87,G09016;G09017
746317710,106.3288,-19.1481,18.02,G09016;G09017
746377292,105.1596,-18.836,18.93,G09016;G09017
746399246,103.1453,-20.1703,17.84,G09016;G09102;G09017
746414140,102.7659,-19.8142,19.05,G09016
746459432,102.1857,-19.5059,18.73,G09016;G09017
746509947,104.4433,-18.9566,19.0,G09016;G09017
746553722,104.3436,-17.9665,18.69,G09016;G09017
746615297,103.8529,-17.3512,19.2,G09016
746671594,107.2449,-18.3084,19.17,G09016
746672637,107.4719,-18.2674,17.7,G09016;G09102;G09017
746702675,106.6146,-18.1993,19.28,G09016
746820239,108.5959,-16.941,19.25,G09016
746917439,106.0715,-17.6455,18.71,G09016;G09017
746928730,105.2831,-17.4483,18.18,G09016;G09017
746957300,106.3883,-17.062,18.29,G09016;G09017
746966557,105.938,-16.9391,17.88,G09016;G09017
746997530,104.8761,-16.8617,19.12,G09016
746999640,105.137,-16.6914,18.13,G09016;G09017
747003342,104.5494,-16.846,17.83,G09016;G09017
747018748,105.7863,-16.6733,18.6,G09016;G09017
747039962,104.9655,-16.2049,19.18,G09016
747108980,107.8311,-15.7868,17.94,G09016;G09102;G09017;G09166
747158768,105.7786,-15.5775,19.12,G09016;G09017
747175529,106.8013,-15.3404,18.1,G09016;G09017
747206609,106.7289,-14.6491,18.23,G09016;G09017
747237087,100.2358,-18.9455,17.55,G09016;G09102;G09017
747238821,100.0615,-18.927,18.21,G09016;G09017
747255705,101.0218,-18.8457,18.89,G09016;G09017
747269700,101.7283,-18.4401,18.72,G09016;G09017
747280125,101.8674,-18.2065,18.59,G09016;G09017
747286723,102.1742,-17.8603,18.21,G09016;G09017
747288049,101.8765,-17.9164,18.82,G09016;G09017
747288811,101.7921,-17.8492,18.53,G09016;G09017
747301577,100.8156,-18.0591,17.94,G09016;G09017
747310396,100.2301,-17.9083,17.45,G09016;G09102;G09017;G09166
747355478,102.7188,-17.2046,18.91,G09016;G09017
747367910,103.578,-17.0723,19.09,G09016;G09017
747405144,101.8161,-16.6236,18.08,G09016;G09017;G09166
747423162,102.7232,-16.1581,19.02,G09016
747438987,100.8617,-17.1453,18.69,G09016;G09017
747457171,100.3393,-16.1956,17.56,G09016;G09102;G09017;G09166
747476180,101.1587,-16.2014,17.51,G09016;G09102;G09017;G09166
747495408,102.1683,-15.3984,18.31,G09016;G09017
747525527,101.7084,-15.0706,18.42,G09016;G09017
747546953,103.9484,-16.4888,19.04,G09016;G09017
747630559,104.0966,-15.6362,18.53,G09016;G09017
747692645,105.2791,-14.7705,17.64,G09016;G09102;G09017;G09166
747698345,106.4094,-14.8245,18.27,G09016;G09017
747743950,105.2507,-14.5011,18.54,G09016;G09017
747803369,102.6253,-15.248,18.95,G09016;G09017
747803783,102.7015,-15.1596,18.12,G09016;G09017
747884774,102.5732,-14.0461,18.12,G09016;G09017
747908819,102.5909,-13.3356,17.43,G09016;G09102;G09017
747957972,104.5633,-13.2681,18.66,G09016;G09017
747977899,103.2367,-13.3946,18.5,G09016;G09017
747979436,103.7821,-13.3488,18.5,G09016;G09017
748014670,103.7482,-12.7435,18.93,G09016;G09017
748044665,100.2175,-14.4999,18.61,G09016;G09017
748060029,100.0035,-13.5568,19.3,G09016
748066261,101.2185,-13.9706,18.42,G09016;G09017
748078105,100.9157,-13.7781,17.48,G09016;G09102;G09017
748108902,101.8815,-13.0082,18.46,G09016;G09017
748128537,100.3793,-13.3653,18.21,G09016;G09017
748135126,100.6882,-12.8982,18.95,G09016;G09017
748136560,100.2837,-12.9147,18.05,G09016;G09017
748219567,102.3367,-12.1031,18.38,G09016;G09017
748222083,102.0312,-12.0642,19.09,G09016
748228397,101.3127,-11.9876,17.97,G09016;G09102;G09017;G09166
748250588,102.1555,-11.2685,18.25,G09016;G09017
748257254,100.2087,-12.9066,17.92,G09016;G09102;G09017;G09166
748283107,100.6974,-11.7521,17.82,G09016;G09102;G09017;G09166
748317745,101.6831,-11.0728,17.72,G09016;G09102;G09017
748358642,100.7234,-10.4523,19.0,G09016;G09017
748366551,101.0538,-10.4742,17.9,G09016;G09102;G09017;G09166
748367287,101.2279,-10.4068,18.5,G09016;G09017
748377931,101.1587,-10.27,18.5,G09016;G09017
748741080,110.2731,-16.8397,18.81,G09016;G09017
749544491,109.2077,-14.9438,18.85,G09016;G09017
749618795,111.6764,-14.4657,17.35,G09016;G09102;G09017
749715601,111.0168,-13.3918,18.92,G09016;G09017
749815019,107.2878,-14.5274,18.97,G09016;G09017
749836084,108.0835,-14.0893,19.22,G09016
749845262,108.7412,-13.6883,17.62,G09016;G09102;G09017;G09166
749867567,109.8499,-14.1864,18.99,G09016;G09017
749870165,109.4431,-14.2469,19.18,G09016
749897735,109.9354,-13.622,17.99,G09016;G09017
749972776,108.7044,-12.9611,18.54,G09016;G09017
749988647,110.084,-12.6681,18.76,G09016;G09017
751551813,106.3782,-13.9792,18.9,G09016;G09017
751552841,106.3977,-13.8319,18.67,G09016;G09017
751572547,107.2909,-13.5431,17.13,G09016;G09102;G09017
751586294,107.3437,-13.3888,18.3,G09016;G09017
751603162,107.6285,-12.6896,18.05,G09016;G09017
751749128,107.7444,-11.8206,16.83,G09016;G09102;G09017
751763450,108.2611,-11.3057,19.07,G09016
751763616,108.2356,-11.2354,17.54,G09016;G09102;G09017
751781398,105.135,-12.8766,18.65,G09016;G09017
751808464,106.4847,-11.8677,19.08,G09016;G09017
751811558,105.8503,-12.0424,18.63,G09016;G09017
751830467,105.1887,-12.1553,17.8,G09016;G09102;G09017
751844155,104.5756,-11.7055,19.27,G09016
751862213,105.6367,-11.1724,18.93,G09016;G09017
751921111,105.8567,-11.076,18.96,G09016;G09017
752485894,103.6702,-11.422,18.75,G09016;G09017
752486074,103.6461,-11.3714,17.84,G09016;G09102;G09017;G09166
752497163,105.0195,-11.0795,18.72,G09016;G09017
752522915,103.3629,-11.2734,19.19,G09016
752527535,103.2379,-10.956,16.4,G09016;G09102;G09017
752632921,104.886,-9.318,18.96,G09016;G09017
752649725,105.0704,-9.2291,17.97,G09016;G09017
752698843,103.8868,-9.4513,18.93,G09016;G09017
752703164,103.116,-9.7777,17.96,G09016;G09102;G09017
752717178,103.3194,-9.0352,18.8,G09016;G09017
752752021,102.6707,-9.1043,18.83,G09016;G09017
752756262,102.8439,-9.0969,18.71,G09016;G09017
752779386,104.1593,-9.1918,17.27,G09016;G09102;G09017;G09166
752799467,104.6902,-8.8874,18.32,G09016;G09017
25416982,98.3659,-7.5109,16.28,G09016;G09102;G09017;G09166
34659392,95.8945,-14.2406,16.5,G09016;G09102;G09017;G09166
34855316,96.4796,-14.2455,16.34,G09016;G09102;G09017;20SECONDTARGET
37092139,98.2409,-5.0972,15.98,G09016;G09102;G09017
52491609,98.8935,-5.739,17.35,G09016;G09102;G09017
53411117,100.0749,-5.8585,16.27,G09016;G09102;G09017;G09166
66979577,88.6788,-10.5904,14.56,G09016;G09102;G09017
67092726,89.0679,-10.6557,16.36,G09016;G09102;G09017
71513592,90.0876,-10.2348,15.12,G09016;G09102;G09017;20SECONDTARGET
72216833,92.5168,-10.5179,16.25,G09016;G09102;G09017;G09166;20SECONDTARGET
72491234,93.2417,-8.8357,17.58,G09016;G09017
143177769,94.0433,-7.6008,16.78,G09016;G09102;G09017
143219289,94.2171,-8.5628,16.59,G09016;G09102;G09017;G09166
241860983,93.2177,-4.8424,17.63,G09016;G09102;G09017
241862777,93.1026,-3.9402,16.74,G09016;G09102;G09017
250466958,94.1441,-4.5302,15.36,G09016;G09102;G09017;G09166;20SECONDTARGET
443024270,94.7789,-8.4687,16.21,G09016;G09102;G09017;20SECONDTARGET
443119623,95.3361,-6.8254,16.46,G09016;G09102;G09017;G09166
707887614,94.2899,-15.8775,18.04,G09016;G09017
707896263,95.1036,-16.3439,17.79,G09016;G09102;G09017;G09166
707941087,95.6675,-14.8665,18.66,G09016;G09017
708155653,96.0084,-14.5019,18.8,G09016;G09017
708909937,93.831,-15.5943,19.22,G09016
708938988,94.5331,-15.3401,18.84,G09016;G09017
708939527,94.5778,-15.2115,18.93,G09016;G09017
708948993,94.8491,-14.8953,18.9,G09016;G09017
708959542,94.8367,-14.274,18.73,G09016;G09017
708978808,94.8761,-13.8971,18.37,G09016;G09017
709003629,91.8681,-14.1005,19.1,G09016
709015065,91.7729,-13.9153,18.7,G09016;G09017
709020667,91.3632,-13.5344,18.24,G09016;G09017;G09166
709023180,92.7256,-14.1444,19.17,G09016
709066341,92.5954,-12.3316,17.64,G09016;G09102;G09017
709175252,90.6609,-13.2618,19.14,G09016
709175465,90.5539,-13.1958,18.58,G09016;G09017
709204237,91.8388,-12.3029,19.06,G09016
709211830,91.9542,-11.783,18.45,G09016;G09017
709212078,92.0087,-11.671,18.81,G09016;G09017
709222151,90.753,-11.4863,18.39,G09016;G09017
709225681,91.5896,-11.5155,19.12,G09016
709227960,90.8271,-11.4945,18.61,G09016;G09017
709230009,91.6008,-11.0934,17.93,G09016;G09017
709238319,89.7591,-12.0078,19.04,G09016
709238545,89.4483,-12.1223,18.51,G09016;G09017
709264693,90.2798,-10.66,18.89,G09016;G09017
709265186,90.574,-10.6525,18.13,G09016;G09017
709267847,89.1199,-11.022,17.6,G09016;G09102;G09017
709268234,89.3796,-10.8791,18.87,G09016;G09017
709270899,88.8937,-10.7684,17.81,G09016;G09102;G09017;G09166
709271012,88.8193,-10.7428,19.17,G09016
709271451,89.2601,-10.7203,18.02,G09016;G09017
709276393,89.6934,-10.3037,18.75,G09016;G09017
709283372,96.2146,-13.945,18.32,G09016;G09017
709310159,94.798,-13.6608,18.99,G09016;G09017
709311511,94.9984,-13.3341,17.93,G09016;G09102;G09017;G09166
709312736,95.4997,-13.287,17.89,G09016;G09102;G09017;G09166
709321761,95.807,-12.9197,18.61,G09016;G09017
709335316,96.9067,-12.828,17.92,G09016;G09102;G09017;G09166
709387228,97.1297,-11.359,18.65,G09016;G09017
709393572,96.9676,-11.0642,18.25,G09016;G09017
709395446,94.4118,-13.0766,18.03,G09016;G09017
709399743,94.6616,-12.4512,17.76,G09016;G09102;G09017;G09166
709407092,94.7348,-12.2734,19.19,G09016
709413984,94.9956,-11.5187,18.65,G09016;G09017
709416637,93.4338,-12.1127,19.12,G09016
709418795,93.9077,-11.8955,19.12,G09016
709425539,93.9122,-11.6828,17.1,G09016;G09102;G09017
709425957,94.2653,-11.5811,17.37,G09016;G09102;G09017
709426481,94.6176,-11.59,18.22,G09016;G09017
709427476,94.4155,-11.4696,18.71,G09016;G09017
709431950,94.5247,-11.0955,17.99,G09016;G09017
709431951,94.5245,-11.0943,18.22,G09016;G09017
709437595,95.6297,-11.4121,19.27,G09016
709443777,96.2412,-11.119,19.3,G09016
709444075,96.1859,-11.0347,17.25,G09016;G09102;G09017;G09166
709445968,96.847,-10.7628,18.94,G09016;G09017
709452324,94.7187,-11.1015,18.58,G09016;G09017
709454751,95.1516,-10.7505,18.59,G09016;G09017
709458783,94.8423,-10.6952,17.72,G09016;G09102;G09017
709466195,95.8611,-10.0931,19.25,G09016
709466377,95.9519,-10.0146,18.12,G09016;G09017
709466710,95.4054,-10.3885,18.02,G09016;G09017;G09166
709469472,95.7774,-9.9601,18.2,G09016;G09017
709479231,98.6037,-11.5532,18.72,G09016;G09017
709482529,98.178,-11.5169,18.54,G09016;G09017
709485088,97.8416,-11.4089,18.14,G09016;G09017
709507012,98.9141,-10.4052,18.44,G09016;G09017
709531289,98.8293,-9.9335,18.07,G09016;G09017;G09166
709535766,98.6358,-9.9971,19.05,G09016
709558895,99.47,-9.6794,18.58,G09016;G09017
709574777,99.5888,-9.2914,18.9,G09016;G09017
709600588,98.1589,-9.6105,17.58,G09016;G09102;G09017;G09166
709601213,97.957,-9.6212,17.99,G09016;G09102;G09017
709627123,96.6864,-8.9555,18.24,G09016;G09017
709635817,98.843,-8.9461,18.06,G09016;G09017
709637903,98.7752,-8.8102,18.86,G09016;G09017
709637912,98.7495,-8.8012,18.47,G09016;G09017
709639655,98.1867,-9.0255,18.66,G09016;G09017
709644956,98.1925,-8.7094,18.89,G09016;G09017
709646637,98.4127,-8.4728,19.0,G09016
709647863,99.1688,-8.7727,18.55,G09016;G09017
709654672,99.6196,-8.3474,19.3,G09016
709706696,92.7348,-11.951,17.8,G09016;G09102;G09017;G09166
709710794,93.3046,-11.2664,19.14,G09016
709713765,92.9833,-11.2134,19.2,G09016
709714138,92.8875,-11.0587,18.59,G09016;G09017
709728179,92.5425,-10.8435,18.05,G09016;G09017
709743409,94.0496,-10.5709,18.79,G09016;G09017
709744910,94.5076,-10.385,18.81,G09016;G09017
709750918,94.2481,-9.8533,17.98,G09016;G09017
709759167,95.2232,-9.3203,18.1,G09016;G09017
709760033,94.6973,-9.2873,18.25,G09016;G09017
709770438,94.2377,-9.1665,18.91,G09016;G09017
709778043,94.0158,-8.6282,18.85,G09016;G09017
709781319,91.9758,-10.0918,19.21,G09016
709784791,91.464,-9.9504,17.36,G09016;G09102;G09017
709792646,92.1282,-9.461,18.89,G09016;G09017
709795500,90.7024,-9.6064,18.09,G09016;G09017;G09166
709798250,90.1929,-9.6063,17.64,G09016;G09102;G09017
709805357,91.3197,-9.0493,17.82,G09016;G09102;G09017;G09166
709830886,91.7726,-8.5451,18.89,G09016;G09017
709848337,95.9834,-8.7477,18.73,G09016;G09017
709853346,95.5693,-8.6114,19.08,G09016
709872543,94.706,-8.3549,18.94,G09016;G09017
709877247,95.5779,-8.2871,18.33,G09016;G09017
709881110,95.9274,-7.8869,18.21,G09016;G09017
709887442,95.5412,-7.6747,18.26,G09016;G09017
709898430,97.417,-7.6927,16.88,G09016;G09102;G09017
709926126,96.5979,-7.2984,17.82,G09016;G09102;G09017
709933887,96.5329,-6.8813,19.06,G09016
709958647,93.7247,-7.6117,18.33,G09016;G09017
709981561,93.1341,-7.4442,18.88,G09016;G09017
709989540,94.6805,-6.7086,19.09,G09016
709996594,94.3062,-6.2789,17.95,G09016;G09017;G09166
710013765,95.7201,-6.1293,19.3,G09016
710033196,95.2889,-6.0416,19.28,G09016
710149355,87.823,-10.3228,18.66,G09016;G09017
710154077,87.3659,-10.2629,18.93,G09016;G09017
710155285,87.2737,-9.9901,19.22,G09016
710155861,86.983,-9.8419,18.26,G09016;G09017;G09166
710160733,89.4631,-9.9485,17.73,G09016;G09102;G09017;G09166
710169665,87.9054,-9.2861,17.54,G09016;G09017
710171527,89.0631,-9.1077,19.2,G09016
710179743,86.7558,-9.662,18.82,G09016;G09017
710180604,85.8356,-9.602,18.42,G09016;G09017
710183707,86.1846,-9.1118,18.94,G09016;G09017
710184615,86.9948,-9.3847,18.35,G09016;G09017
710185655,87.5742,-8.8936,18.05,G09016;G09017;G09166
710195300,87.2905,-8.183,18.04,G09016;G09017;G09166
710323435,89.6651,-9.2983,19.12,G09016
710325453,90.1452,-9.0138,18.44,G09016;G09017
710334017,91.3506,-8.3556,18.51,G09016;G09017
710347289,89.488,-8.16,18.47,G09016;G09017
710356303,90.0324,-7.4741,17.07,G09016;G09102;G09166;20SECONDTARGET
710358401,91.6667,-8.0808,18.54,G09016;G09017
710364983,91.1339,-7.4694,17.95,G09016;G09102;G09017
710365852,91.9879,-7.4917,17.77,G09016;G09102;G09017
710369374,92.3307,-6.8426,19.19,G09016
710370271,90.5891,-7.6442,18.71,G09016;G09017
710377393,91.4595,-7.1005,17.34,G09016;G09102;G09017;G09166
710377727,91.5461,-6.9854,19.18,G09016
710378982,91.5604,-6.5247,19.12,G09016
710383949,89.2144,-7.8095,18.55,G09016;G09017
710384773,88.7855,-7.6758,18.07,G09016;G09017
710385684,88.2327,-7.8735,18.55,G09016;G09017
710398128,87.7858,-7.4166,18.78,G09016;G09017
710402224,88.0022,-7.0769,18.62,G09016;G09017
710406174,89.0758,-6.6556,16.81,G09016;G09102;G09017
710410451,88.5418,-6.1857,18.64,G09016;G09017
710412703,89.8432,-6.7256,18.97,G09016;G09017
710417009,89.5015,-6.4233,19.05,G09016
710427250,90.786,-5.4834,18.54,G09016;G09017
710427843,89.2199,-6.4226,18.73,G09016;G09017
710437100,90.3538,-5.414,18.92,G09016;G09017
710437923,90.2629,-5.3407,18.45,G09016;G09017
710448979,92.7841,-6.4362,18.69,G09016;G09017
710450029,92.7689,-6.0442,18.31,G09016;G09017
710462070,91.7459,-6.1368,19.13,G09016
710471965,92.7577,-5.1348,18.23,G09016;G09017;G09166
710473943,92.8073,-4.8876,18.29,G09016;G09017
710497698,94.6179,-4.7733,19.15,G09016
710499043,94.5053,-4.7176,19.18,G09016
710514179,93.3406,-4.5883,19.04,G09016
710534734,91.4302,-5.3307,19.19,G09016
710535610,91.6277,-5.0677,17.9,G09016;G09102;G09017
710536651,91.5246,-4.9346,18.86,G09016;G09017
710547758,90.3891,-5.0583,18.48,G09016;G09017
710548518,91.0717,-5.052,18.86,G09016;G09017
710549298,91.2748,-4.7579,19.15,G09016
710552322,90.1453,-4.6981,19.17,G09016
710552358,90.1703,-4.6601,18.89,G09016;G09017
710554455,90.5856,-4.3873,18.84,G09016;G09017
710572966,92.5032,-4.0104,18.4,G09016;G09017
710574939,92.926,-3.8309,18.48,G09016;G09017
710582560,93.7562,-3.489,18.23,G09016;G09017
710586503,93.1711,-3.4114,19.04,G09016
710588423,93.2963,-3.375,17.84,G09016;G09102;G09017
710595930,92.4572,-3.4774,18.76,G09016;G09017
710603710,92.7679,-3.4513,18.01,G09016;G09017
710610098,93.0752,-2.7635,17.92,G09016;G09102;G09017;G09166
710611029,92.4935,-3.0835,18.95,G09016;G09017
710705159,90.0327,-4.7058,17.56,G09016;G09102;G09017;G09166
710713588,90.6683,-3.9765,19.14,G09016
710716749,90.9231,-3.6473,18.96,G09016;G09017
710849627,99.3953,-7.8869,18.88,G09016;G09017
710852248,99.3534,-7.7778,18.93,G09016;G09017
710902274,99.9895,-6.1688,18.27,G09016;G09017
710904281,99.899,-6.195,18.6,G09016;G09017
710912498,98.8709,-6.6791,18.83,G09016;G09017
710912899,98.7951,-6.72,18.67,G09016;G09017
710964731,97.426,-6.1062,19.24,G09016
710974475,98.3062,-5.812,18.64,G09016;G09017
710974488,98.3067,-5.8111,18.7,G09016;G09017
710981884,98.9221,-5.4073,14.58,G09016;G09102;G09017;20SECONDTARGET
711029566,98.761,-5.0378,18.85,G09016;G09017
711057995,96.9777,-5.9187,19.06,G09016
711058957,97.2798,-5.7558,18.29,G09016;G09017
711059105,97.2297,-5.7126,18.18,G09016;G09017
711068149,96.6939,-5.4555,18.48,G09016;G09017
711073934,97.102,-5.0823,18.31,G09016;G09017
711078559,97.8707,-5.12,18.35,G09016;G09017
711119424,97.2053,-4.6318,19.09,G09016
711129500,97.3255,-4.069,18.51,G09016;G09017
711134764,96.7406,-4.0807,17.87,G09016;G09102;G09017;G09166
711279378,95.862,-4.4546,18.32,G09016;G09017
711304812,96.4927,-3.6925,18.65,G09016;G09017
711305038,96.5391,-3.6251,18.79,G09016;G09017
711321794,94.9761,-3.7278,18.07,G09016;G09017
711442734,94.5586,-3.0847,18.59,G09016;G09017
711463806,94.5823,-2.6617,19.01,G09016
711466675,94.4023,-2.3917,18.97,G09016;G09017
711467527,94.5559,-2.2538,19.02,G09016;G09017
711473793,93.6042,-2.7772,18.71,G09016;G09017
711476068,93.3486,-2.6224,19.12,G09016
711480155,93.8695,-2.2775,18.02,G09016;G09017
711484553,93.2071,-2.1856,17.66,G09016;G09102;G09017
711488065,93.5951,-1.9307,17.03,G09016;G09102;G09017;G09166
711867265,93.2483,-1.8241,18.41,G09016;G09017
711876055,92.8532,-1.3163,19.26,G09016
711879311,93.2593,-1.4367,17.94,G09016;G09102;G09017;G09166
748398024,100.0148,-9.7485,19.13,G09016
748417083,100.2125,-9.3553,18.84,G09016;G09017
755570183,101.0562,-8.2511,19.07,G09016
755856438,100.2183,-6.1657,18.63,G09016;G09017
32679466,85.7457,-24.1808,16.15,G09016;G09102;G09017
32829486,86.822,-25.8838,17.28,G09016;G09102;G09017
32947827,87.6948,-24.1473,16.68,G09016;G09102;G09017
33003331,87.9184,-25.5012,16.75,G09016;G09102;G09017;G09166
33418838,87.5139,-22.9902,16.7,G09016;G09102;G09017
33422869,87.6009,-19.7898,18.42,G09016;G09017
93052912,84.3067,-22.8186,16.69,G09016;G09102;G09017
93238424,85.7065,-19.0198,15.38,G09016;G09102;G09017
124033256,91.6228,-19.8414,17.03,G09016;G09102;G09017;G09166
139412418,80.1666,-18.9463,16.25,G09016;G09102;G09017
139421669,80.4348,-21.0238,17.07,G09016;G09017;G09102;G09166;20SECONDTARGET
143337175,82.2225,-17.6736,16.64,G09016;G09102;G09017;G09166
317131676,86.7852,-12.8438,16.48,G09016;G09102;G09017;G09166
318015989,90.0956,-14.8812,17.35,G09016;G09102;G09017
393795166,81.1242,-19.0986,18.14,G09016;G09017
442962289,81.4481,-17.5642,16.57,G09016;G09102;G09017;G09166;20SECONDTARGET
671170157,79.6696,-20.5144,18.98,G09016;G09017
671175247,79.1367,-19.8467,18.03,G09016;G09017
671177482,79.8222,-19.9959,18.84,G09016;G09017
671177810,79.4363,-20.0159,17.07,G09016;G09102;G09017
671179491,79.1503,-19.5661,18.44,G09016;G09017
671180999,79.994,-19.2166,18.38,G09016;G09017
671337566,79.1453,-18.7517,18.62,G09016;G09017
671340679,79.7679,-18.0252,16.23,G09016;G09102;G09017
706646083,87.3339,-26.5039,19.16,G09016
706646349,87.4114,-26.4049,19.18,G09016
706657703,86.3657,-25.702,18.88,G09016;G09017
706659041,87.1253,-25.5786,18.91,G09016;G09017
706660883,86.9255,-25.4607,18.57,G09016;G09017
706668580,88.6942,-24.8581,18.97,G09016;G09017
706674566,89.2211,-24.1972,18.66,G09016;G09017
706682340,88.8628,-23.9266,18.83,G09016;G09017
706682703,89.0202,-23.7934,18.47,G09016;G09017
706684345,88.2124,-23.6965,18.49,G09016;G09017
706696637,85.5551,-24.7232,19.08,G09016
706696872,85.6279,-24.4827,18.53,G09016;G09017
706701880,86.0936,-23.7756,19.03,G09016;G09017
706702501,85.6011,-23.8992,18.78,G09016;G09017
706716704,87.103,-23.3122,17.55,G09016;G09102;G09017
706718218,85.9444,-23.4014,17.94,G09016;G09102;G09017;G09166
706721866,87.866,-22.674,17.42,G09016;G09102;G09017;G09166
706722347,87.297,-22.6165,18.99,G09016;G09017
706724038,86.7852,-22.4577,19.11,G09016
706730125,89.5133,-23.8854,19.21,G09016
706741470,89.5823,-23.4109,18.82,G09016;G09017
706744409,88.9664,-23.0316,17.23,G09016;G09017;G09102;G09166
706744430,89.3006,-23.2881,19.26,G09016
706751856,89.9272,-22.4287,19.04,G09016
706775140,90.8215,-21.871,18.48,G09016;G09017
706778059,91.2509,-21.7847,18.78,G09016;G09017
706790976,88.8121,-22.2956,18.59,G09016;G09017
706791581,88.7003,-22.2447,18.96,G09016;G09017
706796488,88.7127,-22.0916,18.78,G09016;G09017
706802242,88.2534,-21.7435,18.21,G09016;G09017
706805938,88.7985,-21.7843,18.66,G09016;G09017
706806831,88.5558,-21.614,18.6,G09016;G09017
706808218,88.922,-21.3997,19.2,G09016
706809942,88.1057,-21.4144,19.25,G09016
706817011,89.5287,-21.4786,18.07,G09016;G09017
706821434,90.5767,-20.8783,19.15,G09016
706828791,89.3004,-21.0257,18.61,G09016;G09017
706834017,89.1222,-20.3424,18.85,G09016;G09017
706835728,89.742,-20.4325,19.02,G09016
707607820,92.1006,-20.8105,17.97,G09016;G09102;G09017;G09166
707649390,93.1428,-19.1869,18.32,G09016;G09017
707668994,91.0915,-19.9645,17.85,G09016;G09102;G09017;G09166
707683004,91.0085,-19.4175,18.82,G09016;G09017
707683005,91.0081,-19.4168,17.52,G09016;G09102;G09017;G09166
707687259,90.7302,-18.8849,18.99,G09016;G09017
707695366,92.971,-19.1995,19.11,G09016;G09017
707701694,92.8476,-18.643,19.29,G09016
707706071,93.9132,-18.4471,18.78,G09016;G09017
707710899,93.1653,-18.0101,19.1,G09016;G09017
707711183,93.5977,-18.0963,18.34,G09016;G09017
707712210,93.7496,-17.8004,18.86,G09016;G09017
707726728,92.4962,-17.6357,18.98,G09016;G09017
707874919,93.4732,-16.7735,18.6,G09016;G09017
707874966,93.437,-16.7797,19.13,G09016
708376218,81.7965,-22.3605,17.77,G09016;G09017
708382879,80.8795,-21.6598,19.15,G09016
708382880,80.879,-21.6594,18.87,G09016;G09017
708389040,83.9303,-23.7425,19.06,G09016
708392509,85.4165,-23.1404,18.64,G09016;G09017
708393299,84.4812,-23.3089,18.93,G09016;G09017
708394158,85.1796,-23.0373,18.94,G09016;G09017
708394895,83.7054,-23.9259,17.09,G09016;G09102;G09017
708399455,84.5938,-23.0757,19.21,G09016
708402979,84.3853,-22.4136,18.9,G09016;G09017
708404238,85.9704,-23.1064,18.36,G09016;G09017
708405095,85.7209,-22.7977,17.76,G09016;G09017;G09166
708407725,85.7784,-22.5701,18.06,G09016;G09017
708411544,86.8405,-21.7371,18.43,G09016;G09017
708414476,85.116,-22.4883,18.75,G09016;G09017
708414697,85.1871,-22.4154,18.88,G09016;G09017
708415351,85.0813,-22.1984,19.12,G09016
708420511,85.6687,-21.517,18.2,G09016;G09017
708441337,83.1922,-21.0612,17.95,G09016;G09102;G09017;G09166
708442234,84.4699,-21.857,19.28,G09016
708444291,84.6944,-21.255,18.18,G09016;G09017;G09166
708444942,84.3004,-21.4127,17.77,G09016;G09102;G09017
708447582,85.3003,-20.9551,18.21,G09016;G09017;G09166
708450348,84.6169,-20.6747,18.5,G09016;G09017
708458189,84.5955,-20.2359,19.06,G09016
708460966,84.2159,-19.8549,17.77,G09016;G09102;G09017
708462307,87.0879,-21.7819,19.17,G09016
708462439,87.0236,-21.705,17.43,G09016;G09102;G09017
708469986,88.0757,-20.7063,18.65,G09016;G09017
708470625,87.4261,-20.9598,17.7,G09016;G09102;G09017
708482935,86.8216,-19.8716,18.89,G09016;G09017
708492002,89.4528,-19.7862,18.14,G09016;G09017
708492844,89.3702,-19.6239,18.52,G09016;G09017
708494605,89.6696,-19.416,18.93,G09016;G09017
708496213,88.8405,-19.4448,17.87,G09016;G09102;G09017
708498646,89.4233,-18.9669,18.93,G09016;G09017
708498660,89.372,-18.9968,18.76,G09016;G09017
708510884,88.595,-18.6149,18.61,G09016;G09017
708512865,86.024,-20.3882,18.59,G09016;G09017
708513923,86.1008,-20.2166,18.23,G09016;G09017
708515379,85.719,-20.1232,19.22,G09016
708516365,85.64,-19.969,17.61,G09016;G09102;G09017;G09166
708522611,86.4387,-19.046,17.53,G09016;G09102;G09017;G09166
708523381,85.2848,-19.7426,18.34,G09016;G09017
708524072,85.0852,-19.4984,18.27,G09016;G09017
708524294,85.3004,-19.6221,18.02,G09016;G09017
708524306,85.3312,-19.5854,18.9,G09016;G09017
708524810,85.3116,-19.5109,18.71,G09016;G09017
708525186,85.3443,-19.3512,17.06,G09016;G09102;G09017;G09166
708526059,84.5867,-19.5423,18.47,G09016;G09017
708530362,85.969,-18.7299,17.63,G09016;G09102;G09017
708532067,85.7988,-18.758,18.74,G09016;G09017
708534944,87.6174,-19.0581,19.11,G09016
708537563,86.9252,-18.7488,19.04,G09016
708541930,88.0918,-18.3048,18.92,G09016;G09017
708544528,87.9765,-18.0817,19.15,G09016
708548745,86.8756,-18.04,18.09,G09016;G09017
708549381,86.261,-18.273,18.47,G09016;G09017
708556395,86.9152,-17.446,18.53,G09016;G09017
708559447,81.5417,-21.4198,19.11,G09016
708560876,81.3031,-21.3916,16.86,G09016;G09102;G09017
708562643,82.2879,-21.2298,19.01,G09016;G09017
708562769,82.2021,-21.1229,19.11,G09016
708565332,81.85,-20.7046,19.21,G09016
708567080,80.9057,-21.1118,18.75,G09016;G09017
708569581,80.2775,-20.6749,19.17,G09016
708570647,80.9229,-20.2847,18.0,G09016;G09017
708578316,82.6646,-19.8829,19.05,G09016
708580851,84.0218,-19.6299,18.77,G09016;G09017
708585345,82.6045,-19.4926,18.61,G09016;G09017
708590991,82.712,-18.6909,19.19,G09016
708594283,80.2171,-19.911,19.04,G09016
708596217,81.2404,-19.5611,17.44,G09016;G09102;G09017;G09166
708598319,81.0604,-19.167,18.12,G09016;G09017
708600026,80.7784,-18.7954,18.17,G09016;G09017
708602771,82.1545,-18.8579,17.45,G09016;G09102;G09017;G09166
708604447,81.5517,-18.7303,18.71,G09016;G09017
708611231,81.1887,-18.0689,19.14,G09016
708614708,81.8035,-17.5421,18.67,G09016;G09017
708614736,81.6975,-17.5668,18.14,G09016;G09017;G09166
708618135,84.8045,-19.0429,19.14,G09016
708618664,84.9338,-18.7412,18.07,G09016;G09017;G09166
708620286,84.0694,-18.6721,18.33,G09016;G09017
708623383,85.7194,-18.2329,18.61,G09016;G09017
708627766,83.6555,-18.3268,18.88,G09016;G09017
708631110,83.6132,-17.7302,17.81,G09016;G09017
708634034,84.3346,-17.5684,17.58,G09016;G09102;G09017;G09166
708634076,84.2847,-17.5237,19.11,G09016
708634619,84.0359,-17.4621,18.59,G09016;G09017
708653516,85.7871,-16.6788,19.06,G09016;G09017
708657626,85.8922,-16.2048,18.57,G09016;G09017
708658149,85.8708,-15.9618,18.35,G09016;G09017
708658507,85.6739,-15.9502,18.73,G09016;G09017
708660669,83.1332,-17.6371,18.59,G09016;G09017
708669156,82.6659,-17.0944,17.03,G09016;G09102;G09017
708669730,82.4194,-16.9717,18.73,G09016;G09017
708671267,82.324,-16.7791,18.81,G09016;G09017
708671894,82.1174,-16.5768,19.06,G09016;G09017
708673082,82.8203,-16.537,16.87,G09016;G09102;G09017;G09166
708673800,83.5361,-16.3129,19.05,G09016
708680440,83.9927,-16.2631,19.11,G09016
708684247,85.3447,-15.7404,18.73,G09016;G09017
708699156,80.5059,-17.5539,19.04,G09016
708699913,80.0852,-17.3177,17.74,G09016;G09102;G09017;G09166
708700058,80.2471,-17.06,17.33,G09016;G09102;G09017;G09166
708701388,81.4358,-16.966,18.61,G09016;G09017
708702343,80.7273,-16.8692,19.27,G09016
708702478,80.2355,-17.0053,18.55,G09016;G09017
708706516,81.6392,-16.8565,19.19,G09016
708707968,81.854,-16.3471,18.45,G09016;G09017
708708243,81.8493,-16.2317,18.79,G09016;G09017
708709495,81.7856,-16.0833,18.28,G09016;G09017
708711046,82.1902,-15.864,18.58,G09016;G09017
708711345,82.475,-15.8659,18.88,G09016;G09017
708715918,81.1752,-15.6234,17.81,G09016;G09102;G09017
708724185,82.515,-15.2448,18.77,G09016;G09017
708725171,82.9682,-14.971,18.61,G09016;G09017
708726514,83.6095,-14.8919,19.18,G09016
708726777,83.7695,-14.7878,19.18,G09016
708727939,84.1578,-14.5264,18.44,G09016;G09017
708732808,82.8397,-14.5112,19.17,G09016
708735237,82.1654,-14.2522,17.33,G09016;G09102;G09017;G09166
708735865,83.0325,-14.2966,19.1,G09016
708738599,82.8604,-13.8526,18.27,G09016;G09017
708739427,82.9977,-13.8028,18.86,G09016;G09017
708783203,90.0621,-18.3868,17.16,G09016;G09017;G09102
708783247,90.0573,-18.3176,17.56,G09016;G09102;G09017;G09166
708783790,90.5764,-18.7016,19.27,G09016
708785647,91.0669,-18.3032,17.8,G09016;G09017
708797384,89.1992,-17.9101,19.17,G09016
708797516,88.998,-17.9195,17.74,G09016;G09102;G09017
708798858,90.2721,-17.8421,16.82,G09016;G09102;G09017;G09166
708811233,91.2248,-17.4961,17.56,G09016;G09102;G09017
708819116,92.4802,-16.7541,18.38,G09016;G09017
708824287,90.5516,-17.417,19.28,G09016
708828195,90.2714,-17.1115,18.75,G09016;G09017
708835286,91.7258,-16.3533,18.93,G09016;G09017
708842226,88.3197,-17.8521,19.0,G09016;G09017
708846927,88.8506,-17.3138,18.67,G09016;G09017
708848247,89.3583,-17.4647,19.29,G09016
708854401,89.4096,-16.6256,18.67,G09016;G09017
708855863,87.8751,-17.3086,19.3,G09016
708856831,87.9635,-17.0729,17.91,G09016;G09102;G09017;G09166
708862596,88.3915,-16.7358,17.15,G09016;G09102;G09017;G09166
708866654,88.2646,-16.159,18.62,G09016;G09017
708870250,89.9882,-16.4785,18.3,G09016;G09017
708894738,89.7985,-14.7978,19.09,G09016
708991019,91.2742,-15.1248,17.97,G09016;G09102;G09017
708993596,91.1734,-14.7706,19.16,G09016
709005667,90.4095,-14.7455,18.9,G09016;G09017
709008525,90.3424,-14.6304,19.21,G09016
709073521,87.8722,-16.185,19.17,G09016;G09017
709074172,87.7191,-16.0701,18.75,G09016;G09017
709075328,88.3827,-15.7753,17.71,G09016;G09102;G09017;G09166
709078048,87.5057,-15.5036,17.77,G09016;G09102;G09017
709084800,86.3932,-15.4777,18.96,G09016;G09017
709090199,87.1632,-14.8672,18.35,G09016;G09017
709093683,89.0088,-15.106,18.85,G09016;G09017
709094869,88.3548,-15.2203,17.56,G09016;G09102;G09017;G09166
709096873,88.8805,-14.8287,18.04,G09016;G09017
709096918,88.8387,-14.7886,18.36,G09016;G09017
709101362,89.0544,-14.6215,17.52,G09016;G09102;G09017
709107734,87.5491,-14.6735,18.06,G09016;G09017
709114819,88.204,-13.874,19.02,G09016
709128543,84.9449,-14.9612,18.92,G09016;G09017
709138148,85.6844,-13.619,18.3,G09016;G09017
709138938,87.134,-14.2987,18.58,G09016;G09017
709145161,87.8627,-13.6642,19.08,G09016;G09017
709147902,88.1685,-13.0555,19.07,G09016
709153817,86.8214,-13.1594,17.85,G09016;G09102;G09017;G09166
709156474,86.4129,-12.962,18.6,G09016;G09017
709158747,87.5328,-12.8129,18.88,G09016;G09017
709160338,86.8403,-12.8713,18.09,G09016;G09017
709164513,89.7745,-14.201,18.52,G09016;G09017
709179590,89.3032,-13.4746,18.48,G09016;G09017
709181499,88.9942,-13.4429,17.74,G09016;G09102;G09017
709241695,87.8109,-12.5084,18.77,G09016;G09017
709245524,87.2295,-12.003,18.35,G09016;G09017
710062949,84.7985,-14.005,18.74,G09016;G09017
710064373,84.2175,-13.9973,18.08,G09016;G09017;G09166
710067093,85.2451,-13.4758,18.69,G09016;G09017
710078842,84.7426,-12.4204,18.33,G09016;G09017
710079961,84.1059,-12.4692,18.97,G09016;G09017
710082990,86.0338,-12.7878,19.2,G09016
710086029,86.0431,-12.2789,19.29,G09016
710093535,85.1108,-12.2646,18.41,G09016;G09017
710097438,84.8171,-11.7323,18.93,G09016;G09017
710098238,85.8209,-11.7606,18.24,G09016;G09017
710098776,85.4772,-11.7447,19.29,G09016
710103149,85.8064,-10.9674,19.23,G09016
710103155,85.8761,-10.9431,19.27,G09016
710109001,84.043,-12.3086,18.56,G09016;G09017
710109423,84.108,-12.0328,18.59,G09016;G09017
49835817,111.7786,-16.7371,16.82,G09016;G09102;G09017
56038863,113.1316,-17.8424,16.58,G09016;G09102;G09017;G09166
128902999,118.4834,-25.3989,15.47,G09016;G09017
141515459,117.3752,-23.5059,16.81,G09016;G09102;G09017
289113764,115.0955,-17.4177,12.82,G09016;G09017;G09102
349323840,114.4562,-18.2689,16.12,G09016;G09102;G09017
385910710,111.2091,-17.1631,18.11,G09016;G09017
744966372,106.4646,-23.3836,18.04,G09016;G09017
745089593,109.0445,-22.5953,17.35,G09016;G09017;G09166
745123103,109.2185,-21.7062,18.61,G09016;G09017
745167492,107.7463,-21.5639,18.63,G09016;G09017
745190869,108.6794,-21.1091,17.55,G09016;G09102;G09017
745195351,107.8017,-21.4312,19.19,G09016
745196629,107.7242,-21.3497,18.46,G09016;G09017
745198175,107.815,-21.2028,18.43,G09016;G09017
745411191,108.1452,-20.6917,17.82,G09016;G09102;G09017
745516161,109.4559,-21.7084,17.82,G09016;G09017
745683415,109.1355,-20.1285,19.23,G09016
745788327,111.5214,-19.2537,18.2,G09016;G09017
745904208,108.6905,-20.1849,18.98,G09016;G09017
746048306,110.5955,-18.5387,19.02,G09016;G09017
746067208,110.2663,-18.2785,18.42,G09016;G09017
746074212,110.4981,-18.1089,17.0,G09016;G09102;G09017
746111336,109.9116,-17.8593,18.95,G09016;G09017
748433298,112.7046,-19.1325,18.44,G09016;G09017
748436543,112.5142,-19.0243,19.24,G09016
748443078,112.914,-18.6733,18.7,G09016;G09017
748460262,113.3599,-18.4291,18.69,G09016;G09017
748498875,112.2167,-18.0366,17.27,G09016;G09102;G09017;G09166
748509996,112.0421,-17.8474,17.87,G09016;G09102;G09017
748520529,112.9243,-17.5547,17.78,G09016;G09102;G09017;G09166
748526716,112.1925,-17.429,17.14,G09016;G09102;G09017
748586827,114.2526,-17.1248,18.8,G09016;G09017
748621185,112.5463,-16.9681,16.59,G09016;G09102;G09017;G09166
748696746,110.9459,-17.283,19.03,G09016
748701552,111.9604,-17.2194,18.39,G09016;G09017
748701923,111.553,-17.3576,19.21,G09016
748702832,111.8175,-17.2464,17.45,G09016;G09102;G09017
748729780,110.779,-17.1251,18.05,G09016;G09017
748759206,110.8184,-16.3856,16.87,G09016;G09102;G09017;G09166
748817028,112.9219,-15.9417,18.15,G09016;G09017
748846891,111.5805,-15.9045,19.02,G09016
748920727,114.8602,-16.2901,18.23,G09016;G09017
748949220,116.326,-15.6167,19.02,G09016
748958637,115.5194,-15.5575,18.2,G09016;G09017
776558753,116.8561,-28.2378,17.58,G09016;G09102;G09017;G09166
776564227,116.6338,-28.0879,19.21,G09016
776585501,116.1666,-27.8641,19.18,G09016
776586392,116.3199,-27.8466,18.31,G09016;G09017
776717437,117.1474,-26.7436,19.1,G09016
776717501,117.1476,-26.7085,17.92,G09016;G09017
776914466,117.361,-25.7284,18.41,G09016;G09017
779313819,115.0709,-27.0574,18.65,G09016;G09017
779318713,114.5018,-27.3105,18.93,G09016;G09017
779404448,114.0126,-26.5874,18.78,G09016;G09017
779413962,113.5892,-26.6384,18.71,G09016;G09017
779418537,113.3411,-26.5012,18.25,G09016;G09017
779678826,112.8219,-26.4372,18.23,G09016;G09017
779717891,113.165,-25.9832,18.82,G09016;G09017
779724160,113.7808,-25.8538,18.38,G09016;G09017
779789809,111.7154,-25.851,18.26,G09016;G09017
779789830,111.6979,-25.8329,17.05,G09016;G09102;G09017;G09166
779790682,111.7712,-25.7149,18.62,G09016;G09017
779908146,116.3012,-26.0796,17.93,G09016;G09102;G09017;G09166
779991706,114.5079,-25.5698,18.66,G09016;G09017
780016862,115.6489,-25.2791,17.73,G09016;G09102;G09017
780142689,117.3688,-24.6006,18.98,G09016;G09017
780171850,115.8111,-25.0125,18.06,G09016;G09017
780235595,117.1868,-24.1828,18.1,G09016;G09017
780403725,113.214,-24.4699,19.0,G09016
780407423,113.2351,-24.3256,18.57,G09016;G09017
780470923,115.5916,-24.1909,19.2,G09016
780473514,115.9493,-24.0227,18.6,G09016;G09017
780473706,115.99,-23.9796,18.0,G09016;G09102;G09017
780529810,116.117,-23.3865,19.06,G09016
780851614,109.6599,-25.2179,18.62,G09016;G09017
780883703,111.0628,-25.2852,18.8,G09016;G09017
780929167,111.6352,-24.3777,18.77,G09016;G09017
780939610,110.4598,-24.9501,18.53,G09016;G09017
780948603,110.7509,-24.7776,17.63,G09016;G09102;G09017;G09166
781018068,111.032,-23.5629,18.14,G09016;G09017
781081228,109.2623,-24.5968,19.22,G09016
781090879,108.7133,-24.6906,18.56,G09016;G09017
781152902,108.2116,-24.4734,18.88,G09016;G09017
781217454,110.0692,-23.9905,19.22,G09016
781228459,109.2545,-24.0166,18.42,G09016;G09017
781231961,109.3702,-23.7937,18.83,G09016;G09017
781274831,110.6148,-23.0961,18.09,G09016;G09017;G09166
781276478,110.4423,-22.9779,18.89,G09016;G09017
781290085,108.8947,-23.7073,16.67,G09016;G09102;G09017
781323205,109.1081,-23.0884,18.93,G09016;G09017
781324288,109.2243,-22.9485,17.33,G09016;G09102;G09017;G09166
781344589,110.142,-22.8611,18.49,G09016;G09017
781357616,109.2407,-22.8096,18.85,G09016;G09017
781380503,112.4283,-24.5055,17.6,G09016;G09102;G09017;G09166
781425059,113.1932,-23.7239,18.09,G09016;G09017
781470384,112.2538,-23.5328,19.11,G09016
781523734,112.1937,-22.4229,18.04,G09016;G09017
781526136,112.7823,-22.3956,18.03,G09016;G09017
781592165,114.9192,-22.1361,19.02,G09016
781651090,113.0253,-21.9326,18.37,G09016;G09017
781658094,113.1483,-21.894,19.17,G09016
781658096,113.1458,-21.896,17.92,G09016;G09102;G09017;G09166
781744643,111.2538,-22.3576,19.14,G09016
781754850,112.0056,-22.258,18.33,G09016;G09017
781877451,111.181,-21.1566,18.84,G09016;G09017
782037411,112.8059,-20.2708,18.07,G09016;G09017
782040877,113.0121,-20.074,17.88,G09016;G09102;G09017;G09166
782050287,112.3264,-20.2228,19.11,G09016
782260312,118.1806,-24.3809,19.12,G09016
782382858,117.3791,-23.1506,18.29,G09016;G09017
782437931,119.6993,-22.8573,18.2,G09016;G09017
782458079,119.3535,-22.5722,17.72,G09016;G09102;G09017;G09166
782532037,119.6632,-21.5741,18.97,G09016;G09017
782568181,116.4775,-22.9785,18.15,G09016;G09017
782584518,116.2286,-22.825,18.92,G09016;G09017
782596998,116.6622,-22.4253,17.95,G09016;G09102;G09017;G09166
782621856,117.8536,-21.913,19.24,G09016
782755323,117.7756,-21.6599,19.11,G09016
782755608,117.7319,-21.6229,18.75,G09016;G09017
782769614,118.3281,-21.0731,18.87,G09016;G09017
782924892,119.1131,-20.0198,18.92,G09016;G09017
782968807,118.4461,-19.2626,18.34,G09016;G09017
783127903,114.4395,-20.8179,18.66,G09016;G09017
783145106,115.4336,-20.6128,18.7,G09016;G09017
783216450,116.4175,-19.8308,16.35,G09016;G09102;G09017
783217275,116.4927,-19.7253,19.07,G09016
783226668,117.2704,-19.6724,18.31,G09016;G09017
783228248,117.3142,-19.6339,19.04,G09016
783254874,117.4969,-19.0171,18.09,G09016;G09017
783267141,116.2408,-19.6603,17.57,G09016;G09102;G09017;G09166
783340019,113.9886,-20.4976,17.68,G09016;G09102;G09017;G09166
783400689,114.6326,-19.4091,18.27,G09016;G09017
783481304,115.7337,-18.9344,18.49,G09016;G09017
783552685,114.792,-18.4131,17.76,G09016;G09102;G09017
783575017,114.3349,-18.1106,18.8,G09016;G09017
783595260,115.2835,-17.817,17.93,G09016;G09102;G09017
783603253,115.6259,-17.5804,18.81,G09016;G09017
783661277,118.0822,-18.3608,19.15,G09016
783672186,119.3336,-18.3246,18.09,G09016;G09017
783730092,118.1914,-18.0273,17.94,G09016;G09102;G09017;G09166
783732870,118.3283,-17.8128,17.32,G09016;G09102;G09017
783782968,119.1467,-17.3317,17.93,G09016;G09102;G09017
783813175,118.6668,-17.0952,19.19,G09016
783816073,118.2102,-17.0321,18.18,G09016;G09017
783920456,117.458,-16.7112,17.91,G09016;G09102;G09017;G09166
783923791,117.4009,-16.6436,19.03,G09016
783948206,116.3337,-16.6827,18.0,G09016;G09017
833266596,120.1886,-23.0846,18.49,G09016;G09017
833269261,120.374,-22.9359,16.84,G09016;G09102;G09017
833280474,120.6918,-23.0432,18.89,G09016;G09017
833307065,121.1325,-22.3795,18.03,G09016;G09017
833642287,121.467,-21.7024,18.13,G09016;G09017;G09166
834671031,120.3687,-22.1397,18.71,G09016;G09017
834675974,120.0949,-22.0802,18.29,G09016;G09017
834697964,120.844,-21.5176,18.89,G09016;G09017
834741367,121.266,-20.9298,19.14,G09016
834754561,121.3535,-20.3816,18.55,G09016;G09017
834813365,121.0358,-19.7602,18.86,G09016;G09017
834837658,121.7835,-20.0538,18.66,G09016;G09017
834843314,122.2012,-19.9162,18.72,G09016;G09017
834843319,122.2003,-19.9159,18.43,G09016;G09017
834863474,122.4419,-19.5051,18.6,G09016;G09017
834957024,120.9345,-19.3806,17.47,G09016;G09102;G09017
834975812,120.3663,-18.9138,17.96,G09016;G09102;G09017
834996451,121.7929,-18.3396,17.84,G09016;G09102;G09017
835026932,120.5865,-18.0024,18.44,G09016;G09017
22866080,108.9581,-37.1105,16.36,G09016;G09017;20SECONDTARGET
22868366,108.9453,-38.8679,15.75,G09016;G09102;G09017;G09166
65144290,107.8091,-25.3027,14.47,G09016;G09017;G09166;20SECONDTARGET
66599481,109.4655,-28.491,16.43,G09016;G09102;G09017;G09166
96391732,103.9923,-32.5617,17.07,G09016;G09102;G09017
97656215,107.2592,-34.2984,16.94,G09016;G09102;G09017;G09166
107255233,110.834,-27.7895,14.92,G09016;G09102;G09017;20SECONDTARGET
109692639,113.409,-28.2723,16.05,G09016;G09102;G09017;G09166
110481341,114.4133,-29.7493,14.89,G09016;G09102;G09017;G09166
112115538,111.7805,-30.6706,16.65,G09016;G09102;G09017;G09166
173755791,112.7826,-37.1486,16.87,G09016;G09102;G09017
738413659,99.7746,-33.9434,18.5,G09016;G09017
738413735,99.9551,-33.9653,19.17,G09016
738414966,99.8889,-33.6436,18.53,G09016;G09017
738415311,99.9761,-33.5803,17.98,G09016;G09102;G09017;G09166
738418803,99.9984,-33.1975,19.0,G09016;G09017
744072384,104.9783,-26.2432,18.37,G09016;G09017
744157718,105.956,-25.1674,17.67,G09016;G09102;G09017;G09166
744158219,105.6171,-25.3589,18.25,G09016;G09017
744178013,105.4779,-24.7766,19.1,G09016
771494505,108.9746,-38.5107,19.1,G09016
771498710,109.0232,-38.0986,18.97,G09016;G09017
771526572,108.4612,-37.8932,18.09,G09016;G09017
771527689,108.5726,-37.7712,19.2,G09016
771531211,107.8255,-37.8288,18.44,G09016;G09017
771632058,106.2636,-37.4944,18.59,G09016;G09017
771638971,105.9179,-37.2832,18.21,G09016;G09017
771649952,106.8055,-36.6077,19.09,G09016
771657291,106.9668,-36.2816,17.86,G09016;G09017
771847698,104.6632,-36.5104,18.5,G09016;G09017
771858992,105.3357,-36.7789,17.7,G09016;G09102;G09017
771873713,106.3862,-36.0682,18.3,G09016;G09017
771881847,105.7117,-35.887,19.16,G09016
771882549,106.0758,-35.7301,18.26,G09016;G09017
771890147,104.7669,-36.329,19.15,G09016
771892658,104.8087,-35.9006,18.64,G09016;G09017
771909270,105.8456,-35.0283,17.91,G09016;G09017
771913185,105.2602,-35.1688,17.88,G09016;G09017
771932457,102.6877,-35.9127,18.57,G09016;G09017
771937827,103.7747,-35.6526,17.39,G09016;G09102;G09017
771961277,102.7329,-35.5869,18.48,G09016;G09017
771961457,102.7487,-35.5232,18.69,G09016;G09017
771964056,102.543,-35.0891,19.27,G09016
771985792,103.9145,-34.5646,17.53,G09016;G09102;G09017;G09166
772004558,103.3882,-34.6102,18.01,G09016;G09017
772006659,103.3305,-34.2884,18.53,G09016;G09017
772026385,104.019,-33.5462,18.24,G09016;G09017
772051088,101.6495,-35.0994,17.55,G09016;G09102;G09017
772060916,102.1594,-34.458,19.02,G09016
772064731,102.1464,-34.1515,17.28,G09016;G09102;G09017;G09166
772073696,100.3919,-34.4983,17.43,G09016;G09102;G09017
772084194,101.1061,-33.91,18.96,G09016;G09017
772084617,101.0782,-33.8256,18.31,G09016;G09017
772099393,103.1274,-33.5568,17.59,G09016;G09102;G09017
772112550,103.6389,-32.9774,18.56,G09016;G09017
772139292,102.5667,-32.487,17.78,G09016;G09102;G09017;G09166
772145519,102.4369,-32.1857,18.24,G09016;G09017
772162583,100.2665,-32.8001,19.08,G09016
772168244,100.1858,-32.2172,19.1,G09016
772182595,101.411,-31.5839,18.39,G09016;G09017
772187661,101.8522,-31.4932,17.41,G09016;G09102;G09017;G09166
772188327,102.4007,-31.5321,18.48,G09016;G09017
772477411,110.5833,-39.4934,19.15,G09016
772479724,110.7805,-39.1273,17.73,G09016;G09017
772509713,111.5457,-38.3141,17.88,G09016;G09017
772512319,110.4113,-39.3603,18.32,G09016;G09017
772525926,109.8326,-38.7513,18.36,G09016;G09017
772548268,110.7488,-38.0265,18.69,G09016;G09017
772614969,112.8178,-37.0274,17.95,G09016;G09017
772630557,111.7276,-37.5034,18.57,G09016;G09017
772643111,111.3846,-37.3113,18.17,G09016;G09017;G09166
773204390,114.0074,-34.3925,19.25,G09016
773370205,109.3196,-38.0341,18.61,G09016;G09017
773390882,110.6839,-37.2314,17.95,G09016;G09017
773413276,108.9558,-37.228,19.01,G09016
773421732,108.848,-37.1807,19.29,G09016
773430803,108.9495,-36.6497,18.55,G09016;G09017
773436582,109.5336,-36.6938,17.55,G09016;G09102;G09017
773449025,109.0848,-36.5047,18.04,G09016;G09017
773476273,111.0098,-36.4272,19.02,G09016
773490199,111.6832,-36.2963,18.85,G09016;G09017
773510638,111.3368,-35.7113,17.92,G09016;G09102;G09017
773521589,111.8834,-35.0567,18.99,G09016;G09017
773528420,110.3459,-35.9194,18.25,G09016;G09017
773550887,110.3815,-35.225,18.99,G09016;G09017
773558720,111.1564,-35.2215,17.76,G09016;G09017
773589557,108.0086,-36.7587,19.02,G09016
773599527,108.0529,-36.5195,18.17,G09016;G09017
773600529,108.1551,-36.3572,19.25,G09016
773601312,107.8198,-36.3989,19.3,G09016
773615049,108.9074,-35.8384,18.82,G09016;G09017
773628734,108.93,-35.5283,18.19,G09016;G09017
773642717,107.9366,-35.477,18.92,G09016;G09017
773735838,110.2675,-33.9339,19.01,G09016
773757228,108.8212,-34.251,18.84,G09016;G09017
773774884,109.6284,-33.8535,17.74,G09016;G09017
773783127,109.8791,-33.6508,19.24,G09016
773893612,111.9052,-34.6378,19.05,G09016
773986434,114.3018,-33.7563,19.16,G09016
774041611,114.9887,-32.6705,19.22,G09016
774218658,112.1745,-32.8726,18.76,G09016;G09017
774227223,112.0769,-32.538,17.23,G09016;G09102;G09017;G09166
774340574,112.6167,-32.564,18.16,G09016;G09017
774363052,112.8779,-31.8114,19.1,G09016;G09017
774434710,113.3504,-31.1346,18.91,G09016;G09017
774538309,112.1595,-30.6707,18.67,G09016;G09017
774551754,112.2043,-30.3113,19.11,G09016
775312136,115.7904,-31.8888,18.61,G09016;G09017
775350994,115.7644,-31.798,18.44,G09016;G09017
775454745,115.3031,-31.1323,17.96,G09016;G09017
775564028,116.5212,-30.4805,19.11,G09016
775564285,116.5581,-30.4317,16.04,G09016;G09102;G09017;G09166;20SECONDTARGET
775646480,116.1704,-29.9628,18.84,G09016;G09017
775712953,116.4451,-29.361,17.86,G09016;G09102;G09017
775738113,114.1383,-30.9353,18.8,G09016;G09017
775829417,114.694,-29.8298,17.62,G09016;G09102;G09017
775851904,112.9118,-30.3078,18.49,G09016;G09017
775870979,113.5308,-29.723,16.77,G09016;G09102;G09017;G09166
775884348,112.79,-29.7858,19.13,G09016;G09017
775964805,115.377,-29.6861,17.32,G09016;G09102;G09017
775981687,115.7637,-29.3462,19.11,G09016
776991379,107.1049,-35.4317,18.96,G09016;G09017
776998775,106.9837,-34.8708,17.77,G09016;G09017
777007376,106.9643,-34.5546,19.2,G09016
777036547,106.2018,-34.6129,19.01,G09016
777061270,107.3134,-33.615,18.64,G09016;G09017
777071001,106.5416,-33.4829,17.41,G09016;G09102;G09017;G09166
777071545,106.5678,-33.3232,17.82,G09016;G09102;G09017
777075080,107.0343,-33.1199,19.11,G09016
777098781,107.948,-33.3971,18.55,G09016;G09017
777104887,108.1474,-33.1473,17.89,G09016;G09017;G09166
777158024,107.1441,-32.9691,19.16,G09016
777219473,105.2536,-33.0368,18.14,G09016;G09017;G09166
777276071,105.1224,-31.8608,19.0,G09016
777338168,106.113,-31.8,17.42,G09016;G09017;G09166
777338561,106.3666,-31.7982,18.25,G09016;G09017
777365883,106.907,-30.9402,17.99,G09016;G09017;G09166
777373755,107.3253,-30.4582,16.7,G09016;G09102;G09017
777377620,106.5916,-30.6707,19.11,G09016
777382059,107.0275,-30.5344,18.35,G09016;G09017
777419727,109.7179,-32.0043,17.45,G09016;G09102;G09017
777479354,108.8627,-31.9635,18.46,G09016;G09017
777480658,109.1839,-31.8061,16.56,G09016;G09102;G09017
777504592,108.5723,-31.2769,17.96,G09016;G09017
777513065,108.7024,-31.0075,18.82,G09016;G09017
777582932,111.3109,-30.5903,18.63,G09016;G09017
777607740,110.8003,-30.292,17.85,G09016;G09102;G09017;G09166
777666362,111.7294,-29.5388,17.79,G09016;G09102;G09017;G09166
777798051,107.6743,-30.6959,18.38,G09016;G09017
777811636,109.0835,-30.4944,19.02,G09016
777816546,108.8682,-30.4018,18.29,G09016;G09017
777858462,107.5988,-30.1548,17.81,G09016;G09102;G09017
777864400,107.8295,-30.0854,16.87,G09016;G09102;G09017;G09166
777873693,106.9638,-29.9685,18.76,G09016;G09017
777983062,110.4055,-28.7045,17.93,G09016;G09017
777999164,109.9602,-28.8478,18.36,G09016;G09017
778073352,109.8845,-28.1897,18.93,G09016;G09017
778093208,109.969,-27.6922,17.93,G09016;G09102;G09017
778126442,104.2262,-32.0896,18.67,G09016;G09017
778127059,104.3593,-32.0197,17.91,G09016;G09102;G09017;G09166
778131484,103.6546,-31.9945,18.85,G09016;G09017
778143542,105.3213,-31.3798,17.79,G09016;G09102;G09017;G09166
778165605,103.588,-31.2077,18.7,G09016;G09017
778177298,103.8741,-31.1444,18.5,G09016;G09017
778193053,103.8152,-30.2972,18.41,G09016;G09017
778200300,105.4505,-30.7242,19.0,G09016
778215425,105.3582,-30.4088,19.24,G09016
778223526,106.1538,-30.2285,18.79,G09016;G09017
778224585,106.2175,-30.0655,18.58,G09016;G09017
778242197,105.9346,-29.7168,18.87,G09016;G09017
778272614,105.504,-29.5536,19.08,G09016;G09017
778284326,104.9877,-29.2836,16.09,G09016;G09102;G09017
778293206,105.4223,-28.7179,18.41,G09016;G09017
778295592,102.5982,-31.0903,18.62,G09016;G09017
778300228,102.7791,-30.6649,18.98,G09016;G09017
778305525,102.6511,-30.6712,19.01,G09016
778315241,103.8396,-30.1549,18.38,G09016;G09017
778320343,102.9742,-30.1858,18.09,G09016;G09017
778330675,102.1017,-30.2625,18.74,G09016;G09017
778335796,102.3434,-29.9077,18.03,G09016;G09017
778342157,102.2378,-29.6486,18.39,G09016;G09017
778354951,102.221,-29.4693,18.23,G09016;G09017
778388095,104.9392,-28.8555,16.96,G09016;G09102;G09017;G09166
778402705,104.3128,-28.5254,18.59,G09016;G09017
778418297,103.7329,-28.56,18.0,G09016;G09017;G09166
778444300,103.6149,-27.9553,18.76,G09016;G09017
778445411,103.7909,-27.8398,18.49,G09016;G09017
778453140,106.9308,-29.8262,19.25,G09016
778498245,107.6724,-28.6201,17.31,G09016;G09102;G09017;G09166
778505856,107.0701,-28.7341,18.08,G09016;G09017
778529771,106.5916,-28.6367,19.22,G09016
778535136,105.9267,-28.7677,19.18,G09016
778537070,105.9286,-28.6771,18.93,G09016;G09017
778651033,108.946,-27.2633,17.79,G09016;G09017
778784008,106.4502,-27.4779,19.3,G09016
778794268,105.9528,-27.3205,17.61,G09016;G09102;G09017
778799169,106.1169,-27.2112,18.48,G09016;G09017
778819274,105.0283,-27.0398,19.06,G09016
778821867,104.7102,-27.266,17.8,G09016;G09102;G09017;G09166
778839616,105.3004,-26.7772,17.99,G09016;G09102;G09017;G09166
778871733,107.212,-26.7674,18.68,G09016;G09017
778919037,107.2294,-26.0974,19.21,G09016
778932463,107.5107,-25.5788,18.73,G09016;G09017
778936133,107.5054,-25.3739,17.61,G09016;G09102;G09017
778986525,107.0601,-25.2313,19.2,G09016
779004039,107.0684,-24.8994,18.93,G09016;G09017
779036458,112.9669,-29.2,19.07,G09016
779240900,113.8957,-28.5024,18.16,G09016;G09017
779586308,110.1054,-27.1056,19.18,G09016
780674748,109.5815,-26.9262,19.22,G09016
780684028,110.2684,-26.5873,17.88,G09016;G09017
780779662,108.9582,-25.9761,17.66,G09016;G09102;G09017
780779775,109.3487,-26.2309,19.15,G09016
82471192,124.4283,-42.0814,17.28,G09016;G09102;G09017
133570951,121.0839,-39.769,16.82,G09016;G09102;G09017
145863747,123.1122,-35.4956,14.0,G09016;G09017;G09102
149744486,116.4076,-33.9184,15.58,G09016;G09102;G09017;20SECONDTARGET
150473921,117.5906,-32.4831,15.98,G09016;G09102;G09102;G09102;G09102;G09017
175175901,115.7621,-36.6514,16.27,G09016;G09102;G09017
182661485,124.0522,-40.4205,16.42,G09016;G09017;G09102
182754359,124.1577,-36.7874,16.47,G09016;G09102;G09017;G09166
461799854,128.7331,-34.8475,16.21,G09016;G09102;G09017;G09166
769156700,119.4282,-42.7948,18.82,G09016;G09017
769264190,119.6529,-41.0775,19.07,G09016;G09017
769498790,117.6074,-41.3591,18.68,G09016;G09017
769710784,114.9074,-41.1233,19.06,G09016;G09017
769820161,115.0016,-39.031,17.63,G09016;G09102;G09017;G09166
769832939,118.1539,-41.3089,18.57,G09016;G09017
769951956,117.1001,-40.1341,17.79,G09016;G09102;G09017;G09166
769963603,117.5396,-39.6184,18.97,G09016;G09017
769967841,118.1245,-39.9856,18.29,G09016;G09017
769980691,118.4776,-39.5965,17.93,G09016;G09102;G09017
769986478,118.2184,-39.4224,18.27,G09016;G09017
770256780,117.6694,-38.2679,17.67,G09016;G09102;G09017;G09166
770266862,115.9518,-39.1875,16.94,G09016;G09102;G09017
770329580,117.0851,-37.5773,18.79,G09016;G09017
770358706,118.2621,-38.4339,18.61,G09016;G09017
770378949,118.3505,-37.7109,18.63,G09016;G09017
770427030,118.3653,-37.2515,18.11,G09016;G09017;G09166
770429081,118.2937,-37.1137,18.18,G09016;G09017
770455090,117.728,-37.2587,18.95,G09016;G09017
770597497,119.7109,-35.1115,18.71,G09016;G09017
770622629,119.6393,-34.2921,19.07,G09016
772248779,112.5944,-40.3814,18.32,G09016;G09017
772287554,112.3072,-40.0414,18.59,G09016;G09017
772290795,111.7275,-40.1904,17.12,G09016;G09102;G09017
772340584,114.1109,-39.2796,18.31,G09016;G09017
772347931,113.4499,-39.2962,19.09,G09016
772415455,112.7808,-38.6731,18.2,G09016;G09017
772428725,114.0725,-38.4265,17.8,G09016;G09102;G09017
772432106,113.668,-38.2642,18.56,G09016;G09017
772695662,115.3625,-38.2919,18.57,G09016;G09017
772771710,115.8822,-37.018,18.63,G09016;G09017
772835896,115.6262,-36.7271,18.3,G09016;G09017
772852812,114.8326,-36.5449,19.0,G09016;G09017
772862798,115.4238,-36.0234,18.9,G09016;G09017
772865470,115.0397,-36.0028,19.04,G09016;G09017
772910035,116.6052,-36.2186,17.48,G09016;G09102;G09017;G09166
772923041,117.5749,-36.0864,19.25,G09016
772949590,117.2919,-35.4718,18.53,G09016;G09017
772988207,115.6484,-35.4752,17.14,G09016;G09102;G09017
773033571,116.9224,-34.7028,19.28,G09016
774568041,118.8113,-34.9434,17.55,G09016;G09017
774573717,117.8135,-35.1227,18.19,G09016;G09017
774583367,117.8852,-34.6357,17.76,G09016;G09102;G09017
774596198,119.4215,-34.2606,18.89,G09016;G09017
774639417,117.0891,-33.911,17.8,G09016;G09102;G09017;G09166
774642178,117.6034,-33.6992,19.18,G09016
774651181,117.9822,-33.7133,17.86,G09016;G09017
774662559,118.4806,-33.2609,18.72,G09016;G09017
774669459,118.2004,-33.2882,17.07,G09016;G09102;G09017
774691773,119.6463,-33.5143,17.33,G09016;G09017
774753695,119.1063,-32.6716,19.14,G09016
774756541,118.5692,-32.9125,17.97,G09016;G09017
774767724,118.9256,-32.5133,18.7,G09016;G09017
774842064,116.6691,-33.4381,18.6,G09016;G09017
774844964,116.4793,-33.1483,18.87,G09016;G09017
774853502,117.8898,-32.7886,19.12,G09016
774959917,118.3515,-32.0473,19.2,G09016
774974569,118.0806,-32.0353,18.61,G09016;G09017
775030020,117.4625,-32.0365,19.26,G09016
775041282,117.6439,-31.5895,17.89,G09016;G09102;G09017
775049313,117.6883,-31.2633,17.76,G09016;G09102;G09017;G09166
775157094,119.1996,-30.5342,18.84,G09016;G09017
818663597,125.3032,-44.6193,18.96,G09016;G09017
818755112,124.3659,-44.2703,17.81,G09016;G09102;G09017;G09166
818760291,124.2829,-44.0774,19.11,G09016
819047147,123.2633,-43.5489,17.7,G09016;G09102;G09017;G09166
819107979,122.7072,-43.7584,18.29,G09016;G09017
820358158,125.9242,-43.2014,18.57,G09016;G09017
820379914,126.3403,-42.8231,18.45,G09016;G09017
820388311,126.1401,-42.6524,17.62,G09016;G09102;G09017;G09166
820515475,127.3814,-40.9604,19.29,G09016
820527001,125.2446,-42.9766,19.21,G09016
820559092,124.8036,-42.1965,19.09,G09016
820563243,126.0375,-41.9532,17.73,G09016;G09017
820566328,125.5367,-42.0354,18.49,G09016;G09017
820569315,125.3877,-41.6172,19.13,G09016
820585099,124.924,-41.795,18.14,G09016;G09017;G09166
820601724,125.2061,-41.2525,17.78,G09016;G09102;G09017
820621930,126.6629,-41.5306,17.96,G09016;G09102;G09017
820655959,127.1807,-40.3542,18.59,G09016;G09017
820683129,126.1361,-40.2037,17.69,G09016;G09102;G09017
820703774,127.1162,-39.5622,19.16,G09016
820960936,128.0547,-40.0528,19.0,G09016
820967627,128.1012,-39.5954,19.1,G09016
820995847,128.2102,-38.7964,18.88,G09016;G09017
821029560,126.8236,-38.5653,19.18,G09016
821057722,127.3964,-37.9198,18.48,G09016;G09017
821111728,129.0395,-37.6831,18.77,G09016;G09017
821209206,129.0072,-37.166,18.51,G09016;G09017
821415238,121.3764,-42.7127,19.14,G09016
821582890,122.4471,-41.8578,18.34,G09016;G09017
821691306,122.0659,-40.5873,18.48,G09016;G09017
821704029,120.0307,-42.0064,18.9,G09016;G09017
821835819,120.0687,-40.4257,17.2,G09016;G09102;G09017;G09166
821859434,120.3713,-39.7017,18.32,G09016;G09017
821901685,121.1065,-38.9066,19.14,G09016;G09017
821903583,120.7262,-39.0924,16.71,G09016;G09102;G09017;G09166
821917938,120.1345,-39.1034,18.5,G09016;G09017
821928731,120.6313,-38.7085,16.89,G09016;G09102;G09017;G09166
821965963,123.399,-41.0277,19.26,G09016
821970845,123.3496,-40.8454,17.21,G09016;G09102;G09017
822028904,123.5436,-39.7206,18.92,G09016;G09017
822053819,125.2447,-39.6158,18.6,G09016;G09017
822063317,125.4682,-39.1948,17.33,G09016;G09102;G09017;G09166
822112504,125.8014,-38.4897,17.82,G09016;G09102;G09017
822235905,122.2176,-39.3359,18.09,G09016;G09017;G09166
822247673,122.3993,-39.048,17.97,G09016;G09017
822295806,121.5947,-38.7994,18.75,G09016;G09017
822424241,124.7334,-37.6159,17.79,G09016;G09102;G09017;G09166
822492630,123.4366,-37.4528,17.96,G09016;G09017
822597381,126.5375,-37.9335,18.79,G09016;G09017
822629699,127.4061,-37.3346,18.46,G09016;G09017
822644723,127.5814,-36.8734,18.11,G09016;G09017
822926723,126.9421,-35.8545,19.19,G09016
822953490,127.9925,-35.4416,17.25,G09016;G09102;G09017;G09166
822965436,128.2552,-35.1814,18.45,G09016;G09017
822972868,128.1127,-34.9146,17.83,G09016;G09102;G09017;G09166
823012085,124.9096,-36.7494,17.97,G09016;G09017
823138491,124.023,-35.6789,16.9,G09016;G09102;G09017;G09166
823143105,124.3352,-35.4704,19.13,G09016
823150773,125.1732,-35.5938,18.05,G09016;G09017
823171525,125.6466,-34.8779,19.18,G09016
823194372,125.2118,-34.7756,18.28,G09016;G09017
823215144,126.4699,-35.3692,18.7,G09016;G09017
823277726,127.5989,-34.5464,18.75,G09016;G09017
823284820,127.4466,-34.2741,18.43,G09016;G09017
823295004,127.1933,-34.2776,18.44,G09016;G09017
823378683,125.8155,-33.5595,18.77,G09016;G09017
823396273,126.7964,-33.6337,18.8,G09016;G09017
823678548,123.2239,-35.9116,18.07,G09016;G09017;G09166
823680375,123.0277,-35.9855,17.96,G09016;G09017
823701618,122.5873,-35.5274,17.41,G09016;G09102;G09017
823731279,121.947,-35.4197,17.56,G09016;G09102;G09017;G09166
823799874,122.3151,-34.5979,18.5,G09016;G09017
823847220,121.3492,-34.8238,18.32,G09016;G09017
823858038,120.3852,-34.8843,18.29,G09016;G09017
824024045,121.1088,-33.0299,17.87,G09016;G09102;G09017
824178571,123.0837,-34.3473,17.85,G09016;G09102;G09017
824194176,123.4729,-34.0832,18.5,G09016;G09017
824225501,122.9846,-33.8842,18.7,G09016;G09017
824297044,123.5639,-32.9853,19.14,G09016
824705655,121.7559,-32.6885,18.15,G09016;G09017
824733248,121.408,-32.4308,18.28,G09016;G09017
824772598,121.6951,-32.0887,17.92,G09016;G09102;G09017
825067896,120.2084,-32.4559,18.05,G09016;G09017
825146983,121.7481,-31.6722,19.05,G09016
825156549,121.965,-31.6192,18.79,G09016;G09017
827363613,130.3477,-35.2005,17.92,G09016;G09102;G09017
828325192,129.7646,-34.7403,17.6,G09016;G09102;G09017
828352523,129.481,-34.3783,18.93,G09016;G09017
2094712,133.6278,-25.1473,16.16,G09016;G09017;G09102
118429656,129.7393,-21.7697,15.44,G09016;G09017;G09102;G09166
130530816,120.1488,-26.9298,16.41,G09016;G09102;G09017;G09166
143589488,125.6559,-21.7678,16.66,G09016;G09102;G09017
147018085,124.6698,-31.1782,15.11,G09016;G09102;G09017;20SECONDTARGET
153120436,120.4637,-28.4762,16.41,G09016;G09102;G09017
154753360,122.5035,-24.3503,15.74,G09016;G09017;G09102
155214809,123.1008,-26.719,17.48,G09016;G09017
185617406,130.3757,-32.9324,11.73,G09016;G09017;G09102;G09166;20SECONDTARGET
196518001,129.8359,-28.0255,15.51,G09016;G09102;G09017;20SECONDTARGET
231560003,127.7576,-27.4966,16.7,G09016;G09102;G09017
231599925,127.9689,-26.2021,15.65,G09016;G09102;G09017;G09166;20SECONDTARGET
271116055,125.1968,-27.436,16.07,G09016;G09017;G09102;G09166
271387154,125.378,-25.195,15.72,G09016;G09017;G09102;G09166
271590845,125.6764,-24.1941,16.18,G09016;G09017;G09102;G09166
283311563,128.2777,-27.2625,16.38,G09016;G09102;G09017;G09166
285222557,129.1557,-28.2777,15.91,G09016;G09017;G09102;G09166;20SECONDTARGET
437143765,123.2896,-22.7103,16.14,G09016;G09102;G09017;G09166
775251859,119.3578,-29.4048,18.74,G09016;G09017
775280468,119.6859,-28.7604,18.57,G09016;G09017
824978543,123.5518,-31.0727,18.86,G09016;G09017
824986141,124.178,-30.9044,18.26,G09016;G09017
825010723,123.3928,-30.5547,18.5,G09016;G09017
825315320,121.0184,-30.3498,19.11,G09016
825401735,123.4825,-30.1656,19.12,G09016
825605038,121.1276,-29.7896,19.29,G09016
825716768,120.2548,-29.0513,18.8,G09016;G09017
825782355,121.3114,-27.7625,17.88,G09016;G09017
828495549,129.3159,-33.1176,18.98,G09016;G09017
828510029,130.6875,-33.628,17.41,G09016;G09102;G09017
828558665,131.3292,-32.9484,18.98,G09016;G09017
828560018,131.1693,-32.8332,17.69,G09016;G09102;G09017
828624215,130.8019,-32.2234,18.57,G09016;G09017
828628477,131.3458,-32.0423,18.42,G09016;G09017
828810968,128.336,-32.3498,19.14,G09016
828842762,127.9201,-31.6369,18.94,G09016;G09017
828867187,129.0219,-32.2882,19.02,G09016
828897295,130.0338,-31.5723,18.64,G09016;G09017
828911596,130.0044,-31.3483,18.7,G09016;G09017
828925933,130.0366,-30.9444,18.62,G09016;G09017
828969793,128.5584,-30.882,19.12,G09016
828970970,129.4245,-31.2829,19.1,G09016;G09017
828989142,129.8158,-30.6002,18.95,G09016;G09017
829081334,131.5535,-31.3333,18.18,G09016;G09017
829087352,131.2063,-31.3491,17.15,G09016;G09102;G09017
829114523,131.9719,-30.8855,19.29,G09016
829125242,132.0864,-30.4035,18.55,G09016;G09017
829251868,130.5998,-30.2047,19.08,G09016
829266857,131.8321,-29.9666,17.65,G09016;G09017
829281621,131.3429,-29.6055,18.96,G09016;G09017
829308183,129.7819,-29.9161,17.8,G09016;G09102;G09017
829317593,130.0958,-29.4059,18.34,G09016;G09017
829329925,131.3125,-29.1476,19.12,G09016;G09017
829332527,131.2539,-29.1188,19.26,G09016
829356748,132.5873,-29.4539,18.98,G09016;G09017
829362870,131.8577,-29.5613,19.12,G09016
829409714,131.6287,-28.6807,18.59,G09016;G09017
829493966,126.8967,-31.7247,18.21,G09016;G09017
829505867,127.5319,-31.7542,18.51,G09016;G09017
829545481,127.2422,-30.939,18.12,G09016;G09017
829612500,126.4936,-30.8727,17.73,G09016;G09102;G09017
829617956,127.1752,-30.6694,18.99,G09016;G09017
829765974,127.5202,-29.7217,18.57,G09016;G09017
830025014,126.4978,-29.5171,18.74,G09016;G09017
830060907,127.4209,-29.0085,17.44,G09016;G09102;G09017;G09166
830075082,127.4681,-28.4878,18.44,G09016;G09017
830172752,126.5184,-27.5772,18.75,G09016;G09017
830200083,129.1355,-29.1646,18.92,G09016;G09017
830230824,129.6805,-28.4502,17.82,G09016;G09102;G09017
830246816,128.7333,-28.7043,19.16,G09016
830258486,128.5404,-28.6186,17.78,G09016;G09017
830272366,129.4465,-28.546,18.24,G09016;G09017
830313979,130.972,-27.8669,17.45,G09016;G09102;G09017
830328152,130.6329,-27.542,19.11,G09016
830331510,131.4324,-27.7198,19.0,G09016;G09017
830351181,131.5213,-26.9397,18.99,G09016;G09017
830351814,131.3561,-27.0183,18.39,G09016;G09017
830353303,131.5084,-26.8421,16.65,G09016;G09017;G09102
830371872,129.953,-27.219,18.52,G09016;G09017
830375593,129.7361,-26.9978,18.99,G09016;G09017
830381765,129.9238,-26.7668,18.58,G09016;G09017
830388340,130.6191,-26.7827,16.79,G09016;G09017;G09102;G09166
830391182,131.3986,-26.5365,17.72,G09016;G09102;G09017;G09166
830402972,131.067,-26.3071,18.51,G09016;G09017
830539454,127.9417,-26.09,18.58,G09016;G09017
830605671,128.0293,-25.9562,18.62,G09016;G09017
830808227,133.0182,-27.3559,18.67,G09016;G09017
830811624,132.5928,-27.3583,18.24,G09016;G09017
830834184,133.6215,-26.4961,17.65,G09016;G09102;G09017;G09166
831028793,132.3364,-26.8714,16.49,G09016;G09017;G09102
831041660,132.2044,-26.5849,18.99,G09016;G09017
831050365,132.9058,-26.0776,18.35,G09016;G09017
831093845,131.8038,-25.1779,18.05,G09016;G09017
831096543,132.2885,-24.8652,18.54,G09016;G09017
831105456,133.1733,-25.4063,16.7,G09016;G09017;G09102;G09166
831111266,133.4954,-24.7811,17.42,G09016;G09102;G09017
831132424,132.2974,-24.5483,17.74,G09016;G09102;G09017
831137359,133.616,-24.3696,18.49,G09016;G09017
831166356,130.6649,-25.0482,19.25,G09016
831180294,131.1185,-24.4943,18.91,G09016;G09017
831181835,131.4101,-24.4259,17.87,G09016;G09102;G09017;G09166
831199543,130.0062,-24.5516,18.62,G09016;G09017
831219579,130.8418,-23.5591,18.24,G09016;G09017
831238510,133.3308,-23.262,18.05,G09016;G09017
831243124,132.5543,-23.1008,18.92,G09016;G09017
831243614,132.9531,-23.1038,18.05,G09016;G09017
831244453,132.9291,-22.9855,19.05,G09016
831254241,131.411,-23.289,18.61,G09016;G09017
831260771,132.4013,-22.975,18.02,G09016;G09017;G09166
831293054,134.6751,-23.3464,18.38,G09016;G09017
831602356,123.3671,-29.0733,18.97,G09016;G09017
831618961,124.5744,-28.9608,16.74,G09016;G09102;G09017;G09166
831641030,124.2608,-28.597,18.12,G09016;G09017
831652843,124.3275,-28.3887,18.77,G09016;G09017
831658702,123.1339,-29.225,18.63,G09016;G09017
831735913,123.5002,-27.9949,16.94,G09016;G09102;G09017
831818078,125.6874,-27.3893,18.16,G09016;G09017
831819686,125.6003,-27.2332,18.76,G09016;G09017
831824264,125.469,-27.092,17.79,G09016;G09102;G09017;G09166
831858179,123.963,-27.4432,18.83,G09016;G09017
831871935,124.4917,-26.9423,18.28,G09016;G09017
831907629,124.679,-26.4859,17.86,G09016;G09102;G09017;G09166
831968501,122.3709,-27.4024,17.43,G09016;G09102;G09017
832038277,121.8197,-27.2968,19.18,G09016
832048065,121.4307,-27.335,18.48,G09016;G09017
832063734,121.7909,-26.9476,18.88,G09016;G09017
832109309,121.9384,-26.4418,18.54,G09016;G09017
832141842,123.8112,-26.6016,18.43,G09016;G09017
832155643,123.3853,-26.4449,18.01,G09016;G09017
832257734,123.5288,-25.6197,19.14,G09016
832261935,124.2018,-25.4372,18.81,G09016;G09017
832298168,126.9113,-26.9208,17.94,G09016;G09017
832332724,127.26,-25.9718,18.23,G09016;G09017
832355988,127.2775,-25.3771,18.37,G09016;G09017
832370428,126.1408,-25.9966,18.41,G09016;G09017
832408837,126.1618,-25.3534,18.69,G09016;G09017
832445739,127.7761,-25.0106,18.99,G09016;G09017
832460149,128.2563,-24.7722,17.93,G09016;G09102;G09017
832463793,128.378,-24.4981,18.85,G09016;G09017
832507914,128.3782,-23.8321,17.67,G09016;G09102;G09017
832510190,127.5689,-24.0413,18.73,G09016;G09017
832516183,128.1744,-23.7317,17.37,G09016;G09102;G09017
832571321,125.5983,-24.7819,19.07,G09016
832585748,125.8435,-24.0254,18.11,G09016;G09017
832615049,124.2817,-24.3934,19.22,G09016
832639426,124.5378,-23.983,18.83,G09016;G09017
832656360,126.5378,-24.0522,18.91,G09016;G09017
832658726,127.2218,-23.9501,18.43,G09016;G09017
832706221,125.8077,-23.4147,18.75,G09016;G09017
832718074,125.4747,-23.2168,17.02,G09016;G09102;G09017;G09166
832721154,126.1123,-23.0656,18.32,G09016;G09017
832735845,126.9267,-22.5876,18.66,G09016;G09017
832747565,126.6396,-22.1841,18.69,G09016;G09017
832821689,122.2574,-25.8933,18.67,G09016;G09017
832916561,121.3354,-25.3882,18.0,G09016;G09017
833024932,122.9394,-24.4903,17.78,G09016;G09017
833032229,123.0652,-24.1125,18.67,G09016;G09017
833043564,121.6833,-24.6837,17.39,G09016;G09102;G09017;G09166
833106806,122.2655,-23.7327,18.03,G09016;G09017
833107297,122.4764,-23.7382,18.7,G09016;G09017
833220737,121.9491,-23.2198,17.68,G09016;G09102;G09017
833327271,123.9978,-23.9332,18.28,G09016;G09017
833346831,123.6738,-23.4443,18.57,G09016;G09017
833362595,124.7879,-23.0474,17.67,G09016;G09102;G09017
833439754,123.6282,-22.3438,18.86,G09016;G09017
833469996,125.7411,-22.5499,18.48,G09016;G09017
833470780,126.0412,-22.447,19.03,G09016
833472659,125.7584,-22.3587,18.14,G09016;G09017
833477874,126.4584,-21.9354,18.81,G09016;G09017
833520558,125.2042,-21.8447,19.05,G09016
833530479,125.3392,-21.2667,18.49,G09016;G09017
833605608,123.0751,-21.6771,18.53,G09016;G09017
833648920,122.4514,-21.7372,19.26,G09016
833696517,123.218,-21.2552,18.94,G09016;G09017
833703621,123.8813,-20.9223,18.53,G09016;G09017
833704085,123.7121,-20.9016,18.59,G09016;G09017
833718714,124.2377,-20.7954,19.2,G09016
833728471,124.5556,-20.2485,18.94,G09016;G09017
833738437,123.6788,-20.7565,18.64,G09016;G09017
833751659,123.079,-20.5276,18.75,G09016;G09017
833801698,130.1747,-23.6929,19.21,G09016
833807777,130.4929,-23.1486,16.93,G09016;G09102;G09017
833819517,128.5638,-23.6495,17.77,G09016;G09102;G09017;G09166
833849450,129.3109,-22.4159,17.62,G09016;G09102;G09017
833854127,130.9599,-22.9907,18.66,G09016;G09017
833857743,131.1877,-22.6504,17.91,G09016;G09102;G09017;G09166
833866426,130.7143,-22.2823,19.14,G09016;G09017
833867720,131.3918,-22.4831,18.54,G09016;G09017
833880790,130.3573,-22.2963,19.24,G09016;G09017
833886442,130.3408,-21.7999,18.22,G09016;G09017
833890599,130.0306,-21.9527,18.38,G09016;G09017
833910467,127.726,-22.9339,17.48,G09016;G09102;G09017
833917651,127.6407,-22.8471,17.74,G09016;G09102;G09017;G09166
833926100,127.7738,-22.2902,18.29,G09016;G09017
833961817,127.4213,-21.6943,19.12,G09016
833987393,129.5633,-21.5432,17.36,G09016;G09102;G09017
833990123,129.6008,-21.1819,18.15,G09016;G09017
834199879,126.9679,-21.3093,19.07,G09016
834219072,127.5805,-20.6623,18.59,G09016;G09017
834237046,126.0141,-20.8417,17.47,G09016;G09102;G09017
834263522,126.2644,-19.8505,18.8,G09016;G09017
834334762,125.5763,-20.2996,18.41,G09016;G09017
834345086,125.1619,-20.0931,19.13,G09016
2084703,133.3561,-29.7222,17.02,G09016;G09102;G09017
2140147,133.8135,-28.981,16.11,G09016;G09102;G09017
2224747,133.961,-26.6301,16.8,G09016;G09102;G09017
2224750,133.9624,-26.6315,16.59,G09016;G09102;G09017
17754631,135.7704,-34.5872,17.12,G09016;G09102;G09017;G09166
18213411,136.6695,-30.2076,15.72,G09016;G09017;G09102;G09166
24441509,140.9403,-30.3634,15.06,G09016;G09102;G09166;20SECONDTARGET
24970055,142.5487,-29.9948,16.71,G09016;G09017;G09102
25103548,143.121,-30.3459,16.61,G09016;G09017;G09102
38004089,136.6399,-26.4495,16.16,G09016;G09017;G09102
38454876,138.1166,-26.7015,16.52,G09016;G09017;G09102;20SECONDTARGET
51915236,136.3126,-23.7157,15.74,G09016;G09017;G09102;G09166
70566571,139.3026,-27.1068,17.28,G09016;G09102;G09017
186925997,134.058,-32.3562,17.02,G09016;G09102;G09017
187096198,134.5492,-34.1112,17.15,G09016;G09017
187123483,134.8059,-31.4046,16.35,G09016;G09017;G09102
189112745,140.8467,-29.477,16.91,G09016;G09017;G09102;G09166
189163244,141.2083,-24.385,16.3,G09016;G09017;G09102;G09166
189272916,141.6567,-26.8724,16.77,G09016;G09017;G09102;G09166
461837710,140.6012,-31.693,15.75,G09016;G09017;G09102;G09166
826639542,139.2749,-35.8166,18.69,G09016;G09017
826677426,138.4411,-35.06,17.71,G09016;G09102;G09017;G09166
826678779,139.0902,-35.4559,18.09,G09016;G09017
826695409,139.3549,-34.5721,19.04,G09016;G09017
826697503,139.262,-34.4465,19.19,G09016
826798308,136.0676,-34.7439,19.25,G09016
826808695,137.8815,-35.2154,17.51,G09016;G09102;G09017;G09166
826818094,137.2012,-35.0435,18.97,G09016;G09017
826843008,138.7587,-33.7646,18.66,G09016;G09017
826850608,137.1194,-34.2907,18.46,G09016;G09017
826861192,136.7308,-33.9488,18.87,G09016;G09017
826883078,137.7418,-33.1846,18.67,G09016;G09017
827593489,134.5032,-34.2763,18.81,G09016;G09017
827603084,133.8437,-34.0683,18.93,G09016;G09017
827633876,135.1215,-33.2299,19.07,G09016
827647172,136.5666,-33.6228,18.52,G09016;G09017
827651484,136.2132,-33.5878,18.79,G09016;G09017
827666793,137.3302,-33.0214,17.61,G09016;G09102;G09017;G09166
827672565,136.9782,-32.8759,16.89,G09016;G09017;G09102;G09166
827681461,135.6998,-33.3923,18.42,G09016;G09017
827720489,136.0361,-31.9258,17.6,G09016;G09102;G09017
827728230,133.7882,-33.9708,18.86,G09016;G09017
827781677,134.1069,-32.3217,18.56,G09016;G09017
827848068,135.431,-32.0982,19.15,G09016
827880266,135.7629,-31.0947,18.4,G09016;G09017
827886604,134.1366,-31.8523,18.28,G09016;G09017
827901915,134.3414,-31.1363,18.97,G09016;G09017
827907829,135.1589,-31.1201,19.05,G09016
827917200,134.7285,-30.957,18.57,G09016;G09017
827920597,134.4326,-30.7219,18.19,G09016;G09017
827928570,139.8121,-34.8346,19.03,G09016
827935168,139.5283,-34.1237,19.28,G09016
827957906,139.8193,-33.3191,18.28,G09016;G09017
827967425,139.8178,-32.2075,17.36,G09016;G09102;G09017;G09166
827975205,138.7331,-32.7192,17.74,G09016;G09017
827991462,139.6765,-32.0657,18.95,G09016;G09017
828000072,139.2251,-31.7324,19.22,G09016
828007843,139.3924,-31.2442,18.95,G09016;G09017
828038400,138.1946,-31.4523,19.18,G09016
828040405,138.0298,-31.3418,18.75,G09016;G09017
828044966,138.575,-30.81,19.25,G09016
828076002,137.7274,-30.4609,18.09,G09016;G09017
828077910,137.6193,-30.2965,16.51,G09016;G09102;G09017;20SECONDTARGET
828100088,139.8253,-29.4395,19.07,G09016
828106395,138.9359,-29.9275,18.34,G09016;G09017
828109268,138.121,-29.9612,19.0,G09016;G09017
828122982,138.6724,-29.1767,18.79,G09016;G09017
828131869,136.4461,-30.8157,18.22,G09016;G09017
828143172,136.5407,-30.2488,18.74,G09016;G09017
828145422,137.1087,-30.6144,18.66,G09016;G09017
828152717,137.4332,-29.6972,18.28,G09016;G09017
828156380,136.6602,-29.7572,17.86,G09016;G09102;G09017;G09166
828172023,135.1468,-30.1187,18.89,G09016;G09017
828176241,135.7966,-29.5851,18.84,G09016;G09017
828192028,136.23,-29.1318,18.68,G09016;G09017
828207333,137.7588,-28.8311,18.9,G09016;G09017
828221772,136.9688,-28.9839,17.48,G09016;G09102;G09017;20SECONDTARGET
828230075,136.7254,-28.4229,18.13,G09016;G09017
828240529,137.3632,-28.054,18.63,G09016;G09017
828261583,138.8852,-27.9006,18.66,G09016;G09017
828267464,139.4061,-27.4551,18.28,G09016;G09017
828274446,138.4787,-27.3266,19.22,G09016
828277405,138.093,-27.5262,19.23,G09016
828278915,138.0106,-27.325,19.18,G09016
828288649,139.5755,-26.4278,18.86,G09016;G09017
829063692,133.1422,-30.9684,18.72,G09016;G09017
829135971,134.1121,-30.7435,18.92,G09016;G09017
829141325,133.2965,-30.7542,17.67,G09016;G09102;G09017;G09166
829149839,133.3162,-30.3293,18.28,G09016;G09017
830636550,134.9787,-29.74,18.14,G09016;G09017
830669341,135.5511,-28.2159,18.14,G09016;G09017
830722366,137.3465,-27.7139,17.97,G09016;G09102;G09017
830722910,137.215,-27.5779,18.69,G09016;G09017
830739089,135.9389,-27.4431,19.05,G09016
830741127,135.8321,-27.2268,18.55,G09016;G09017
830751150,136.7091,-26.929,18.6,G09016;G09017
830756437,136.8002,-26.398,19.21,G09016
830761448,136.1604,-26.3673,17.58,G09016;G09102;G09017
830770490,133.8959,-27.9113,19.23,G09016
830792853,134.2522,-27.3203,18.91,G09016;G09017
830795899,134.2644,-27.2328,19.23,G09016
830842934,135.5247,-26.7487,18.52,G09016;G09017
830869653,134.7142,-25.9632,18.7,G09016;G09017
830879157,135.1185,-25.5308,18.9,G09016;G09017
830891775,137.7806,-26.9039,18.42,G09016;G09017
830894619,137.9977,-26.4846,18.59,G09016;G09017
830899146,138.0749,-26.1999,18.55,G09016;G09017
830908257,138.5743,-25.7884,19.11,G09016;G09017
830911836,136.87,-26.3539,18.76,G09016;G09017
830913427,137.3838,-26.1472,19.16,G09016
830930152,139.3975,-25.7007,19.16,G09016
830930393,139.4689,-25.5477,19.12,G09016
830932203,139.4734,-25.436,18.69,G09016;G09017
830935258,138.6903,-25.3081,16.86,G09016;G09017;G09102;G09166
830938394,139.9324,-25.1299,18.99,G09016;G09017
830950911,138.3821,-24.2506,18.49,G09016;G09017
830959923,136.3765,-25.6884,18.62,G09016;G09017
830972078,137.4501,-24.7129,18.98,G09016;G09017
830984041,135.2495,-24.7055,19.29,G09016
830986110,135.7196,-24.2957,18.39,G09016;G09017
830993181,135.8009,-23.8808,17.4,G09016;G09102;G09017;G09166
830996058,137.7631,-24.4415,17.8,G09016;G09017
831273719,135.0326,-24.1095,19.18,G09016
831279630,135.1041,-23.8019,18.72,G09016;G09017
873092816,143.7891,-36.188,18.76,G09016;G09017
873094935,143.387,-36.3976,19.2,G09016
873117820,144.4712,-36.2113,18.87,G09016;G09017
873140826,144.1958,-36.0646,18.68,G09016;G09017
873155712,144.2188,-35.1625,18.46,G09016;G09017
873164229,145.2435,-34.7086,19.1,G09016
873164345,145.1632,-34.6608,19.02,G09016
873189118,141.5758,-36.1667,18.05,G09016;G09017
873194690,142.7369,-36.3351,18.03,G09016;G09017
873204515,142.5265,-35.8507,18.98,G09016;G09017
873252522,142.1154,-34.5163,17.02,G09016;G09017;G09102
873276054,144.1986,-34.3501,19.08,G09016
873277632,144.6324,-34.3505,18.26,G09016;G09017
873285117,144.0462,-34.0164,17.5,G09016;G09102;G09017;20SECONDTARGET
873316681,143.0632,-33.3383,18.68,G09016;G09017
873358398,145.1067,-34.2717,18.8,G09016;G09017
873359213,145.1383,-34.1449,18.94,G09016;G09017
873359942,145.1207,-33.9568,19.13,G09016
873441340,145.6247,-32.7789,19.27,G09016
873445748,145.5579,-32.634,18.99,G09016;G09017
873451715,144.0508,-33.0163,18.73,G09016;G09017
873459077,143.7232,-32.5533,18.52,G09016;G09017
873461271,144.0314,-32.38,18.88,G09016;G09017
873463839,145.0157,-32.4131,17.58,G09016;G09102;G09017;G09166
873466914,145.4126,-31.9749,18.3,G09016;G09017
873467684,145.2045,-32.0511,17.32,G09016;G09102;G09017;G09166
873470452,144.3548,-31.9674,18.25,G09016;G09017
873480965,145.7113,-32.2325,18.92,G09016;G09017
873503652,145.5668,-31.0402,18.64,G09016;G09017
873512101,145.8397,-30.5155,16.66,G09016;G09017;G09102;G09166
873513680,146.1949,-30.3827,18.47,G09016;G09017
874817602,140.4347,-35.1258,18.03,G09016;G09017
874819221,140.3305,-34.91,17.43,G09016;G09102;G09017;G09166
874825339,140.7775,-34.4156,17.83,G09016;G09102;G09017
874827925,141.561,-34.5577,17.96,G09016;G09102;G09017;G09166
874853153,140.4926,-34.0189,18.63,G09016;G09017
874880983,141.7289,-33.5223,18.91,G09016;G09017
874893443,143.2827,-32.7626,19.06,G09016
874921804,142.128,-32.5798,19.18,G09016
874952276,140.2704,-32.1558,18.29,G09016;G09017
874965726,141.6384,-31.1762,19.17,G09016
874974185,140.3069,-31.6782,18.84,G09016;G09017
874999217,142.9729,-32.0463,18.61,G09016;G09017
875005209,143.843,-31.7309,18.79,G09016;G09017
875008193,144.2782,-31.2608,18.18,G09016;G09017
875024894,142.7996,-30.9799,18.45,G09016;G09017
875035122,143.3515,-30.4957,17.59,G09016;G09102;G09017
875037714,144.8034,-31.2328,18.68,G09016;G09017
875044438,144.3279,-30.5968,18.82,G09016;G09017
875047108,144.8591,-30.2001,18.82,G09016;G09017
875047137,144.9005,-30.2132,18.37,G09016;G09017
875049319,145.5296,-30.2529,19.02,G09016;G09017
875061662,143.8478,-30.2688,18.98,G09016;G09017
875075048,144.5627,-28.9065,18.4,G09016;G09017
875078867,141.9989,-30.7962,18.48,G09016;G09017
875078976,142.3921,-31.0148,19.15,G09016;G09017
875090430,142.7725,-30.1925,18.97,G09016;G09017
875094566,142.5993,-30.0166,18.26,G09016;G09017
875096925,142.9286,-29.7312,17.83,G09016;G09102;G09017
875097462,142.9053,-29.5046,17.51,G09016;G09102;G09017;G09166
875110763,142.0863,-29.9035,18.23,G09016;G09017
875117007,141.8016,-29.2928,19.27,G09016
875119491,142.351,-28.9665,18.96,G09016;G09017
875124332,144.0072,-29.4122,18.82,G09016;G09017
875125794,143.7148,-29.1374,18.67,G09016;G09017
875132765,144.2704,-28.7641,19.07,G09016
875133020,144.2129,-28.7256,18.83,G09016;G09017
875136470,143.6164,-28.7568,18.87,G09016;G09017
875136565,143.5953,-28.6826,19.06,G09016
875137424,143.8393,-28.3474,17.99,G09016;G09102;G09017
875146361,142.4841,-28.5275,18.22,G09016;G09017
875146941,142.7552,-28.4861,19.02,G09016
875160454,140.0485,-30.0975,16.89,G09016;G09017;G09102;G09166
875175560,141.2486,-28.9641,18.61,G09016;G09017
875182868,141.5169,-28.2655,18.68,G09016;G09017
875183295,141.1996,-28.3253,18.92,G09016;G09017
875187002,140.168,-28.6648,18.17,G09016;G09017
875187700,140.3682,-28.4901,17.58,G09016;G09102;G09017;G09166
875189402,140.7123,-28.405,19.13,G09016
875207621,142.3416,-27.6516,19.26,G09016
875209240,142.7435,-27.8584,17.57,G09016;G09102;G09017
875210039,142.8409,-27.6166,18.57,G09016;G09017
875213495,143.1173,-27.0304,17.87,G09016;G09102;G09017;G09166
875221148,141.9204,-27.326,19.21,G09016
875251943,141.1995,-26.2797,19.13,G09016
875256845,141.3692,-25.8667,19.26,G09016
875257235,141.3204,-25.6907,19.08,G09016
875263975,140.7199,-25.3973,18.6,G09016;G09017
875265448,140.8677,-25.2488,17.97,G09016;G09017
875287076,146.3692,-28.6761,19.13,G09016
875290695,145.757,-28.8925,18.39,G09016;G09017
875336065,145.3794,-27.8193,18.32,G09016;G09017
875341924,145.555,-27.704,19.23,G09016
875347255,145.2226,-27.1354,18.42,G09016;G09017
875347495,145.2621,-27.0394,18.46,G09016;G09017
875347797,145.6041,-27.1219,17.88,G09016;G09017;G09102;G09166
875350231,144.3334,-27.7394,17.89,G09016;G09102;G09017
875350439,144.342,-27.5923,18.88,G09016;G09017
875360825,145.1703,-26.6625,18.25,G09016;G09017
875369433,146.5471,-26.559,17.78,G09016;G09102;G09017;G09166
875370601,146.0387,-26.6678,18.59,G09016;G09017
875370894,146.1422,-26.5259,19.16,G09016;G09017
875378845,146.8171,-25.7707,19.25,G09016
875378939,146.9623,-25.6629,18.95,G09016;G09017
875390107,146.3943,-25.3893,18.36,G09016;G09017
875477919,143.5579,-27.1541,18.77,G09016;G09017
875480522,143.8951,-26.6918,18.91,G09016;G09017
875484530,143.3342,-26.4115,17.75,G09016;G09102;G09017;G09166
875485292,143.3962,-26.2942,18.01,G09016;G09017;G09166
875489230,144.2777,-25.9924,18.03,G09016;G09017
875498908,142.6741,-25.9476,18.08,G09016;G09017
875501090,142.5417,-25.6552,17.64,G09016;G09102;G09017;G09166
875502433,143.5802,-25.6927,18.48,G09016;G09017
875505728,143.1807,-25.3891,17.75,G09016;G09102;G09017
875507073,143.2167,-25.0762,18.52,G09016;G09017
875508293,143.2912,-25.0125,18.75,G09016;G09017
875511130,145.2622,-25.5068,17.64,G09016;G09102;G09017
875511668,145.2303,-25.2905,19.23,G09016
875539642,141.6164,-25.184,19.21,G09016
875540854,142.1488,-24.9092,18.38,G09016;G09017
875542418,142.9277,-25.0693,18.37,G09016;G09017
2886586,138.194,-39.7586,16.54,G09016;G09102;G09017
2962605,138.2996,-39.1726,16.74,G09016;G09102;G09017
5624184,143.1996,-37.7412,16.0,G09016;G09102;G09017;G09166;20SECONDTARGET
74522933,137.5794,-42.7582,15.87,G09016;G09102;G09102;G09102;G09102;G09017
75401353,139.0042,-42.2573,16.04,G09016;G09017;G09102
75743635,139.2855,-45.7705,15.75,G09016;G09017;G09102
75823453,139.5318,-44.621,16.34,G09016;G09102;G09017
141056084,128.8475,-43.9994,15.53,G09016;G09102;G09017;G09166
181208184,130.6929,-37.5968,16.64,G09016;G09017;G09102
191233258,134.7939,-36.7919,15.43,G09016;G09017;G09102;G09166
191532802,135.5545,-39.7649,15.88,G09016;G09102;G09017
192083079,136.9839,-36.8975,15.57,G09016;G09102;G09017;G09166;20SECONDTARGET
393204653,144.3969,-38.8702,16.53,G09016;G09102;G09017
430591603,131.2325,-44.1425,15.27,G09016;G09017;G09102;G09166;20SECONDTARGET
447970305,136.0831,-45.615,15.86,G09016;G09017;G09102;G09166
814708092,139.2298,-48.4923,19.28,G09016
814708301,139.0208,-48.5038,18.45,G09016;G09017
814708466,139.1787,-48.3184,18.47,G09016;G09017
814708610,139.5527,-48.2884,18.72,G09016;G09017
814709744,139.0551,-47.7456,16.69,G09016;G09102;G09017;G09166
814737354,136.3755,-47.286,17.87,G09016;G09102;G09017;G09166
814738910,136.3177,-46.9398,18.61,G09016;G09017
814739788,138.2595,-47.6354,16.97,G09016;G09102;G09017
814739893,138.2037,-47.4763,18.51,G09016;G09017
814739995,138.6464,-47.4777,18.59,G09016;G09017
814740905,138.5951,-47.1452,17.96,G09016;G09102;G09017
814743540,137.9274,-47.1413,19.12,G09016
814744486,137.829,-46.9144,17.34,G09016;G09102;G09017
814746313,138.9058,-47.051,18.98,G09016;G09017
814756581,139.0002,-46.4046,19.18,G09016
815660875,132.8038,-45.9785,19.09,G09016;G09017
815753928,131.7236,-46.2817,17.14,G09016;G09102;G09017;G09166
815786209,131.5694,-45.5218,17.61,G09016;G09102;G09017
815806094,136.0144,-46.6988,18.66,G09016;G09017
815812351,135.5643,-46.2002,18.77,G09016;G09017
815842898,135.004,-45.1776,18.66,G09016;G09017
815843675,136.711,-46.1829,16.84,G09016;G09017;G09102;G09166
815848195,137.2538,-45.777,17.15,G09016;G09102;G09017;G09166
815905282,135.8149,-45.418,17.61,G09016;G09102;G09017
815916163,135.7915,-44.2601,17.7,G09016;G09102;G09017;G09166
815972457,133.2909,-45.4743,18.46,G09016;G09017
815984429,134.1506,-44.8708,18.74,G09016;G09017
816007494,132.1245,-44.9711,19.28,G09016
816014963,132.7136,-44.5891,17.53,G09016;G09102;G09017
816025053,133.4115,-44.113,18.57,G09016;G09017
816029028,135.3305,-44.3192,17.77,G09016;G09017
816029627,134.6885,-44.4283,19.15,G09016
816029929,134.5385,-44.1997,18.65,G09016;G09017
816030113,134.7458,-43.9557,18.2,G09016;G09017;G09166
816051294,135.8917,-42.9761,17.9,G09016;G09102;G09017
816052984,135.3855,-42.9793,18.8,G09016;G09017
816055737,134.2271,-44.0614,18.85,G09016;G09017
816056573,134.637,-43.6955,17.21,G09016;G09017
816056648,134.891,-43.5078,17.91,G09016;G09017;G09102;G09166
816058663,133.7096,-43.3848,18.76,G09016;G09017
816069128,135.0189,-42.6197,17.09,G09016;G09102;G09017
816070395,134.8539,-42.4641,17.96,G09016;G09102;G09017
816074787,134.9879,-42.0008,18.54,G09016;G09017
816215680,139.6353,-43.6071,18.93,G09016;G09017
816408560,139.6892,-42.3369,17.95,G09016;G09102;G09017
816430935,139.78,-42.3247,19.0,G09016;G09017
816431196,139.8612,-42.228,17.85,G09016;G09102;G09017;G09166
816470877,138.836,-41.8653,18.96,G09016;G09017
816501973,138.5511,-41.2494,18.0,G09016;G09017
816531898,138.7302,-41.1323,17.58,G09016;G09102;G09017;G09166
816604759,137.4531,-41.7935,17.48,G09016;G09102;G09017
816612416,136.8512,-41.7705,19.16,G09016
816618330,136.6411,-41.6049,17.66,G09016;G09102;G09017
816634532,135.8774,-42.1288,19.27,G09016
816666121,136.3162,-41.6197,18.57,G09016;G09017
816704476,136.3356,-40.4628,18.2,G09016;G09017
816771068,137.989,-40.1997,18.55,G09016;G09017
816866006,139.8733,-40.615,18.98,G09016;G09017
816968463,138.2778,-38.4765,19.16,G09016
816990387,139.8468,-37.8778,18.21,G09016;G09017
819619195,129.4002,-45.4392,18.94,G09016;G09017
819746533,127.6207,-45.245,19.2,G09016
819789662,127.7217,-45.0718,18.61,G09016;G09017
819819248,126.9164,-45.1366,18.91,G09016;G09017
819821621,127.3247,-44.7794,17.92,G09016;G09102;G09017;G09166
819844862,127.6802,-44.5629,18.94,G09016;G09017
819865709,127.5378,-43.7077,18.88,G09016;G09017
819866213,127.8394,-43.5782,18.83,G09016;G09017
819875924,128.9668,-44.5112,18.84,G09016;G09017
819951699,129.8375,-43.0479,19.0,G09016
819965154,128.0791,-43.4439,18.54,G09016;G09017
819973256,128.4503,-42.8981,18.11,G09016;G09017;G09166
819979238,129.3113,-42.6543,18.96,G09016;G09017
820000199,131.979,-44.3963,19.29,G09016
820017814,133.3357,-43.5432,18.53,G09016;G09017
820031778,131.9083,-43.308,18.43,G09016;G09017
820032444,131.8752,-43.2503,19.0,G09016;G09017
820034402,130.8725,-43.4531,19.15,G09016
820034871,130.8117,-43.2528,17.8,G09016;G09102;G09017;G09166
820048176,132.3048,-42.1575,17.02,G09016;G09102;G09017;G09166
820050523,133.8232,-42.9803,17.72,G09016;G09102;G09017;G09166
820063697,133.3959,-42.318,19.11,G09016
820075627,134.6195,-41.7752,17.93,G09016;G09017
820099146,133.3028,-41.8472,18.48,G09016;G09017
820125167,133.7655,-41.1655,17.79,G09016;G09102;G09017
820148795,130.3698,-42.6314,19.25,G09016
820163546,130.3811,-41.396,19.29,G09016
820165576,130.8883,-41.0487,19.06,G09016
820169148,130.7829,-40.3714,19.24,G09016
820188032,132.7514,-40.5692,19.23,G09016
820188651,132.8777,-40.5349,18.81,G09016;G09017
820201013,132.8228,-40.195,18.12,G09016;G09017;G09166
820206287,132.9023,-40.0353,18.99,G09016;G09017
820322112,127.3627,-43.4895,18.09,G09016;G09017
820326512,126.5583,-43.7255,18.74,G09016;G09017
820329173,126.8227,-43.5382,19.13,G09016;G09017
820405758,128.2461,-42.7373,19.06,G09016
820409778,128.0686,-42.6515,18.45,G09016;G09017
820441203,128.1232,-42.0117,18.89,G09016;G09017
820508705,128.2307,-40.7596,18.49,G09016;G09017
820728065,129.3293,-41.6646,18.7,G09016;G09017
820731588,129.7458,-40.9552,18.52,G09016;G09017
820748938,130.0327,-40.117,18.86,G09016;G09017
820769515,128.5079,-39.9727,17.38,G09016;G09102;G09017
820769748,128.4841,-39.8752,19.21,G09016
820778395,128.9806,-39.3912,17.76,G09016;G09102;G09017
820788432,130.9328,-39.6379,17.98,G09016;G09102;G09017;G09166
820860326,129.7998,-39.1216,17.37,G09016;G09102;G09017
820871053,130.2987,-38.8,19.0,G09016
820988010,129.1849,-38.7903,17.71,G09016;G09017
825886671,134.488,-41.0587,19.19,G09016
825901402,135.6199,-40.8758,17.52,G09016;G09102;G09017;G09166
825911549,136.0095,-40.3722,17.97,G09016;G09102;G09017
825951381,134.8516,-40.1285,16.06,G09016;G09102;G09017
825992546,135.3673,-39.2481,18.39,G09016;G09017
826026313,136.8984,-39.5829,18.93,G09016;G09017
826034599,135.9337,-39.6328,18.95,G09016;G09017
826039535,136.1385,-39.3278,18.18,G09016;G09017
826072671,136.994,-38.7581,18.44,G09016;G09017
826081361,137.0223,-38.4463,17.95,G09016;G09102;G09017
826133032,136.5928,-38.2129,19.07,G09016
826159889,136.2191,-37.7022,17.85,G09016;G09102;G09017;G09166
826172504,134.0636,-39.6658,19.23,G09016
826253529,133.1381,-39.0003,18.26,G09016;G09017
826290327,133.1467,-38.3178,17.15,G09016;G09102;G09017
826332345,133.2986,-37.7329,18.39,G09016;G09017
826337653,133.7886,-37.5765,18.8,G09016;G09017
826405252,135.0943,-37.0786,18.67,G09016;G09017
826417055,134.1782,-37.7303,17.88,G09016;G09102;G09017
826425653,134.774,-37.3637,18.55,G09016;G09017
826429462,134.4781,-37.236,18.07,G09016;G09017
826503329,137.7219,-37.8417,18.33,G09016;G09017
826529198,139.088,-37.0706,16.68,G09016;G09017;G09102
826583903,137.7296,-36.9625,16.8,G09016;G09102;G09017
826711638,136.833,-36.2769,17.85,G09016;G09102;G09017
826986973,131.7506,-37.4065,19.09,G09016
826994906,131.7883,-36.8731,17.78,G09016;G09102;G09017;G09166
827072305,134.0656,-36.391,18.76,G09016;G09017
827087572,133.5493,-36.3365,18.1,G09016;G09017
827158984,132.9577,-35.5208,18.32,G09016;G09017
827305616,130.5895,-35.7329,18.15,G09016;G09017
827360543,131.1772,-34.7798,16.67,G09016;G09102;G09017;G09166
827400551,132.28,-34.9687,17.17,G09016;G09102;G09017
860303055,141.1756,-48.4087,17.77,G09016;G09102;G09017;G09166
860305506,140.8421,-48.2335,17.79,G09016;G09102;G09017;G09166
860309210,140.1606,-48.1131,18.07,G09016;G09017
860314538,140.3254,-47.3592,17.77,G09016;G09102;G09017
871264412,141.0399,-46.4797,19.29,G09016
871278860,141.1919,-46.486,19.27,G09016
871293807,140.8055,-46.0801,18.42,G09016;G09017
871407736,141.2805,-45.0868,19.24,G09016
871483142,140.9539,-44.8849,18.78,G09016;G09017
871484542,140.9218,-44.6654,18.86,G09016;G09017
871490158,141.3283,-44.311,18.55,G09016;G09017
871539917,141.4571,-42.6906,18.78,G09016;G09017
871554846,140.8304,-43.0382,18.84,G09016;G09017
871571025,140.4177,-42.9571,18.58,G09016;G09017
871697428,142.7227,-43.411,18.55,G09016;G09017
871739666,143.3343,-42.3053,18.89,G09016;G09017
871866009,142.1407,-42.774,17.99,G09016;G09102;G09017;G09166
871913231,142.4558,-41.7826,17.7,G09016;G09102;G09017;G09166
871992952,142.2368,-40.7325,18.58,G09016;G09017
872008304,143.8146,-41.0906,19.14,G09016
872020709,142.957,-40.8096,18.51,G09016;G09017
872020838,143.101,-40.7902,18.75,G09016;G09017
872023961,143.5489,-40.613,18.86,G09016;G09017
872026557,143.3945,-40.4914,18.12,G09016;G09017
872061493,143.2754,-40.1845,17.39,G09016;G09102;G09017;G09166
872077146,142.7134,-39.7359,17.16,G09016;G09102;G09017
872077751,142.6708,-39.6679,18.43,G09016;G09017
872088004,143.8192,-39.4166,18.26,G09016;G09017
872090265,143.0665,-39.6475,17.3,G09016;G09102;G09017;G09166
872116637,140.0674,-41.4534,17.45,G09016;G09102;G09017;G09166
872116647,140.0671,-41.4513,17.45,G09016;G09102;G09017
872116797,140.1689,-41.449,19.21,G09016
872203258,140.0304,-40.2993,19.2,G09016
872229051,140.3636,-39.3868,18.45,G09016;G09017
872246021,141.791,-39.7484,17.99,G09016;G09017
872249561,142.6725,-39.4994,17.92,G09016;G09017
872259069,141.5034,-39.3632,16.8,G09016;G09017;G09102;G09166
872268479,142.7323,-39.4139,18.75,G09016;G09017
872275537,143.1488,-38.7709,18.93,G09016;G09017
872374411,140.2736,-38.2982,18.54,G09016;G09017
872402607,140.8986,-37.2556,18.14,G09016;G09017
872674811,144.2369,-38.9347,17.49,G09016;G09102;G09017;G09166
872684828,143.6933,-38.7414,19.15,G09016
873025817,143.7587,-37.6832,19.16,G09016
33243603,144.9015,-43.1453,17.03,G09016;G09017;G09102
33406297,145.2204,-42.5398,16.82,G09016;G09017;G09102
33724884,145.6684,-46.6219,15.21,G09016;G09017;G09102;20SECONDTARGET
34967182,147.4779,-46.9705,16.83,G09016;G09102;G09017
35051273,147.7967,-42.6916,16.63,G09016;G09017;G09102
36846661,150.9066,-45.2649,15.74,G09016;G09017;G09102;G09166;20SECONDTARGET
45163849,147.6019,-38.6341,15.91,G09016;G09017;G09102;G09166
45770266,149.1001,-40.3916,16.77,G09016;G09017;G09102;G09166;20SECONDTARGET
101762346,152.8551,-43.7321,16.86,G09016;G09102;G09017
106145033,158.1664,-41.241,16.62,G09016;G09102;G09017
146587982,159.2759,-44.209,16.68,G09016;G09017;G09102
260403054,152.6146,-47.3306,17.06,G09016;G09017
864128897,153.4092,-49.9592,17.36,G09016;G09102;G09017
864200831,154.9284,-49.8442,19.27,G09016
864210567,155.9297,-50.0371,18.46,G09016;G09017
864218983,156.3549,-49.7745,18.99,G09016;G09017
864301365,153.8531,-49.5452,19.29,G09016
864382692,154.1486,-48.4066,18.33,G09016;G09017
864469605,159.6647,-50.1385,18.46,G09016;G09017
864509930,157.9242,-50.1922,19.09,G09016
864515428,157.408,-50.059,18.9,G09016;G09017
864524541,157.987,-49.6907,18.86,G09016;G09017
864597364,159.566,-49.4221,18.34,G09016;G09017
864599702,159.7708,-49.1989,19.15,G09016
864719707,158.4367,-46.7279,18.05,G09016;G09017
864721178,156.5356,-49.6175,18.61,G09016;G09017
864768019,156.9349,-48.5924,19.0,G09016;G09017
864808976,155.4709,-48.5698,17.98,G09016;G09102;G09017
864869118,156.0053,-47.422,17.65,G09016;G09102;G09017
864883567,154.7623,-47.3195,18.79,G09016;G09017
864921040,156.3832,-47.2634,17.61,G09016;G09102;G09017
864961589,157.3014,-45.986,18.65,G09016;G09017
864964328,156.1155,-47.139,17.99,G09016;G09017
864983855,155.7282,-46.4721,17.91,G09016;G09017
864999106,156.8673,-46.1633,17.4,G09016;G09102;G09017;G09166
865017320,155.9908,-45.6993,18.79,G09016;G09017
865026398,159.8682,-47.5039,18.86,G09016;G09017
865030631,159.8584,-47.1945,18.13,G09016;G09017
865054283,158.6635,-46.7637,17.48,G09016;G09102;G09017
865061392,159.0194,-46.3361,18.21,G09016;G09017
865074867,159.4963,-45.8777,18.19,G09016;G09017
865091373,159.3841,-45.3478,18.76,G09016;G09017
865112790,159.2955,-44.3311,19.08,G09016
865122775,159.7228,-43.4774,17.28,G09016;G09102;G09017
865142118,157.3678,-45.7274,17.97,G09016;G09102;G09017
865201420,156.3281,-44.6611,19.24,G09016
865217260,156.7131,-44.4315,18.56,G09016;G09017
865234933,159.087,-44.5122,19.16,G09016
865257283,159.223,-43.6241,19.27,G09016
865294184,157.1625,-43.083,19.11,G09016
865299151,157.9163,-43.1299,19.05,G09016;G09017
865305810,158.1816,-42.3285,18.11,G09016;G09017
865319081,159.9938,-42.8337,17.8,G09016;G09017
865337882,159.0934,-42.1747,18.54,G09016;G09017
865338082,159.0206,-42.0676,18.95,G09016;G09017
865347248,159.3288,-41.8345,18.96,G09016;G09017
865367680,158.2377,-41.7455,19.08,G09016
865382669,158.3863,-40.9422,18.93,G09016;G09017
865388332,159.9303,-41.0928,18.82,G09016;G09017
865389551,159.9676,-40.8309,18.06,G09016;G09017
866730457,148.8304,-49.7474,18.37,G09016;G09017
867054200,153.0623,-49.6065,18.43,G09016;G09017
867061326,152.8941,-49.485,17.73,G09016;G09102;G09017
867143900,150.767,-49.678,19.07,G09016
867205955,151.0518,-49.1685,18.67,G09016;G09017
867215915,150.7573,-48.8945,16.55,G09016;G09102;G09017;G09166
867283674,152.491,-48.5874,19.23,G09016
867308831,153.4169,-48.4446,18.23,G09016;G09017
867331981,153.3326,-48.1581,19.05,G09016
867349235,153.1851,-47.6988,18.21,G09016;G09017
867420588,152.4059,-47.7304,19.29,G09016
867507111,149.2937,-48.9525,19.24,G09016
867547983,150.8694,-48.0489,18.57,G09016;G09017
867566432,149.9288,-48.0424,18.89,G09016;G09017
867622106,148.5101,-48.1816,18.31,G09016;G09017
867658642,149.3972,-47.5898,18.59,G09016;G09017
867670429,149.4446,-47.3157,17.48,G09016;G09102;G09017;G09166
867677011,148.9988,-47.5679,18.16,G09016;G09017
867696092,149.1232,-46.9306,16.65,G09016;G09017;G09102
867725889,150.958,-47.4333,18.66,G09016;G09017
867755602,150.3779,-46.8176,18.85,G09016;G09017
867819925,150.2621,-46.8285,19.16,G09016
867830009,150.1628,-46.3508,17.41,G09016;G09102;G09017
867892956,150.3524,-45.4751,18.96,G09016;G09017
868152434,145.2625,-49.3016,18.67,G09016;G09017
868324346,146.8028,-48.3315,18.36,G09016;G09017
868532918,143.0131,-48.6362,18.49,G09016;G09017
868537558,143.1902,-48.322,18.91,G09016;G09017
868695997,144.4208,-47.7113,18.77,G09016;G09017
868734169,143.9624,-47.1576,18.75,G09016;G09017
868758922,145.4807,-46.9956,19.1,G09016
868788758,144.8066,-46.4472,19.23,G09016
868794952,144.6941,-46.3216,19.26,G09016
868826071,143.9932,-46.7353,17.72,G09016;G09102;G09017
868844587,143.3771,-46.6135,18.61,G09016;G09017
869030407,146.8126,-46.7715,18.43,G09016;G09017
869096178,147.647,-45.7514,17.88,G09016;G09102;G09017;G09166
869172505,148.93,-45.4765,18.11,G09016;G09017
869210012,148.844,-44.6859,18.57,G09016;G09017
869220990,147.8068,-45.6014,17.88,G09016;G09102;G09017
869222991,148.0074,-45.4823,19.03,G09016
869252292,147.1839,-44.8732,18.24,G09016;G09017
869288736,147.7543,-44.3767,18.47,G09016;G09017
869366146,146.4576,-45.3944,16.57,G09016;G09102;G09017
869391302,146.0519,-45.1434,17.11,G09016;G09102;G09017
869431169,145.2903,-45.1234,18.37,G09016;G09017
869480692,145.721,-44.4938,18.67,G09016;G09017
869488381,145.4758,-44.1768,18.44,G09016;G09017
869532604,146.9198,-44.2777,18.99,G09016;G09017
869574293,147.1764,-43.6066,18.74,G09016;G09017
869585839,147.4204,-42.9303,18.74,G09016;G09017
869588415,147.2028,-42.8526,18.72,G09016;G09017
869621415,145.9696,-43.1427,18.88,G09016;G09017
869625276,145.7881,-42.9787,17.16,G09016;G09017;G09166
869723769,154.6387,-46.4215,18.86,G09016;G09017
869813960,153.7659,-46.2218,18.93,G09016;G09017
869861611,155.1867,-45.7553,18.81,G09016;G09017
869866527,154.7222,-45.7765,18.42,G09016;G09017
869884392,155.2984,-45.3556,18.39,G09016;G09017
869907328,155.0054,-44.4895,17.44,G09016;G09102;G09017
870124602,153.0753,-44.2294,19.29,G09016
870130543,152.9539,-43.842,19.14,G09016
870155319,153.8275,-43.4253,17.75,G09016;G09017
870160854,152.8045,-43.5924,19.19,G09016
870160982,152.7205,-43.5974,18.57,G09016;G09017
870164493,152.5222,-43.3457,17.41,G09016;G09102;G09017;G09166
870177041,151.6857,-43.9362,17.9,G09016;G09102;G09017;G09166
870251566,155.3404,-43.6296,17.37,G09016;G09102;G09017
870259591,156.3909,-43.4845,18.49,G09016;G09017
870304788,155.061,-43.004,18.99,G09016;G09017
870309762,155.4595,-42.4571,18.26,G09016;G09017
870310469,155.2061,-42.5566,16.61,G09016;G09017;G09102;20SECONDTARGET
870346191,157.0639,-42.0811,18.27,G09016;G09017
870351038,157.0875,-41.9213,18.04,G09016;G09017;G09166
870405094,153.4081,-42.9817,19.05,G09016
870428659,153.8054,-42.1781,19.19,G09016
870429745,154.1478,-42.0063,17.88,G09016;G09102;G09017;G09166
870438901,153.5433,-41.7941,19.12,G09016
870442359,154.1122,-41.5434,19.09,G09016
870459301,152.4422,-41.7303,18.86,G09016;G09017
870472077,153.224,-41.219,18.14,G09016;G09017
870480733,152.9226,-40.9348,17.56,G09016;G09102;G09017;G09166
870491740,154.9687,-41.1869,17.03,G09016;G09102;G09017;G09166;20SECONDTARGET
870497900,154.1851,-41.1108,19.1,G09016
870500772,154.6017,-40.7282,18.68,G09016;G09017
870511254,155.4293,-40.2419,18.13,G09016;G09017
870531972,153.4691,-40.1323,18.55,G09016;G09017
870533299,154.0327,-40.0932,17.77,G09016;G09102;G09017;G09166
870536416,154.0095,-39.7318,19.17,G09016
870542567,155.3045,-39.4401,17.4,G09016;G09102;G09017
870581758,149.7498,-43.7733,18.96,G09016;G09017
870598622,150.5397,-43.3708,19.04,G09016
870652663,149.4859,-42.8316,17.85,G09016;G09102;G09017
870674506,150.9059,-43.0654,18.81,G09016;G09017
870682201,151.2114,-42.6778,18.95,G09016;G09017
870719085,151.4774,-41.431,18.91,G09016;G09017
870722823,150.0086,-42.536,18.67,G09016;G09017
870747458,150.509,-41.5519,18.33,G09016;G09017
870748330,150.7233,-41.3649,18.95,G09016;G09017
870757686,150.0184,-41.2986,18.7,G09016;G09017
870757912,149.9882,-41.2065,19.27,G09016
870758347,150.1262,-41.0305,17.91,G09016;G09102;G09017
870778919,147.9593,-42.5388,18.27,G09016;G09017
870796055,148.2628,-42.2346,19.05,G09016
870856230,147.6359,-40.9086,15.38,G09016;G09102;G09017;G09166
870914366,148.6452,-40.0257,17.8,G09016;G09102;G09017;G09166
870917693,147.9378,-40.2509,18.42,G09016;G09017
870923494,148.4255,-39.7332,18.55,G09016;G09017
870935732,148.6937,-39.5898,18.79,G09016;G09017
870953312,152.1529,-40.9253,17.65,G09016;G09017
870957361,151.3415,-41.0294,18.67,G09016;G09017
870969112,152.9523,-40.5795,17.91,G09016;G09102;G09017;G09166
870972097,152.7645,-40.1539,19.03,G09016
870975208,152.2691,-40.2713,18.89,G09016;G09017
870976742,152.1957,-40.1883,17.66,G09016;G09102;G09017;G09166
870978689,152.4764,-39.9655,19.25,G09016
870986088,151.1257,-40.5551,18.87,G09016;G09017
871003958,151.6567,-39.9443,18.28,G09016;G09017
871006912,152.29,-39.5486,18.0,G09016;G09102;G09017;G09166
871021955,152.9835,-39.8868,18.61,G09016;G09017
871059603,152.2608,-38.8927,18.75,G09016;G09017
871062469,152.1911,-38.5741,17.46,G09016;G09102;G09017
871091357,150.8687,-39.1686,19.14,G09016
871109104,151.5983,-38.474,18.86,G09016;G09017
871111119,151.047,-38.6516,19.22,G09016
871129530,149.2375,-38.6919,18.23,G09016;G09017
871152368,151.7718,-38.5214,17.38,G09016;G09102;G09017;G09166
871658332,144.1591,-43.7611,19.12,G09016
871772647,144.8005,-42.1374,18.32,G09016;G09017
871800099,145.5554,-41.2741,18.8,G09016;G09017
872460126,146.5988,-40.8377,18.63,G09016;G09017
872478327,146.6799,-40.6978,18.75,G09016;G09017
872497010,147.1075,-39.6223,17.5,G09016;G09102;G09017
872505288,145.9613,-40.4614,18.91,G09016;G09017
872508903,145.6648,-40.2303,17.79,G09016;G09102;G09017;G09166
872511229,145.2397,-40.556,17.21,G09016;G09102;G09017
872529354,146.2716,-39.4873,16.85,G09016;G09102;G09017;G09166
872563361,147.6342,-39.1302,18.48,G09016;G09017
872568058,148.353,-39.2321,19.06,G09016
872584883,148.2044,-38.131,18.65,G09016;G09017
872609318,147.6836,-38.0862,19.04,G09016
872615036,147.3806,-38.0459,18.78,G09016;G09017
872650290,145.4043,-39.1945,19.19,G09016
873528303,157.5193,-40.7002,16.82,G09016;G09017;G09102
873545539,158.1682,-39.6961,19.12,G09016
873547930,156.9249,-40.6191,17.55,G09016;G09102;G09017
873558446,156.406,-39.9192,19.2,G09016
873601846,158.2186,-39.4228,18.92,G09016;G09017
873628002,156.3995,-39.8794,18.61,G09016;G09017
873633891,156.4944,-39.3083,17.54,G09016;G09102;G09017;G09166
873634713,155.6871,-39.7552,17.21,G09016;G09102;G09017;G09166
873636005,155.8216,-39.5172,19.04,G09016;G09017
938247146,160.0797,-43.9586,19.13,G09016
11560959,149.9049,-26.0735,15.77,G09016;G09102;G09017
22016715,147.8666,-28.0849,16.49,G09016;G09017;G09102;G09166
22083201,148.2512,-26.9625,15.77,G09016;G09017;G09102;G09166
44851957,146.7855,-36.8387,16.39,G09016;G09017;G09102;G09166;20SECONDTARGET
48011814,146.9661,-34.0156,15.97,G09016;G09017;G09102;G09166
48209184,148.0177,-35.5687,16.42,G09016;G09017;G09102
48279084,148.2452,-34.4325,17.37,G09016;G09102;G09017
48337030,149.5069,-35.9034,15.58,G09016;G09017;G09102;G09166
54079452,160.0757,-31.3857,16.05,G09016;G09017;G09102;G09166
54115923,160.4219,-32.9827,17.18,G09016;G09102;G09017;G09166
54144306,160.4334,-31.4987,16.66,G09016;G09102;G09017;G09166
71298589,154.3683,-32.6025,16.13,G09016;G09102;G09166;20SECONDTARGET
71302293,154.5556,-34.648,16.87,G09016;G09102;G09017;20SECONDTARGET
71489738,155.4092,-34.8033,16.3,G09016;G09017;G09102;G09166
71620115,156.1052,-35.5581,16.72,G09016;G09102;G09017
73005766,153.2132,-37.3802,15.75,G09016;G09017;G09102
73257724,154.0914,-36.2777,16.84,G09016;G09102;G09017
73764818,155.8873,-37.4871,15.87,G09016;G09017;G09102
101583521,150.57,-35.3455,15.37,G09016;G09017;G09102
106083819,157.9044,-37.2516,16.84,G09016;G09017
193159342,157.3646,-26.9388,17.3,G09016;G09017;G09102
193218888,157.8081,-28.0614,17.9,G09016;G09017
286936972,150.5814,-37.2314,16.14,G09016;G09017;G09102;G09166;20SECONDTARGET
871188496,151.666,-37.1125,19.12,G09016
871189379,151.2479,-37.1118,17.4,G09016;G09102;G09017;G09166
871192237,150.8839,-37.1353,16.91,G09016;G09102;G09017
871198997,151.8493,-36.8599,18.13,G09016;G09017
872773152,146.1653,-36.9826,18.95,G09016;G09017
872776683,146.174,-36.5303,18.79,G09016;G09017
872810699,150.1068,-37.4425,18.0,G09016;G09017
872829025,148.5731,-37.1496,17.41,G09016;G09102;G09017
872834252,148.0007,-37.0189,19.23,G09016
872834391,148.0488,-36.9865,19.09,G09016
872836923,148.5079,-36.7126,19.07,G09016
872837379,148.3099,-36.8073,17.77,G09016;G09102;G09017;G09166
872847377,148.6184,-36.6482,18.61,G09016;G09017
872852437,149.132,-35.9999,18.71,G09016;G09017
872853278,148.8389,-36.0262,18.97,G09016;G09017
872873321,151.3079,-35.7692,19.14,G09016
872876534,150.7163,-35.6757,18.54,G09016;G09017
872880535,151.1108,-35.1307,18.57,G09016;G09017
872884936,149.9793,-35.8494,18.86,G09016;G09017
872891042,149.7819,-35.5194,18.7,G09016;G09017
872892510,149.6277,-35.4112,19.14,G09016
872907680,147.7412,-36.7667,18.12,G09016;G09017
872912274,147.836,-36.5668,19.01,G09016
872916405,147.1248,-36.5497,18.0,G09016;G09017
872928207,148.5042,-35.7538,18.34,G09016;G09017
872956057,147.5059,-35.1466,19.15,G09016
872971918,149.2041,-34.8628,19.27,G09016
872998703,147.7747,-34.3331,16.91,G09016;G09017;G09102
873346335,146.847,-34.0932,18.72,G09016;G09017
873377731,147.7485,-33.7905,18.82,G09016;G09017
873378220,147.5322,-33.8673,16.56,G09016;G09017;G09102;G09166
873384021,147.1049,-33.6545,17.59,G09016;G09102;G09017;G09166
873386487,147.789,-33.1967,19.25,G09016
873389362,148.5296,-33.3063,18.9,G09016;G09017
873413495,147.555,-32.3901,18.07,G09016;G09017;G09166
873416934,147.9713,-31.8242,18.8,G09016;G09017
873418066,147.4416,-32.0929,19.12,G09016;G09017
873421361,147.4716,-31.6401,18.11,G09016;G09017;G09166
873493543,147.135,-30.9039,18.72,G09016;G09017
873688614,157.9025,-38.0606,19.28,G09016
873698612,158.4803,-37.5249,19.19,G09016
873702375,158.3035,-37.1264,19.18,G09016
873720630,156.6143,-36.7479,18.61,G09016;G09017
873725972,157.763,-36.3664,17.64,G09016;G09102;G09017;G09166
873739417,159.4734,-37.1281,18.52,G09016;G09017
873741087,159.2491,-36.9646,17.73,G09016;G09017;G09166
873752936,158.5093,-36.197,18.78,G09016;G09017
873755887,159.5863,-36.1648,17.0,G09016;G09017;G09102;G09166
873758005,159.7966,-35.8247,18.4,G09016;G09017
873774014,158.8772,-35.0241,18.1,G09016;G09017;G09166
873774407,159.1477,-35.0928,18.77,G09016;G09017
873788471,159.6429,-33.5328,17.46,G09016;G09102;G09017;G09166
873804893,155.2423,-37.6132,18.4,G09016;G09017
873812052,154.8133,-37.0599,17.97,G09016;G09017
873816262,154.1227,-37.7052,17.58,G09016;G09102;G09017;20SECONDTARGET
873818195,153.7499,-37.5909,18.39,G09016;G09017
873832197,154.8038,-36.5494,18.85,G09016;G09017
873837205,154.1243,-36.4463,17.44,G09016;G09102;G09017
873844885,156.5383,-36.5044,18.94,G09016;G09017
873847788,155.8066,-36.3996,19.25,G09016
873848504,155.4265,-36.3867,19.1,G09016
873853724,156.8066,-35.9596,17.97,G09016;G09102;G09017
873858169,156.1341,-35.6894,18.58,G09016;G09017
873859764,156.989,-35.332,17.71,G09016;G09102;G09017
873862783,155.351,-36.0408,17.68,G09016;G09017
873867165,154.8698,-35.7852,17.75,G09016;G09102;G09017;G09166
873868712,155.2747,-35.4406,18.35,G09016;G09017
873869528,155.1971,-35.3907,18.81,G09016;G09017
873903690,152.5492,-35.9947,18.4,G09016;G09017
873932190,155.4828,-34.5813,19.18,G09016
873937212,155.1436,-34.0203,17.43,G09016;G09102;G09017
873940152,154.2307,-34.6884,19.07,G09016;G09017
873948336,154.6674,-34.1965,18.63,G09016;G09017
873949446,154.4873,-33.9673,18.48,G09016;G09017
873950254,154.6977,-33.6556,17.67,G09016;G09102;G09017;G09166
873959009,157.8887,-35.0152,17.88,G09016;G09102;G09017;G09166
873965970,158.0961,-34.6823,19.02,G09016
873970768,157.7213,-34.0777,18.04,G09016;G09017;G09166
873973917,156.9032,-34.5078,18.9,G09016;G09017
873975005,156.8188,-34.2726,18.92,G09016;G09017
873977737,156.6909,-34.258,18.32,G09016;G09017
873990452,158.9069,-33.6779,19.07,G09016;G09017
873990894,159.2698,-33.6215,18.64,G09016;G09017
873993581,158.3587,-33.4034,18.12,G09016;G09017
873995558,159.0485,-32.9628,19.11,G09016
874004483,158.6872,-32.7358,18.68,G09016;G09017
874010250,158.7625,-32.3239,17.07,G09016;G09017;G09102;G09166
874010853,159.3263,-32.3171,18.82,G09016;G09017
874019551,156.2997,-33.3007,18.97,G09016;G09017
874024288,156.8925,-33.2248,18.15,G09016;G09017;G09166
874034480,155.5366,-32.6741,17.5,G09016;G09017;G09166
874044623,155.9905,-31.8716,18.0,G09016;G09017
874045629,156.1166,-31.7073,18.05,G09016;G09017
874056911,157.7916,-31.577,19.29,G09016
874060513,156.96,-31.7955,18.0,G09016;G09017
874064789,156.1532,-31.436,18.83,G09016;G09017
874066090,156.8832,-31.057,18.73,G09016;G09017
874068579,157.5026,-30.8814,18.8,G09016;G09017
874083648,159.1328,-30.7635,18.79,G09016;G09017
874085044,158.8024,-30.6083,18.83,G09016;G09017
874088138,159.3906,-30.4434,17.86,G09016;G09102;G09017
874093688,157.9898,-30.3454,18.89,G09016;G09017
874096535,158.0286,-29.9536,17.45,G09016;G09102;G09017;G09166
874099595,159.0964,-29.596,18.43,G09016;G09017
874106648,159.5066,-28.9404,18.87,G09016;G09017
874107282,159.9315,-28.8163,19.12,G09016
874114932,152.3639,-35.0733,18.96,G09016;G09017
874121674,151.6144,-34.5705,18.41,G09016;G09017
874126659,152.7004,-34.1551,17.88,G09016;G09102;G09017;G09166
874134221,151.1593,-34.452,18.95,G09016;G09017
874140717,151.051,-33.9934,17.08,G09016;G09017;G09102
874144676,151.7027,-33.788,19.12,G09016
874156088,153.3447,-33.5018,18.2,G09016;G09017
874156724,153.6725,-33.22,19.2,G09016
874156984,152.981,-33.7073,18.8,G09016;G09017
874172867,152.6163,-32.8297,16.75,G09016;G09017;G09102
874182766,153.025,-32.0329,18.49,G09016;G09017
874190648,150.7787,-33.4242,19.24,G09016
874195668,150.3561,-33.0872,19.06,G09016
874211380,149.466,-32.9717,17.99,G09016;G09017
874211460,149.3487,-33.0107,18.54,G09016;G09017
874211623,149.4492,-32.9196,19.13,G09016
874216703,150.3702,-32.6774,18.59,G09016;G09017
874219237,150.7208,-32.2224,19.24,G09016
874231141,151.3562,-32.1427,19.02,G09016;G09017
874231627,151.5292,-32.017,18.23,G09016;G09017
874233559,151.7137,-31.7233,18.83,G09016;G09017
874237109,152.9573,-31.3721,18.95,G09016;G09017
874240265,152.498,-31.275,18.19,G09016;G09017
874241343,152.3588,-30.9674,18.55,G09016;G09017
874243165,151.0387,-31.7602,18.84,G09016;G09017
874243534,151.1479,-31.6904,18.9,G09016;G09017
874244103,151.5454,-31.636,18.84,G09016;G09017
874255990,152.0724,-30.3155,18.55,G09016;G09017
874258457,154.8009,-32.3121,19.2,G09016
874262556,154.6919,-32.0312,18.89,G09016;G09017
874265519,155.301,-31.6904,17.69,G09016;G09102;G09017;G09166
874266286,155.734,-31.6669,18.32,G09016;G09017
874271022,155.2949,-31.0135,18.9,G09016;G09017
874271851,153.9224,-31.9917,18.32,G09016;G09017
874272620,154.0502,-31.6727,17.09,G09016;G09017;G09102;G09166
874273503,153.9604,-31.5637,17.7,G09016;G09017
874279147,153.896,-30.9443,18.89,G09016;G09017
874280351,154.5067,-31.1049,18.62,G09016;G09017
874281866,155.0629,-30.6766,18.62,G09016;G09017
874286521,156.2439,-31.1274,18.96,G09016;G09017
874292004,156.1838,-30.3503,16.6,G09016;G09102;G09017
874295753,156.9363,-30.0602,18.91,G09016;G09017
874296136,157.1843,-29.8908,19.06,G09016;G09017
874306048,155.82,-29.7192,18.54,G09016;G09017
874310063,156.1004,-28.9559,17.28,G09016;G09102;G09017;G09166
874310592,153.161,-31.2657,18.84,G09016;G09017
874316413,153.1535,-30.3559,18.84,G09016;G09017
874328542,152.7797,-29.5653,19.11,G09016
874335855,154.4066,-29.626,18.94,G09016;G09017
874339411,154.8341,-29.0787,19.12,G09016;G09017
874341531,155.3233,-28.8277,19.21,G09016
874344078,155.0284,-28.465,19.18,G09016;G09017
874346261,153.9324,-28.9826,17.72,G09016;G09102;G09017
874351627,154.4839,-28.4146,17.19,G09016;G09017;G09102
874352290,155.0558,-28.2234,18.7,G09016;G09017
874353372,154.9908,-27.8274,19.19,G09016
874357769,148.7621,-32.4139,19.17,G09016
874363954,149.035,-31.932,18.73,G09016;G09017
874366362,149.847,-31.8903,19.15,G09016
874367751,149.5496,-31.627,18.64,G09016;G09017
874385247,149.1824,-31.0333,17.86,G09016;G09102;G09017;G09166
874391794,148.8706,-30.4439,18.87,G09016;G09017
874396393,150.7552,-30.4338,19.21,G09016
874399132,150.621,-30.3384,18.71,G09016;G09017
874405858,151.1636,-29.7227,18.75,G09016;G09017
874408240,149.5867,-30.4037,18.91,G09016;G09017
874409272,150.126,-30.1775,18.57,G09016;G09017
874409462,150.1123,-30.1326,18.34,G09016;G09017
874418786,150.1239,-29.307,17.25,G09016;G09017;G09102;G09166
874420197,150.4334,-29.0263,18.25,G09016;G09017
874423125,147.451,-30.9664,18.78,G09016;G09017
874424683,148.1254,-30.7412,18.18,G09016;G09017;G09166
874424701,148.0846,-30.7193,18.25,G09016;G09017
874434479,148.7196,-29.9315,19.07,G09016
874441998,147.5637,-30.0692,17.54,G09016;G09102;G09017;G09166
874465435,150.324,-28.7259,18.57,G09016;G09017
874467369,149.587,-28.6114,18.08,G09016;G09017
874467918,149.3946,-28.5959,18.66,G09016;G09017
874470161,148.4523,-29.1683,18.87,G09016;G09017
874472035,148.7628,-28.8453,18.21,G09016;G09017
874473690,148.0351,-28.9269,17.72,G09016;G09102;G09017;G09166
874474709,147.9035,-28.6988,18.15,G09016;G09017
874474832,147.7401,-28.6874,17.47,G09016;G09102;G09017;G09166
874478099,148.8721,-28.4386,17.81,G09016;G09102;G09017;G09166
874478551,149.0402,-28.2465,18.63,G09016;G09017
874487923,151.3671,-29.1953,18.88,G09016;G09017
874495216,152.5351,-28.1471,17.92,G09016;G09017
874502390,151.6985,-28.1317,18.68,G09016;G09017
874508305,153.6197,-27.9703,19.1,G09016
874515874,154.2685,-26.952,18.57,G09016;G09017
874516459,153.9509,-26.8331,19.01,G09016
874517110,152.7239,-27.6614,18.1,G09016;G09017
874518385,153.0952,-27.2795,18.26,G09016;G09017
874528581,150.9612,-27.9708,18.59,G09016;G09017
874533110,151.4502,-27.622,18.34,G09016;G09017
874533806,151.1317,-27.5495,17.68,G09016;G09102;G09017
874535432,150.8465,-27.5104,18.71,G09016;G09017
874536664,150.7491,-27.1538,18.69,G09016;G09017
874540772,149.8638,-27.3232,19.16,G09016
874547927,150.2475,-26.6621,18.35,G09016;G09017
874550679,151.9286,-27.1522,18.86,G09016;G09017
874553612,151.6926,-26.6076,18.43,G09016;G09017
874555374,151.6256,-26.1906,17.84,G09016;G09102;G09017;G09166
874556729,152.6646,-26.1622,17.59,G09016;G09102;G09017;G09166
874572162,157.6901,-29.7822,18.89,G09016;G09017
874574507,157.7669,-29.1019,18.0,G09016;G09017;G09166
874575996,157.4331,-29.2152,17.18,G09016;G09017;G09102;G09166
874577772,158.3272,-28.8657,19.19,G09016
874580286,158.0932,-28.537,17.49,G09016;G09017;G09102;G09166
874582338,156.8962,-29.1028,18.66,G09016;G09017
874582916,156.7426,-28.962,18.72,G09016;G09017
874585646,156.4436,-28.574,18.42,G09016;G09017
874588178,157.396,-28.153,19.17,G09016
874589139,157.6651,-27.9109,18.44,G09016;G09017
874589210,157.8789,-27.9151,17.88,G09016;G09017
874592235,159.2266,-28.2881,18.75,G09016;G09017
874597298,159.8315,-27.5097,18.94,G09016;G09017
874599849,159.619,-26.9984,19.28,G09016
874601151,158.4468,-27.5686,18.71,G09016;G09017
874602809,158.4959,-27.2098,17.3,G09016;G09017;G09166
874604183,158.2153,-27.2319,18.95,G09016;G09017
874610193,156.2078,-28.3699,19.13,G09016;G09017
874610371,156.282,-28.2268,18.16,G09016;G09017
874617547,156.4048,-27.2672,19.14,G09016
874617599,156.1821,-27.2996,18.72,G09016;G09017
874620432,155.676,-27.4231,18.04,G09016;G09017
874622942,155.659,-26.9885,18.94,G09016;G09017
874623019,155.4987,-26.9846,18.08,G09016;G09017
874623734,155.3844,-26.6222,19.02,G09016
874624056,156.2598,-27.0667,18.8,G09016;G09017
874624700,156.21,-26.7764,18.42,G09016;G09017
874624977,156.5036,-26.7617,17.59,G09016;G09102;G09017
874672519,154.804,-26.5749,18.72,G09016;G09017
875398950,149.0243,-26.3361,18.13,G09016;G09017
875401675,149.7653,-26.0871,18.88,G09016;G09017
875403301,149.4693,-26.1898,19.16,G09016
875404086,149.2845,-26.0198,17.63,G09016;G09102;G09017;G09166
875404497,149.5078,-25.8365,18.16,G09016;G09017
875406421,148.5065,-26.4454,18.87,G09016;G09017
875407595,148.3547,-26.1463,18.37,G09016;G09017
875409654,148.0393,-26.1277,19.12,G09016
942516526,160.4099,-37.394,19.07,G09016
942530263,160.4473,-36.665,19.27,G09016
942573989,160.4975,-35.324,18.75,G09016;G09017
942593202,160.1155,-33.1698,18.65,G09016;G09017
942787844,160.3818,-32.7122,18.97,G09016;G09017
942788057,160.1695,-32.6424,18.83,G09016;G09017
942829998,160.5339,-29.3195,19.18,G09016
942840867,160.1173,-27.9664,17.05,G09016;G09102;G09017;G09166
942841320,160.2664,-27.6974,18.39,G09016;G09017
942917452,160.1286,-26.8889,19.23,G09016
