TICID,RA,Dec,Tmag,Keywords
9293388,72.36,-10.5925,8.57,G09123
9293696,72.3732,-11.4995,12.73,G09004
9342336,72.7866,-9.7711,8.36,G09194
9344604,72.9094,-7.712,16.29,G09041
9344899,72.794,-8.4473,12.73,G09132
9354932,73.0137,-10.9743,12.78,G09004;G09123
9358986,73.0912,-10.9654,9.37,G09062
9380768,73.2686,-7.0068,10.51,G09020;G09123
9383184,73.3313,-10.8535,12.45,G09123
9383300,73.2962,-11.0906,17.72,G09016;G09017
9383386,73.339,-11.3067,12.67,G09123
9430704,73.4507,-8.1432,10.3,G09123
9433212,73.5469,-9.4983,11.69,G09079;G09036;G09039
9434357,73.6945,-11.3883,10.21,G09062
9434710,73.7071,-10.474,17.39,G09016;G09102;G09017;G09166
24344260,79.0973,-8.8752,17.99,G09016;G09102;G09017;G09166
24346296,79.1642,-10.5373,16.56,G09177
24347639,79.2224,-7.7575,9.38,G09062
24349594,79.2896,-7.8094,10.08,G09062
24403104,79.262,-11.6286,12.45,G09180
24403105,79.2476,-11.6291,10.87,G09180
24404829,79.438,-8.6524,7.91,G09062
24405783,79.4015,-6.8445,3.75,G09123;20SECONDTARGET
24443369,79.6244,-11.108,12.26,G09180
24444372,79.6918,-9.0451,9.6,G09150
24444418,79.6724,-8.9431,15.27,G09025
24444890,79.6336,-7.9552,16.21,G09016;G09102;G09017;G09166
24458027,79.9802,-7.3948,10.92,G09123
24518895,79.9875,-11.4124,11.89,G09123;20SECONDTARGET
24522770,80.2479,-6.7046,11.46,G09079;G09036;G09039
24524345,80.233,-8.2589,12.54,G09180
24524347,80.2359,-8.2593,10.23,G09180
24526915,80.3291,-10.4886,16.13,G09102;20SECONDTARGET
24566156,80.4054,-11.2431,15.95,G09016;G09102;G09017;G09166
24571003,80.5333,-9.3485,9.96,G09062
24603397,80.6698,-8.0427,14.78,G09016;G09102;G09017;G09166;20SECONDTARGET
24603401,80.6811,-8.0327,12.69,G09123
24607949,80.7013,-11.7446,12.07,G09123;20SECONDTARGET
24662476,80.8485,-8.1394,17.19,G09166
24664916,81.0361,-7.7049,16.6,G09016;G09102;G09017;G09166
24696459,81.1703,-11.049,12.72,G09123
24697724,81.1553,-8.7006,9.16,G09123
24720349,81.4237,-9.1544,10.56,G09123;20SECONDTARGET
24723697,81.5168,-8.4355,16.36,G09177;20SECONDTARGET
34466542,82.4514,-9.685,16.21,G09102;G09166;20SECONDTARGET
34507428,82.751,-10.0834,6.41,G09062;20SECONDTARGET
34509850,82.809,-9.3752,9.93,G09123;20SECONDTARGET
43473602,74.7998,-11.2745,10.01,G09062
43475002,74.8434,-7.7984,17.29,G09102
43490057,75.2007,-6.4122,16.35,G09016;G09102;G09017
43529091,75.2157,-9.5162,12.66,G09102;G09166;20SECONDTARGET
43529213,75.1229,-9.8518,10.58,G09180
43529214,75.1254,-9.853,10.91,G09180
43534145,75.3611,-9.2742,16.84,G09016;G09102;G09017
43602279,75.3777,-9.9864,15.98,G09102;G09166;20SECONDTARGET
43603155,75.4946,-11.7214,11.96,G09180
43603157,75.4959,-11.7185,12.24,G09180
43605290,75.4851,-6.9502,9.43,G09123;G09123
43606574,75.6863,-7.6605,12.93,G09004
43607730,75.6965,-10.4587,14.48,G09123
43609752,75.7581,-8.6632,7.16,G09194
43647325,76.082,-6.2297,10.44,G09058;G09114;20SECONDTARGET
43648757,76.1455,-9.2249,11.36,G09079;G09036;G09039
43650034,76.1988,-11.7007,6.61,G09062;20SECONDTARGET
43711846,76.263,-8.5012,9.74,G09180
43715590,76.3596,-7.575,16.09,G09016;G09102;G09017
43717817,76.4294,-9.4304,7.78,G09062;20SECONDTARGET
43721115,76.5459,-10.4225,7.04,G09062
43724684,76.4727,-8.2542,11.49,G09180
43724685,76.475,-8.2537,9.38,G09180
43783863,77.3763,-9.7377,16.81,G09166
43788571,77.586,-7.5948,6.91,G09062;20SECONDTARGET
43841327,77.5616,-10.5832,9.95,G09062
43865774,77.905,-10.3877,7.37,G09062;20SECONDTARGET
43867138,77.9499,-7.5494,13.57,G09123
43899525,78.1208,-8.638,8.43,G09062
56031867,69.9465,-10.695,7.89,G09062
56129939,70.9255,-10.3488,10.05,G09180
56129940,70.924,-10.35,12.68,G09180
56130597,70.9884,-11.3143,10.42,G09194
56130845,70.9785,-10.5748,13.49,G09123
94945758,81.77,-11.9013,5.79,G09062;G09157;G09123;G09123;20SECONDTARGET
94986319,81.8532,-14.2766,9.27,G09036;G09123;20SECONDTARGET
94989786,81.8859,-13.5799,6.71,G09062
114922178,72.4251,-13.771,5.82,G09062;20SECONDTARGET
114922984,72.5037,-12.6801,12.9,G09180
114922985,72.5117,-12.6819,10.56,G09180
114923140,72.435,-13.1167,9.19,G09123
114925422,72.595,-15.2873,12.73,G09180
114925427,72.5721,-15.2756,11.19,G09180
114956507,72.8978,-14.5888,7.57,G09180
114956508,72.9013,-14.5873,11.72,G09180;20SECONDTARGET
117747153,69.1966,-12.1559,9.0,G09123
117774227,69.7227,-12.1232,4.9,G09150;20SECONDTARGET
117799904,70.1674,-12.8907,10.88,G09031
117879940,70.7276,-11.8727,10.32,G09123
117897568,71.0609,-12.0756,13.41,G09123
117923090,71.1598,-12.3499,10.38,G09123
117940892,71.6893,-12.1854,15.54,G09102
117978079,71.7122,-13.0255,12.22,G09180
117978081,71.7069,-13.0263,12.36,G09180
138796870,74.2087,-9.8475,8.93,G09062
138797675,74.1916,-7.6995,17.07,G09102
138798618,74.3222,-6.3665,10.73,G09123;20SECONDTARGET
138799692,74.3431,-9.1336,9.44,G09123;20SECONDTARGET
138826437,74.4383,-6.8095,11.95,G09123;20SECONDTARGET
143340378,82.272,-12.8697,8.18,G09062
143354263,82.521,-12.6516,10.18,G09062
143354488,82.5818,-13.1341,10.0,G09123
146556980,77.3718,-17.9782,17.42,G09102
146594601,77.6483,-18.4722,12.31,G09180
146594603,77.6499,-18.4725,10.62,G09180
146598640,77.929,-19.011,8.97,G09062
146806013,71.6853,-9.9984,10.14,G09194
152376126,75.0751,-16.9066,12.91,G09180
152376130,75.0892,-16.9002,11.58,G09180
152416325,75.3167,-15.1903,16.46,G09016;G09102;G09017;G09166
160180978,79.5362,-16.1868,6.8,G09062
167485166,71.9966,-8.2842,7.77,G09062
167485724,71.9759,-10.1787,14.62,G09041
167485881,71.9448,-10.7094,8.38,G09062
167486543,72.1335,-10.8973,16.3,G09016;G09102;G09017;G09166;20SECONDTARGET
169304622,75.8968,-17.1864,16.13,G09016;G09102;G09017
169305054,75.8245,-15.9684,13.67,G09123
169305167,75.7813,-15.6063,15.85,G09102
169342739,76.3843,-17.5292,16.73,G09016;G09017;G09102
169344643,76.2974,-12.009,10.52,G09123
169344687,76.4437,-11.9246,11.95,G09180
169344688,76.4427,-11.9248,11.52,G09180
169345404,76.4808,-13.9134,7.39,G09062
169379648,76.4699,-17.3738,15.3,G09016;G09102;G09017;20SECONDTARGET
169380520,76.6155,-15.8254,8.53,G09123;20SECONDTARGET
169395153,76.7862,-17.3011,6.58,G09062;20SECONDTARGET
169396756,76.7702,-12.5791,12.74,G09123
169396790,76.8551,-12.4921,5.4,G09062;20SECONDTARGET
169397207,76.9574,-12.5933,4.45,G09123
169397663,76.898,-13.9862,7.15,G09123
169416733,77.0805,-14.8437,16.64,G09016;G09102;G09017
169418147,77.2156,-12.9164,7.45,G09062
169419074,77.1534,-15.3824,17.09,G09016;G09102;G09017
169421326,77.3328,-13.8116,12.85,G09123
169530372,77.9426,-17.0914,12.69,G09123;20SECONDTARGET
169532369,78.0989,-13.6057,11.58,G09079;G09036;G09039
169534187,78.1507,-14.9509,6.42,G09123
169554310,78.3896,-16.8473,10.07,G09062
188968931,78.582,-16.0252,15.81,G09102;20SECONDTARGET
188969240,78.6202,-15.2486,12.64,G09123;20SECONDTARGET
188986227,78.7125,-13.1189,15.73,G09016;G09102;G09017
188986515,78.6435,-13.9244,7.57,G09062
188987909,78.6584,-17.4292,12.71,G09123
188989112,78.7683,-15.2699,14.02,G09123
188990764,78.9473,-12.3647,7.57,G09062
189011662,78.9991,-16.353,8.45,G09062
189012795,79.0861,-16.5599,15.23,G09041;20SECONDTARGET
189016090,79.2334,-14.9323,12.21,G09180
189016091,79.236,-14.9339,8.82,G09180
189017508,79.2708,-17.4282,11.74,G09123;20SECONDTARGET
189019841,79.3541,-11.8905,16.32,G09102
213048102,75.4817,-4.7289,11.68,G09180
213048110,75.4824,-4.7075,12.05,G09180
213048462,75.4433,-3.9891,19.47,G09041
213069348,75.6832,-5.7061,8.53,G09180
213069350,75.688,-5.703,11.83,G09180
213102400,76.0514,-5.3047,17.12,G09016;G09102;G09017
231302764,78.3253,-9.3263,9.85,G09123
231308237,78.6345,-8.2017,0.71,G09052;20SECONDTARGET
231308507,78.6828,-8.8019,11.55,G09102;20SECONDTARGET
244281413,74.7005,-5.6328,11.52,G09123
246896205,73.1046,-12.6104,13.85,G09123
246896439,73.1022,-13.2705,7.37,G09123
246904264,73.6339,-11.9134,8.5,G09123
248395344,76.5547,-4.1355,16.94,G09041;G09102;20SECONDTARGET
248395718,76.5319,-4.9948,10.27,G09062
248401418,76.7313,-5.1658,6.8,G09062
248410076,77.0508,-5.7789,14.29,G09102
248411315,77.1825,-4.4561,4.67,G09062;20SECONDTARGET
248434949,77.3245,-5.1716,12.36,G09004
316835177,73.9472,-16.3392,10.77,G09123
316836184,73.998,-12.9836,9.43,G09062
316875789,74.2169,-12.8212,8.46,G09062
316877231,74.4084,-15.8136,16.19,G09102;G09102;G09102;G09102
316918406,74.6492,-15.6252,10.49,G09123;20SECONDTARGET
316919585,74.7547,-16.375,5.44,G09062;20SECONDTARGET
316970305,74.7751,-13.5055,16.35,G09102;20SECONDTARGET
316970306,74.7145,-13.5051,9.13,G09062
316971061,74.888,-12.7743,10.81,G09123
332831934,84.3559,-10.7652,16.38,G09177;20SECONDTARGET
332858535,84.5433,-10.613,14.95,G09016;G09102;G09017
388903375,83.8337,-10.2563,16.91,G09166
388903843,83.8413,-9.5202,14.09,G09123
388920318,83.9818,-9.9516,10.09,G09194
389855767,77.9591,-18.4274,9.65,G09123
398801392,78.3552,-18.5589,7.13,G09062
425212609,77.1185,-9.9383,17.53,G09102
442868525,79.7608,-16.9702,8.54,G09062
442895014,80.0507,-12.5458,10.02,G09123
442899071,80.2437,-14.899,17.18,G09016;G09102;G09017;G09166
442921455,80.4919,-15.4708,8.6,G09194
442960191,81.4127,-13.1328,6.88,G09062
442960679,81.3781,-14.125,7.84,G09062
442964372,81.5898,-13.9394,7.82,G09062
471012346,75.1141,-11.3598,18.83,G09016;G09017
471015359,77.1529,-14.8664,16.53,G09177
471015798,72.0967,-13.0696,18.63,G09016;G09017
671239231,77.3353,-18.8549,16.63,G09016;G09102;G09017;G09166
671241662,77.3052,-18.2454,18.62,G09016;G09017
671261758,76.1357,-17.7198,18.69,G09016;G09017
671309460,75.4968,-17.1657,18.57,G09016;G09017
671310954,75.1593,-16.7509,16.93,G09177
671314491,74.4557,-16.6943,18.04,G09016;G09017
671329140,74.1897,-15.7624,17.9,G09102
671329397,74.1487,-15.7103,19.16,G09016
671329811,73.3379,-15.8548,18.95,G09016;G09017
671329982,73.6674,-15.6248,19.25,G09016
671342339,78.0742,-18.6362,17.2,G09016;G09102;G09017;G09166
671345399,78.089,-17.6532,18.3,G09016;G09017
671348047,78.8128,-17.3213,18.63,G09016;G09017
671356030,77.0544,-17.4809,18.83,G09016;G09017
671357113,77.9104,-17.4023,17.49,G09102
671358468,78.5125,-16.7693,17.88,G09016;G09102;G09017
671360588,76.4994,-17.351,19.03,G09016
671362996,76.473,-16.5609,18.54,G09016;G09017
671364037,77.5792,-16.4504,18.61,G09016;G09017
671366030,77.1696,-15.8849,19.16,G09016
671366129,77.4528,-15.8243,19.09,G09016
671369081,79.0824,-16.0274,17.34,G09016;G09102;G09017
671369363,78.4959,-15.9569,18.6,G09016;G09017
671370060,79.6781,-15.9496,17.15,G09016;G09102;G09017;G09166
671371828,78.9122,-15.8169,18.26,G09016;G09017
671372590,79.5247,-15.4187,18.66,G09016;G09017
671372896,79.3176,-15.3541,19.07,G09016;G09017
671377515,79.3656,-15.0252,18.94,G09016;G09017
671378344,78.535,-15.0612,17.73,G09016;G09102;G09017
671385119,75.9219,-16.9375,18.31,G09016;G09017
671387112,75.4349,-16.1583,18.81,G09016;G09017
671394788,75.4849,-15.2747,18.84,G09016;G09017
671394794,75.5387,-15.2583,18.04,G09016;G09017
671396736,77.4317,-15.1994,18.81,G09016;G09017
671398768,77.154,-14.8668,16.91,G09016;G09102;G09017
671399218,78.1468,-14.9228,19.25,G09016
671399625,77.9717,-14.7484,17.62,G09102;G09166
671400640,78.3648,-14.2587,19.2,G09016
671405005,76.6659,-14.0864,18.23,G09016;G09017
671405067,76.7033,-14.001,17.5,G09016;G09102;G09017;G09166
671405828,77.3775,-14.0092,19.19,G09016
671408784,74.6075,-15.1865,17.95,G09016;G09017
671408880,74.836,-15.351,19.02,G09016
671410944,75.4145,-14.8163,18.14,G09016;G09017
671411072,75.3754,-14.7131,18.84,G09016;G09017
671412710,74.9399,-14.3486,18.55,G09016;G09017
671413637,74.0985,-14.8479,18.29,G09016;G09017
671413685,73.9429,-14.7816,18.33,G09016;G09017
671415914,74.4073,-14.3425,18.74,G09016;G09017
671423959,76.4812,-12.9476,19.0,G09016;G09017
671425014,75.7341,-13.407,18.39,G09016;G09017
671425683,74.8816,-13.5301,19.2,G09016
671426325,74.743,-13.1115,18.08,G09016;G09017
671426959,75.3069,-12.875,19.16,G09016
671430147,78.7967,-14.3337,18.99,G09016;G09017
671431439,78.8907,-13.7985,19.04,G09016
671432624,78.6331,-13.7545,18.95,G09016;G09017
671433360,78.8145,-13.3276,18.93,G09016;G09017
671433785,79.547,-13.4929,18.27,G09016;G09017
671438239,78.261,-13.353,18.9,G09016;G09017
671439019,77.858,-13.1597,17.75,G09016;G09102;G09017;G09166
671442861,78.6862,-12.5551,18.43,G09016;G09017
671445338,79.5151,-12.3406,19.04,G09016;G09017
671451813,77.3247,-12.5116,18.86,G09016;G09017
671452197,77.1167,-12.4215,19.07,G09016
671455768,78.0226,-11.4517,17.88,G09016;G09017
671457959,76.5864,-11.8536,17.61,G09016;G09102;G09017;G09166
671461671,78.8789,-11.8204,18.59,G09016;G09017
671464053,78.7143,-11.315,18.71,G09016;G09017
671465016,79.353,-11.2884,18.66,G09016;G09017
671465269,79.6245,-11.1088,12.71,G09180
671467945,79.2978,-10.6148,18.36,G09016;G09017
671468428,78.0929,-11.2434,18.02,G09016;G09017;G09166
671468749,77.8326,-11.1491,18.91,G09016;G09017
671468887,77.8758,-10.9769,17.2,G09016;G09017;G09102;G09166
671471184,77.8337,-10.599,17.61,G09016;G09102;G09017;G09166
671474487,78.9424,-9.998,18.27,G09016;G09017
671474800,78.5974,-9.8969,18.71,G09016;G09017
671475454,79.6735,-10.3683,18.82,G09016;G09017
671522635,72.118,-14.3068,18.24,G09016;G09017
671535196,71.1143,-13.6683,18.29,G09016;G09017
671536620,71.1294,-13.0747,18.37,G09016;G09017
671537026,71.1118,-12.748,17.65,G09016;G09102;G09017
671540035,70.1727,-12.5873,18.61,G09016;G09017
671579564,69.9306,-12.1468,18.79,G09016;G09017
671579583,69.8829,-12.1029,17.52,G09016;G09102;G09017
671601553,73.7122,-13.831,19.15,G09016
671607786,72.4926,-12.8451,18.51,G09016;G09017
671607955,73.108,-13.1139,18.88,G09016;G09017
671609225,72.8711,-12.6331,17.04,G09177;G09102
671610327,74.7872,-12.9793,19.08,G09016;G09017
671610595,74.3686,-12.9301,18.9,G09016;G09017
671611054,75.144,-12.5774,19.15,G09016
671611807,74.3854,-12.5399,18.7,G09016;G09017
671614225,74.8922,-12.2586,17.14,G09102;G09166
671614749,74.9681,-11.892,18.63,G09016;G09017
671618824,74.6603,-11.4212,18.19,G09016;G09017
671619021,74.7925,-11.2467,18.86,G09016;G09017
671622928,72.5342,-12.1315,19.26,G09016
671625098,70.8606,-12.3515,17.52,G09102;G09166
671625509,71.5042,-12.0905,18.09,G09016;G09017;G09166
671625968,70.6787,-12.183,18.94,G09016;G09017
671628308,71.2563,-11.6082,17.46,G09016;G09017;G09102
671628559,71.1775,-11.4471,19.17,G09016
671628920,71.7532,-11.1656,18.64,G09016;G09017
671629550,73.338,-11.7795,18.53,G09016;G09017
671630743,73.0281,-11.4233,18.68,G09016;G09017
671630948,72.5831,-11.3484,18.88,G09016;G09017
671631789,73.9465,-11.2594,19.03,G09016;G09017
671635155,73.0565,-10.775,18.95,G09016;G09017
671638014,73.3381,-10.0782,18.84,G09016;G09017
671639422,76.0468,-11.8695,18.92,G09016;G09017
671639512,75.9033,-11.8073,18.94,G09016;G09017
671639579,76.2266,-11.7578,18.91,G09016;G09017
671642178,76.9633,-11.1221,19.29,G09016
671643058,76.9595,-10.8262,17.83,G09016;G09102;G09017;G09166
671644698,75.2899,-11.3494,19.23,G09016
671645415,75.6428,-10.9921,17.16,G09102
671647530,76.2551,-10.5038,18.12,G09016;G09017
671649617,76.2176,-9.8858,18.23,G09016;G09017
671649797,75.6924,-9.9303,18.41,G09016;G09017
671651170,77.5312,-10.2627,18.34,G09016;G09017
671652957,77.3858,-9.7323,17.48,G09102
671654582,78.1878,-9.4764,18.53,G09016;G09017
671655197,77.905,-9.5219,17.33,G09016;G09102;G09017
671657507,77.2088,-9.5719,18.81,G09016;G09017
671657597,77.2036,-9.5107,19.11,G09016
671657996,77.0164,-9.3127,19.23,G09016
671659176,76.5383,-9.2855,18.62,G09016;G09017
671659947,77.0127,-9.3022,18.27,G09016;G09017
671660091,77.4041,-9.1551,18.73,G09016;G09017
671660331,77.6869,-9.1406,19.29,G09016
671660849,77.6989,-8.869,18.86,G09016;G09017
671661042,76.9199,-9.2271,18.37,G09025
671661508,76.7146,-9.0446,19.25,G09016
671664080,74.0757,-10.3196,18.87,G09016;G09017
671665994,75.1115,-9.7345,18.99,G09016;G09017
671668210,75.313,-9.0626,18.78,G09016;G09017
671669026,74.23,-9.6551,17.98,G09102;G09166
671670090,73.2974,-9.4567,19.19,G09016
671671183,74.8644,-9.2874,19.24,G09016
671672363,74.9281,-8.7948,18.09,G09016;G09017
671673091,74.1568,-8.7525,18.05,G09016;G09017;G09166
671675801,75.6761,-8.83,19.01,G09016;G09017
671676583,76.5747,-8.8953,19.03,G09016;G09017
671677072,76.3845,-8.6614,17.78,G09016;G09102;G09017;G09166
671678288,76.2625,-8.5015,13.05,G09180
671681743,74.7911,-8.1806,18.52,G09016;G09017
671683143,76.0185,-7.9988,18.64,G09016;G09017
671683442,76.276,-7.8361,18.71,G09016;G09017
671684084,75.6845,-7.9528,18.42,G09016;G09017
671688227,71.1335,-10.9637,18.51,G09016;G09017
671688953,70.603,-10.9892,18.56,G09016;G09017
671689759,70.9486,-10.4607,18.97,G09016;G09017
671692538,70.5431,-10.4164,17.52,G09016;G09017;G09166
671693196,70.5055,-10.1991,17.82,G09016;G09102;G09017;G09166
671694620,71.737,-10.7521,17.14,G09016;G09102;G09017;G09166
671694706,71.6436,-10.6054,19.27,G09016
671697202,72.5581,-9.9965,18.97,G09016;G09017
671697453,72.2017,-9.9277,19.07,G09016;G09017
671698334,72.8094,-9.3313,18.77,G09016;G09017
671702599,71.723,-9.0392,18.13,G09016;G09017;G09166
671704422,71.5422,-8.7892,18.56,G09016;G09017
671723941,73.6968,-8.9993,17.74,G09016;G09017
671726624,74.3057,-8.4033,18.25,G09016;G09017
671727496,73.4618,-8.3917,18.86,G09016;G09017
671731164,72.3665,-7.9018,18.25,G09016;G09017
671731371,73.2905,-8.209,18.98,G09025
671736089,74.0307,-7.683,17.85,G09102
671737108,75.2689,-7.6712,18.99,G09016;G09017
671738490,75.6124,-7.0843,18.9,G09016;G09017
671739735,75.3688,-6.9529,18.16,G09016;G09017
671741504,74.0361,-7.1656,19.03,G09016
671743075,73.6842,-6.7935,19.09,G09016
671743451,74.4617,-6.9549,19.01,G09016
671761176,73.9521,-5.9404,17.58,G09016;G09102;G09017
671762477,73.9236,-5.728,19.3,G09016
672000346,78.7452,-8.9333,18.79,G09016;G09017
672002022,79.1731,-8.7099,17.25,G09016;G09102;G09017
672007304,77.6715,-8.5931,18.1,G09016;G09017;G09166
672012466,78.8252,-7.4549,17.77,G09016;G09102;G09017;G09166
672016285,79.139,-7.3204,18.71,G09016;G09017
672018548,79.7725,-6.6405,18.05,G09016;G09017;G09166
672020587,77.9704,-7.8341,18.4,G09016;G09017
672020688,77.8217,-7.7478,18.14,G09016;G09017
672021929,77.0328,-7.6475,18.24,G09016;G09017
672023116,78.0385,-7.5016,17.8,G09102
672023668,78.1566,-7.3316,18.78,G09016;G09017
672026217,78.0882,-6.8643,18.86,G09016;G09017
672027748,76.9862,-7.3236,19.11,G09016
672028035,76.8271,-7.2743,17.74,G09016;G09102;G09017
672029848,77.3391,-7.1203,18.08,G09016;G09017;G09166
672031720,77.0032,-6.7494,18.91,G09016;G09017
672031839,77.0017,-6.6897,18.48,G09016;G09017
672044472,78.2,-5.6425,17.96,G09016;G09102;G09017;G09166
672058533,76.9638,-6.0828,18.89,G09016;G09017
672059113,77.0207,-5.838,18.52,G09016;G09017
672059125,77.0677,-5.8088,19.27,G09016
672059154,76.9262,-5.848,18.65,G09016;G09017
672060071,76.2913,-5.7374,19.26,G09016
672063052,74.8096,-5.9596,19.08,G09016
672063452,75.0995,-5.858,18.93,G09016;G09017
672064531,76.1302,-5.6581,18.62,G09016;G09017
672064775,75.8013,-5.5899,19.02,G09016
672065399,76.4372,-5.3289,19.12,G09016
672068182,77.0642,-5.7318,18.92,G09016;G09017
672070439,77.0369,-5.2932,18.46,G09016;G09017
672072190,78.0528,-5.0846,17.12,G09016;G09102;G09017
672076784,76.5619,-4.9065,18.0,G09016;G09017
672079086,76.8113,-4.6171,17.34,G09016;G09102;G09017;G09166
672080432,77.1688,-4.5151,17.49,G09016;G09102;G09017
672088287,75.2908,-4.8975,18.9,G09016;G09017
672097645,76.2151,-4.4916,19.18,G09016
672098372,76.2653,-4.3251,18.35,G09016;G09017
672099654,75.5423,-4.1891,18.89,G09016;G09017
672100068,76.0107,-4.0855,19.3,G09016
672104760,75.1884,-4.1302,18.41,G09016;G09017
708705742,80.1043,-16.1802,19.25,G09016
708716611,80.2655,-15.773,17.17,G09016;G09102;G09017;G09166
708720585,81.216,-15.0047,18.87,G09016;G09017
708743350,80.7513,-14.9969,16.48,G09016;G09102;G09017;G09166
708744560,81.3263,-14.4283,18.68,G09016;G09017
708746574,80.7634,-14.2081,18.77,G09016;G09017
708746788,80.8614,-14.039,18.39,G09016;G09017
708747322,80.2776,-14.2267,17.95,G09016;G09102;G09017;G09166
708754345,81.9812,-13.6063,17.6,G09016;G09102;G09017;G09166
708755232,82.8804,-13.1805,19.08,G09016
708756899,81.7723,-13.1143,18.88,G09016;G09017
708758851,80.6373,-13.4939,17.65,G09016;G09102;G09017
708760673,80.2228,-13.2833,17.51,G09016;G09102;G09017
708760843,80.6065,-13.1533,18.25,G09016;G09017
708761141,80.9426,-13.0292,18.18,G09016;G09017
708769784,80.7954,-12.2223,19.28,G09016
708769807,80.816,-12.16,18.98,G09016;G09017
708772719,80.7847,-11.6382,17.28,G09016;G09017;G09102;G09166
708773419,80.2656,-11.7767,18.83,G09016;G09017
708774786,80.4899,-11.2172,17.09,G09016;G09102;G09017;G09166
710104243,83.056,-12.8226,19.12,G09016
710117395,82.8693,-11.6502,18.96,G09016;G09017
710126404,84.3726,-10.81,19.09,G09016;G09017
710131845,83.6293,-11.193,18.92,G09016;G09017
710134351,83.5884,-10.8158,18.63,G09016;G09017
710134364,83.6439,-10.8135,18.61,G09016;G09017
710134760,83.0838,-10.8051,18.63,G09016;G09017
710139225,83.8271,-10.2579,17.06,G09102
710140097,84.3787,-9.9352,19.14,G09016
710204970,81.2856,-11.165,19.24,G09016
710207871,82.1487,-10.8024,18.88,G09016;G09017
710210215,80.6514,-11.22,18.86,G09016;G09017
710212320,80.3146,-10.9423,18.84,G09016;G09017
710216211,81.4138,-10.2949,19.05,G09016
710220256,83.3575,-10.0078,19.07,G09016
710227229,83.4715,-9.3835,18.97,G09016;G09017
710234940,82.6536,-9.2207,19.14,G09016
710236001,82.5592,-8.85,19.05,G09016;G09017
710240566,81.0429,-9.9972,19.08,G09016
710240694,80.91,-9.9316,17.89,G09016;G09102;G09017;G09166
710240927,80.8221,-9.891,19.0,G09016;G09017
710241120,80.8948,-9.8511,18.39,G09016;G09017
710241673,81.4813,-9.568,18.83,G09016;G09017
710247942,81.6867,-9.1503,19.28,G09016
710249101,81.8979,-8.8894,17.3,G09016;G09102;G09017
710249613,81.3375,-9.0641,17.06,G09016;G09102;G09017
710251037,81.2997,-8.6758,19.27,G09016
710251678,82.4702,-8.7839,18.98,G09016;G09017
710253996,82.1091,-8.5078,17.31,G09016;G09102;G09017;G09166
710254691,82.029,-8.2546,19.02,G09016
710256269,80.8548,-8.7777,18.1,G09016;G09017;G09166
710257394,81.4385,-8.4275,17.14,G09102
710259352,80.8563,-8.1421,17.22,G09016;G09102;G09017
710263472,81.3292,-7.6139,19.1,G09016
4010318,79.8357,-3.4276,17.29,G09166
4010319,79.8364,-3.4266,17.38,G09016;G09102;G09017;20SECONDTARGET
4068716,79.9549,-4.6048,11.25,G09123
4068779,79.955,-4.7166,16.33,G09016;G09102;G09017
4070275,80.0671,-4.2391,11.4,G09031;G09123;G09126;G09126;20SECONDTARGET
4116729,80.3594,-0.173,9.56,G09062
4154938,80.4928,-2.9637,7.13,G09164
4205424,80.8401,-2.2783,8.34,G09123
4207747,80.9638,-0.8666,6.34,G09062
4252881,81.1009,-5.2616,8.98,G09062
4291393,81.151,-5.5873,14.07,G09016;G09102;G09017;G09166;20SECONDTARGET
4351705,81.4752,-3.9623,10.64,G09062
4353755,81.5803,-4.5579,12.66,G09004
11194632,84.4237,-3.9457,9.42,G09062
11201915,84.5638,-4.1084,6.79,G09123
11286825,84.6278,-1.9178,16.65,G09102;G09166
11287561,84.6358,-1.0584,7.3,G09062
11288762,84.7314,-0.0852,9.53,G09062
11295893,84.9023,-2.7048,9.19,G09123
11298362,85.0763,0.0404,9.64,G09062
11298969,85.029,-0.7048,6.83,G09062;20SECONDTARGET
11400562,85.2113,-1.1288,5.19,G09150;20SECONDTARGET
11402468,85.23,-2.7972,16.62,G09041
11408505,85.3785,-4.7628,9.12,G09062
11411724,85.41,-2.259,7.66,G09164
11456186,85.4911,-5.8782,10.81,G09180
11456187,85.4891,-5.8788,12.9,G09180
11692471,90.5805,-3.0337,17.78,G09166
11755687,90.6437,-0.5772,12.48,G09058;20SECONDTARGET
11756053,90.6683,-0.8603,8.22,G09062
12036589,91.2383,-1.1347,7.7,G09062
24663908,81.002,-6.0671,16.8,G09016;G09102;G09017
24721850,81.3304,-6.4356,16.74,G09016;G09102;G09017
24722438,81.4707,-6.3629,6.98,G09062;20SECONDTARGET
24774858,81.5657,-6.5612,9.07,G09194
34512896,82.9827,-7.3016,4.91,G09150;20SECONDTARGET
39217420,88.5215,-2.8079,12.6,G09123
39219516,88.5176,-4.9532,8.26,G09062
39223091,88.6513,-3.2087,7.73,G09062
39296409,88.7937,-4.186,13.66,G09016;G09102;20SECONDTARGET
39351230,88.96,-0.8877,7.57,G09062
39414571,89.1301,-5.0121,11.55,G09058;G09031;G09123;20SECONDTARGET
39420805,89.2203,-0.3821,8.66,G09062
39543824,89.5609,-3.9128,8.75,G09062
39580395,89.5245,-0.1877,17.83,G09016;G09102;G09017
39668907,89.7539,-4.2427,16.62,G09102;20SECONDTARGET
39673811,89.9651,0.0557,7.62,G09062;20SECONDTARGET
39724477,90.0958,-3.7573,12.26,G09031
39816398,90.1947,-2.0628,10.77,G09062
39842730,90.4267,-2.08,8.58,G09062
50523801,81.8246,-0.8228,10.13,G09062
50528312,81.9305,-3.9953,8.82,G09020
50529922,81.88,-1.5163,13.04,G09123
50582712,81.9945,-0.2027,17.1,G09102
50584449,82.0611,-2.6231,8.65,G09062
50586852,82.1542,-5.3625,7.48,G09062;20SECONDTARGET
50618703,82.2902,-0.3431,9.65,G09031;G09123;20SECONDTARGET
50620873,82.248,-3.5646,13.99,G09025;G09041;20SECONDTARGET
50624799,82.3383,-2.0086,8.95,G09123
50657188,82.5,-0.4387,9.46,G09062
50657970,82.5572,-1.5195,9.89,G09123
50721797,82.7659,-1.0389,16.52,G09025;G09041
50726077,82.8699,-3.6929,5.97,G09123;20SECONDTARGET
50726190,82.9111,-3.4525,9.02,G09123
50743002,82.8897,-0.0535,15.7,G09016;G09102;G09017;G09166
50745567,82.9912,-3.0606,11.28,G09123;20SECONDTARGET
50745568,82.9924,-3.0615,11.89,G09123
50745582,83.0188,-3.0918,9.41,G09123;20SECONDTARGET
50749303,83.0738,-2.6165,12.6,G09123
50791412,83.1752,-3.2004,9.58,G09062;20SECONDTARGET
50897998,83.381,-1.1561,5.61,G09150;20SECONDTARGET
66529269,86.5173,-8.4252,9.54,G09062
66533291,86.5701,-8.3547,8.3,G09123
66533442,86.6443,-8.1011,16.99,G09016;G09102;G09017
66557492,86.7385,-6.1469,10.78,G09194
66735277,87.3125,-7.2378,12.57,G09123
66737131,87.4405,-6.928,9.37,G09062
66771806,87.6151,-6.6351,11.21,G09123
66914642,88.2512,-5.9974,8.29,G09123
72833400,85.97,-2.8454,10.13,G09062
72833644,86.0367,-2.5026,9.0,G09123
72833667,86.0187,-2.4836,9.41,G09123
72882364,86.1127,-4.1009,11.95,G09123
72884536,86.2689,-4.388,9.09,G09123;20SECONDTARGET
138828022,82.6262,1.9144,17.34,G09102
138828684,82.6248,2.7567,9.82,G09062
138857475,82.7674,1.1876,9.55,G09036;20SECONDTARGET
138904885,83.0372,1.6402,13.79,G09123
138905907,83.0364,0.1269,10.57,G09150
138941683,83.1791,2.0846,10.35,G09123
158697233,86.9198,3.678,11.3,G09123
158865519,87.6568,0.0975,15.19,G09102;20SECONDTARGET
158867960,87.6341,2.5891,12.27,G09194
158938969,87.729,2.4794,13.44,G09123
159057425,88.3097,1.307,11.25,G09180
159060165,88.3321,1.313,12.24,G09180
176404524,86.5344,-4.6697,12.07,G09123
176469654,86.8243,-0.0141,9.26,G09123
176516923,87.1061,-0.7596,7.12,G09062
176524439,87.311,-3.849,12.83,G09180
176524441,87.3077,-3.8473,11.92,G09180
176591227,87.4511,-5.4783,16.81,G09102;G09166
176618820,87.6336,-3.1681,8.23,G09062
176670072,87.832,-0.1708,14.08,G09102;20SECONDTARGET
176719917,87.9558,-3.4177,12.92,G09180
176719918,87.9546,-3.4177,12.57,G09180
176722720,88.0324,-5.4168,13.46,G09041
176727377,87.9785,-0.5527,15.83,G09016;G09102;G09017;G09166
176759633,88.1218,-2.2854,6.73,G09062;20SECONDTARGET
199752613,81.8718,-6.9282,9.57,G09123
199780506,83.1118,-7.24,9.18,G09123
199786201,85.0728,3.0057,9.0,G09062
199825195,85.1974,3.8293,9.35,G09062
199912744,85.6013,1.7374,16.77,G09016;G09102;G09017;G09166
199912904,85.5944,1.877,8.12,G09062
199914667,85.6537,3.6817,8.7,G09180
199914674,85.6526,3.69,12.07,G09180
200049513,86.4927,2.3517,17.61,G09041
200093173,86.6449,1.1671,5.27,G09062;20SECONDTARGET
200094011,86.783,0.2989,8.66,G09062
201367722,83.1434,-7.5738,17.39,G09025
201370072,83.3209,-7.8471,16.16,G09016;G09102;G09017;G09166
220044948,83.4349,1.9443,9.21,G09123;20SECONDTARGET
220051694,83.5504,2.8683,9.79,G09123
220054177,83.7305,0.1016,9.61,G09123
220059766,83.8718,5.8242,8.56,G09062
220061197,83.7936,4.1541,17.38,G09166
220069688,83.8978,5.6731,17.62,G09016;G09102;G09017
220069691,83.897,5.6746,17.21,G09166
220074596,84.0983,1.0122,9.95,G09062
220075323,84.1213,0.055,10.33,G09123
220076110,84.1527,0.8963,11.92,G09058;20SECONDTARGET
220078662,84.1801,3.7749,13.28,G09123
248403203,76.8953,-2.7327,9.72,G09062
248430121,77.139,-3.0095,6.73,G09062
248430208,77.1332,-2.8246,6.65,G09062;20SECONDTARGET
248433093,77.2385,-2.7222,7.19,G09062
248436139,77.371,-2.6534,12.93,G09180
248436141,77.3704,-2.6527,12.89,G09180
248441877,77.5637,-3.2908,16.73,G09102;G09166;20SECONDTARGET
248442616,77.6544,-1.9016,17.25,G09102
248447995,77.8875,-3.5995,8.63,G09062
248448574,77.8305,-2.4908,5.47,G09062;G09123;20SECONDTARGET
248476486,78.1177,-2.4962,9.38,G09123
248477455,78.0261,-0.7012,14.15,G09102;20SECONDTARGET
248992635,78.2084,-1.5637,9.44,G09123
248998481,78.4647,-3.213,11.62,G09180
248998483,78.4677,-3.2109,11.45,G09180
248998682,78.4392,-2.7819,7.8,G09062
249028219,78.8268,-1.4086,5.74,G09062;20SECONDTARGET
249028689,78.7784,-2.3257,14.37,G09123
249029268,78.8484,-3.3659,7.2,G09062
249040177,79.1069,-0.5214,13.35,G09123
249040374,79.1112,-0.204,13.99,G09041;20SECONDTARGET
249069464,79.5606,-2.7508,17.2,G09025
249071639,79.6479,-5.0773,13.05,G09123
249075213,79.8089,-0.9947,12.42,G09123
264459187,81.1771,3.0158,13.13,G09123
264459943,81.1868,1.8464,4.75,G09164;20SECONDTARGET
264462892,81.2989,2.912,7.79,G09062
264485406,81.5658,0.5631,13.51,G09123
264485499,81.5193,0.7275,9.17,G09123
264485563,81.525,0.834,8.38,G09150
264536973,81.5566,3.8516,9.01,G09062
264593064,80.6906,2.7959,6.62,G09123
264631173,82.2019,2.1647,7.44,G09164
264631371,82.1984,1.8689,12.93,G09123
264631525,82.1887,1.6439,7.04,G09150
264679887,82.115,1.3003,10.31,G09036
264679929,82.1754,1.2268,7.24,G09123
264682980,82.319,3.0779,13.86,G09123
264683456,82.2439,3.647,9.01,G09123
264743052,82.4782,1.7893,5.98,G09150
269117661,80.9657,1.0085,15.57,G09025;G09041
279578264,85.4778,-7.9868,15.28,G09123
279640088,85.7247,-6.7959,5.55,G09062;20SECONDTARGET
280969821,84.623,3.4523,18.11,G09166
282272413,89.5387,0.3085,9.38,G09062
282636868,90.3745,0.9247,16.52,G09166
282636876,90.3687,0.9335,16.52,G09102;G09017;20SECONDTARGET
319366709,84.8959,4.2982,12.96,G09180
319366710,84.905,4.2988,12.43,G09180
323347748,84.4439,2.5237,9.96,G09123;20SECONDTARGET
323347759,84.4035,2.5162,12.39,G09123
323347760,84.4391,2.5157,10.09,G09123
323348984,84.4727,0.9686,7.53,G09164
332860629,84.646,-8.9447,9.12,G09123;20SECONDTARGET
332975709,85.3214,-7.4659,10.1,G09180
388905208,83.7901,-7.4235,9.56,G09123
388905209,83.7918,-7.4229,10.2,G09123
427333808,83.4471,-6.012,12.76,G09123
427346731,83.4993,-2.3594,10.07,G09123;20SECONDTARGET
427348926,83.6135,-0.2122,13.51,G09123
427348955,83.5428,-0.2616,10.83,G09194
427350675,83.5847,-2.242,16.31,G09016;G09017
427352971,83.555,-5.5649,14.21,G09025
427376139,83.659,-2.572,11.72,G09123
427393202,83.8269,-4.6822,9.39,G09123
427394772,83.8186,-5.3897,4.91,G09150;20SECONDTARGET
427395049,83.8454,-5.4161,5.02,G09164;20SECONDTARGET
427395774,83.8583,-5.9099,3.11,G09123;20SECONDTARGET
427396133,83.9753,-5.6284,7.46,G09164;G09150
427398881,83.9438,-2.3741,7.41,G09020
427450306,84.088,-0.2876,9.43,G09062
427450757,84.0149,-0.78,8.1,G09150
427451176,84.0534,-1.202,2.69,G09052;20SECONDTARGET
449197831,79.6215,1.2531,8.71,G09123;20SECONDTARGET
449258423,79.9044,1.722,16.83,G09016;G09017;G09102
449260230,80.0408,1.9633,15.59,G09102;20SECONDTARGET
449307044,80.1738,2.1651,8.88,G09062
449313581,80.1524,0.6243,16.84,G09016;G09102;G09017;G09166
672115676,78.6842,-3.9072,18.35,G09016;G09017
672119221,79.5255,-3.45,19.05,G09016
672121725,78.4783,-3.5917,19.16,G09016
672123918,78.0981,-3.2665,18.86,G09016;G09017
672126150,79.1874,-3.0057,18.78,G09016;G09017
672127987,78.7522,-2.8956,19.23,G09016
672128184,78.7389,-2.7732,18.63,G09016;G09017
672132968,78.8973,-2.3716,18.25,G09016;G09017
672133696,79.671,-2.1468,18.27,G09016;G09017
672137821,77.4815,-3.0082,17.67,G09016;G09102;G09017
672137822,77.4746,-3.0002,17.65,G09166
672141036,77.8585,-2.7815,18.14,G09016;G09017
672141105,77.9651,-2.7561,18.88,G09016;G09017
672143407,77.5291,-2.4053,18.14,G09016;G09017
672152065,77.1506,-1.8243,17.35,G09102
672153273,77.4717,-1.5093,19.11,G09016
672166222,77.634,-1.3657,18.43,G09016;G09017
672166323,77.6411,-1.2919,17.71,G09016;G09102;G09017;G09166
672172106,78.5378,-0.4207,18.31,G09016;G09017
672173734,79.9271,-0.9078,18.48,G09016;G09017
672175408,79.4469,-0.5427,16.95,G09016;G09102;G09017
672178603,79.2274,-0.044,18.42,G09016;G09017
672447422,79.7053,1.0654,17.45,G09016;G09017;G09102;G09166
710183423,85.7357,-9.5166,17.51,G09016;G09017
710183959,86.1848,-8.7818,19.0,G09016;G09017
710183968,85.4634,-9.2026,17.09,G09016;G09017
710194226,85.8057,-8.3928,19.01,G09016
710194551,86.7121,-8.1271,18.72,G09016;G09017
710199632,87.239,-7.6336,19.12,G09016
710279686,85.919,-7.8113,18.81,G09016;G09017
710281692,86.6233,-7.5747,18.01,G09016;G09017;G09166
710284502,86.2231,-7.3781,18.45,G09016;G09017
710287460,85.3221,-7.4663,11.23,G09180
710287499,85.1144,-7.4069,16.96,G09102;G09166;20SECONDTARGET
710287753,85.712,-7.2058,19.23,G09016
710291107,86.3246,-6.6201,18.45,G09016;G09017
710293696,85.6343,-6.3667,18.78,G09016;G09017
710299936,83.7608,-7.4462,18.19,G09016;G09017;G09166
710308763,82.9427,-7.0978,19.08,G09016
710315837,85.1995,-6.3617,18.85,G09016;G09017
710317509,85.3692,-5.755,18.63,G09016;G09017
710317712,84.5708,-6.1196,17.3,G09016;G09102;G09017;G09166
710317796,84.8762,-6.0934,17.56,G09016;G09102;G09017;G09166
710318399,85.3282,-5.7284,17.84,G09016;G09102;G09017;G09166
710319555,83.9847,-5.8355,17.9,G09016;G09102;G09017;G09166
710320574,84.2471,-5.7659,18.34,G09016;G09017
710617602,87.1581,-7.1312,19.29,G09016
710618608,86.9059,-6.8522,18.69,G09016;G09017
710623640,87.0988,-6.1943,17.59,G09016;G09102;G09017;G09166
710625866,88.2872,-6.0418,18.75,G09016;G09017
710626502,88.1643,-5.9385,19.12,G09016
710635369,86.513,-5.6035,18.51,G09016;G09017
710640516,87.2433,-5.1237,17.86,G09016;G09102;G09017
710657103,88.3307,-4.6328,18.82,G09016;G09017
710659220,87.7945,-4.5794,18.67,G09016;G09017
710665836,88.6761,-3.8464,19.13,G09016
710673333,86.1571,-4.9764,17.57,G09016;G09102;G09017
710674775,86.5143,-4.6012,16.75,G09102
710679129,84.8151,-4.4344,19.3,G09016
710701681,87.6901,-3.0288,18.44,G09016;G09017
710725971,89.0804,-3.7388,18.28,G09016;G09017
710731205,90.5808,-3.0332,17.8,G09016;G09102;G09017
710733960,89.5832,-2.7631,18.08,G09166
710734783,90.1982,-2.6341,18.06,G09016;G09017
710765271,90.0469,-2.4172,18.86,G09016;G09017
710766093,90.7106,-2.363,19.19,G09016
710786115,89.8994,-2.4541,17.16,G09016;G09102;G09017
710786775,89.4459,-2.3826,19.03,G09016
710787335,89.5311,-2.2569,18.63,G09016;G09017
710789865,89.4475,-2.2152,18.83,G09016;G09017
710794036,88.3404,-2.2117,18.98,G09016;G09017
710803131,88.7206,-1.6282,18.92,G09016;G09017
710809957,89.8334,-1.9023,18.1,G09016;G09017
710809960,89.8374,-1.8966,17.97,G09166
710820198,90.2091,-1.2783,18.06,G09016;G09017;G09166
710820991,90.4113,-1.0294,17.89,G09016;G09017
710828274,89.6775,-1.0373,17.92,G09016;G09017
710828827,89.1074,-1.3355,18.41,G09016;G09017
710831942,89.2186,-0.9145,18.56,G09016;G09017
710839579,89.5912,-0.5177,18.21,G09016;G09017
711900458,91.9025,-1.204,18.9,G09016;G09017
711904141,92.0043,-0.8855,17.73,G09102
711999630,91.1545,-0.5627,18.2,G09016;G09017
712003870,92.1216,-0.5836,18.94,G09016;G09017
712020743,90.7762,-0.155,18.7,G09016;G09017
712738197,81.8312,-6.38,18.09,G09166
712738199,81.8247,-6.3847,18.13,G09016;G09017
712738225,81.926,-6.3806,18.1,G09016;G09017;G09166
712747842,81.107,-6.0589,17.79,G09016;G09102;G09017;G09166
712758629,83.0501,-4.971,18.73,G09016;G09017
712760042,83.773,-4.455,18.34,G09016;G09017
712765786,83.003,-4.318,18.02,G09016;G09017
712765844,83.0176,-4.2826,17.22,G09016;G09102;G09017;G09166
712773476,81.015,-4.8209,19.01,G09016;G09017
712776723,80.3342,-4.4413,17.62,G09016;G09102;G09017;G09166
712777713,80.2666,-4.2747,17.69,G09016;G09102;G09017;G09166
712779639,81.739,-4.4461,18.39,G09016;G09017
712784379,82.3027,-3.8926,18.62,G09016;G09017
712787437,82.1976,-3.438,19.2,G09016
712791279,80.5489,-3.6052,18.9,G09016;G09017
712791821,80.399,-3.4342,18.96,G09016;G09017
712799725,80.4281,-3.0275,18.83,G09016;G09017
712800578,80.2988,-2.7681,19.25,G09016
712809523,80.0964,-1.2559,18.34,G09016;G09017
712815733,85.2556,-3.4389,19.18,G09016
712825763,84.1431,-3.0791,18.0,G09016;G09017;G09166
712826855,84.3535,-2.9624,19.24,G09016
712829503,86.3319,-3.0848,18.27,G09016;G09017
712829557,86.275,-3.0469,18.43,G09016;G09017
712832990,87.1284,-2.4008,17.88,G09016;G09102;G09017;G09166
712834899,85.1746,-2.7315,18.94,G09016;G09017
712835734,85.348,-2.3633,17.71,G09016;G09102;G09017
712836461,84.8964,-2.246,19.06,G09016
712838117,85.7848,-2.2594,18.43,G09016;G09017
712838665,85.6781,-1.8449,17.58,G09016;G09017
712838670,85.7007,-1.7453,17.72,G09102
712838673,85.4071,-1.8069,17.0,G09016;G09017
712838938,82.8243,-3.4391,18.71,G09016;G09017
712839413,82.805,-3.4054,18.84,G09016;G09017
712842209,82.6771,-2.7893,18.2,G09016;G09017;G09166
712845320,83.9683,-2.4601,18.14,G09016;G09017;G09166
712854699,82.907,-2.2553,17.91,G09016;G09102;G09017
712856752,83.166,-1.8282,18.4,G09016;G09017
712857323,83.1961,-1.6375,18.79,G09016;G09017
712860416,84.4784,-2.2458,18.98,G09016;G09017
712865595,84.3032,-1.6123,18.73,G09016;G09017
712873796,83.9195,-1.2238,17.22,G09016;G09017;G09102;G09166
712876662,83.7776,-0.9227,18.77,G09016;G09017
712882688,83.9858,-0.3817,19.07,G09016
712882718,84.0172,-0.3314,18.23,G09016;G09017;G09166
712883200,84.6069,-0.3989,19.3,G09016
712884272,84.2942,-0.1237,18.64,G09016;G09017
712885861,87.7782,-1.852,18.54,G09016;G09017
712887302,86.6478,-1.815,18.09,G09016;G09017
712891945,87.521,-1.338,19.1,G09016;G09017
712894532,86.3087,-1.5321,18.59,G09016;G09017
712895235,86.5513,-0.9049,17.88,G09016;G09017
712895320,86.4145,-0.9118,19.18,G09016
712897049,87.3799,-0.4393,18.47,G09016;G09017
712897364,86.7406,-0.5642,18.79,G09016;G09017
712897468,86.8014,-0.4863,17.9,G09016;G09017
712897556,86.818,-0.4088,17.78,G09016;G09102;G09017;G09166
712898382,87.2416,-0.2439,18.94,G09016;G09017
712922107,88.8791,0.8306,19.11,G09016
712923645,88.597,0.6795,19.01,G09016
712924244,88.7394,0.9195,18.33,G09016;G09017
712932595,86.5703,0.2092,18.15,G09016;G09017
712943411,85.9275,0.6036,18.12,G09016;G09017
712948774,87.2754,0.4158,18.01,G09016;G09017
712950389,87.0457,0.5289,19.3,G09016
712951302,87.217,1.0108,17.76,G09016;G09102;G09017
712951671,88.0101,0.7456,18.5,G09016;G09017
712956858,87.7901,1.5197,18.6,G09016;G09017
712966553,87.163,1.5401,17.97,G09166
712966603,87.16,1.5435,18.19,G09016;G09017
712969830,87.0082,1.6499,19.2,G09016;G09017
712973166,87.2178,2.1199,18.9,G09016;G09017
712974001,81.5539,-2.2198,19.22,G09016
712974864,81.5631,-1.9527,18.7,G09016;G09017
712976734,81.3633,-1.94,19.11,G09016
713008848,83.5632,0.45,18.44,G09016;G09017
713011939,82.6632,0.07,18.4,G09016;G09017
713012066,82.7762,0.154,18.79,G09016;G09017
713016992,83.0824,0.2896,18.62,G09016;G09017
713021230,82.392,0.5003,18.74,G09016;G09017
713022476,82.9252,0.7576,18.74,G09016;G09017
713023118,83.1029,0.9336,18.27,G09016;G09017;G09166
713033130,80.7855,0.1158,19.18,G09016
713033528,81.0959,0.3177,18.75,G09016;G09017
713034003,80.7943,0.3215,18.62,G09016;G09017
713038511,80.3252,0.9719,18.44,G09016;G09017
713040632,81.6598,0.4211,19.15,G09016
713046385,81.6388,1.0127,18.97,G09016;G09017
713054027,82.4476,1.5301,17.94,G09016;G09017
713055704,81.0699,0.8324,18.79,G09016;G09017
713060102,80.3812,1.2226,19.17,G09016;G09017
713060245,80.3447,1.2506,17.55,G09102
713061046,80.7344,1.3359,18.65,G09016;G09017
713064587,81.5255,1.7117,18.73,G09016;G09017
713065912,81.888,1.7853,18.71,G09016;G09017
713072084,84.2412,0.3448,17.99,G09016;G09102;G09017;G09166
713072093,84.2463,0.3708,18.92,G09016;G09017
713081852,84.6117,1.0571,16.77,G09016;G09102;G09017
713085428,83.6243,0.6558,18.79,G09016;G09017
713110761,86.303,2.1058,18.51,G09016;G09017
713112099,86.9603,2.3763,18.72,G09016;G09017
713113144,86.8366,2.6461,18.73,G09016;G09017
713115712,86.6204,2.7716,18.83,G09016;G09017
713126498,86.3784,3.0233,19.2,G09016
713129812,85.9276,3.3842,19.09,G09016
713130209,85.5787,3.3458,18.58,G09016;G09017
713132937,83.3118,1.5785,18.6,G09016;G09017
713135735,82.7292,1.7082,18.87,G09016;G09017
713136997,82.6742,1.938,18.82,G09016;G09017
713137802,82.9892,2.0157,17.11,G09016;G09102;G09017
713141527,83.8148,2.2666,18.73,G09016;G09017
713144139,83.3836,2.1532,19.19,G09016
713152166,82.3031,2.3902,20.0,G09041
713155047,82.3155,2.4769,19.04,G09016
713161741,83.3652,3.2267,18.09,G09016;G09017
713166212,82.8755,3.4606,18.12,G09166
713166214,82.8779,3.4653,18.17,G09016;G09017
713170221,84.5135,3.0656,18.52,G09016;G09017
713174137,84.4365,3.3073,19.11,G09016
713174489,84.2916,3.2781,18.74,G09016;G09017
713176620,84.9913,3.2795,17.53,G09016;G09102;G09017
713179699,84.6308,3.461,18.19,G09016;G09017
713182160,85.292,3.7917,19.09,G09016
713182181,85.2993,3.8278,19.05,G09016
713192904,84.5663,3.8008,18.86,G09016;G09017
713197052,83.8936,4.0477,18.79,G09016;G09017
713197989,83.7947,4.1576,17.47,G09016;G09102;G09017
713199092,84.4026,4.3735,18.94,G09016;G09017
713200750,80.0512,1.2191,18.09,G09016;G09017
713205569,80.9804,1.9136,18.96,G09016;G09017
713211203,80.8225,2.4645,18.04,G09016;G09017
713223134,81.2951,2.787,18.26,G09016;G09017
713225870,81.8156,3.2837,19.2,G09016;G09017
713225928,81.8301,3.3363,18.62,G09016;G09017
713227660,82.1659,3.1631,19.26,G09016
713244977,81.5345,3.6608,17.45,G09016;G09102;G09017;G09166
713245858,81.7629,3.9183,17.89,G09016;G09102;G09017;G09166
713249111,81.9621,4.328,18.8,G09016;G09017
713255456,82.7886,3.8506,18.84,G09016;G09017
713259786,82.3911,4.1222,16.86,G09102
713275801,82.5893,4.9761,19.09,G09016
713284321,83.316,5.4862,17.33,G09016;G09102;G09017
713358257,89.5969,0.7205,18.92,G09016;G09017
713439679,88.0753,1.8168,17.97,G09016;G09102;G09017;G09166
713440580,88.5816,2.079,18.25,G09016;G09017
713449532,87.6275,2.2039,18.71,G09016;G09017
713449799,87.4585,2.2686,16.52,G09016;G09102;G09017
713801230,87.2442,3.4424,18.61,G09016;G09017
713812500,85.9323,3.6016,18.38,G09016;G09017
713855011,85.933,4.1671,18.68,G09016;G09017
713869262,84.9402,4.3154,18.42,G09016;G09017
713871745,85.528,4.7174,17.63,G09102
715574261,84.4723,5.0902,19.01,G09016;G09017
715578811,83.9559,5.4427,17.64,G09016;G09102;G09017
59127833,74.8505,12.4953,10.37,G09123
59128183,74.8376,12.9363,12.42,G09031
213038303,74.9314,-0.3792,15.2,G09102;20SECONDTARGET
244278452,74.6175,-0.4465,14.65,G09123
262258341,77.8044,2.4274,10.67,G09123
262402696,78.3948,5.9104,10.49,G09123
262411478,69.1796,3.5125,7.79,G09062
262413434,69.3613,2.9284,13.27,G09123;20SECONDTARGET
262438323,73.6866,4.7732,7.42,G09062;20SECONDTARGET
262462749,73.7498,4.7911,16.76,G09016;G09102;G09017;G09166
262503085,74.026,1.2834,8.38,G09062
264589862,80.5969,4.5198,9.92,G09062
264590459,80.5471,5.3949,6.53,G09062;20SECONDTARGET
264627011,80.8939,5.8214,7.71,G09062
269075386,70.9329,5.4876,10.14,G09123
269077015,75.4082,2.9071,8.21,G09123;20SECONDTARGET
269077806,75.4863,1.1446,10.2,G09123;20SECONDTARGET
269114614,75.5511,4.8837,9.7,G09062
269115463,69.4646,5.0519,9.97,G09123
269115510,69.4345,4.9019,12.25,G09123
269200532,80.9213,4.2734,9.81,G09123
284731243,76.7073,10.1431,9.8,G09123
284789252,76.7235,6.1155,9.85,G09123
284794221,76.9096,9.4689,5.58,G09062;20SECONDTARGET
284794780,76.8798,10.1768,9.86,G09123
284857969,76.9793,8.402,8.7,G09194
284907742,79.4207,7.3522,6.72,G09062;G09123;20SECONDTARGET
311269062,80.6446,7.8719,16.12,G09102;20SECONDTARGET
313140166,80.8729,6.8759,12.44,G09123
345583996,78.8609,7.0556,7.87,G09062
345639537,78.9382,7.6559,17.48,G09041
345666445,79.0749,8.1797,12.68,G09180
345666447,79.0782,8.18,12.21,G09180
345750957,80.7082,8.7075,11.29,G09123
365572007,81.2828,6.3497,2.65,G09123;20SECONDTARGET
365637508,81.3856,6.4258,12.17,G09123;20SECONDTARGET
365689838,81.4391,7.8201,8.3,G09062
365691295,81.4489,6.0262,17.54,G09166
365691951,81.6066,6.7213,16.53,G09016;G09102;G09017
365691964,81.6032,6.7322,16.46,G09166
365692167,81.6051,6.9642,16.48,G09016;G09102;G09017;G09166
365747593,81.7169,6.4727,8.64,G09123;20SECONDTARGET
365748368,81.867,6.4453,16.14,G09123
371628626,79.6928,9.2529,9.95,G09180
371628631,79.6904,9.2557,11.13,G09180
373137535,68.6634,6.6341,13.32,G09123
373246112,70.2176,9.0876,13.45,G09123
373262789,70.2987,8.033,12.91,G09123
373308139,70.4459,7.2757,13.2,G09123
373308741,70.4298,8.4392,12.72,G09123
373385419,71.2102,8.0906,12.44,G09180
373385420,71.2096,8.0911,12.29,G09180
373386299,71.2036,9.6175,10.94,G09123
373420622,76.4043,6.2796,7.99,G09062
373449670,76.3618,8.5707,17.51,G09041
373453516,76.4759,10.5807,12.47,G09123
373488245,76.4611,6.3979,17.82,G09166
373488261,76.462,6.3747,10.03,G09062
373554572,79.874,8.7653,9.65,G09194;G09180
396976083,69.5847,3.8065,12.54,G09194
397014428,69.6418,4.2612,9.23,G09062
397015379,69.8223,5.2516,13.16,G09123
397048159,73.3952,5.6127,10.17,G09196
397048488,73.4555,4.895,12.83,G09004
399618009,72.197,10.0502,9.69,G09123
399619275,72.3568,11.4939,8.85,G09062
399620219,72.3116,9.6909,10.2,G09062
399664934,72.4678,6.1094,12.12,G09123
399664959,72.4554,6.1591,12.44,G09079;G09036;G09039
399665349,72.4635,6.9614,2.71,G09062;G09157;20SECONDTARGET
399666661,72.4839,9.4894,7.97,G09180
399666662,72.4852,9.4915,10.33,G09180
399697011,73.1,10.7194,10.93,G09123
399697663,73.1234,9.5054,13.06,G09123
399729481,73.3164,6.1547,12.5,G09079;G09036;G09039
399758563,73.8221,11.9521,17.27,G09102
399781217,73.8794,10.185,8.85,G09062
399781948,73.7667,8.9696,8.99,G09062
399783803,73.9577,6.1669,16.81,G09166
399814051,74.0223,10.0525,11.34,G09196
399815068,74.0651,8.2944,9.69,G09123
399815314,74.0367,7.9044,6.03,G09062
399816822,74.1626,6.76,11.24,G09180;G09180
399818354,74.1637,9.1662,10.33,G09150
399835281,74.2715,9.763,10.85,G09180
399835286,74.2686,9.7617,8.56,G09180
399837776,74.4079,6.3932,12.47,G09180;G09180
399869744,74.588,10.9974,13.0,G09123
399870368,74.5523,9.998,9.34,G09114;20SECONDTARGET
408041595,77.4188,8.214,12.27,G09123
408041629,77.4924,8.1724,6.47,G09062
408042544,77.4403,6.9397,9.98,G09062
408045004,77.6729,9.6083,15.99,G09102
408075723,77.7185,6.2745,9.99,G09123
408078326,77.8933,9.1556,12.15,G09180
408078327,77.8928,9.1569,12.02,G09180
408112949,77.9964,8.641,9.38,G09062;20SECONDTARGET
408114334,77.9375,6.8276,13.11,G09123
408131865,78.0319,9.7851,17.68,G09016;G09102;G09017;G09166
408192581,78.5129,8.0019,15.46,G09102;G09123;20SECONDTARGET
415440224,75.8034,7.2103,8.18,G09062
415441274,75.8116,8.6779,11.12,G09194
415481523,76.0188,8.7266,9.58,G09196
415508270,76.061,11.0581,10.87,G09123
436668852,73.2408,12.6506,13.27,G09123
436700755,73.6826,12.3519,6.6,G09062;G09123;20SECONDTARGET
443755307,79.9824,8.7016,8.51,G09062
443767781,80.5246,7.0896,7.33,G09062
445930000,77.5397,6.6377,16.59,G09016;G09102;G09017;G09166
449050248,67.5526,5.2984,9.87,G09079;G09036;G09039
449145115,67.8561,4.5752,7.4,G09123
449361983,80.3956,5.6276,8.72,G09062
450024376,74.9141,7.2992,16.97,G09166
450024389,74.9097,7.3086,17.01,G09016;G09102;G09017
450045402,75.079,9.2011,14.46,G09102
450053871,75.3032,7.8691,8.18,G09062
450054580,75.2677,6.7055,11.86,G09194
450055382,75.3522,6.5799,10.04,G09180
450059733,75.5004,10.3987,8.89,G09062
450062465,75.5319,6.1289,8.44,G09062
450065604,77.2478,10.4159,8.81,G09062
450071562,71.3645,9.6401,9.54,G09123;20SECONDTARGET
450075311,71.4589,7.1225,9.33,G09062
450075496,71.5391,6.7501,12.2,G09123
450077414,71.6907,9.0175,6.7,G09062;20SECONDTARGET
450080504,71.7696,9.0607,8.12,G09062
450081356,71.7408,7.503,9.97,G09180
450081358,71.7374,7.5007,10.47,G09180
450083505,71.8881,8.7362,12.29,G09180
450083506,71.8865,8.7374,12.7,G09180
450083882,71.8558,9.4109,17.51,G09025;G09041
450084323,71.9053,10.2329,12.47,G09123
450087817,71.9758,7.3707,13.81,G09123
450091735,72.1573,11.3898,14.07,G09123
450094454,72.7107,7.994,6.85,G09062
450097482,72.8971,9.2876,12.27,G09123
450098574,72.8029,11.0679,6.23,G09062;20SECONDTARGET
450100760,72.9893,9.2813,13.8,G09123
450102450,73.025,6.4743,9.45,G09123
450102551,72.923,6.3222,12.03,G09123
450104815,73.6581,9.409,13.28,G09123
450105508,73.7352,10.4628,16.51,G09016;G09102;G09017;20SECONDTARGET
450106120,73.6954,11.4261,5.08,G09123;20SECONDTARGET
452749710,74.5696,0.4535,6.45,G09062;20SECONDTARGET
452763353,74.8954,1.7828,8.43,G09123;20SECONDTARGET
452764289,74.9776,0.5335,10.36,G09123
452767166,68.0209,5.4101,5.96,G09062;G09157;G09123;20SECONDTARGET
452770134,68.1272,4.1382,9.93,G09194
452784255,68.3749,4.2432,16.33,G09102;G09123;20SECONDTARGET
452784503,68.4215,5.0604,8.28,G09062
452792198,68.8816,4.9256,9.03,G09123
452793374,72.5488,4.034,11.47,G09123
452808876,72.6605,1.8938,9.54,G09058;G09114;20SECONDTARGET
452810783,72.8015,5.6051,3.83,G09123;20SECONDTARGET
452813467,72.9557,1.2488,8.16,G09180;G09180
452813525,72.9895,1.3678,8.29,G09062
452815122,72.8741,5.2648,8.98,G09062
452816762,73.0701,3.1071,14.91,G09102
454162428,78.728,1.6523,12.51,G09123
454189220,78.9388,2.9827,8.8,G09062
454194088,79.0701,5.3032,8.01,G09062
454196756,79.2113,2.4534,12.56,G09123
454200187,79.2254,3.5479,14.24,G09041
455005598,76.0911,0.3757,12.67,G09180
455005605,76.0881,0.3696,12.6,G09180
455027125,76.4134,1.9745,15.81,G09016;G09102;G09017
455030214,76.5669,4.1506,11.92,G09194
455030851,76.5788,2.9531,9.5,G09062
455059853,77.1287,1.2776,15.63,G09016;G09102;G09017
455067277,77.4211,1.8856,15.34,G09102;G09166;20SECONDTARGET
455069902,77.427,5.7821,8.48,G09123
455072135,77.4329,2.1142,16.52,G09016;G09102;G09017;G09166;20SECONDTARGET
455072234,77.426,1.9317,8.28,G09062
455072750,77.4991,1.0151,8.99,G09062
455073971,77.6168,1.1523,12.92,G09123
455074154,77.6496,1.5082,9.63,G09194
455094685,77.5581,4.6433,14.5,G09102;G09166;20SECONDTARGET
455094688,77.5564,4.6479,15.44,G09016;G09102;G09017;G09166;20SECONDTARGET
457196370,71.8276,5.0597,15.73,G09102;20SECONDTARGET
457200156,72.124,2.7353,9.61,G09062
457201880,72.2107,5.1778,12.28,G09004
457224153,75.7131,1.3733,8.95,G09180
457224155,75.715,1.3717,12.55,G09180
457225725,75.8629,2.1232,14.59,G09102;20SECONDTARGET
459945910,71.182,1.9458,9.32,G09062
459963707,73.2965,4.9804,15.66,G09016;G09102;G09017
459971156,75.0503,5.8555,12.98,G09123
459972199,75.1357,3.6147,7.09,G09123
464806209,70.4905,5.6094,8.51,G09036
464812806,75.2569,0.8467,9.34,G09180
464812811,75.2529,0.8514,11.35,G09180
464834026,77.7768,1.6789,9.46,G09062
464834360,77.725,2.3529,16.08,G09016;G09102;G09017
467619023,79.5251,9.5376,16.33,G09016;G09102;G09017;G09166;20SECONDTARGET
672227798,74.3062,-1.005,19.01,G09016
672239251,75.6761,-1.7073,19.07,G09016;G09017
672242733,76.2912,-1.3534,19.08,G09016
672242878,76.297,-1.3,18.27,G09016;G09017
672243590,76.3511,-1.0311,18.77,G09016;G09017
672249816,76.0336,-0.775,19.1,G09016
672251230,75.516,-0.7708,18.55,G09016;G09017
672252142,75.6091,-0.3602,18.97,G09016;G09017
672262132,77.7105,0.2653,18.31,G09016;G09017
672267422,76.7042,0.1609,18.74,G09016;G09017
672274728,74.2708,-0.9261,19.26,G09016
672276098,74.1964,-0.809,19.05,G09016
672278548,75.3908,-0.2175,18.09,G09016;G09017;G09166
672280987,74.7629,0.0081,17.66,G09016;G09017;G09166
672296419,75.9327,0.9344,18.58,G09016;G09017
672296874,76.7197,0.7466,18.68,G09016;G09017
672299433,76.2967,0.9804,18.35,G09016;G09017
672299476,76.3897,1.0447,18.9,G09016;G09017
672307224,75.2648,1.7022,16.11,G09016;G09102;G09017;G09166
672307593,75.916,1.4216,18.08,G09016;G09017
672310015,76.2547,1.9696,17.62,G09016;G09102;G09017
672311459,75.5979,2.0704,18.64,G09016;G09017
672312339,75.8633,2.1359,19.05,G09016
672329708,72.9116,0.0851,19.11,G09016;G09017
672366419,73.5121,0.3719,18.35,G09016;G09017
672369155,72.8667,0.8849,19.13,G09016
672370391,73.8486,0.9174,17.68,G09016;G09017
672374625,72.34,0.8782,18.66,G09016;G09017
672375504,72.9565,1.2491,8.4,G09180
672376626,71.9511,1.1096,17.9,G09016;G09017
672377895,72.4564,1.5888,19.25,G09016
672379857,73.2586,1.735,18.77,G09016;G09017
672382396,73.2679,2.2337,18.64,G09016;G09017
672383331,74.4057,1.4808,17.44,G09016;G09102;G09017;G09166;20SECONDTARGET
672383947,74.9657,1.6268,18.22,G09016;G09017
672387551,74.4072,2.2111,19.13,G09016;G09017
672390470,74.9448,2.1629,18.99,G09016;G09017
672392002,75.3041,2.5259,18.99,G09016;G09017
672394319,73.7817,2.1451,18.42,G09016;G09017
672400342,74.9901,3.0697,17.67,G09016;G09102;G09017;G09166
672402368,74.2065,3.1978,18.34,G09016;G09017
672402594,74.6127,3.1513,19.27,G09016
672403065,74.684,3.3328,18.84,G09016;G09017
672406406,71.3163,1.851,18.98,G09016;G09017
672408240,72.0823,2.0882,19.17,G09016
672411659,72.3753,2.8649,20.38,G09041
672412617,71.0677,2.3179,19.02,G09016
672412703,71.3748,2.203,18.8,G09016;G09017
672413814,70.8724,2.2851,18.15,G09016;G09017;G09166
672415301,70.9438,2.8172,18.43,G09016;G09017
672418224,71.353,3.0668,18.76,G09016;G09017
672419209,71.5348,3.3713,17.84,G09016;G09102;G09017;G09166
672420936,73.3678,2.8373,18.73,G09016;G09017
672426077,74.1304,3.5088,17.27,G09102
672426563,74.1126,3.5315,19.28,G09016
672426806,74.1542,3.6181,18.56,G09016;G09017
672436519,73.5193,4.2295,18.98,G09016;G09017
672438283,73.0369,4.3884,17.86,G09016;G09102;G09017;G09166
672473820,79.7165,2.7828,18.51,G09016;G09017
672486573,78.1333,2.5435,18.44,G09016;G09017
672499268,77.6159,3.3436,18.78,G09016;G09017
672500131,77.3338,3.4843,19.03,G09016
672503148,78.9189,3.1195,18.81,G09016;G09017
672512003,79.2233,3.6979,18.85,G09016;G09017
672513445,79.2079,3.8389,18.19,G09016;G09017
672513655,79.27,3.9982,18.66,G09016;G09017
672518335,77.8346,3.5873,18.47,G09016;G09017
672534321,79.1138,4.7404,18.43,G09016;G09017
672539082,79.5398,5.4406,18.07,G09016;G09017
672553070,75.0012,3.3789,17.58,G09016;G09102;G09017
672555980,74.7647,3.6325,19.01,G09016;G09017
672558088,75.9334,3.73,18.89,G09016;G09017
672565775,77.6115,3.9821,17.77,G09016;G09102;G09017;G09166
672565897,77.7586,4.0903,18.58,G09016;G09017
672574505,77.8389,4.8731,17.02,G09016;G09102;G09017;G09166
672579446,77.154,4.7979,18.61,G09016;G09017
672588268,77.0594,5.5928,16.97,G09016;G09102;G09017;G09166
672594483,74.7186,4.3526,19.13,G09016
672594919,74.3775,4.3891,19.14,G09016
672601191,74.9861,4.9969,19.06,G09016
672603313,73.8226,4.7443,19.23,G09016
672610825,74.2812,5.2228,18.43,G09016;G09017
672612329,74.5765,5.5285,18.98,G09016;G09017
672619377,76.1214,5.734,19.02,G09016
672622990,76.7429,6.0499,19.18,G09016
672624220,76.0474,5.9117,19.7,G09025
672625987,76.4518,6.4003,17.96,G09102
672632974,76.1171,6.1952,18.27,G09016;G09017
672636524,75.3525,6.5791,11.38,G09180
672646640,79.7817,5.6767,18.79,G09016;G09017
672646768,79.5405,5.6784,19.27,G09016
672661418,78.9357,6.3957,17.02,G09102;G09166
672667991,78.7156,7.0883,17.57,G09016;G09102;G09017
672670663,79.4531,6.764,18.5,G09016;G09017
672672721,79.0613,6.9528,18.82,G09016;G09017
672675703,79.6758,7.7679,17.66,G09016;G09017;G09102;G09166
672703009,78.927,7.4794,16.49,G09016;G09102;G09017
672705011,79.2532,7.8131,18.77,G09016;G09017
672709922,79.6024,8.0257,19.21,G09016
672718947,77.802,8.4189,16.79,G09016;G09102;G09017;G09166
672723460,78.7208,8.9618,18.39,G09016;G09017
672849603,70.2078,2.372,19.11,G09016
672849996,70.1131,2.5501,18.38,G09025;G09041
672855740,69.4747,3.0712,18.65,G09016;G09017
672856154,69.2206,3.1675,18.54,G09016;G09017
672857665,68.8179,3.4314,18.81,G09016;G09017
672881781,71.1359,3.29,18.95,G09016;G09017
672883036,71.2999,3.6141,19.04,G09016;G09017
672885873,69.4316,3.2557,17.77,G09102
672888324,69.8567,3.963,19.02,G09016
672892247,70.1638,4.5881,18.77,G09016;G09017
672893110,71.5951,3.8611,19.12,G09016
672898555,72.8191,4.76,18.07,G09166
672899453,71.9938,4.5938,18.84,G09016;G09017
672906413,71.7688,4.978,16.67,G09016;G09102;G09017
672907676,72.2048,5.2941,19.13,G09016
672911315,68.688,3.9248,18.56,G09016;G09017
672912240,69.3662,4.2978,18.52,G09016;G09017
672913383,69.1275,4.4151,19.1,G09016
672915025,70.1492,4.6944,17.74,G09016;G09102;G09017;G09166
672928301,70.8211,5.6899,18.64,G09016;G09017
672928642,71.0398,5.876,18.38,G09016;G09017
672930175,70.7912,6.0438,18.71,G09016;G09017
672931870,69.558,5.602,18.36,G09016;G09017
672936492,70.8905,6.5631,18.15,G09016;G09017
672937577,69.8557,6.5133,18.68,G09016;G09017
672950637,67.3531,4.6792,18.45,G09016;G09017
672976247,67.8132,5.6752,18.77,G09016;G09017
672977675,68.4957,5.8599,19.24,G09016
672979049,67.7911,6.2154,18.9,G09016;G09017
672979342,68.4095,6.2372,18.68,G09016;G09017
672979752,68.246,6.38,17.48,G09016;G09017;G09102;G09166
672986230,69.2607,6.3493,18.76,G09016;G09017
672997045,69.2752,7.6415,18.93,G09016;G09017
673026193,72.9939,5.5124,18.62,G09016;G09017
673027589,73.8638,5.5638,19.05,G09016
673029966,74.1935,6.0821,20.18,G09025
673037159,72.718,6.2805,18.44,G09016;G09017
673038929,72.9303,6.3051,18.72,G09016;G09017
673044617,74.4085,6.3932,12.49,G09180
673044700,74.46,6.4688,18.99,G09016;G09017
673047707,74.1633,6.7602,11.75,G09180
673057144,74.0504,7.0159,18.08,G09016;G09017
673061335,74.5244,7.2339,18.93,G09016;G09017
673065377,73.9727,7.7593,18.63,G09016;G09017
673066851,74.2978,8.0361,18.12,G09016;G09017
673068838,72.3574,6.5573,17.92,G09016;G09102;G09017;G09166
673071684,71.7355,7.0245,18.71,G09016;G09017
673073017,72.4548,7.0755,19.21,G09016
673076206,72.5563,7.5703,18.43,G09016;G09017
673080797,70.7806,7.5718,18.17,G09016;G09017
673082075,71.8071,7.6088,18.8,G09016;G09017
673086212,73.3526,7.3986,17.69,G09016;G09102;G09017;G09166
673087345,73.5606,7.5659,18.64,G09016;G09017
673090961,72.8641,8.0355,18.45,G09016;G09017
673103621,72.855,8.7511,18.51,G09016;G09017
673106988,73.2174,9.1988,19.25,G09016
673109715,76.2663,7.603,19.22,G09016
673118752,76.2343,8.5192,18.88,G09016;G09017
673121498,75.0288,8.0457,18.83,G09016;G09017
673122162,75.591,8.128,19.26,G09016
673124452,74.7147,8.2467,19.11,G09016
673127148,75.8681,8.6228,19.15,G09016
673132561,75.6332,9.31,17.14,G09102
673135222,77.6884,8.9827,18.38,G09016;G09017
673154105,77.3196,9.6474,19.18,G09016
673157121,77.7488,10.3013,18.29,G09016;G09017
673170700,74.9593,9.6213,18.67,G09016;G09017
673185462,76.0544,9.7748,18.15,G09016;G09017
673186230,75.8539,9.825,18.21,G09016;G09017
673187912,76.2175,10.2374,19.23,G09016
673187930,76.0333,10.1422,18.93,G09016;G09017
673188240,76.2844,10.2918,18.86,G09016;G09017
673192502,76.9577,10.5116,17.23,G09016;G09102;G09017;G09166
673202265,74.8471,10.6753,18.45,G09016;G09017
673217757,70.9512,8.4077,18.84,G09016;G09017
673220047,69.5446,8.0668,17.53,G09016;G09102;G09017;G09166
673227440,71.6541,8.5093,20.04,G09025
673233967,72.8998,9.6659,17.84,G09102;G09166
673236420,72.5615,9.8783,19.23,G09016
673238451,71.4093,9.4993,18.66,G09016;G09017
673243324,71.9424,10.3198,19.12,G09016
673300962,74.0079,11.4356,18.29,G09016;G09017
673301751,74.5164,11.673,18.11,G09016;G09017
673310552,74.4779,11.9875,18.07,G09016;G09017
673339980,73.4995,12.4568,18.66,G09016;G09017
673345538,73.8135,13.0916,17.14,G09177;20SECONDTARGET
673350253,73.8143,13.5925,18.47,G09016;G09017
673697715,79.8735,8.7659,11.77,G09180
673743560,77.0465,11.4202,17.05,G09016;G09102;G09017
673743849,76.8846,11.4256,18.42,G09016;G09017
673751693,76.6947,11.6404,18.41,G09016;G09017
673755405,76.1166,11.9601,18.67,G09016;G09017
713307703,80.3869,5.6572,18.31,G09016;G09017
713322136,82.065,5.9465,19.15,G09016
713323201,82.3959,6.1454,17.63,G09016;G09102;G09017;G09166
713327618,81.4473,6.0283,17.56,G09016;G09102;G09017
713333615,81.3028,6.3059,18.15,G09016;G09017;G09166
713339839,80.2081,6.4825,18.8,G09016;G09017
713349708,80.2035,7.5654,19.15,G09016
715655043,82.5623,6.5354,19.07,G09016
715675002,82.174,7.2716,19.16,G09016
715952836,81.1367,7.6101,18.59,G09016;G09017
715967320,81.0452,8.2852,18.8,G09016;G09017
9237081,62.4894,-4.147,16.7,G09016;G09102;G09017;G09166
9264836,62.686,-4.876,6.79,G09062
9266461,62.7591,-3.9739,15.76,G09102;G09166;20SECONDTARGET
11052616,65.6327,-3.3621,17.22,G09016;G09017;G09102;G09166
11083033,72.4086,-2.8781,10.87,G09123
11162598,72.8846,-3.5521,16.14,G09016;G09102;G09017;G09166
11163350,72.9776,-1.9495,9.27,G09062
11163516,72.9619,-1.5715,14.25,G09123
11165657,72.9979,-3.0087,10.03,G09062
37816222,65.4076,-9.7495,12.87,G09004
37817032,65.3949,-7.1232,9.1,G09062
37817632,65.5503,-6.5056,13.13,G09123
37904598,66.1787,-6.792,11.21,G09123
37904796,66.1616,-6.1888,15.95,G09102
37905888,66.2998,-8.872,12.11,G09180
37905889,66.2995,-8.8737,10.27,G09180
37906169,66.2445,-9.7648,17.52,G09016;G09102;G09017
37908551,66.3906,-6.6278,8.69,G09062
37947783,66.6103,-10.5513,7.17,G09123
37990255,66.8834,-7.1338,16.48,G09102;20SECONDTARGET
37993251,67.1773,-10.0804,15.63,G09102;20SECONDTARGET
38014458,67.2286,-11.0585,7.24,G09062;20SECONDTARGET
38015256,67.3367,-10.4778,8.41,G09062
38015346,67.3788,-10.2038,9.13,G09062
38041444,67.7168,-8.8233,11.54,G09123
38050278,67.9586,-9.9363,14.54,G09123
38091004,68.1458,-7.1273,11.99,G09180
38091006,68.1449,-7.1267,11.0,G09180
55896166,68.6584,-10.2355,16.6,G09016;G09102;G09017;G09166
55934889,68.7706,-6.0243,15.9,G09016;G09102;G09017
55935823,68.6781,-8.9552,11.36,G09180
55935824,68.6766,-8.9562,12.91,G09180
55977436,69.0801,-6.9034,15.23,G09102;20SECONDTARGET
55978680,69.1572,-8.7936,9.19,G09062
55996742,69.4509,-8.0137,17.05,G09102
55997020,69.4493,-8.8312,13.32,G09102;20SECONDTARGET
55999432,69.546,-7.4381,9.72,G09123
56000776,69.6305,-8.2407,12.46,G09180
56000777,69.6293,-8.2413,10.79,G09180
56003070,69.7538,-8.3722,13.06,G09123
56099399,70.4099,-5.8606,17.12,G09016;G09102;G09017
56128191,70.7574,-6.4308,11.06,G09079;G09036;G09039
56180926,71.1854,-6.7247,12.86,G09123
56184796,71.2674,-6.0143,17.25,G09102
67718433,63.4119,-8.0259,16.14,G09016;G09102;G09017;G09166
67782629,64.3226,-7.7662,10.71,G09031
67858967,64.7576,-7.6561,12.73,G09004
138759938,68.3739,-0.9946,13.07,G09123
138767154,68.5603,-2.9887,16.15,G09102
138767755,68.5064,-1.1911,11.89,G09123;20SECONDTARGET
138769094,68.5948,-2.7198,17.33,G09166
138775756,68.6883,-0.448,10.96,G09123;20SECONDTARGET
146803851,71.4985,-6.9889,6.98,G09062
146804018,71.5316,-7.5278,10.57,G09180
146804021,71.5443,-7.5319,12.58,G09180
176315574,71.5713,-1.9563,12.98,G09123
176379354,72.1539,-5.6759,5.21,G09062;G09123;20SECONDTARGET
176379866,72.2026,-4.3709,13.9,G09123
176380024,72.1968,-4.005,13.89,G09102
176401306,72.3307,-0.8697,8.04,G09062
176403136,72.2836,-5.1467,12.59,G09180
176403138,72.2876,-5.1485,11.03,G09180
213034033,74.8346,-2.4685,15.22,G09102;20SECONDTARGET
213037083,74.9546,-2.8253,8.82,G09062
229087301,69.0798,-3.3525,4.14,G09150;20SECONDTARGET
244208441,73.3104,-4.5444,10.8,G09194
244218710,73.7303,-3.0476,9.74,G09194
244250271,74.3037,-3.2052,12.44,G09180
244250272,74.3039,-3.2051,11.69,G09180
244250273,74.3045,-3.2053,12.19,G09194;G09180
244252435,74.3773,-3.9506,11.05,G09123
244258171,74.6098,-3.7325,6.51,G09062;20SECONDTARGET
244280081,74.7957,-2.6148,17.51,G09102
248612455,65.8328,-0.9694,7.88,G09062
248612694,65.8571,-0.113,9.32,G09062
248615210,66.0586,-3.7647,11.73,G09194
248616812,66.2302,-1.2931,10.5,G09123
248619689,66.3885,-1.5852,9.78,G09062
248619964,66.358,-0.7806,12.72,G09123
248621149,66.4195,-2.58,16.3,G09016;G09102;G09017;G09166
248621822,66.4236,-4.7274,7.78,G09062
248654486,67.3589,-4.8122,14.63,G09016;G09102;G09017;G09166;20SECONDTARGET
248655096,67.2882,-3.1897,13.53,G09031
248681729,67.8056,-4.8606,7.36,G09062
248682910,67.7816,-1.372,15.4,G09102;20SECONDTARGET
250140196,63.7445,-4.7895,17.76,G09016;G09017
250140704,63.6513,-3.2859,10.89,G09194
250141355,63.6788,-1.1671,12.66,G09004
250163328,64.2194,-4.457,15.37,G09102;G09166;20SECONDTARGET
250168090,64.42,-1.851,7.83,G09062
250171954,64.6309,-2.3185,17.28,G09016;G09102;G09017;G09166
250192871,65.0605,-3.7537,7.26,G09062;20SECONDTARGET
250194132,65.1224,-4.4443,12.59,G09004
250195155,65.1705,-1.7402,8.06,G09020;G09062
262412747,69.3615,0.5532,6.96,G09062;20SECONDTARGET
262412757,69.3588,0.5747,6.97,G09062;20SECONDTARGET
269116525,69.4017,1.8987,9.39,G09123
269116656,69.405,1.4985,8.47,G09062
269116670,69.464,1.4427,10.92,G09123
269629297,61.2416,-5.39,17.35,G09016;G09102;G09017;G09166
269629471,61.2704,-4.7863,7.79,G09062
269694728,61.6362,-4.5468,16.84,G09016;G09102;G09017
298809630,69.3739,-1.1085,12.59,G09123
298810162,69.4009,-2.474,4.96,G09157;G09123;20SECONDTARGET
298811075,69.3349,-5.2262,12.32,G09123
298814108,69.5657,-1.886,13.11,G09123
298850333,69.8813,-2.2913,14.01,G09123
298850678,69.8344,-3.2394,10.51,G09123
298851147,69.875,-4.6005,14.05,G09041
298903489,69.981,-4.0981,16.29,G09016;G09102;G09017
298906033,70.0762,-2.5444,10.33,G09123
298907057,70.0995,-5.5013,13.17,G09123;20SECONDTARGET
298957105,70.1708,-1.2005,8.3,G09062
298981199,70.4285,-0.6,10.06,G09031;G09126
298983100,70.5673,-3.9065,13.13,G09123
298983685,70.5306,-5.609,16.68,G09177;G09016;G09102;G09017
299002987,70.7373,-0.5906,7.57,G09062
299007548,70.9071,0.0339,15.42,G09123;20SECONDTARGET
299064105,71.0386,-3.7081,9.98,G09123
299066135,71.1656,-3.1319,14.12,G09123
299067703,71.2939,-0.3071,12.6,G09180
299067705,71.2924,-0.3118,10.93,G09180
362026651,66.0976,3.9099,8.91,G09062
448894725,66.5846,1.8465,8.69,G09062
448938615,66.9716,0.8237,8.82,G09062;G09123
449144868,67.7992,1.9582,10.53,G09123
452768685,68.0392,0.75,9.6,G09123
452786634,68.4706,0.3148,12.52,G09180
452786637,68.4731,0.3103,10.7,G09180
452786815,68.6119,0.4062,6.62,G09062
454118096,64.5625,0.2267,7.97,G09062
454143370,64.9285,2.2326,13.03,G09123
454147106,65.1454,1.3447,12.71,G09102;20SECONDTARGET
454150332,65.4431,2.389,6.41,G09062
454150571,65.3373,1.535,10.86,G09062
671595799,68.5367,-10.685,18.86,G09016;G09017
671595806,68.708,-10.6747,18.62,G09016;G09017
671596213,67.5896,-10.8289,19.04,G09016
671598652,66.8213,-10.2532,18.51,G09016;G09017
671599070,67.5032,-10.4081,18.93,G09016;G09017
671704778,68.8681,-10.7287,19.2,G09016
671705014,69.0812,-10.4747,16.88,G09016;G09102;G09017;G09166
671708112,69.9164,-9.52,18.85,G09016;G09017
671708696,69.3193,-9.4108,19.17,G09016
671710134,68.6653,-9.569,18.38,G09016;G09017
671710462,67.81,-9.8591,19.1,G09016
671710803,67.8037,-9.6112,18.23,G09016;G09017
671712395,69.425,-8.9609,17.83,G09102
671718215,70.9232,-8.14,18.31,G09016;G09017
671720690,69.6525,-7.9409,19.03,G09016
671722153,70.0762,-7.7493,18.2,G09016;G09017
671722488,69.9505,-7.5851,18.95,G09016;G09017
671753199,71.3496,-6.957,18.71,G09016;G09017
671753533,70.8433,-7.0734,17.33,G09102;G09166
671754346,71.0104,-6.675,18.7,G09016;G09017
671754643,71.8715,-6.8729,17.76,G09016;G09102;G09017;G09166
671754682,71.9364,-6.783,19.27,G09016
671756175,71.1269,-6.6029,17.53,G09016;G09102;G09017;G09166
671756393,71.3916,-6.3084,17.3,G09016;G09102;G09017
671756400,71.7337,-6.5444,18.33,G09016;G09017
671767685,72.7328,-5.3063,19.12,G09016
671767893,73.1921,-5.2866,7.88,G09194
671768192,73.3085,-4.9509,17.13,G09016;G09017
671800985,66.2329,-10.17,19.12,G09016
671802323,66.537,-9.9624,18.97,G09016;G09017
671803913,65.5046,-9.8648,19.13,G09016
671806131,66.3551,-9.0276,18.95,G09016;G09017
671807068,66.0705,-8.562,18.26,G09016;G09017
671815690,64.845,-8.5876,17.77,G09016;G09102;G09017
671834300,63.8311,-7.6725,9.71,G09166;20SECONDTARGET
671834648,63.1573,-7.8698,18.3,G09016;G09017
671835348,63.2488,-7.3933,18.48,G09016;G09017
671835677,63.8407,-7.5648,18.74,G09016;G09017
671835770,63.9497,-7.4365,18.71,G09016;G09017
671836381,63.6266,-7.3786,18.48,G09016;G09017
671836529,63.8342,-7.1653,17.99,G09016;G09017
671840022,63.0111,-6.6241,19.03,G09016
671847326,62.6916,-6.0951,18.66,G09016;G09017
671849509,61.5556,-5.7265,18.67,G09016;G09017
671851383,61.5731,-5.2516,18.81,G09016;G09017
671852407,67.8369,-9.2123,18.52,G09016;G09017
671852584,67.9411,-9.0438,19.05,G09016
671853400,67.5488,-8.8287,18.35,G09016;G09017
671854309,68.5745,-8.6114,19.11,G09016
671854415,68.5427,-8.4763,18.89,G09016;G09017
671855016,68.0787,-8.3991,18.66,G09016;G09017
671857228,66.7051,-8.2575,18.57,G09016;G09017
671859155,67.7172,-7.5795,18.45,G09016;G09017
671860068,68.9312,-7.8872,18.82,G09016;G09017
671861199,68.7067,-7.6324,18.5,G09016;G09017
671862529,69.9503,-7.2405,18.32,G09016;G09017
671865862,68.2404,-7.0414,18.19,G09016;G09017
671866481,68.8246,-7.0219,18.46,G09016;G09017
671867097,69.1865,-6.6774,18.8,G09016;G09017
671867439,69.0998,-6.5194,17.94,G09016;G09102;G09017
671869092,66.0978,-8.0397,17.41,G09102
671870571,66.8646,-7.7081,18.86,G09016;G09017
671871082,67.1961,-7.3436,18.23,G09016;G09017
671871699,66.7378,-7.225,18.52,G09016;G09017
671872930,65.5275,-7.3635,18.65,G09016;G09017
671876363,65.9495,-6.1357,17.63,G09016;G09102;G09017;G09166
671876555,67.748,-6.9101,18.8,G09016;G09017
671876894,67.776,-6.809,19.13,G09016;G09017
671878937,68.5899,-6.2224,18.97,G09016;G09017
671881678,66.4261,-6.1598,17.07,G09102
671882727,67.6352,-5.8391,18.18,G09016;G09017
671890587,70.132,-5.9852,19.25,G09016
671891158,69.2761,-6.0005,19.19,G09016
671893022,70.5144,-5.4889,18.66,G09016;G09017
671894377,70.2909,-5.0583,19.02,G09016
671894733,71.9406,-5.7043,19.12,G09016
671895476,72.1684,-5.3427,18.29,G09016;G09017
671900000,72.2046,-4.4417,18.52,G09016;G09017
671902801,71.1414,-4.3363,18.27,G09016;G09017
671903050,71.6353,-4.6067,10.17,G09194
671905177,71.7062,-4.0326,17.91,G09016;G09102;G09017;G09166
671906596,69.2323,-5.5396,18.88,G09016;G09017
671907663,68.5463,-5.2922,19.01,G09016;G09017
671910796,69.3972,-4.5741,18.61,G09016;G09017
671913274,67.9912,-4.4,17.25,G09016;G09102;G09017
671913714,69.168,-4.4069,19.13,G09016
671914861,68.6033,-4.3259,18.94,G09016;G09017
671920379,70.7799,-3.7806,17.12,G09016;G09102;G09017
671922729,70.0587,-3.5734,19.06,G09016;G09017
671925155,70.2446,-3.1333,19.05,G09016
671926850,70.3389,-2.7425,18.22,G09016;G09017
671927065,70.0802,-2.7598,19.02,G09016
671927823,64.6049,-6.7487,18.71,G09016;G09017
671928199,64.9752,-6.5706,19.23,G09016
671930117,66.0202,-5.9216,18.16,G09016;G09017;G09166
671930407,65.745,-5.8217,18.72,G09016;G09017
671931129,65.4969,-5.6983,18.81,G09016;G09017
671932225,64.2118,-6.0639,17.98,G09016;G09102;G09017;G09166
671936502,65.6828,-5.4394,19.29,G09016
671936529,65.9578,-5.4333,18.16,G09016;G09017;G09166
671938210,67.429,-4.7466,18.48,G09016;G09017
671938569,66.4315,-5.0255,19.06,G09016
671941544,65.5045,-4.3636,18.17,G09016;G09017;G09166
671948558,62.2178,-4.918,18.61,G09016;G09017
671950355,63.6335,-3.9452,19.3,G09016
671951039,63.3814,-3.8004,18.97,G09016;G09017
671954875,65.5509,-3.4204,20.39,G09041
671956539,63.4285,-3.7007,17.75,G09102;G09166
671956800,63.9399,-3.5418,17.91,G09016;G09102;G09017;G09166
671959670,67.6701,-4.4754,18.33,G09016;G09017
671959788,67.2235,-4.512,18.36,G09016;G09017
671960065,67.7657,-4.284,18.21,G09016;G09017
671960529,67.2952,-4.3224,14.64,G09102;20SECONDTARGET
671961282,67.4363,-3.9068,18.51,G09016;G09017
671962340,68.789,-3.5381,19.16,G09016;G09017
671962937,68.056,-3.6372,19.25,G09016
671965046,66.5544,-3.7843,17.9,G09016;G09017
671965450,66.4113,-3.513,19.17,G09016
671966011,66.7277,-3.1291,19.1,G09016
671966291,67.8019,-3.2478,19.51,G09025;G09041
671968913,68.8715,-3.1988,18.08,G09016;G09017
671970168,68.3989,-3.109,19.18,G09016
671971021,68.605,-2.7249,17.46,G09016;G09102;G09017
671974772,68.555,-2.6756,18.75,G09016;G09017
671975808,67.6966,-2.4553,18.71,G09016;G09017
671975909,67.6642,-2.3778,19.23,G09016
671976152,68.3167,-2.2717,18.77,G09016;G09017
671980825,65.726,-3.0721,18.24,G09016;G09017
671981312,66.0351,-2.886,19.3,G09016
671981785,66.7503,-2.8838,17.03,G09102
671981821,66.8769,-2.8271,19.0,G09016;G09017
671982744,66.9108,-2.2998,17.9,G09016;G09102;G09017;G09166
671984769,65.65,-2.3981,17.3,G09016;G09102;G09017
671987799,65.8492,-1.5764,18.98,G09016;G09017
671988373,67.3374,-2.0973,18.56,G09016;G09017
671990986,68.6316,-1.3438,18.17,G09016;G09017
671991527,68.6191,-1.0078,18.47,G09016;G09017
671992255,67.8288,-0.9264,19.22,G09025
671992272,68.2488,-1.1453,18.85,G09016;G09017
671993050,67.0777,-1.5424,19.01,G09016
671994382,66.2108,-1.1138,17.39,G09016;G09102;G09017;G09166
671996875,67.5952,-0.3922,18.6,G09016;G09017
672107032,74.6982,-3.5769,18.69,G09016;G09017
672107868,74.9213,-3.2576,19.28,G09016
672184388,73.4186,-4.1976,19.17,G09016
672186607,74.0548,-3.8992,19.09,G09016
672186833,73.7779,-3.8969,18.08,G09016;G09017
672188654,73.5039,-3.4825,18.14,G09016;G09017
672189266,73.9904,-3.1962,17.35,G09016;G09102;G09017;G09166
672189905,72.5744,-3.9735,20.3,G09025
672190859,72.8871,-3.4965,12.97,G09004
672195416,73.2959,-2.7063,18.76,G09016;G09017
672195547,73.3164,-2.6297,18.88,G09016;G09017
672195733,72.8503,-2.6653,17.71,G09016;G09102;G09017
672203638,73.8649,-2.7969,19.79,G09041
672203641,73.8068,-2.7796,18.73,G09016;G09017
672204368,74.2955,-2.5771,17.88,G09016;G09017
672204726,74.2161,-2.3912,18.98,G09016;G09017
672207135,74.5101,-2.2164,17.69,G09102
672209008,74.1141,-1.9197,18.88,G09016;G09017
672209492,73.9626,-1.7468,17.4,G09102;G09166
672211182,71.4324,-3.2297,18.39,G09016;G09017
672212110,71.9348,-2.8576,19.11,G09016
672212956,71.702,-2.9496,18.25,G09016;G09017
672218231,71.3829,-2.1562,17.69,G09016;G09017
672219977,71.9592,-2.0662,17.05,G09016;G09102;G09017;G09166
672220532,72.064,-1.9558,18.46,G09016;G09017
672221236,72.0032,-1.6195,19.21,G09016
672222892,73.1478,-2.2463,17.85,G09016;G09102;G09017;G09166
672224981,72.5546,-1.7634,17.71,G09102;G09166
672225350,73.2313,-1.6321,18.2,G09016;G09017
672225669,73.2595,-1.3896,17.82,G09016;G09102;G09017;G09166
672226705,73.5767,-1.4945,19.1,G09016
672231061,72.5418,-1.2254,17.4,G09016;G09102;G09017;G09166
672313400,70.1175,-2.022,18.49,G09016;G09017
672314194,70.6489,-1.6972,17.36,G09016;G09102;G09017;G09166
672314246,70.7267,-1.5917,19.16,G09016
672318723,70.7102,-0.8701,19.12,G09016;G09017
672320699,69.2498,-1.2649,18.18,G09016;G09017;G09166
672321809,69.5065,-0.89,18.53,G09016;G09017
672323268,70.4913,-0.7164,17.93,G09016;G09017
672324170,69.6284,-0.5854,18.77,G09016;G09017
672324301,70.0879,-0.453,18.92,G09016;G09017
672324710,70.5675,-0.2761,18.98,G09016;G09017
672324885,70.2222,-0.31,18.32,G09016;G09017
672332655,70.9869,-0.0779,18.62,G09016;G09017
672332662,71.0101,-0.0625,19.1,G09016;G09017
672339901,69.4738,-0.6408,18.13,G09016;G09017
672340819,68.6487,-0.5911,17.28,G09016;G09102;G09017
672342326,69.8737,-0.2952,18.55,G09016;G09017
672345277,69.6366,0.5213,17.92,G09016;G09102;G09017
672346149,68.647,-0.0158,19.08,G09016
672347040,67.6422,0.0893,18.85,G09016;G09017
672347960,68.9234,0.0659,19.15,G09016
672348795,69.2491,0.3697,19.09,G09016
672350306,68.4463,0.7205,10.81,G09194
672351639,70.4476,0.3785,18.91,G09016;G09017
672351862,70.1314,0.3721,18.02,G09016;G09017
672353433,69.7826,0.4578,16.83,G09102;20SECONDTARGET
672353604,69.8553,0.6655,18.41,G09016;G09017
672358820,69.3786,0.8539,19.17,G09016
672361564,69.5035,1.5366,18.98,G09016;G09017
672730590,60.3028,-5.0161,18.99,G09016;G09017
672732250,61.0295,-4.324,17.98,G09016;G09102;G09017;G09166
672733528,60.4338,-4.2027,18.02,G09016;G09017
672733564,60.302,-4.117,19.18,G09016
672733894,60.3896,-3.9215,18.64,G09016;G09017
672734236,60.3842,-3.5432,17.19,G09016;G09102;G09017;G09166
672735507,61.6642,-4.0898,18.2,G09016;G09017
672736371,62.7781,-3.8174,19.29,G09016
672737538,62.5969,-3.3593,19.12,G09016;G09017
672738637,61.5281,-3.5525,18.48,G09016;G09017
672738744,61.5212,-3.3327,18.4,G09016;G09017
672739035,60.853,-3.481,16.98,G09016;G09102;G09017;G09166
672740446,61.7355,-3.0996,18.89,G09016;G09017
672740750,61.4742,-2.8394,19.26,G09016
672741039,61.7581,-2.742,18.85,G09016;G09017
672742814,63.5133,-2.6762,17.53,G09016;G09102;G09017;G09166
672744622,63.4339,-2.341,18.21,G09016;G09017
672746022,62.5989,-2.3971,18.12,G09016;G09017
672746735,62.7323,-2.1377,17.43,G09016;G09102;G09017
672747025,62.5686,-1.9075,19.3,G09016
672747397,63.0711,-2.0353,18.15,G09016;G09017
672748292,62.6289,-1.8115,18.49,G09016;G09017
672750821,61.5707,-2.3931,18.44,G09016;G09017
672759181,62.3645,-0.6862,18.6,G09016;G09017
672759207,62.4855,-0.6013,19.15,G09016
672761654,64.1947,-1.8111,18.97,G09016;G09017
672762355,64.5892,-1.3487,18.93,G09016;G09017
672762530,65.3994,-1.503,18.65,G09016;G09017
672763452,65.1357,-1.4054,17.65,G09016;G09102;G09017;G09166
672763716,64.8619,-1.2253,17.59,G09016;G09102;G09017
672764435,65.4622,-0.7439,17.53,G09016;G09102;G09017
672765489,64.3873,-0.9635,17.67,G09016;G09102;G09017
672770018,65.6362,-0.6536,18.48,G09016;G09017
672771984,67.0279,0.1116,18.13,G09016;G09017
672773622,65.5528,-0.1666,18.34,G09016;G09017
672775038,65.3535,0.0363,17.92,G09016;G09102;G09017;G09166
672776051,65.9977,0.3543,18.78,G09016;G09017
672776377,66.561,0.4136,19.12,G09016
672777430,65.5575,0.6486,18.11,G09016;G09017
672778996,63.45,-0.6845,19.08,G09016
672785198,63.1489,0.507,18.31,G09016;G09017
672786892,64.9836,0.5991,16.92,G09102;G09166;20SECONDTARGET
672787107,65.0814,0.8526,18.86,G09016;G09017
672787307,64.6418,0.5937,18.81,G09016;G09017
672788065,64.5549,0.9267,18.72,G09016;G09017
672789628,65.004,1.049,19.12,G09016
672791723,64.1318,1.254,18.29,G09016;G09017
672840296,67.0179,0.8811,16.81,G09016;G09102;G09017
672843138,67.2248,1.502,19.09,G09016
672845062,67.3533,1.9839,18.07,G09166;G_SPECIAL_APERTURE_17_17
672845693,69.0094,1.5129,17.06,G09102;G09166;20SECONDTARGET
672848311,68.7465,2.1113,19.13,G09016
672851831,68.2716,1.8958,18.71,G09016;G09017
672858592,66.7184,1.797,16.84,G09016;G09102;G09017
672859238,65.8287,1.7316,19.06,G09016
672860776,66.4763,2.1071,18.34,G09016;G09017
672861639,66.4002,2.1695,18.2,G09016;G09017
672861640,66.3987,2.1697,18.19,G09016;G09017
672863306,65.233,2.1258,19.05,G09016
672864631,65.0049,2.6074,18.36,G09016;G09017
672867080,66.4076,3.3102,19.04,G09016
672947679,66.067,3.8143,17.11,G09016;G09102;G09017
4616072,101.9942,-21.9107,12.89,G09058;20SECONDTARGET
29628522,97.1635,-32.3712,6.09,G09164;G09194
34590771,95.6749,-17.9559,9.36,G09150
37115454,90.4878,-26.182,9.52,G09180
37115456,90.4876,-26.1838,12.96,G09180
37115627,90.5373,-26.5043,16.14,G09177;G09102
37115794,90.5271,-26.7903,12.32,G09036
37118148,90.6663,-28.7693,14.6,G09102;20SECONDTARGET
37118328,90.6647,-28.4478,12.39,G09123
37156765,90.9268,-24.2159,16.0,G09016;G09102;G09017;G09166
37198629,91.0228,-28.3645,11.89,G09180
37198631,91.0226,-28.3655,12.59,G09180
37203510,91.2965,-24.0753,10.11,G09196
37203905,91.2568,-24.6301,13.37,G09025
37205283,91.2917,-26.7424,12.18,G09180
37248869,91.275,-26.7544,12.49,G09180
37250075,91.3529,-28.6762,8.01,G09062;20SECONDTARGET
37250076,91.3528,-28.6779,7.82,G09194
37251296,91.4699,-29.0983,15.35,G09166
37254960,91.5874,-24.4344,13.17,G09123
37300880,91.5725,-27.9012,11.31,G09123
37300889,91.5691,-27.9056,8.12,G09123
37306866,91.8213,-24.6595,16.8,G09016;G09102;G09017
37348844,91.8723,-25.5949,13.61,G09142;G09010;20SECONDTARGET
37351923,91.9558,-29.7469,16.95,G09166
37352458,91.9202,-28.8839,16.55,G09016;G09102;G09017
37354242,91.9565,-26.3721,12.72,G09004
37437272,92.3865,-25.2754,7.72,G09062;20SECONDTARGET
37501256,92.8162,-28.299,10.0,G09062
37543678,92.9043,-27.9275,7.38,G09062;20SECONDTARGET
37547551,93.0873,-26.5757,15.86,G09102;20SECONDTARGET
37601240,93.1552,-25.269,8.96,G09196
37602282,93.0964,-26.609,9.53,G09062
37602756,93.1559,-27.2153,13.66,G09102;20SECONDTARGET
37604071,93.1277,-29.0185,6.93,G09062
37606218,93.2486,-27.8804,9.26,G09036
37658824,93.4485,-26.9942,17.61,G09016;G09102;G09017;G09166
37660988,93.3999,-29.8971,8.28,G09123
37662248,93.5069,-28.2604,12.68,G09123
37737816,93.5618,-25.0767,16.78,G09177
37744137,93.8201,-29.2483,9.7,G09062
37770169,94.0101,-25.0316,10.7,G09031;G09123;20SECONDTARGET
37791683,94.1041,-28.5313,16.02,G09177
37877105,94.3852,-27.0356,13.9,G09123
37878288,94.4031,-25.423,16.05,G09166
37879043,94.4064,-24.4456,7.04,G09062;20SECONDTARGET
37997333,94.8696,-28.8834,11.81,G09180
37997336,94.8718,-28.8815,12.15,G09180
38023727,95.0553,-27.7262,10.18,G09062
47499442,96.894,-19.5736,16.62,G09016;G09102;G09017;20SECONDTARGET
47513265,98.3663,-29.2098,7.95,G09123
47517148,98.316,-24.4704,9.22,G09194
47546294,97.1611,-21.6278,16.2,G09016;G09102;G09017;G09166
47590073,100.6786,-28.9594,13.39,G09123
47596312,97.2753,-20.9671,16.9,G09102
47600599,97.3566,-22.591,6.93,G09194
47634940,104.1538,-24.8645,8.09,G09062
47648930,97.6047,-22.298,10.54,G09062
47717097,97.8382,-20.631,7.56,G09194
47720259,97.8917,-23.9516,10.28,G09031
47763235,97.964,-23.4184,4.65,G09150;20SECONDTARGET
47856136,98.1921,-23.4486,9.86,G09062
47859191,98.2279,-20.8602,13.09,G09123
47910521,98.2381,-22.9187,16.83,G09016;G09102;G09017;G09166
47911178,98.3511,-23.486,9.79,G09058;G09114;20SECONDTARGET
48047540,98.6982,-21.3512,8.52,G09062
48093802,98.7993,-20.7685,15.33,G09102
48177984,99.1772,-23.5368,17.69,G09166
48178703,99.1316,-22.9338,12.8,G09180
48178704,99.1296,-22.9323,12.6,G09180
48235733,99.1968,-20.3866,8.91,G09196
48322129,99.3408,-23.0457,16.66,G09177
48519256,99.8102,-23.1792,8.77,G09062
48540748,96.2795,-28.6987,8.43,G09062
48543298,96.2801,-25.1364,11.43,G09123
48544437,96.4968,-24.1194,10.15,G09062
48544557,96.4856,-24.2519,8.73,G09062
48618858,96.6189,-26.6378,10.8,G09123
48620502,96.5663,-24.5175,11.84,G09123
48621773,96.7478,-24.9211,17.1,G09041
48622550,96.7959,-25.8581,5.56,G09062;20SECONDTARGET
48658291,96.9267,-25.8391,8.64,G09062
48949059,100.8353,-21.6792,17.18,G09102
49185262,101.3245,-21.7217,17.06,G09016;G09102;G09017
49185274,101.326,-21.7286,17.0,G09166
49190173,101.5187,-22.7765,17.05,G09102
49609982,95.3004,-24.5123,8.21,G09062;G09123
49610019,95.2189,-24.4672,9.95,G09194
49612167,95.3594,-26.0167,11.94,G09180
49612170,95.3598,-26.0174,11.65,G09194;G09180
49614493,95.4614,-29.145,15.79,G09041;20SECONDTARGET
49614495,95.3799,-29.1503,7.22,G09062;20SECONDTARGET
49614743,95.4189,-29.5628,9.79,G09123
49669872,95.6194,-24.8141,17.51,G09102;G09166
49701149,95.7634,-28.7466,16.01,G09016;G09102;G09017;G09166
49701947,95.7976,-27.7292,10.99,G09079;G09036;G09039
49702657,95.832,-26.8392,9.23,G09062
49703944,95.8658,-25.1912,15.86,G09102;20SECONDTARGET
49707471,95.9167,-26.964,12.5,G09041;20SECONDTARGET
49770412,96.0198,-29.0369,16.48,G09016;G09017
49771092,96.0662,-28.1347,14.81,G09031
49771751,96.1024,-27.3133,7.49,G09062;20SECONDTARGET
49775101,96.1937,-24.5428,10.09,G09062
49831913,96.1814,-28.781,5.79,G09062;G09123;20SECONDTARGET
51833542,97.7893,-31.2659,10.69,G09180
51894533,97.9497,-31.1243,12.5,G09180
51926419,98.245,-30.5894,10.21,G09123
51932980,98.3834,-32.8871,16.23,G09102;20SECONDTARGET
51996218,98.5156,-30.3372,7.68,G09062
51997221,98.6006,-31.3834,11.0,G09123
51998562,98.5503,-32.986,16.54,G09166
52111139,98.9717,-31.8968,10.62,G09062
52114921,99.1162,-31.8867,6.51,G09062;20SECONDTARGET
52172862,99.4494,-32.3392,4.19,G09123
52283228,99.8514,-30.7395,16.7,G09016;G09102;G09017;G09166
52385153,100.1035,-31.6739,9.3,G09062
53604257,103.164,-24.8977,17.06,G09102
53746254,103.5235,-24.6948,14.43,G09102;20SECONDTARGET
53750200,103.5174,-27.0504,12.23,G09058;20SECONDTARGET
53898748,103.6508,-24.7769,11.56,G09196
53986346,103.971,-25.5178,6.86,G09194;G09062
59751429,94.0027,-21.2567,12.75,G09036
59752641,93.9109,-19.8051,7.69,G09062;20SECONDTARGET
59843967,94.1121,-22.5469,12.76,G09058;20SECONDTARGET
59846132,94.266,-22.7172,5.53,G09062;20SECONDTARGET
59884578,94.3648,-21.608,11.71,G09196
59948913,94.4842,-20.5145,17.31,G09166
60034959,95.0039,-23.5834,16.82,G09016;G09102;G09017
60122948,95.2362,-19.6061,17.74,G09016;G09017
60234491,95.4768,-20.9236,10.17,G09196
60349321,95.9906,-22.381,13.55,G09123
60349894,95.9605,-21.8395,11.38,G09180
60349896,95.9605,-21.8382,12.44,G09180
60350450,96.0435,-21.3334,17.35,G09102
60521063,96.494,-22.9505,9.82,G09062
60527886,96.5867,-18.8348,15.77,G09102
60584862,96.6104,-22.1296,16.27,G09102
63041201,104.391,-24.6301,5.04,G09062;20SECONDTARGET
63192395,104.7255,-25.5721,9.6,G09020
78687405,102.971,-23.0732,16.12,G09177;G09102
101145648,99.0368,-27.6243,6.99,G09123
117670649,96.0128,-31.7738,7.76,G09062
117739806,96.2041,-31.8645,9.4,G09036
117740570,96.2267,-30.8545,9.48,G09123
117768715,96.4108,-31.481,7.4,G09123;20SECONDTARGET
117817258,96.7575,-31.0342,13.12,G09123
124026958,91.5998,-23.3456,10.07,G09123
124229161,92.4506,-22.7739,5.26,G09062;20SECONDTARGET
124279525,92.6431,-21.87,6.41,G09123;20SECONDTARGET
124377750,92.9456,-22.803,8.41,G09062
124379043,93.1147,-23.4925,12.07,G09058;20SECONDTARGET
124428559,93.1649,-20.7917,11.65,G09180
124428560,93.1656,-20.7926,12.54,G09180
124936819,95.354,-30.5132,9.97,G09062
153095597,89.2111,-26.0112,12.72,G09123
153166843,89.6218,-27.8221,10.36,G09020
153210624,89.9841,-25.1537,9.28,G09123
160306309,97.887,-26.0414,10.47,G09062
172081160,97.7894,-24.6927,9.18,G09062
172081181,97.8045,-24.6638,14.41,G09123
172119334,98.1614,-26.5511,8.8,G09062
172120110,98.1933,-27.4037,6.37,G09062
172195260,98.5955,-29.2676,9.39,G09062
172195840,98.6595,-28.5749,17.13,G09016;G09102;G09017
172233421,98.8046,-25.8402,8.01,G09150
172359183,99.7068,-27.7479,7.54,G09062;20SECONDTARGET
172361463,99.6506,-25.5537,12.3,G09079;G09036;G09039
172366251,99.7981,-26.5717,8.39,G09194
172368393,99.7325,-28.7523,11.15,G09196
172403379,99.9883,-28.1646,15.84,G09102;20SECONDTARGET
172404771,99.9132,-26.6419,8.3,G09062
172410935,100.0198,-27.0555,16.06,G09177;G09102
172461490,100.0572,-29.2503,16.46,G09177;G09102
172464366,100.1589,-27.5712,11.09,G09079;G09036;G09039
172467837,100.1985,-24.387,14.96,G09041;G09102;20SECONDTARGET
172525833,100.4713,-28.6288,14.03,G09123
172598832,100.5712,-29.7768,12.94,G09058;20SECONDTARGET
172622444,100.8322,-26.4707,7.67,G09062
172698381,101.1432,-24.4729,17.87,G09166
172703276,101.1188,-28.5446,16.35,G09102;G09166
172703449,101.0798,-28.7111,16.56,G09177;G09102
172734582,101.2164,-27.3395,5.9,G09062;20SECONDTARGET
172742334,101.408,-26.7118,11.74,G09079;G09036;G09039
172782915,101.4694,-25.7612,9.79,G09062
172839358,101.8254,-27.6569,13.63,G09123
172925290,101.8836,-24.0964,15.26,G09102;20SECONDTARGET
172999052,102.2335,-25.3961,13.98,G09016;G09102;G09017;20SECONDTARGET
173038281,102.275,-27.3493,9.71,G09079;G09036;G09039
173040300,102.3078,-25.6559,16.49,G09102
299903137,97.3599,-25.2248,10.86,G09020
299908219,97.5221,-28.6585,7.78,G09062
299967130,97.5387,-24.5437,13.35,G09123
300029930,99.1435,-27.3226,14.26,G09123
300031164,99.0855,-28.5515,10.88,G09123
300031791,99.0945,-29.1304,10.63,G09123
300031999,99.1237,-29.3691,9.81,G09062
322647376,97.2739,-29.1545,16.63,G09177
322685727,99.2183,-28.2184,10.03,G09123
407686084,96.7094,-23.2516,8.72,G09117
705664076,97.5547,-32.8041,18.04,G09016;G09017
705676990,97.1784,-32.4817,18.88,G09016;G09017
705679144,97.5257,-32.196,18.09,G09016;G09017
705683573,96.9975,-31.7909,18.38,G09016;G09017
705719007,95.6502,-31.8774,19.15,G09016
705727467,95.9981,-31.1531,18.12,G09166
705727484,95.9704,-31.1426,17.12,G09016;G09102;G09017;G09166
705735913,94.8566,-31.2838,17.7,G09102
705742560,95.4952,-30.7543,19.23,G09016
705742583,95.3977,-30.7514,18.26,G09016;G09017
705745487,95.353,-30.2695,18.46,G09016;G09017
705750317,98.4944,-32.1109,18.32,G09016;G09017
705758092,99.1799,-31.6749,18.45,G09016;G09017
705776050,97.895,-31.1564,18.64,G09016;G09017
705800203,99.3718,-30.1933,19.13,G09016
705810086,99.9884,-29.6091,19.19,G09016
705821494,97.4024,-30.8658,19.19,G09016
705825854,96.5742,-30.4704,17.38,G09102
705826082,97.0892,-30.5943,16.22,G09177
705828664,97.776,-30.6205,18.56,G09016;G09017
705836981,97.7275,-29.8187,18.66,G09016;G09017
705850776,97.0559,-29.6195,18.05,G09041
705852111,97.5611,-29.4149,18.51,G09016;G09017
705854364,96.6051,-29.5154,18.5,G09016;G09017
705854456,96.5457,-29.4615,18.08,G09016;G09017
705865736,98.1459,-29.5696,19.2,G09016
705867935,98.0687,-29.2467,17.57,G09016;G09102;G09017;G09166;20SECONDTARGET
705870636,98.3731,-28.9301,18.95,G09016;G09017
705881507,98.8577,-28.501,16.93,G09177;G09102
705886230,97.8071,-29.0625,18.96,G09016;G09017
705888410,97.6787,-28.7811,18.25,G09016;G09017
705891118,98.0776,-28.5814,18.96,G09016;G09017
705894412,97.2684,-28.4056,18.92,G09016;G09017
705897112,97.8549,-28.1319,19.0,G09016
705897184,97.7913,-28.1062,18.22,G09016;G09017
705901307,98.8655,-28.0599,17.86,G09102
705910737,98.4037,-27.4465,19.12,G09016
705935388,93.0184,-30.2748,17.82,G09102
705937858,94.3699,-30.8669,19.07,G09016
705949557,94.5945,-29.7246,18.35,G09016;G09017
705950611,95.0572,-29.5397,18.17,G09016;G09017
705950760,94.8414,-29.7303,18.99,G09016;G09017
705956029,92.9642,-30.1391,19.16,G09016
705959486,94.3929,-29.582,19.21,G09016
705977611,92.3444,-29.768,18.92,G09016;G09017
705987181,91.6401,-29.2731,17.83,G09016;G09102;G09017;G09166
705996940,92.7648,-28.8617,19.01,G09016;G09017
705999812,93.9458,-28.6729,17.94,G09016;G09102;G09017;G09166
706000659,93.8695,-28.4728,17.43,G09041
706002407,93.1228,-28.5234,19.07,G09016
706005183,92.3744,-28.9275,19.17,G09016
706005773,92.1225,-28.9479,19.02,G09016
706007176,92.4213,-28.617,18.81,G09016;G09017
706007289,92.2335,-28.6179,17.66,G09016;G09102;G09017;G09166
706007424,92.2243,-28.5444,18.15,G09016;G09017
706010674,91.9177,-28.1905,18.99,G09016;G09017
706014885,92.352,-28.1601,18.79,G09016;G09017
706020123,95.4572,-29.4839,18.0,G09016;G09017;G09166
706021707,95.8829,-29.2887,18.41,G09016;G09017
706022804,95.4279,-29.4948,19.23,G09016
706028085,96.4167,-28.9887,18.19,G09016;G09017;G09166
706028331,96.457,-28.8821,16.74,G09177;G09102
706037617,94.9287,-29.2165,18.78,G09016;G09017
706039997,95.259,-28.8025,18.77,G09016;G09017
706046068,94.8128,-28.0822,18.17,G09016;G09017
706046560,95.6036,-28.4618,18.48,G09016;G09017
706049281,96.1491,-28.0807,19.1,G09016
706053931,95.504,-27.732,18.79,G09016;G09017
706054576,95.7976,-27.5818,18.38,G09016;G09017
706056227,97.1384,-28.4531,17.3,G09102
706057789,96.7243,-28.3071,19.14,G09016
706058030,96.874,-28.1684,18.31,G09016;G09017
706059180,97.2986,-28.0996,17.65,G09016;G09102;G09017;G09166
706072151,97.9801,-27.3486,18.94,G09016;G09017
706076204,97.5121,-27.1127,18.88,G09016;G09017
706079518,97.8411,-26.7851,18.7,G09016;G09017
706086903,96.0411,-27.3038,18.83,G09016;G09017
706100493,96.6517,-26.38,18.9,G09016;G09017
706106263,94.7472,-28.1002,18.01,G09016;G09017
706113747,95.02,-27.4282,19.02,G09016
706116111,95.1692,-27.1561,18.66,G09016;G09017
706118621,94.9159,-27.2117,18.53,G09016;G09017
706123199,93.7908,-27.3645,18.28,G09016;G09017
706124502,93.741,-27.1444,18.03,G09016;G09017;G09166
706132795,94.6755,-26.3959,18.66,G09016;G09017
706136061,94.501,-26.2209,18.38,G09016;G09017
706140747,96.157,-26.77,18.94,G09016;G09017
706151002,96.6696,-26.2117,19.07,G09016
706159421,96.3025,-25.5373,17.23,G09016;G09102;G09017;G09166
706167019,94.6395,-25.7912,17.45,G09102
706173543,96.3177,-25.2823,18.09,G09016;G09017
706424793,91.095,-28.6017,17.35,G09016;G09102;G09017;G09166
706425401,91.1212,-28.5158,18.98,G09016;G09017
706440539,91.5907,-28.1501,18.99,G09016;G09017
706446323,92.1626,-27.7391,19.19,G09016
706447554,92.2195,-27.4351,18.73,G09016;G09017
706449325,92.5504,-27.1269,18.67,G09016;G09017
706451106,91.8255,-27.0928,17.85,G09016;G09017
706452539,92.0048,-26.8696,19.19,G09016
706458387,90.8317,-27.0236,17.99,G09016;G09102;G09017
706459157,90.7027,-26.8727,18.98,G09016;G09017
706466281,91.4018,-25.9963,19.36,G09025
706471794,89.5162,-27.5881,19.09,G09016
706474370,89.1286,-27.3962,18.83,G09016;G09017
706482378,88.4945,-26.997,17.98,G09016;G09017;G09102
706483028,89.0705,-26.8175,18.73,G09016;G09017
706498172,90.7535,-25.8747,17.8,G09016;G09102;G09017;G09166
706499106,90.6603,-25.5817,19.2,G09016
706499443,90.6438,-25.5424,17.46,G09016;G09102;G09017;G09166
706502195,89.4461,-25.9509,19.09,G09016
706503164,89.1327,-25.9829,18.45,G09016;G09017
706511572,89.9922,-24.9231,19.23,G09016
706517474,92.4766,-26.3117,17.72,G09016;G09102;G09017;G09166
706520766,93.3468,-26.2124,18.22,G09016;G09017;G09166
706523639,93.1973,-26.1308,19.11,G09016
706527647,92.1828,-26.4856,18.09,G09166
706531563,91.9568,-26.0558,19.21,G09016
706534860,92.8657,-25.7598,19.17,G09016;G09017
706537085,93.3476,-25.3703,17.91,G09102
706540512,92.9054,-25.1602,18.89,G09016;G09017
706540528,92.8885,-25.1369,18.42,G09016;G09017
706542313,92.7762,-24.6879,18.8,G09016;G09017
706549609,94.3013,-25.0459,18.2,G09016;G09017
706557657,94.8118,-24.687,18.8,G09016;G09017
706558016,94.6052,-24.6251,18.22,G09016;G09017
706564848,93.8775,-24.7037,18.93,G09016;G09017
706565205,94.1233,-24.6037,18.73,G09016;G09017
706568463,93.2504,-24.3814,19.07,G09016
706574569,94.6908,-23.9981,19.03,G09016
706586005,91.0457,-25.181,17.14,G09016;G09102;G09017;G09166
706587279,91.1738,-25.0596,19.07,G09016
706587629,91.2023,-24.8504,17.99,G09016;G09017
706599877,90.6098,-24.5909,19.08,G09016
706605784,91.6878,-23.926,17.69,G09016;G09102;G09017;G09166
706607689,90.8464,-23.968,18.1,G09016;G09017
706608014,91.1312,-23.8076,19.09,G09016
706610280,92.9587,-24.4468,18.81,G09016;G09017
706611617,92.6263,-24.1467,18.97,G09016;G09017
706611782,92.9413,-24.1316,18.99,G09016;G09017
706612443,93.1412,-24.1268,18.64,G09016;G09017
706619263,93.5907,-23.6843,17.55,G09102;G09166
706624182,93.3459,-23.2547,18.08,G09016;G09017
706626547,93.6836,-22.862,18.77,G09016;G09017
706631173,92.2889,-23.2165,19.05,G09016;G09017
706635407,92.144,-22.7363,17.04,G09102
706636202,93.1297,-23.0197,19.23,G09016
706639497,93.2146,-22.4823,18.97,G09016;G09017
706643071,92.5966,-22.4017,17.95,G09016;G09102;G09017;G09166
706753644,91.3782,-23.1308,19.18,G09016;G09017
706764230,92.4234,-22.0236,18.16,G09016;G09017
706848832,99.3673,-27.8427,16.83,G09016;G09102;G09017;G09166
706854268,99.3026,-27.6655,18.7,G09016;G09017
706859795,99.5424,-27.1036,19.16,G09016
706880512,98.4517,-26.9439,17.42,G09016;G09017
706880519,98.453,-26.9374,17.35,G09166
706884573,98.623,-26.7081,17.71,G09102;G09166
706902826,99.002,-25.9431,18.57,G09016;G09017
706910745,97.8201,-26.2339,17.61,G09016;G09102;G09017
706910747,97.811,-26.2291,17.59,G09166
706971172,99.9239,-24.1194,18.42,G09016;G09017
706981010,97.02,-25.7818,19.06,G09016
706996504,97.7567,-24.8174,18.21,G09016;G09017
707001373,97.4589,-24.8056,19.0,G09016;G09017
707030123,96.5523,-24.0031,18.95,G09016;G09017
707040878,98.8995,-23.9263,18.93,G09016;G09017
707044408,98.2167,-24.0286,16.38,G09177
707048143,98.6149,-23.7767,18.25,G09016;G09017
707054465,99.1747,-23.5459,17.75,G09016;G09102;G09017
707056206,99.3674,-23.4716,17.91,G09016;G09102;G09017
707071196,97.4767,-23.5909,19.24,G09016
707084208,97.7786,-22.7349,17.33,G09102
707085323,98.3952,-23.0962,18.65,G09016;G09017
707086394,98.5678,-22.9068,17.46,G09016;G09102;G09017
707088151,98.4124,-22.8196,18.35,G09016;G09017
707091969,98.7721,-22.6279,17.91,G09016;G09102;G09017;G09166
707124791,99.5681,-21.8302,19.24,G09016
707126952,99.1032,-21.9997,18.65,G09016;G09017
707134999,99.7228,-21.8993,18.57,G09016;G09017
707138817,99.9546,-21.2871,18.46,G09016;G09017
707140366,99.7865,-21.3966,17.1,G09102
707142939,99.3907,-21.267,18.87,G09016;G09017
707144181,99.7295,-21.2388,19.23,G09016
707145167,99.6628,-21.1643,18.99,G09016;G09017
707148642,95.6313,-24.3655,18.33,G09016;G09017
707154546,95.4631,-24.1178,18.67,G09016;G09017
707170758,96.1239,-22.9877,18.81,G09016;G09017
707189510,95.4971,-22.6487,19.25,G09016
707198822,97.233,-22.8257,18.11,G09166
707198823,97.2246,-22.8229,18.2,G09016;G09017
707201584,97.5142,-22.4904,19.04,G09016
707208244,96.9442,-22.2937,17.18,G09102;G09166
707208767,96.8502,-22.2041,18.85,G09016;G09017
707208969,97.0336,-22.2453,15.85,G09041;20SECONDTARGET
707209286,97.1182,-22.1175,17.54,G09102;G09166
707231321,96.9743,-22.0071,18.96,G09016;G09017
707232957,96.6945,-21.9565,18.6,G09016;G09017
707238117,96.4636,-21.7793,18.8,G09016;G09017
707238759,96.4265,-21.6149,19.25,G09016
707263064,93.7541,-22.7386,19.1,G09016
707266786,94.2044,-22.1784,18.84,G09016;G09017
707270059,95.3878,-22.2162,12.57,G09194
707273666,94.8855,-22.029,19.11,G09016
707275341,94.5968,-21.8188,17.79,G09016;G09017;G09166
707279356,93.6317,-22.3951,18.79,G09016;G09017
707284157,93.1636,-22.0726,19.2,G09016
707287385,93.4036,-21.6948,18.98,G09016;G09017
707289414,94.4744,-21.6407,18.68,G09016;G09017
707293272,94.3863,-21.3057,19.08,G09016
707299295,94.2849,-20.9237,18.94,G09016;G09017
707302616,95.5686,-21.5668,18.09,G09016;G09017
707309108,95.2132,-21.1937,19.19,G09016
707313482,96.4552,-21.1444,19.05,G09016
707315081,96.3776,-20.9632,18.49,G09016;G09017
707317032,96.9972,-20.7692,18.56,G09016;G09017
707321039,96.189,-20.6653,19.06,G09016;G09017
707334593,94.4913,-20.5188,17.38,G09016;G09102;G09017
707339651,95.6646,-20.2668,18.5,G09016;G09017
707345356,95.168,-19.8854,18.52,G09016;G09017
707351257,98.135,-21.6712,17.75,G09016;G09102;G09017;G09166
707361633,98.3434,-21.2405,18.45,G09016;G09017
707363933,98.2668,-21.0025,18.48,G09016;G09017
707367056,99.2432,-21.0479,18.66,G09016;G09017
707391068,98.1631,-20.6041,19.26,G09016
707466981,97.0265,-20.1919,16.7,G09102
707505814,97.2073,-19.2207,18.83,G09016;G09017
707602140,93.1943,-20.7247,18.54,G09016;G09017
707638652,94.499,-19.489,19.02,G09016
707749500,95.843,-18.3928,18.87,G09016;G09017
738411611,98.6216,-33.051,19.23,G09016
738412405,98.553,-32.9971,20.6,G09041
738412619,98.2889,-32.9767,18.75,G09016;G09017
738422302,98.865,-33.2103,18.2,G09016;G09017
743771452,100.1099,-30.5422,17.45,G09102
743782895,100.45,-29.8518,18.25,G09016;G09017
743789382,100.2102,-29.1773,18.39,G09016;G09017
743800346,101.1409,-29.2928,17.14,G09102;G09166
743810866,102.0575,-28.7947,18.49,G09016;G09017
743819583,101.387,-28.5421,15.62,G09041
743819937,101.691,-28.5298,18.43,G09016;G09017
743827081,100.6035,-28.9671,16.37,G09016;G09102;G09017
743834799,100.4618,-28.6631,18.8,G09016;G09017
743839502,100.2981,-28.3299,17.16,G09016;G09102;G09017;G09166
743840762,100.4724,-28.1001,18.3,G09016;G09017
743842346,101.446,-28.3425,18.8,G09016;G09017
743870309,102.4448,-28.047,18.67,G09016;G09017
743890667,102.8709,-27.4329,17.08,G09177;G09102
743893782,103.0314,-27.2095,19.13,G09016
743899154,103.3509,-26.874,17.55,G09016;G09017;G09166
743907036,102.6231,-27.3061,19.13,G09016
743907954,102.1257,-27.4033,19.11,G09016
743914191,101.571,-27.211,19.02,G09016
743915530,101.9481,-27.1374,17.12,G09016;G09102;G09017
743923593,102.4672,-26.9406,18.86,G09016;G09017
743936454,102.6485,-26.599,17.83,G09016;G09017
743958187,100.2669,-27.103,18.69,G09016;G09017
743962764,100.5777,-26.7478,17.78,G09016;G09102;G09017;G09166
743978350,100.8833,-26.6467,19.09,G09016
743984862,100.9644,-26.317,17.52,G09016;G09102;G09017
743986445,101.1768,-26.0333,18.51,G09016;G09017
743986602,101.9413,-26.5777,18.8,G09016;G09017
743990368,101.742,-26.1509,17.51,G09102
743994779,102.2131,-25.9996,19.12,G09016
744001837,101.461,-25.7528,18.58,G09016;G09017
744016533,100.8208,-25.7499,18.62,G09016;G09017
744026899,101.4545,-25.7245,18.48,G09016;G09017
744101742,103.4906,-26.0955,18.0,G09016;G09017
744126694,104.5095,-25.5216,19.3,G09016
744127654,104.421,-25.3983,19.26,G09016
744239889,104.8886,-24.4333,19.15,G09016
744286773,102.4574,-25.5585,18.34,G09016;G09017
744321320,102.8255,-24.7667,17.66,G09016;G09017
744327081,103.5239,-24.2446,18.79,G09016;G09017
744346565,101.4541,-24.5,16.77,G09177
744362518,103.3264,-23.963,17.62,G09016;G09102;G09017;G09166
744372298,102.4265,-23.8283,18.79,G09016;G09017
744427925,104.3401,-23.442,19.26,G09016
744450016,103.7501,-23.5548,18.68,G09016;G09017
744513529,100.9133,-24.9381,18.62,G09016;G09017
744520580,100.3275,-24.6569,18.59,G09016;G09017
744535098,101.2235,-24.3749,19.23,G09016
744542701,101.4778,-24.0035,18.72,G09016;G09017
744577706,101.7675,-23.1298,18.5,G09016;G09017
744579726,101.9648,-22.8497,17.65,G09102
744588307,101.1466,-23.2387,18.41,G09016;G09017
744598348,100.3625,-23.0148,18.62,G09016;G09017
744598729,100.328,-23.0249,19.04,G09016
744604936,101.2813,-22.8889,16.96,G09177
744627837,102.5007,-23.0551,18.13,G09166
744642507,102.0784,-22.6309,19.15,G09016
744686455,101.8284,-22.3913,18.98,G09016;G09017
744745524,100.2904,-22.2966,17.56,G09016;G09102;G09017;G09166
744747008,100.5658,-22.1252,17.97,G09016;G09102;G09017;G09166
744760553,100.4637,-21.7446,18.73,G09016;G09017
744761117,100.2752,-21.647,17.55,G09016;G09102;G09017
772224051,101.0616,-30.4062,19.26,G09016
10000880737,100.6071,-28.9573,16.25,G09166
4614765,102.028,-20.9767,16.3,G09016;G09102;G09017
35481236,101.969,-16.7157,9.97,G09020
35827381,102.5608,-15.6876,17.05,G09166
48756323,100.4102,-19.3734,16.9,G09102
49245329,101.5097,-19.9882,16.75,G09025
61351797,102.591,-13.3395,17.37,G09166
78380089,102.427,-20.5257,16.36,G09177
78382063,102.4296,-19.3834,7.44,G09062
78439074,102.5574,-19.5785,8.79,G09194
78485877,102.6306,-20.3632,8.13,G09062
78492571,102.7412,-19.2537,16.66,G09166
78492576,102.7348,-19.2584,16.69,G09016;G09102;G09017
78743082,103.0988,-20.7493,17.21,G09166
78744190,103.1505,-20.1659,17.82,G09166
78817217,103.3203,-19.5855,8.31,G09020
78897024,103.3871,-20.2242,5.05,G09150;20SECONDTARGET
78953410,103.5143,-20.8915,18.08,G09166
79213018,103.9481,-21.2405,16.33,G09102
79213041,103.9446,-21.2338,16.04,G09166
79215518,103.9064,-20.1362,4.31,G09062;20SECONDTARGET
79220430,103.9103,-18.1116,16.07,G09102
79430862,104.2573,-19.4396,6.19,G09062
79431939,104.2313,-19.839,12.08,G09196
79437840,104.3115,-22.2028,6.81,G09150
79545756,104.3798,-19.7541,17.25,G09102
79545764,104.3888,-19.7525,17.17,G09166
80043574,105.086,-22.5654,16.57,G09177
80132574,105.2097,-22.3852,7.43,G09194
80133660,105.1584,-21.9675,17.1,G09177
80134150,105.1458,-21.7692,16.89,G09102
80134572,105.1499,-21.6124,17.26,G09102
80190150,105.3652,-18.3667,10.15,G09194
80193064,105.3036,-19.4161,12.07,G09196;G09196
80287593,105.4452,-21.4626,16.94,G09177;G09102
80389619,105.396,-20.7467,16.94,G09102
80389990,105.4975,-20.6176,11.22,G09196;G09196
80556181,105.6956,-21.2194,10.26,G09020
80560511,105.6845,-19.7233,16.4,G09177
80700489,105.8726,-23.1655,9.75,G09062
80817264,106.0106,-20.2451,12.79,G09166
80919649,106.0169,-22.2447,17.24,G09102
80956151,106.2262,-21.5423,12.16,G09196
81058371,106.3962,-22.2072,17.44,G09166
81220688,106.4111,-20.5779,16.2,G09177
81320127,106.5726,-20.7306,15.39,G09102;20SECONDTARGET
81668439,107.0179,-20.1422,16.65,G09177;G09102
81677445,107.1282,-18.6814,16.74,G09016;G09102;G09017
81737290,107.1142,-21.0698,15.28,G09041;20SECONDTARGET
81936492,107.4163,-19.1226,16.48,G09016;G09102;G09017;G09166
95402847,103.7441,-13.9193,12.66,G09194
95406412,103.7215,-14.8632,6.97,G09062
95513457,107.389,-16.2345,6.0,G09052;20SECONDTARGET
95521561,107.285,-13.5483,17.11,G09166
98878315,107.5392,-18.6856,5.87,G09062;20SECONDTARGET
98878653,107.4815,-18.5528,16.29,G09177
98886269,107.6717,-19.9866,17.34,G09102
99086567,107.7189,-18.0515,7.5,G09036
99349256,108.0852,-18.2652,16.48,G09016;G09102;G09017;G09166
99354946,108.1263,-20.178,17.35,G09016;G09102;G09017;G09166
99608963,108.3215,-20.1993,17.77,G09166
99694823,108.5425,-18.9839,7.22,G09062
100113050,109.1484,-17.9814,9.41,G09062
119846659,101.2323,-9.6571,17.03,G09102
120010068,101.2765,-11.4135,8.07,G09062
120674276,102.4622,-7.6281,16.55,G09025;G09041
120751653,102.566,-7.5988,11.7,G09196
120837437,102.6685,-11.5622,9.0,G09062
120884373,102.6713,-7.4892,16.92,G09025
123674110,103.1498,-7.9896,16.84,G09102
123835149,103.4383,-10.8672,9.78,G09194
123837623,103.3683,-9.7978,13.92,G09102
123895163,103.5186,-10.5195,11.51,G09194
124548863,104.6369,-11.6839,11.97,G09196
124810303,104.8778,-10.0814,9.82,G09062
125639008,105.9269,-10.4414,10.57,G09062
142463497,103.1376,-16.1741,16.84,G09016;G09102;G09017
142523214,103.1966,-14.3571,16.61,G09041
142532090,103.4105,-13.4365,11.99,G09132
142667952,103.5466,-13.6395,7.38,G09062;20SECONDTARGET
147034452,104.2404,-16.7464,13.19,G09031
147178211,104.5244,-17.74,16.08,G09041
147372002,104.7305,-13.8743,17.28,G09102
147484847,105.0412,-14.1801,15.48,G09016;G09102;G09017
147918815,105.5947,-17.8159,16.52,G09166
147918835,105.5961,-17.8253,16.69,G09016;G09102;G09017
148108466,105.9303,-15.9749,16.31,G09025
148179495,106.0764,-14.21,9.6,G09196
148454392,106.4696,-14.9051,17.03,G09102
148506724,106.6498,-12.3939,6.59,G09150
148507113,106.6205,-12.5222,17.73,G09166
148590337,106.707,-16.4926,16.44,G09102
148721945,106.7927,-13.6134,16.23,G09102
148885238,107.0692,-12.7624,18.28,G09041
177129056,106.4568,-10.6601,6.67,G09150
177414713,106.8412,-11.4367,9.86,G09031
177590177,107.0113,-11.8748,9.45,G09062
178052346,107.808,-11.6226,16.11,G09102;G09017;20SECONDTARGET
178052853,107.7523,-11.821,16.81,G09166
287842750,97.6633,-17.9236,6.99,G09062
287913071,97.7492,-14.4889,8.71,G09150
288356728,98.5829,-16.0105,7.17,G09062
295401737,108.7015,-15.4763,6.93,G09062
295624699,108.886,-17.1306,15.45,G09102
295629702,108.8964,-17.1298,15.35,G09166
295945688,109.029,-17.1779,16.3,G09177
296073869,109.2793,-12.0344,6.31,G09062;20SECONDTARGET
296182274,109.2742,-14.8468,7.0,G09062
306536180,107.5334,-16.2442,9.67,G09196;G09196
306536310,107.648,-16.2941,16.98,G09016;G09102;G09017;G09166
306537275,107.5701,-16.6469,12.38,G09052
306539043,107.5346,-17.2477,15.96,G09102
306757983,107.8243,-12.0419,6.55,G09062
306852153,107.9849,-17.5051,9.78,G09062
306949865,108.1356,-14.4918,7.46,G09052
307294649,108.3659,-13.6238,17.46,G09166
307303669,108.2974,-16.7735,11.42,G09196
322739572,101.1423,-16.9739,18.61,G09016;G09017
322814068,101.1919,-14.2657,16.85,G09016;G09102;G09017;G09166
322818151,101.1001,-12.4344,14.83,G09031
322897154,101.3207,-15.5848,14.08,G09041;20SECONDTARGET
322899410,101.3217,-16.8595,13.11,G09041
322900030,101.2716,-17.2419,17.57,G09016;G09102;G09017
322900369,101.2064,-17.4335,8.79,G09079;G09036;G09039
333259879,100.0267,-12.3608,11.82,G09117
333432673,100.3152,-13.69,15.66,G09016;G09102;G09017;20SECONDTARGET
333499483,100.4323,-16.2106,8.54,G09062
354680659,107.4342,-14.6166,17.57,G09166
354770601,107.4041,-16.0963,9.16,G09164
385865494,111.1472,-13.6447,17.2,G09016;G09102;G09017
385924749,111.2831,-13.752,5.37,G09062;20SECONDTARGET
386206938,111.6727,-14.4561,17.25,G09166
409081898,109.4889,-16.1796,8.92,G09062
409089031,109.4897,-13.887,7.08,G09062;20SECONDTARGET
409130147,109.5141,-13.7007,8.61,G09196
409130195,109.5274,-13.7176,10.81,G09196
409195416,109.5401,-15.6283,8.77,G09052
409207712,109.7309,-15.7609,13.27,G09031
409594381,110.2495,-13.9263,11.01,G09058;G09114;20SECONDTARGET
421832755,100.6768,-16.7408,11.92,G09194
443450339,98.7842,-15.1789,12.24,G09196
443507234,99.0852,-15.0771,16.14,G09016;G09102;G09017;G09166
443546268,99.2889,-14.2584,9.28,G09194
443547096,99.2576,-14.6713,8.25,G09062
443554222,99.385,-16.9753,15.67,G09102;G09166;20SECONDTARGET
443578538,99.4201,-12.9861,5.25,G09123;20SECONDTARGET
445145849,100.7382,-15.7342,7.4,G09062
445260885,100.8735,-14.0495,10.04,G09062
707533257,98.6138,-18.4457,18.82,G09016;G09017
707569701,98.5647,-18.094,18.11,G09166
707569706,98.5563,-18.0996,18.21,G09016;G09017
707573275,98.3549,-17.7052,19.22,G09016
707574982,98.9921,-17.5869,18.57,G09016;G09017
707579575,98.2489,-17.5756,18.48,G09016;G09017
707582748,98.5627,-17.3817,18.55,G09016;G09017
707791754,97.3396,-17.2579,18.2,G09016;G09017;G09166
707814473,96.2587,-17.2759,18.76,G09016;G09017
707838357,96.4113,-16.359,16.77,G09102;G09166
707951311,99.6875,-17.4656,19.22,G09016
707966584,99.3521,-16.8843,18.95,G09016;G09017
707967908,99.4619,-16.6842,17.65,G09016;G09102;G09017;G09166
707967980,98.7731,-17.2288,18.85,G09016;G09017
707971440,98.6098,-16.8415,18.6,G09016;G09017
707973185,99.2239,-16.7411,17.34,G09016;G09102;G09017;G09166;20SECONDTARGET
707979641,99.661,-16.5523,18.22,G09016;G09017
707982307,99.4685,-16.3662,18.17,G09016;G09017
708015326,99.4614,-15.7359,18.49,G09016;G09017
708026055,99.1363,-15.1301,19.12,G09016
708041184,98.0184,-15.3713,17.39,G09016;G09102;G09017;G09166
708073322,99.9063,-14.8163,18.56,G09016;G09017
708085717,99.5505,-14.3264,18.9,G09016;G09017
708101011,99.579,-14.0391,19.17,G09016;G09017
708207868,98.951,-13.2792,18.86,G09016;G09017
708212801,99.3867,-12.9065,18.13,G09166
708269262,99.6284,-12.304,18.64,G09016;G09017
708294601,99.8624,-11.8195,18.73,G09016;G09017
744803569,102.2968,-20.4735,19.01,G09025
745035699,106.7105,-22.2576,18.67,G09016;G09017
745255809,106.4012,-22.2007,17.57,G09102
745378009,107.2356,-21.2549,19.19,G09016
745389239,106.5329,-21.1651,17.88,G09102;G09166
745438096,106.4271,-21.1146,19.12,G09016
745450031,106.3363,-20.779,16.89,G09016;G09102;G09017
745455042,105.8792,-20.9199,19.16,G09016
745461766,105.6189,-20.7636,17.88,G09016;G09102;G09017;G09166
745487252,107.3538,-20.0164,18.49,G09016;G09017
745492264,106.5845,-20.3022,18.25,G09016;G09017
745504652,106.7485,-19.845,18.55,G09016;G09017
745898222,108.1244,-20.5419,19.21,G09016
745902053,108.3138,-20.2042,17.87,G09016;G09102;G09017
745925732,108.1623,-19.6073,19.3,G09016
745963532,108.1834,-19.4848,18.39,G09016;G09017
745994838,108.7156,-18.7478,17.39,G09016;G09102;G09017;G09166
745998109,108.1128,-18.9829,19.06,G09016
746001037,107.6357,-18.8891,19.16,G09016
746002804,108.0318,-18.6572,18.82,G09016;G09017
746007681,108.1697,-18.4837,17.78,G09102;G09166
746087238,108.9397,-18.3417,17.75,G09016;G09102;G09017;G09166
746096468,108.9356,-18.1876,17.5,G09102;G09166
746109170,109.0275,-17.6929,18.51,G09016;G09017
746114268,109.6789,-17.6503,18.81,G09016;G09017
746127077,109.8159,-17.2491,17.75,G09102;G09166
746130593,104.163,-21.932,19.13,G09016
746163387,104.7826,-21.0799,17.39,G09016;G09102;G09017;G09166
746210979,103.1041,-20.7418,17.34,G09016;G09102;G09017
746222184,103.3603,-20.2421,17.66,G09016;G09017
746256101,105.5334,-20.5452,18.98,G09016;G09017
746304521,106.5632,-19.3414,18.68,G09016;G09017
746306201,105.7816,-19.6996,19.03,G09016
746316404,106.1507,-19.2104,18.87,G09016;G09017
746317710,106.3288,-19.1481,18.02,G09016;G09017
746334283,105.2231,-19.5073,16.95,G09177
746377292,105.1596,-18.836,18.93,G09016;G09017
746399246,103.1453,-20.1703,17.84,G09016;G09102;G09017
746414140,102.7659,-19.8142,19.05,G09016
746459432,102.1857,-19.5059,18.73,G09016;G09017
746482391,102.6415,-18.9446,18.23,G09166
746509947,104.4433,-18.9566,19.0,G09016;G09017
746520640,103.5118,-18.8809,17.16,G09102
746553722,104.3436,-17.9665,18.69,G09016;G09017
746569031,103.5737,-18.3506,17.55,G09102;G09166
746615297,103.8529,-17.3512,19.2,G09016
746671594,107.2449,-18.3084,19.17,G09016
746672637,107.4719,-18.2674,17.7,G09016;G09102;G09017
746702675,106.6146,-18.1993,19.28,G09016
746820239,108.5959,-16.941,19.25,G09016
746917439,106.0715,-17.6455,18.71,G09016;G09017
746928730,105.2831,-17.4483,18.18,G09016;G09017
746957300,106.3883,-17.062,18.29,G09016;G09017
746966557,105.938,-16.9391,17.88,G09016;G09017
746997530,104.8761,-16.8617,19.12,G09016
746999640,105.137,-16.6914,18.13,G09016;G09017
747003342,104.5494,-16.846,17.83,G09016;G09017
747018748,105.7863,-16.6733,18.6,G09016;G09017
747039962,104.9655,-16.2049,19.18,G09016
747108980,107.8311,-15.7868,17.94,G09016;G09102;G09017;G09166
747158768,105.7786,-15.5775,19.12,G09016;G09017
747175529,106.8013,-15.3404,18.1,G09016;G09017
747206609,106.7289,-14.6491,18.23,G09016;G09017
747237087,100.2358,-18.9455,17.55,G09016;G09102;G09017
747238821,100.0615,-18.927,18.21,G09016;G09017
747255705,101.0218,-18.8457,18.89,G09016;G09017
747269700,101.7283,-18.4401,18.72,G09016;G09017
747280125,101.8674,-18.2065,18.59,G09016;G09017
747286723,102.1742,-17.8603,18.21,G09016;G09017
747288049,101.8765,-17.9164,18.82,G09016;G09017
747288811,101.7921,-17.8492,18.53,G09016;G09017
747301577,100.8156,-18.0591,17.94,G09016;G09017
747310396,100.2301,-17.9083,17.45,G09016;G09102;G09017;G09166
747355478,102.7188,-17.2046,18.91,G09016;G09017
747367910,103.578,-17.0723,19.09,G09016;G09017
747405144,101.8161,-16.6236,18.08,G09016;G09017;G09166
747423162,102.7232,-16.1581,19.02,G09016
747438987,100.8617,-17.1453,18.69,G09016;G09017
747457171,100.3393,-16.1956,17.56,G09016;G09102;G09017;G09166
747476180,101.1587,-16.2014,17.51,G09016;G09102;G09017;G09166
747486051,102.5618,-15.6974,17.26,G09102
747495408,102.1683,-15.3984,18.31,G09016;G09017
747525527,101.7084,-15.0706,18.42,G09016;G09017
747546953,103.9484,-16.4888,19.04,G09016;G09017
747603146,104.8228,-15.2699,16.9,G09102;G09166
747630559,104.0966,-15.6362,18.53,G09016;G09017
747692645,105.2791,-14.7705,17.64,G09016;G09102;G09017;G09166
747698345,106.4094,-14.8245,18.27,G09016;G09017
747743950,105.2507,-14.5011,18.54,G09016;G09017
747803369,102.6253,-15.248,18.95,G09016;G09017
747803783,102.7015,-15.1596,18.12,G09016;G09017
747884774,102.5732,-14.0461,18.12,G09016;G09017
747908819,102.5909,-13.3356,17.43,G09016;G09102;G09017
747957972,104.5633,-13.2681,18.66,G09016;G09017
747977899,103.2367,-13.3946,18.5,G09016;G09017
747979436,103.7821,-13.3488,18.5,G09016;G09017
748014670,103.7482,-12.7435,18.93,G09016;G09017
748044665,100.2175,-14.4999,18.61,G09016;G09017
748060029,100.0035,-13.5568,19.3,G09016
748066261,101.2185,-13.9706,18.42,G09016;G09017
748078105,100.9157,-13.7781,17.48,G09016;G09102;G09017
748108902,101.8815,-13.0082,18.46,G09016;G09017
748128537,100.3793,-13.3653,18.21,G09016;G09017
748135126,100.6882,-12.8982,18.95,G09016;G09017
748136560,100.2837,-12.9147,18.05,G09016;G09017
748164932,102.6065,-13.066,17.57,G09102
748219567,102.3367,-12.1031,18.38,G09016;G09017
748222083,102.0312,-12.0642,19.09,G09016
748228397,101.3127,-11.9876,17.97,G09016;G09102;G09017;G09166
748250588,102.1555,-11.2685,18.25,G09016;G09017
748257254,100.2087,-12.9066,17.92,G09016;G09102;G09017;G09166
748283107,100.6974,-11.7521,17.82,G09016;G09102;G09017;G09166
748317745,101.6831,-11.0728,17.72,G09016;G09102;G09017
748358642,100.7234,-10.4523,19.0,G09016;G09017
748366551,101.0538,-10.4742,17.9,G09016;G09102;G09017;G09166
748367287,101.2279,-10.4068,18.5,G09016;G09017
748377931,101.1587,-10.27,18.5,G09016;G09017
748741080,110.2731,-16.8397,18.81,G09016;G09017
749544491,109.2077,-14.9438,18.85,G09016;G09017
749618795,111.6764,-14.4657,17.35,G09016;G09102;G09017
749715601,111.0168,-13.3918,18.92,G09016;G09017
749800985,107.4405,-14.6156,17.77,G09102
749815019,107.2878,-14.5274,18.97,G09016;G09017
749836084,108.0835,-14.0893,19.22,G09016
749845262,108.7412,-13.6883,17.62,G09016;G09102;G09017;G09166
749867567,109.8499,-14.1864,18.99,G09016;G09017
749870165,109.4431,-14.2469,19.18,G09016
749897735,109.9354,-13.622,17.99,G09016;G09017
749949011,108.9258,-13.4127,17.13,G09102
749972776,108.7044,-12.9611,18.54,G09016;G09017
749988647,110.084,-12.6681,18.76,G09016;G09017
751551813,106.3782,-13.9792,18.9,G09016;G09017
751552841,106.3977,-13.8319,18.67,G09016;G09017
751572547,107.2909,-13.5431,17.13,G09016;G09102;G09017
751586294,107.3437,-13.3888,18.3,G09016;G09017
751603162,107.6285,-12.6896,18.05,G09016;G09017
751603185,107.6247,-12.684,17.98,G09166
751632797,106.3909,-12.8347,18.67,G09025
751660200,106.6252,-12.5315,17.89,G09102
751749128,107.7444,-11.8206,16.83,G09016;G09102;G09017
751763450,108.2611,-11.3057,19.07,G09016
751763616,108.2356,-11.2354,17.54,G09016;G09102;G09017
751781398,105.135,-12.8766,18.65,G09016;G09017
751808464,106.4847,-11.8677,19.08,G09016;G09017
751811558,105.8503,-12.0424,18.63,G09016;G09017
751830467,105.1887,-12.1553,17.8,G09016;G09102;G09017
751844155,104.5756,-11.7055,19.27,G09016
751862213,105.6367,-11.1724,18.93,G09016;G09017
751921111,105.8567,-11.076,18.96,G09016;G09017
752485894,103.6702,-11.422,18.75,G09016;G09017
752486074,103.6461,-11.3714,17.84,G09016;G09102;G09017;G09166
752497163,105.0195,-11.0795,18.72,G09016;G09017
752500296,104.7662,-11.0099,17.84,G09025
752522915,103.3629,-11.2734,19.19,G09016
752527535,103.2379,-10.956,16.4,G09016;G09102;G09017
752632921,104.886,-9.318,18.96,G09016;G09017
752649725,105.0704,-9.2291,17.97,G09016;G09017
752683176,102.8946,-9.8742,17.16,G09102;G09166
752698843,103.8868,-9.4513,18.93,G09016;G09017
752703164,103.116,-9.7777,17.96,G09016;G09102;G09017
752717178,103.3194,-9.0352,18.8,G09016;G09017
752752021,102.6707,-9.1043,18.83,G09016;G09017
752756262,102.8439,-9.0969,18.71,G09016;G09017
752779386,104.1593,-9.1918,17.27,G09016;G09102;G09017;G09166
752799467,104.6902,-8.8874,18.32,G09016;G09017
11896004,90.8591,-3.7175,9.42,G09062
11901992,91.0334,-3.0285,10.19,G09062
12160684,91.6318,-5.0589,17.74,G09166
12350061,92.1107,-5.4008,8.76,G09062
24821909,97.1485,-8.4612,7.33,G09062;20SECONDTARGET
24824031,97.2067,-7.0347,5.49,G09164;20SECONDTARGET
24824033,97.2044,-7.0331,4.7,G09164;20SECONDTARGET
24888206,97.4725,-11.761,17.82,G09166
24891360,97.4498,-9.4678,11.81,G09196
25041731,97.7075,-9.6541,8.54,G09150
25332854,98.2332,-10.0914,8.34,G09062
25416982,98.3659,-7.5109,16.28,G09016;G09102;G09017;G09166
25421772,98.537,-6.6311,8.34,G09062
25511785,98.6331,-11.2298,7.33,G09062
33692729,93.0576,-14.6488,8.76,G09123;20SECONDTARGET
33737236,93.0528,-12.2629,8.4,G09020
33789855,93.3298,-14.0261,9.11,G09062
33869471,93.5532,-14.6046,12.36,G09123
33869474,93.5537,-14.603,12.33,G09123
33938658,93.7889,-15.0252,11.7,G09123
33996992,94.043,-13.3453,12.99,G09123;20SECONDTARGET
33997020,94.1298,-13.3242,11.78,G09123
34077285,94.1645,-13.9873,9.26,G09031;G09123;20SECONDTARGET
34142502,94.4499,-15.6911,14.11,G09123
34264736,94.7612,-14.2869,16.06,G09177;20SECONDTARGET
34373877,95.1778,-13.1252,16.4,G09102;G09166
34378156,95.2153,-16.6132,15.76,G09123
34584504,95.6304,-12.9577,8.22,G09062
34652088,95.7431,-15.0362,17.2,G09102
34659392,95.8945,-14.2406,16.5,G09016;G09102;G09017;G09166
34788872,96.2261,-13.2307,7.57,G09062;20SECONDTARGET
34855316,96.4796,-14.2455,16.34,G09016;G09102;G09017;20SECONDTARGET
36916863,97.929,-5.5855,17.76,G09166
37092139,98.2409,-5.0972,15.98,G09016;G09102;G09017
39542700,89.598,-5.0468,9.1,G09194
42230650,96.0827,-4.2646,10.22,G09062
42884350,96.9898,-4.7622,5.38,G09150;20SECONDTARGET
52491609,98.8935,-5.739,17.35,G09016;G09102;G09017
52821787,99.333,-5.6384,16.43,G09102
53411117,100.0749,-5.8585,16.27,G09016;G09102;G09017;G09166
66650754,86.9961,-8.3283,7.5,G09062;G09123
66651575,86.9391,-9.6696,8.28,G09052
66687682,87.1674,-8.9322,7.52,G09062
66775624,87.7571,-10.4161,11.42,G09123
66824731,87.8416,-7.518,5.56,G09150;20SECONDTARGET
66975228,88.5139,-6.7523,8.54,G09150
66979577,88.6788,-10.5904,14.56,G09016;G09102;G09017
67092726,89.0679,-10.6557,16.36,G09016;G09102;G09017
67160409,89.1692,-10.3095,10.67,G09123
67166479,89.2909,-6.1941,8.23,G09062
67260798,89.6441,-8.7059,9.14,G09062
67261181,89.6148,-9.1568,9.67,G09123
67263447,89.7764,-11.7144,14.38,G09166
67266760,89.7882,-7.6493,7.98,G09062
67267526,89.7208,-6.8062,9.27,G09062
71471563,89.9685,-9.144,12.03,G09196
71511552,90.1609,-7.7841,9.57,G09062
71513550,90.1862,-10.1813,8.29,G09062
71513592,90.0876,-10.2348,15.12,G09016;G09102;G09017;20SECONDTARGET
71580820,90.46,-10.5979,5.09,G09194;20SECONDTARGET
71581249,90.5069,-10.0331,14.12,G09123
71721846,90.9382,-11.6287,12.17,G09194
71727949,91.0562,-6.7089,5.21,G09164;20SECONDTARGET
71864517,91.2953,-9.2923,7.42,G09062;20SECONDTARGET
71865555,91.3628,-10.2424,5.55,G09062;20SECONDTARGET
71868836,91.4523,-10.1087,16.4,G09102
71868957,91.4217,-10.0048,10.24,G09062
71920842,91.5503,-10.8874,8.16,G09062
72042687,91.9753,-9.1783,10.89,G09062
72044551,91.9877,-7.4868,17.55,G09166
72170025,92.2868,-10.9239,16.95,G09166
72214252,92.6097,-8.2495,12.56,G09031
72216833,92.5168,-10.5179,16.25,G09016;G09102;G09017;G09166;20SECONDTARGET
72491234,93.2417,-8.8357,17.58,G09016;G09017
72493378,93.3276,-10.6442,7.63,G09062
72493972,93.3074,-11.1147,12.44,G09180
72493991,93.3036,-11.1306,11.24,G09180
72551253,93.39,-7.8125,9.0,G09062
95056949,90.5199,-12.3308,17.19,G09041
95057096,90.4891,-12.5129,8.36,G09062
119171945,100.2872,-9.4413,8.92,G09062
119366854,100.4178,-8.0897,8.89,G09194
120091486,101.6078,-7.4874,11.26,G09150
143078127,93.7204,-6.3795,10.76,G09150
143117999,93.7655,-8.6271,7.06,G09062
143177769,94.0433,-7.6008,16.78,G09016;G09102;G09017
143183645,94.1193,-11.143,8.43,G09062
143219289,94.2171,-8.5628,16.59,G09016;G09102;G09017;G09166
241860093,93.1406,-4.7753,12.03,G09196
241860983,93.2177,-4.8424,17.63,G09016;G09102;G09017
241862777,93.1026,-3.9402,16.74,G09016;G09102;G09017
241920571,93.1135,-3.6366,7.1,G09062
241924452,93.2071,-2.1939,17.5,G09166
241986555,93.4025,-1.8229,7.59,G09062
250466958,94.1441,-4.5302,15.36,G09016;G09102;G09017;G09166;20SECONDTARGET
250470432,94.2612,-4.9253,11.63,G09196
250549959,94.6036,-3.1993,17.11,G09102
250566803,94.7205,-4.9609,9.28,G09062
250570629,94.7265,-2.658,17.24,G09102;G09166
250595183,94.8207,-4.4223,14.85,G09142;20SECONDTARGET
251115134,94.9795,-3.7357,17.89,G09166
251157303,95.0936,-5.4478,17.27,G09025
251241037,95.5296,-5.5216,17.11,G09166
279696912,86.0738,-10.0178,6.54,G09062;20SECONDTARGET
299282445,92.392,-2.2202,10.17,G09194
299316705,92.5052,-5.303,17.66,G09166
306367136,91.5061,-12.6799,12.36,G09180
306367142,91.5114,-12.692,10.08,G09180
318017368,90.0735,-12.9004,5.86,G09062;20SECONDTARGET
409009431,92.7298,-13.167,12.1,G09031
409010876,92.6806,-14.838,16.93,G09102
442991558,94.4653,-8.0167,9.56,G09062
443022362,94.7619,-9.9604,15.99,G09166
443024270,94.7789,-8.4687,16.21,G09016;G09102;G09017;20SECONDTARGET
443031290,94.9283,-7.8229,5.47,G09150;20SECONDTARGET
443052170,94.8501,-10.6981,17.46,G09166
443054324,95.0351,-11.4545,16.69,G09102;G09166
443055162,95.0602,-10.7251,7.09,G09036;G09062;G09123;20SECONDTARGET
443059264,94.9906,-7.7674,8.33,G09062
443081530,95.1812,-6.3138,8.05,G09062
443119623,95.3361,-6.8254,16.46,G09016;G09102;G09017;G09166
443162004,95.6095,-11.3702,9.08,G09062
443169533,95.7351,-7.0499,12.07,G09194
443174527,95.8813,-7.8623,7.94,G09036;G09062
443217665,96.0258,-9.6478,13.1,G09025;20SECONDTARGET
443220241,95.9371,-7.8319,10.68,G09062
443240827,95.9554,-6.7477,8.99,G09062
443256923,96.2639,-7.4073,9.21,G09062
443284888,96.3114,-10.932,6.83,G09194
443308443,96.4842,-8.0404,15.26,G09025
443310207,96.4084,-6.9953,9.74,G09062
443317662,96.5264,-9.3974,9.1,G09150
443322346,96.7136,-11.2079,8.26,G09062
443329430,96.7136,-6.769,9.95,G09194
444949806,91.2775,-12.5956,12.67,G09194
707887614,94.2899,-15.8775,18.04,G09016;G09017
707896263,95.1036,-16.3439,17.79,G09016;G09102;G09017;G09166
707941087,95.6675,-14.8665,18.66,G09016;G09017
708155653,96.0084,-14.5019,18.8,G09016;G09017
708909937,93.831,-15.5943,19.22,G09016
708938988,94.5331,-15.3401,18.84,G09016;G09017
708939527,94.5778,-15.2115,18.93,G09016;G09017
708948993,94.8491,-14.8953,18.9,G09016;G09017
708959542,94.8367,-14.274,18.73,G09016;G09017
708969901,93.3844,-14.4272,17.56,G09102
708978808,94.8761,-13.8971,18.37,G09016;G09017
709003629,91.8681,-14.1005,19.1,G09016
709015065,91.7729,-13.9153,18.7,G09016;G09017
709020667,91.3632,-13.5344,18.24,G09016;G09017;G09166
709023180,92.7256,-14.1444,19.17,G09016
709065028,92.7649,-12.4853,17.95,G09102;G09166
709066341,92.5954,-12.3316,17.64,G09016;G09102;G09017
709172019,90.7375,-13.38,16.94,G09102;G09017;G09166;20SECONDTARGET
709175252,90.6609,-13.2618,19.14,G09016
709175465,90.5539,-13.1958,18.58,G09016;G09017
709204237,91.8388,-12.3029,19.06,G09016
709211830,91.9542,-11.783,18.45,G09016;G09017
709212078,92.0087,-11.671,18.81,G09016;G09017
709214289,90.4996,-12.4127,17.91,G09102;G09166
709222151,90.753,-11.4863,18.39,G09016;G09017
709225681,91.5896,-11.5155,19.12,G09016
709227960,90.8271,-11.4945,18.61,G09016;G09017
709230009,91.6008,-11.0934,17.93,G09016;G09017
709238319,89.7591,-12.0078,19.04,G09016
709238545,89.4483,-12.1223,18.51,G09016;G09017
709264693,90.2798,-10.66,18.89,G09016;G09017
709265186,90.574,-10.6525,18.13,G09016;G09017
709267847,89.1199,-11.022,17.6,G09016;G09102;G09017
709268234,89.3796,-10.8791,18.87,G09016;G09017
709270899,88.8937,-10.7684,17.81,G09016;G09102;G09017;G09166
709271012,88.8193,-10.7428,19.17,G09016
709271451,89.2601,-10.7203,18.02,G09016;G09017
709276393,89.6934,-10.3037,18.75,G09016;G09017
709283372,96.2146,-13.945,18.32,G09016;G09017
709310159,94.798,-13.6608,18.99,G09016;G09017
709311511,94.9984,-13.3341,17.93,G09016;G09102;G09017;G09166
709312736,95.4997,-13.287,17.89,G09016;G09102;G09017;G09166
709321761,95.807,-12.9197,18.61,G09016;G09017
709335316,96.9067,-12.828,17.92,G09016;G09102;G09017;G09166
709366901,97.4775,-11.7699,17.93,G09102
709387228,97.1297,-11.359,18.65,G09016;G09017
709393572,96.9676,-11.0642,18.25,G09016;G09017
709395446,94.4118,-13.0766,18.03,G09016;G09017
709399743,94.6616,-12.4512,17.76,G09016;G09102;G09017;G09166
709401554,93.6758,-12.6902,17.95,G09102
709407092,94.7348,-12.2734,19.19,G09016
709413984,94.9956,-11.5187,18.65,G09016;G09017
709416637,93.4338,-12.1127,19.12,G09016
709418795,93.9077,-11.8955,19.12,G09016
709425539,93.9122,-11.6828,17.1,G09016;G09102;G09017
709425957,94.2653,-11.5811,17.37,G09016;G09102;G09017
709426481,94.6176,-11.59,18.22,G09016;G09017
709427476,94.4155,-11.4696,18.71,G09016;G09017
709431950,94.5247,-11.0955,17.99,G09016;G09017
709431951,94.5245,-11.0943,18.22,G09016;G09017
709437595,95.6297,-11.4121,19.27,G09016
709443777,96.2412,-11.119,19.3,G09016
709444075,96.1859,-11.0347,17.25,G09016;G09102;G09017;G09166
709445968,96.847,-10.7628,18.94,G09016;G09017
709452324,94.7187,-11.1015,18.58,G09016;G09017
709454751,95.1516,-10.7505,18.59,G09016;G09017
709458783,94.8423,-10.6952,17.72,G09016;G09102;G09017
709466195,95.8611,-10.0931,19.25,G09016
709466377,95.9519,-10.0146,18.12,G09016;G09017
709466710,95.4054,-10.3885,18.02,G09016;G09017;G09166
709469472,95.7774,-9.9601,18.2,G09016;G09017
709479231,98.6037,-11.5532,18.72,G09016;G09017
709482529,98.178,-11.5169,18.54,G09016;G09017
709485088,97.8416,-11.4089,18.14,G09016;G09017
709507012,98.9141,-10.4052,18.44,G09016;G09017
709531289,98.8293,-9.9335,18.07,G09016;G09017;G09166
709535766,98.6358,-9.9971,19.05,G09016
709558895,99.47,-9.6794,18.58,G09016;G09017
709574777,99.5888,-9.2914,18.9,G09016;G09017
709600588,98.1589,-9.6105,17.58,G09016;G09102;G09017;G09166
709601213,97.957,-9.6212,17.99,G09016;G09102;G09017
709601226,97.9539,-9.6124,17.89,G09166
709627123,96.6864,-8.9555,18.24,G09016;G09017
709635817,98.843,-8.9461,18.06,G09016;G09017
709637903,98.7752,-8.8102,18.86,G09016;G09017
709637912,98.7495,-8.8012,18.47,G09016;G09017
709639655,98.1867,-9.0255,18.66,G09016;G09017
709644956,98.1925,-8.7094,18.89,G09016;G09017
709646637,98.4127,-8.4728,19.0,G09016
709647863,99.1688,-8.7727,18.55,G09016;G09017
709654672,99.6196,-8.3474,19.3,G09016
709706696,92.7348,-11.951,17.8,G09016;G09102;G09017;G09166
709710794,93.3046,-11.2664,19.14,G09016
709713765,92.9833,-11.2134,19.2,G09016
709714138,92.8875,-11.0587,18.59,G09016;G09017
709728179,92.5425,-10.8435,18.05,G09016;G09017
709728472,92.2791,-10.9204,17.08,G09102
709743409,94.0496,-10.5709,18.79,G09016;G09017
709744910,94.5076,-10.385,18.81,G09016;G09017
709750918,94.2481,-9.8533,17.98,G09016;G09017
709759167,95.2232,-9.3203,18.1,G09016;G09017
709760033,94.6973,-9.2873,18.25,G09016;G09017
709770438,94.2377,-9.1665,18.91,G09016;G09017
709778043,94.0158,-8.6282,18.85,G09016;G09017
709781319,91.9758,-10.0918,19.21,G09016
709784791,91.464,-9.9504,17.36,G09016;G09102;G09017
709792646,92.1282,-9.461,18.89,G09016;G09017
709795500,90.7024,-9.6064,18.09,G09016;G09017;G09166
709798250,90.1929,-9.6063,17.64,G09016;G09102;G09017
709805357,91.3197,-9.0493,17.82,G09016;G09102;G09017;G09166
709830886,91.7726,-8.5451,18.89,G09016;G09017
709848337,95.9834,-8.7477,18.73,G09016;G09017
709853346,95.5693,-8.6114,19.08,G09016
709872543,94.706,-8.3549,18.94,G09016;G09017
709877247,95.5779,-8.2871,18.33,G09016;G09017
709881110,95.9274,-7.8869,18.21,G09016;G09017
709887440,95.5325,-7.6801,18.08,G09166
709887442,95.5412,-7.6747,18.26,G09016;G09017
709888179,95.8808,-7.5076,18.18,G09166
709898430,97.417,-7.6927,16.88,G09016;G09102;G09017
709926126,96.5979,-7.2984,17.82,G09016;G09102;G09017
709933887,96.5329,-6.8813,19.06,G09016
709958647,93.7247,-7.6117,18.33,G09016;G09017
709981561,93.1341,-7.4442,18.88,G09016;G09017
709989540,94.6805,-6.7086,19.09,G09016
709996594,94.3062,-6.2789,17.95,G09016;G09017;G09166
710012375,95.4494,-6.3387,17.27,G09166
710012379,95.4416,-6.3406,17.36,G09102
710013765,95.7201,-6.1293,19.3,G09016
710033196,95.2889,-6.0416,19.28,G09016
710149355,87.823,-10.3228,18.66,G09016;G09017
710154077,87.3659,-10.2629,18.93,G09016;G09017
710155285,87.2737,-9.9901,19.22,G09016
710155861,86.983,-9.8419,18.26,G09016;G09017;G09166
710160733,89.4631,-9.9485,17.73,G09016;G09102;G09017;G09166
710169665,87.9054,-9.2861,17.54,G09016;G09017
710171527,89.0631,-9.1077,19.2,G09016
710179743,86.7558,-9.662,18.82,G09016;G09017
710180604,85.8356,-9.602,18.42,G09016;G09017
710183707,86.1846,-9.1118,18.94,G09016;G09017
710184615,86.9948,-9.3847,18.35,G09016;G09017
710185655,87.5742,-8.8936,18.05,G09016;G09017;G09166
710195300,87.2905,-8.183,18.04,G09016;G09017;G09166
710197896,87.5032,-7.6417,17.13,G09102
710323435,89.6651,-9.2983,19.12,G09016
710325453,90.1452,-9.0138,18.44,G09016;G09017
710334017,91.3506,-8.3556,18.51,G09016;G09017
710347289,89.488,-8.16,18.47,G09016;G09017
710356303,90.0324,-7.4741,17.07,G09016;G09102;G09166;20SECONDTARGET
710358401,91.6667,-8.0808,18.54,G09016;G09017
710364983,91.1339,-7.4694,17.95,G09016;G09102;G09017
710365852,91.9879,-7.4917,17.77,G09016;G09102;G09017
710369374,92.3307,-6.8426,19.19,G09016
710370271,90.5891,-7.6442,18.71,G09016;G09017
710377393,91.4595,-7.1005,17.34,G09016;G09102;G09017;G09166
710377727,91.5461,-6.9854,19.18,G09016
710378982,91.5604,-6.5247,19.12,G09016
710383949,89.2144,-7.8095,18.55,G09016;G09017
710384773,88.7855,-7.6758,18.07,G09016;G09017
710385684,88.2327,-7.8735,18.55,G09016;G09017
710398128,87.7858,-7.4166,18.78,G09016;G09017
710402224,88.0022,-7.0769,18.62,G09016;G09017
710406174,89.0758,-6.6556,16.81,G09016;G09102;G09017
710410451,88.5418,-6.1857,18.64,G09016;G09017
710412703,89.8432,-6.7256,18.97,G09016;G09017
710417009,89.5015,-6.4233,19.05,G09016
710427250,90.786,-5.4834,18.54,G09016;G09017
710427843,89.2199,-6.4226,18.73,G09016;G09017
710437100,90.3538,-5.414,18.92,G09016;G09017
710437923,90.2629,-5.3407,18.45,G09016;G09017
710448979,92.7841,-6.4362,18.69,G09016;G09017
710450029,92.7689,-6.0442,18.31,G09016;G09017
710462070,91.7459,-6.1368,19.13,G09016
710470682,92.5023,-5.2934,17.68,G09102
710471965,92.7577,-5.1348,18.23,G09016;G09017;G09166
710473943,92.8073,-4.8876,18.29,G09016;G09017
710497698,94.6179,-4.7733,19.15,G09016
710499043,94.5053,-4.7176,19.18,G09016
710514179,93.3406,-4.5883,19.04,G09016
710534734,91.4302,-5.3307,19.19,G09016
710535610,91.6277,-5.0677,17.9,G09016;G09102;G09017
710536651,91.5246,-4.9346,18.86,G09016;G09017
710547758,90.3891,-5.0583,18.48,G09016;G09017
710548518,91.0717,-5.052,18.86,G09016;G09017
710549298,91.2748,-4.7579,19.15,G09016
710552322,90.1453,-4.6981,19.17,G09016
710552358,90.1703,-4.6601,18.89,G09016;G09017
710554455,90.5856,-4.3873,18.84,G09016;G09017
710572966,92.5032,-4.0104,18.4,G09016;G09017
710574939,92.926,-3.8309,18.48,G09016;G09017
710582560,93.7562,-3.489,18.23,G09016;G09017
710586503,93.1711,-3.4114,19.04,G09016
710588423,93.2963,-3.375,17.84,G09016;G09102;G09017
710595930,92.4572,-3.4774,18.76,G09016;G09017
710603708,92.7668,-3.4419,17.86,G09166
710603710,92.7679,-3.4513,18.01,G09016;G09017
710610098,93.0752,-2.7635,17.92,G09016;G09102;G09017;G09166
710611029,92.4935,-3.0835,18.95,G09016;G09017
710705159,90.0327,-4.7058,17.56,G09016;G09102;G09017;G09166
710713588,90.6683,-3.9765,19.14,G09016
710716749,90.9231,-3.6473,18.96,G09016;G09017
710844870,99.922,-8.0582,17.38,G09102
710849627,99.3953,-7.8869,18.88,G09016;G09017
710852248,99.3534,-7.7778,18.93,G09016;G09017
710902274,99.9895,-6.1688,18.27,G09016;G09017
710904281,99.899,-6.195,18.6,G09016;G09017
710912498,98.8709,-6.6791,18.83,G09016;G09017
710912899,98.7951,-6.72,18.67,G09016;G09017
710964731,97.426,-6.1062,19.24,G09016
710974475,98.3062,-5.812,18.64,G09016;G09017
710974488,98.3067,-5.8111,18.7,G09016;G09017
710981884,98.9221,-5.4073,14.58,G09016;G09102;G09017;20SECONDTARGET
711008033,99.3014,-5.3802,19.34,G09017
711029566,98.761,-5.0378,18.85,G09016;G09017
711057995,96.9777,-5.9187,19.06,G09016
711058957,97.2798,-5.7558,18.29,G09016;G09017
711059105,97.2297,-5.7126,18.18,G09016;G09017
711068149,96.6939,-5.4555,18.48,G09016;G09017
711073934,97.102,-5.0823,18.31,G09016;G09017
711078559,97.8707,-5.12,18.35,G09016;G09017
711119424,97.2053,-4.6318,19.09,G09016
711129500,97.3255,-4.069,18.51,G09016;G09017
711134764,96.7406,-4.0807,17.87,G09016;G09102;G09017;G09166
711279378,95.862,-4.4546,18.32,G09016;G09017
711298371,96.5064,-3.923,19.07,G09025
711304812,96.4927,-3.6925,18.65,G09016;G09017
711305038,96.5391,-3.6251,18.79,G09016;G09017
711321794,94.9761,-3.7278,18.07,G09016;G09017
711442734,94.5586,-3.0847,18.59,G09016;G09017
711463806,94.5823,-2.6617,19.01,G09016
711466675,94.4023,-2.3917,18.97,G09016;G09017
711467527,94.5559,-2.2538,19.02,G09016;G09017
711473793,93.6042,-2.7772,18.71,G09016;G09017
711476068,93.3486,-2.6224,19.12,G09016
711480155,93.8695,-2.2775,18.02,G09016;G09017
711484553,93.2071,-2.1856,17.66,G09016;G09102;G09017
711488065,93.5951,-1.9307,17.03,G09016;G09102;G09017;G09166
711867265,93.2483,-1.8241,18.41,G09016;G09017
711876055,92.8532,-1.3163,19.26,G09016
711879311,93.2593,-1.4367,17.94,G09016;G09102;G09017;G09166
748398024,100.0148,-9.7485,19.13,G09016
748417083,100.2125,-9.3553,18.84,G09016;G09017
748424402,100.0848,-9.2003,17.71,G09102
755570183,101.0562,-8.2511,19.07,G09016
755856438,100.2183,-6.1657,18.63,G09016;G09017
32497972,84.1097,-24.2449,11.53,G09031
32498273,84.3069,-24.4022,7.25,G09194
32606889,85.1924,-24.9265,11.64,G09036
32679466,85.7457,-24.1808,16.15,G09016;G09102;G09017
32680457,85.8502,-24.638,17.21,G09102;G09102;G09102;G09102;G09166
32681367,85.8688,-25.6224,8.06,G09194
32759110,86.2432,-24.9371,12.57,G09123
32829486,86.822,-25.8838,17.28,G09016;G09102;G09017
32947827,87.6948,-24.1473,16.68,G09016;G09102;G09017
33003331,87.9184,-25.5012,16.75,G09016;G09102;G09017;G09166
33061033,88.4261,-24.0632,10.72,G09196;G09196
33100462,88.7169,-24.0906,13.95,G09123
33418838,87.5139,-22.9902,16.7,G09016;G09102;G09017
33419790,87.4027,-21.2398,9.49,G09020
33422869,87.6009,-19.7898,18.42,G09016;G09017
33469537,87.7132,-23.2844,14.44,G09102
33472996,87.9015,-18.3783,16.6,G09102
33521996,88.1468,-19.0316,13.34,G09142;G09031;20SECONDTARGET
33552799,88.2193,-21.3814,10.75,G09123
33798269,93.5391,-17.7805,12.26,G09180
33798272,93.5356,-17.7783,10.24,G09180
33798564,93.574,-17.4805,7.33,G09062
33866942,93.5161,-17.0871,12.63,G09180
33866951,93.5186,-17.0819,11.01,G09180
46271787,82.9663,-16.1953,12.49,G09004
46308678,83.0594,-13.6856,9.12,G09123;20SECONDTARGET
46366733,83.2422,-15.475,11.65,G09196;G09196
46371568,83.5253,-13.2557,13.46,G09123
46392031,83.8313,-13.97,10.28,G09180
46392063,83.814,-14.031,11.21,G09180
46430860,83.7769,-17.1094,11.92,G09123
46432937,83.8689,-14.5971,12.37,G09058;G09031;20SECONDTARGET
46434275,83.8831,-12.1629,9.91,G09062
46530889,84.5208,-14.637,12.43,G09004
46531745,84.5342,-16.2707,13.54,G09123
46556441,84.6586,-16.9201,7.03,G09062;20SECONDTARGET
46556630,84.5916,-16.5334,15.87,G09102
46559906,84.7088,-13.347,10.11,G09123
46562304,84.7831,-17.831,7.76,G09062
46625172,84.9791,-13.1334,12.12,G09123;20SECONDTARGET
46627823,85.1818,-17.5457,11.04,G09079;G09036;G09039
46740513,85.6119,-14.7218,15.36,G09102
46743367,85.7648,-13.8662,9.63,G09062
46744856,85.7715,-16.4827,12.81,G09102
59710513,93.6729,-18.0815,7.7,G09194
92845906,82.5796,-19.2756,8.94,G09123
92845910,82.6516,-19.2675,12.57,G09123
92869300,82.9338,-18.3613,14.1,G09123
92878753,83.1221,-20.7258,9.78,G09123
92880889,83.2533,-20.3769,9.77,G09123
92882593,83.3396,-23.1261,13.69,G09123
93027490,84.1645,-18.7121,10.04,G09194
93052912,84.3067,-22.8186,16.69,G09016;G09102;G09017
93125144,84.8466,-19.5585,9.68,G09123;G09126;20SECONDTARGET
93126844,85.0865,-19.6698,8.5,G09123;20SECONDTARGET
93129631,85.1316,-22.1558,7.55,G09062
93238424,85.7065,-19.0198,15.38,G09016;G09102;G09017
93242288,85.9268,-23.7116,12.8,G09123
93243778,85.9417,-20.5405,12.8,G09123
93243779,85.9388,-20.5405,13.58,G09123
93244307,85.9499,-19.6517,6.75,G09062
93280676,86.1134,-22.4511,3.1,G09062;G09157;20SECONDTARGET
93281916,86.1182,-20.1263,5.82,G09062;20SECONDTARGET
93334206,86.5201,-18.2985,11.63,G09079;G09036;G09039
93372641,86.6769,-21.8269,8.08,G09123
93443076,87.0163,-22.4248,12.06,G09180;G09180
93443909,87.0956,-23.9691,12.62,G09180
93443910,87.0928,-23.9702,12.73,G09180
93443984,87.2543,-23.8095,7.68,G09062;20SECONDTARGET
93444702,87.2253,-22.4239,16.42,G09177
94987316,81.7916,-16.5247,6.89,G09062;20SECONDTARGET
94988963,81.9468,-15.5674,12.87,G09004
95055101,86.0274,-14.512,7.4,G09062
95328477,90.6023,-16.5809,10.39,G09123;20SECONDTARGET
123573766,89.1216,-19.4931,12.06,G09079;G09036;G09039
123574104,89.1067,-20.0384,7.96,G09062
123626539,89.2872,-20.8589,17.36,G09102
123662875,89.8136,-23.6555,12.58,G09123;20SECONDTARGET
123762910,90.2282,-22.0839,13.01,G09180
123762911,90.2271,-22.0837,12.28,G09180
123800210,90.4948,-20.6974,11.53,G09194
123849820,90.6165,-20.5395,17.32,G09102
123901010,90.854,-21.791,6.92,G09062
123930573,91.1758,-21.3187,17.08,G09102
124029363,91.5559,-20.3521,12.33,G09102;20SECONDTARGET
124029677,91.5404,-19.9536,11.21,G09058;G09123;20SECONDTARGET
124033255,91.7144,-19.8397,12.14,G09079;G09036;G09039
124033256,91.6228,-19.8414,17.03,G09016;G09102;G09017;G09166
124085445,91.9535,-18.4002,9.87,G09194
124086703,91.9195,-19.8586,14.97,G09102;20SECONDTARGET
124127620,92.0534,-18.8664,15.42,G09102
124128680,92.1933,-18.0484,9.61,G09031
124273574,92.5827,-20.1166,15.37,G09102
139412418,80.1666,-18.9463,16.25,G09016;G09102;G09017
139421669,80.4348,-21.0238,17.07,G09016;G09017;G09102;G09166;20SECONDTARGET
143337175,82.2225,-17.6736,16.64,G09016;G09102;G09017;G09166
143350469,82.3307,-16.2884,10.68,G09194;G09123;G09180
160301040,88.6264,-19.7045,6.85,G09194;G09123
255752747,81.494,-19.6901,7.03,G09123
255752750,81.4993,-19.6956,5.42,G09062;20SECONDTARGET
279580178,85.6381,-11.8588,13.76,G09123
290051427,91.6717,-16.2646,11.55,G09180
290051429,91.6745,-16.2599,7.61,G09180
306330414,90.8244,-16.0434,6.94,G09062;20SECONDTARGET
306362738,91.0899,-16.9655,10.82,G09058;20SECONDTARGET
306363129,91.1029,-16.3935,16.68,G09102
306363166,91.0944,-16.3402,12.5,G09031
317021301,86.293,-15.1594,9.36,G09194
317024829,86.4247,-15.8677,12.2,G09180
317026948,86.3567,-12.4356,7.62,G09062
317090307,86.5597,-12.5305,15.56,G09102
317090802,86.4681,-13.2924,11.78,G09180
317090803,86.4686,-13.2931,12.32,G09180
317090832,86.4569,-13.35,10.92,G09196
317094165,86.679,-16.7235,8.86,G09062
317094355,86.6948,-16.3791,9.84,G09123
317131676,86.7852,-12.8438,16.48,G09016;G09102;G09017;G09166
317186207,86.9977,-14.77,12.82,G09123
317330474,87.5079,-15.6002,10.64,G09079;G09036;G09039
317333887,87.5963,-14.6294,9.28,G09123
317412815,87.7266,-14.3542,10.96,G09180
317412817,87.7205,-14.3563,11.64,G09180
317417870,87.8447,-13.4452,10.33,G09123
317417916,87.8203,-13.3811,12.94,G09031
317480495,88.0474,-17.5523,6.96,G09062
317482049,88.1166,-15.8448,9.52,G09194
317483660,88.0929,-13.3725,11.56,G09058;G09114;20SECONDTARGET
317484055,88.1585,-12.7676,7.61,G09062;20SECONDTARGET
317484220,88.083,-12.5696,11.61,G09194
317546326,88.2945,-15.61,15.5,G09102;G09166;20SECONDTARGET
317546574,88.256,-15.9628,17.97,G09025
317548889,88.3783,-16.2657,6.78,G09062;G09123;20SECONDTARGET
317551218,88.3751,-12.7414,11.98,G09123
317599048,88.4463,-14.2038,13.19,G09123
317601284,88.4624,-17.6814,16.76,G09177;G09102;20SECONDTARGET
317601968,88.6473,-17.1519,13.46,G09123
317716576,88.9576,-14.7615,12.86,G09180
317716577,88.9632,-14.7623,12.35,G09180
317721019,89.1009,-14.1667,3.4,G09062;20SECONDTARGET
317800288,89.2451,-15.551,9.44,G09062
317801371,89.1924,-17.2542,13.35,G09123
317921889,89.905,-16.7861,7.25,G09062;20SECONDTARGET
318011831,90.0168,-14.68,12.84,G09180
318011832,90.0193,-14.6808,12.64,G09180
318015989,90.0956,-14.8812,17.35,G09016;G09102;G09017
318016230,90.1179,-14.4936,9.86,G09123
322571084,89.6385,-23.33,11.11,G09196;G09196
322572746,89.6165,-20.6911,9.52,G09062
332916226,84.7528,-11.5611,11.04,G09194
389856488,81.708,-19.3578,10.26,G09123
389857253,81.7201,-21.3609,11.18,G09123
393749316,80.7897,-20.3334,12.62,G09123;20SECONDTARGET
393792592,80.9668,-21.4956,17.21,G09102
393794445,81.0552,-21.0787,11.83,G09123;20SECONDTARGET
393795166,81.1242,-19.0986,18.14,G09016;G09017
393796002,81.1919,-18.9824,11.76,G09180
393796003,81.1835,-18.9847,11.51,G09180
393804343,81.3207,-20.9077,12.96,G09123
393804473,81.3568,-20.5528,16.82,G09102
393805345,81.3039,-18.3396,9.69,G09062
408190069,79.7133,-18.1296,5.43,G09062;20SECONDTARGET
408235290,82.4621,-19.6595,13.99,G09123
408907858,92.0701,-17.2301,9.52,G09062
408908804,92.0264,-15.9015,6.5,G09062;20SECONDTARGET
420963002,82.0811,-19.652,9.72,G09123
420964096,82.0865,-22.4328,6.22,G09062;20SECONDTARGET
442868242,79.8509,-17.7485,8.63,G09123
442898238,80.3088,-16.8285,14.59,G09123
442920705,80.5729,-17.1925,10.82,G09194
442926107,80.7827,-17.2239,8.24,G09123
442931466,81.0904,-17.8201,10.31,G09180
442931507,81.0918,-17.7449,11.61,G09180
442962289,81.4481,-17.5642,16.57,G09016;G09102;G09017;G09166;20SECONDTARGET
442963044,81.5159,-16.6335,7.93,G09062
445063418,91.2276,-17.5058,17.55,G09166
453448764,81.6004,-20.7151,7.43,G09194
671170157,79.6696,-20.5144,18.98,G09016;G09017
671175247,79.1367,-19.8467,18.03,G09016;G09017
671177482,79.8222,-19.9959,18.84,G09016;G09017
671177810,79.4363,-20.0159,17.07,G09016;G09102;G09017
671179491,79.1503,-19.5661,18.44,G09016;G09017
671180999,79.994,-19.2166,18.38,G09016;G09017
671337566,79.1453,-18.7517,18.62,G09016;G09017
671340679,79.7679,-18.0252,16.23,G09016;G09102;G09017
706646083,87.3339,-26.5039,19.16,G09016
706646349,87.4114,-26.4049,19.18,G09016
706657703,86.3657,-25.702,18.88,G09016;G09017
706659041,87.1253,-25.5786,18.91,G09016;G09017
706660883,86.9255,-25.4607,18.57,G09016;G09017
706668580,88.6942,-24.8581,18.97,G09016;G09017
706674566,89.2211,-24.1972,18.66,G09016;G09017
706682340,88.8628,-23.9266,18.83,G09016;G09017
706682703,89.0202,-23.7934,18.47,G09016;G09017
706684345,88.2124,-23.6965,18.49,G09016;G09017
706696637,85.5551,-24.7232,19.08,G09016
706696872,85.6279,-24.4827,18.53,G09016;G09017
706701880,86.0936,-23.7756,19.03,G09016;G09017
706702501,85.6011,-23.8992,18.78,G09016;G09017
706716704,87.103,-23.3122,17.55,G09016;G09102;G09017
706718218,85.9444,-23.4014,17.94,G09016;G09102;G09017;G09166
706721866,87.866,-22.674,17.42,G09016;G09102;G09017;G09166
706722347,87.297,-22.6165,18.99,G09016;G09017
706724038,86.7852,-22.4577,19.11,G09016
706724847,87.0161,-22.4245,12.84,G09180
706730125,89.5133,-23.8854,19.21,G09016
706741470,89.5823,-23.4109,18.82,G09016;G09017
706744409,88.9664,-23.0316,17.23,G09016;G09017;G09102;G09166
706744430,89.3006,-23.2881,19.26,G09016
706751856,89.9272,-22.4287,19.04,G09016
706775140,90.8215,-21.871,18.48,G09016;G09017
706778059,91.2509,-21.7847,18.78,G09016;G09017
706790976,88.8121,-22.2956,18.59,G09016;G09017
706791581,88.7003,-22.2447,18.96,G09016;G09017
706792443,89.4731,-22.421,17.73,G09102
706796488,88.7127,-22.0916,18.78,G09016;G09017
706802242,88.2534,-21.7435,18.21,G09016;G09017
706805938,88.7985,-21.7843,18.66,G09016;G09017
706806831,88.5558,-21.614,18.6,G09016;G09017
706808218,88.922,-21.3997,19.2,G09016
706809942,88.1057,-21.4144,19.25,G09016
706817011,89.5287,-21.4786,18.07,G09016;G09017
706821434,90.5767,-20.8783,19.15,G09016
706828791,89.3004,-21.0257,18.61,G09016;G09017
706834017,89.1222,-20.3424,18.85,G09016;G09017
706835728,89.742,-20.4325,19.02,G09016
707607820,92.1006,-20.8105,17.97,G09016;G09102;G09017;G09166
707649390,93.1428,-19.1869,18.32,G09016;G09017
707668994,91.0915,-19.9645,17.85,G09016;G09102;G09017;G09166
707683004,91.0085,-19.4175,18.82,G09016;G09017
707683005,91.0081,-19.4168,17.52,G09016;G09102;G09017;G09166
707687259,90.7302,-18.8849,18.99,G09016;G09017
707695366,92.971,-19.1995,19.11,G09016;G09017
707701694,92.8476,-18.643,19.29,G09016
707706071,93.9132,-18.4471,18.78,G09016;G09017
707710899,93.1653,-18.0101,19.1,G09016;G09017
707711183,93.5977,-18.0963,18.34,G09016;G09017
707712210,93.7496,-17.8004,18.86,G09016;G09017
707726728,92.4962,-17.6357,18.98,G09016;G09017
707866975,93.5061,-17.4879,17.93,G09102;G09166
707874919,93.4732,-16.7735,18.6,G09016;G09017
707874966,93.437,-16.7797,19.13,G09016
708376218,81.7965,-22.3605,17.77,G09016;G09017
708382879,80.8795,-21.6598,19.15,G09016
708382880,80.879,-21.6594,18.87,G09016;G09017
708389040,83.9303,-23.7425,19.06,G09016
708392509,85.4165,-23.1404,18.64,G09016;G09017
708393299,84.4812,-23.3089,18.93,G09016;G09017
708394158,85.1796,-23.0373,18.94,G09016;G09017
708394895,83.7054,-23.9259,17.09,G09016;G09102;G09017
708399455,84.5938,-23.0757,19.21,G09016
708402979,84.3853,-22.4136,18.9,G09016;G09017
708404238,85.9704,-23.1064,18.36,G09016;G09017
708405095,85.7209,-22.7977,17.76,G09016;G09017;G09166
708407725,85.7784,-22.5701,18.06,G09016;G09017
708411544,86.8405,-21.7371,18.43,G09016;G09017
708414476,85.116,-22.4883,18.75,G09016;G09017
708414697,85.1871,-22.4154,18.88,G09016;G09017
708415351,85.0813,-22.1984,19.12,G09016
708420511,85.6687,-21.517,18.2,G09016;G09017
708441337,83.1922,-21.0612,17.95,G09016;G09102;G09017;G09166
708442234,84.4699,-21.857,19.28,G09016
708444291,84.6944,-21.255,18.18,G09016;G09017;G09166
708444942,84.3004,-21.4127,17.77,G09016;G09102;G09017
708447582,85.3003,-20.9551,18.21,G09016;G09017;G09166
708450348,84.6169,-20.6747,18.5,G09016;G09017
708458189,84.5955,-20.2359,19.06,G09016
708460966,84.2159,-19.8549,17.77,G09016;G09102;G09017
708462307,87.0879,-21.7819,19.17,G09016
708462439,87.0236,-21.705,17.43,G09016;G09102;G09017
708469986,88.0757,-20.7063,18.65,G09016;G09017
708470625,87.4261,-20.9598,17.7,G09016;G09102;G09017
708477462,86.6078,-20.5774,17.53,G09102;G09166
708482935,86.8216,-19.8716,18.89,G09016;G09017
708492002,89.4528,-19.7862,18.14,G09016;G09017
708492844,89.3702,-19.6239,18.52,G09016;G09017
708494605,89.6696,-19.416,18.93,G09016;G09017
708496213,88.8405,-19.4448,17.87,G09016;G09102;G09017
708498646,89.4233,-18.9669,18.93,G09016;G09017
708498660,89.372,-18.9968,18.76,G09016;G09017
708510884,88.595,-18.6149,18.61,G09016;G09017
708512865,86.024,-20.3882,18.59,G09016;G09017
708513923,86.1008,-20.2166,18.23,G09016;G09017
708515379,85.719,-20.1232,19.22,G09016
708516365,85.64,-19.969,17.61,G09016;G09102;G09017;G09166
708522611,86.4387,-19.046,17.53,G09016;G09102;G09017;G09166
708523381,85.2848,-19.7426,18.34,G09016;G09017
708524072,85.0852,-19.4984,18.27,G09016;G09017
708524294,85.3004,-19.6221,18.02,G09016;G09017
708524306,85.3312,-19.5854,18.9,G09016;G09017
708524810,85.3116,-19.5109,18.71,G09016;G09017
708525186,85.3443,-19.3512,17.06,G09016;G09102;G09017;G09166
708526059,84.5867,-19.5423,18.47,G09016;G09017
708530362,85.969,-18.7299,17.63,G09016;G09102;G09017
708532067,85.7988,-18.758,18.74,G09016;G09017
708534944,87.6174,-19.0581,19.11,G09016
708537563,86.9252,-18.7488,19.04,G09016
708541930,88.0918,-18.3048,18.92,G09016;G09017
708544528,87.9765,-18.0817,19.15,G09016
708548745,86.8756,-18.04,18.09,G09016;G09017
708549381,86.261,-18.273,18.47,G09016;G09017
708556395,86.9152,-17.446,18.53,G09016;G09017
708559447,81.5417,-21.4198,19.11,G09016
708560763,81.3581,-21.4872,18.99,G09041
708560876,81.3031,-21.3916,16.86,G09016;G09102;G09017
708562643,82.2879,-21.2298,19.01,G09016;G09017
708562769,82.2021,-21.1229,19.11,G09016
708565332,81.85,-20.7046,19.21,G09016
708567080,80.9057,-21.1118,18.75,G09016;G09017
708569581,80.2775,-20.6749,19.17,G09016
708570647,80.9229,-20.2847,18.0,G09016;G09017
708578316,82.6646,-19.8829,19.05,G09016
708580851,84.0218,-19.6299,18.77,G09016;G09017
708585345,82.6045,-19.4926,18.61,G09016;G09017
708590991,82.712,-18.6909,19.19,G09016
708594283,80.2171,-19.911,19.04,G09016
708596217,81.2404,-19.5611,17.44,G09016;G09102;G09017;G09166
708598319,81.0604,-19.167,18.12,G09016;G09017
708600026,80.7784,-18.7954,18.17,G09016;G09017
708602771,82.1545,-18.8579,17.45,G09016;G09102;G09017;G09166
708604447,81.5517,-18.7303,18.71,G09016;G09017
708611231,81.1887,-18.0689,19.14,G09016
708614708,81.8035,-17.5421,18.67,G09016;G09017
708614736,81.6975,-17.5668,18.14,G09016;G09017;G09166
708618135,84.8045,-19.0429,19.14,G09016
708618664,84.9338,-18.7412,18.07,G09016;G09017;G09166
708620286,84.0694,-18.6721,18.33,G09016;G09017
708623383,85.7194,-18.2329,18.61,G09016;G09017
708627766,83.6555,-18.3268,18.88,G09016;G09017
708631110,83.6132,-17.7302,17.81,G09016;G09017
708634034,84.3346,-17.5684,17.58,G09016;G09102;G09017;G09166
708634076,84.2847,-17.5237,19.11,G09016
708634095,84.1141,-17.6234,16.82,G09102
708634619,84.0359,-17.4621,18.59,G09016;G09017
708652627,84.9916,-16.6304,16.98,G09102;G09166
708653516,85.7871,-16.6788,19.06,G09016;G09017
708657626,85.8922,-16.2048,18.57,G09016;G09017
708658149,85.8708,-15.9618,18.35,G09016;G09017
708658507,85.6739,-15.9502,18.73,G09016;G09017
708660669,83.1332,-17.6371,18.59,G09016;G09017
708665997,83.4846,-17.0633,17.21,G09102
708669156,82.6659,-17.0944,17.03,G09016;G09102;G09017
708669730,82.4194,-16.9717,18.73,G09016;G09017
708671267,82.324,-16.7791,18.81,G09016;G09017
708671894,82.1174,-16.5768,19.06,G09016;G09017
708673082,82.8203,-16.537,16.87,G09016;G09102;G09017;G09166
708673800,83.5361,-16.3129,19.05,G09016
708675316,82.3312,-16.2877,11.51,G09180
708676550,82.8645,-15.9406,16.86,G09102;20SECONDTARGET
708680440,83.9927,-16.2631,19.11,G09016
708684247,85.3447,-15.7404,18.73,G09016;G09017
708699156,80.5059,-17.5539,19.04,G09016
708699913,80.0852,-17.3177,17.74,G09016;G09102;G09017;G09166
708700058,80.2471,-17.06,17.33,G09016;G09102;G09017;G09166
708701388,81.4358,-16.966,18.61,G09016;G09017
708702343,80.7273,-16.8692,19.27,G09016
708702478,80.2355,-17.0053,18.55,G09016;G09017
708706516,81.6392,-16.8565,19.19,G09016
708707968,81.854,-16.3471,18.45,G09016;G09017
708708243,81.8493,-16.2317,18.79,G09016;G09017
708709495,81.7856,-16.0833,18.28,G09016;G09017
708711046,82.1902,-15.864,18.58,G09016;G09017
708711345,82.475,-15.8659,18.88,G09016;G09017
708714401,80.761,-16.2322,16.68,G09102
708714598,81.176,-16.0128,17.88,G09102
708715918,81.1752,-15.6234,17.81,G09016;G09102;G09017
708719244,82.199,-15.0504,19.13,G09025
708724185,82.515,-15.2448,18.77,G09016;G09017
708725171,82.9682,-14.971,18.61,G09016;G09017
708726514,83.6095,-14.8919,19.18,G09016
708726777,83.7695,-14.7878,19.18,G09016
708727939,84.1578,-14.5264,18.44,G09016;G09017
708732808,82.8397,-14.5112,19.17,G09016
708735237,82.1654,-14.2522,17.33,G09016;G09102;G09017;G09166
708735865,83.0325,-14.2966,19.1,G09016
708738599,82.8604,-13.8526,18.27,G09016;G09017
708739427,82.9977,-13.8028,18.86,G09016;G09017
708783203,90.0621,-18.3868,17.16,G09016;G09017;G09102
708783247,90.0573,-18.3176,17.56,G09016;G09102;G09017;G09166
708783790,90.5764,-18.7016,19.27,G09016
708785647,91.0669,-18.3032,17.8,G09016;G09017
708785665,91.0736,-18.3039,17.68,G09166
708797384,89.1992,-17.9101,19.17,G09016
708797516,88.998,-17.9195,17.74,G09016;G09102;G09017
708798858,90.2721,-17.8421,16.82,G09016;G09102;G09017;G09166
708811233,91.2248,-17.4961,17.56,G09016;G09102;G09017
708819116,92.4802,-16.7541,18.38,G09016;G09017
708824287,90.5516,-17.417,19.28,G09016
708828195,90.2714,-17.1115,18.75,G09016;G09017
708835286,91.7258,-16.3533,18.93,G09016;G09017
708842226,88.3197,-17.8521,19.0,G09016;G09017
708846927,88.8506,-17.3138,18.67,G09016;G09017
708848247,89.3583,-17.4647,19.29,G09016
708854401,89.4096,-16.6256,18.67,G09016;G09017
708855863,87.8751,-17.3086,19.3,G09016
708856831,87.9635,-17.0729,17.91,G09016;G09102;G09017;G09166
708862596,88.3915,-16.7358,17.15,G09016;G09102;G09017;G09166
708866654,88.2646,-16.159,18.62,G09016;G09017
708870250,89.9882,-16.4785,18.3,G09016;G09017
708894738,89.7985,-14.7978,19.09,G09016
708991019,91.2742,-15.1248,17.97,G09016;G09102;G09017
708993596,91.1734,-14.7706,19.16,G09016
709005667,90.4095,-14.7455,18.9,G09016;G09017
709008525,90.3424,-14.6304,19.21,G09016
709069038,87.5134,-16.5056,17.02,G09102;G09166;20SECONDTARGET
709073521,87.8722,-16.185,19.17,G09016;G09017
709074172,87.7191,-16.0701,18.75,G09016;G09017
709075328,88.3827,-15.7753,17.71,G09016;G09102;G09017;G09166
709076655,87.624,-15.9132,17.84,G09102
709078048,87.5057,-15.5036,17.77,G09016;G09102;G09017
709078050,87.5116,-15.4962,17.77,G09166
709084800,86.3932,-15.4777,18.96,G09016;G09017
709090199,87.1632,-14.8672,18.35,G09016;G09017
709093683,89.0088,-15.106,18.85,G09016;G09017
709094869,88.3548,-15.2203,17.56,G09016;G09102;G09017;G09166
709096873,88.8805,-14.8287,18.04,G09016;G09017
709096918,88.8387,-14.7886,18.36,G09016;G09017
709101362,89.0544,-14.6215,17.52,G09016;G09102;G09017
709107734,87.5491,-14.6735,18.06,G09016;G09017
709114819,88.204,-13.874,19.02,G09016
709128543,84.9449,-14.9612,18.92,G09016;G09017
709138148,85.6844,-13.619,18.3,G09016;G09017
709138938,87.134,-14.2987,18.58,G09016;G09017
709145161,87.8627,-13.6642,19.08,G09016;G09017
709147902,88.1685,-13.0555,19.07,G09016
709153817,86.8214,-13.1594,17.85,G09016;G09102;G09017;G09166
709156474,86.4129,-12.962,18.6,G09016;G09017
709158747,87.5328,-12.8129,18.88,G09016;G09017
709160338,86.8403,-12.8713,18.09,G09016;G09017
709164513,89.7745,-14.201,18.52,G09016;G09017
709179590,89.3032,-13.4746,18.48,G09016;G09017
709181499,88.9942,-13.4429,17.74,G09016;G09102;G09017
709241695,87.8109,-12.5084,18.77,G09016;G09017
709245524,87.2295,-12.003,18.35,G09016;G09017
710062949,84.7985,-14.005,18.74,G09016;G09017
710064373,84.2175,-13.9973,18.08,G09016;G09017;G09166
710065541,84.3298,-13.6314,17.67,G09102
710067093,85.2451,-13.4758,18.69,G09016;G09017
710078842,84.7426,-12.4204,18.33,G09016;G09017
710079961,84.1059,-12.4692,18.97,G09016;G09017
710082990,86.0338,-12.7878,19.2,G09016
710086029,86.0431,-12.2789,19.29,G09016
710093535,85.1108,-12.2646,18.41,G09016;G09017
710097438,84.8171,-11.7323,18.93,G09016;G09017
710098238,85.8209,-11.7606,18.24,G09016;G09017
710098776,85.4772,-11.7447,19.29,G09016
710103149,85.8064,-10.9674,19.23,G09016
710103155,85.8761,-10.9431,19.27,G09016
710109001,84.043,-12.3086,18.56,G09016;G09017
710109423,84.108,-12.0328,18.59,G09016;G09017
710121688,84.2258,-11.8481,17.76,G09102
684371,119.5922,-17.7712,16.95,G09102
5051080,109.9191,-21.8896,12.47,G09102;20SECONDTARGET
5051420,109.8754,-22.0048,8.55,G09150
5123582,110.0324,-21.6536,12.16,G09196
5127671,110.0092,-20.289,17.0,G09166
5214630,112.4642,-23.0243,4.57,G09052;20SECONDTARGET
5220128,112.4089,-21.0354,16.96,G09177
5236342,112.5123,-19.4983,15.75,G09041
10827386,110.2474,-21.1146,11.7,G09058;G09031;20SECONDTARGET
10921006,119.8764,-19.8425,17.19,G09102
10924328,119.8999,-21.4063,16.43,G09102
11005364,120.036,-21.949,15.77,G09102
11009169,119.9653,-20.1944,9.54,G09062
11177422,122.5112,-18.8863,17.11,G09102
11308269,122.7249,-19.0425,10.64,G09194
49834546,111.8234,-17.2425,17.45,G09166
49835817,111.7786,-16.7371,16.82,G09016;G09102;G09017
50102520,112.0251,-14.9478,10.67,G09196;G09196
50211272,112.1697,-14.9912,14.33,G09031
50218531,112.1987,-17.4193,17.08,G09166
50276717,112.3352,-17.345,6.57,G09062
50283734,112.3397,-15.0004,5.86,G09062;20SECONDTARGET
50374471,112.4737,-14.1547,9.19,G09150
50648349,112.6139,-14.9132,10.59,G09117
54130398,118.0647,-16.7745,15.98,G09102
54226583,118.0745,-17.8514,17.12,G09102
54398826,118.3307,-17.8167,17.26,G09166
54630536,118.8023,-17.2493,17.05,G09025
54706756,118.8753,-17.4009,17.31,G09102
56038863,113.1316,-17.8424,16.58,G09016;G09102;G09017;G09166
56244951,119.0677,-17.7959,13.29,G09196
56544091,119.4923,-17.3362,16.92,G09102
65186456,107.8747,-24.164,17.5,G09102
65652471,108.2604,-24.2248,6.59,G09062;20SECONDTARGET
66057502,109.0108,-24.3954,16.43,G09177
66329797,109.2879,-24.8504,17.35,G09102
66506323,109.4017,-24.8163,8.58,G09150
81404416,106.7506,-22.9512,16.36,G09102
81744320,107.0616,-23.4317,8.68,G09164
81836708,107.2717,-22.0032,16.32,G09177
81984230,107.3876,-23.6599,15.59,G09102;G09166
94510585,115.6186,-17.7703,17.35,G09102
94512116,115.6439,-17.3193,17.69,G09166
94770120,115.8713,-16.0212,17.22,G09102
94867385,115.9787,-17.1721,16.32,G09102
95669146,110.4516,-17.7445,12.64,G09194
99155397,107.8429,-22.8482,16.88,G09102
99356450,108.1416,-20.6828,17.77,G09166
99424943,108.2914,-23.2998,16.9,G09102
99830371,108.6979,-23.1657,17.22,G09102
99832044,108.5842,-23.6903,15.18,G09102
99935330,108.9072,-23.7064,16.64,G09166
99935334,108.887,-23.7075,7.81,G09062;20SECONDTARGET
100389539,109.3883,-19.8289,10.9,G09058;G09114;20SECONDTARGET
106347755,109.6498,-24.993,9.94,G09150
106752161,110.2711,-24.9656,16.35,G09177
108749984,112.5701,-26.3086,17.33,G09102
108834836,112.6713,-25.8257,16.78,G09102
108835547,112.6552,-26.0013,16.0,G09102
109318740,113.157,-24.5728,7.97,G09062
110108756,113.9228,-25.2096,16.7,G09177
110342135,114.0854,-24.1119,9.45,G09062
110347046,114.3313,-25.2175,14.72,G09102;20SECONDTARGET
110908242,114.8343,-26.4877,16.53,G09102
125555805,114.9948,-27.7176,9.6,G09062
125800382,115.2955,-24.0768,16.52,G09177
126042721,115.616,-24.6536,17.2,G09025
126102143,115.6501,-25.2811,17.71,G09166
126110862,115.6595,-27.5834,11.36,G09062
126356111,115.8164,-25.7746,16.17,G09177
126446153,116.0132,-27.8266,10.44,G09020;20SECONDTARGET
126534808,116.0104,-25.6439,8.69,G09062
126544165,115.988,-23.9692,17.98,G09166
126586580,116.1423,-24.674,5.82,G09150;20SECONDTARGET
126780196,116.223,-24.1771,17.31,G09102
127131602,116.7268,-27.8536,16.01,G09177
127262002,116.7378,-25.3707,7.79,G09062;20SECONDTARGET
127493838,117.1004,-25.8767,16.41,G09177
127568340,117.0352,-24.546,15.35,G09102
127569343,117.0836,-24.2964,16.13,G09102
127579341,117.2135,-26.0077,8.2,G09062
127581770,117.2131,-26.5678,15.01,G09102;20SECONDTARGET
127648842,117.1381,-28.4037,11.19,G09150
127746973,117.3669,-26.3412,9.85,G09150
127803530,117.4676,-24.1514,17.11,G09102
127977898,117.5752,-27.2509,10.73,G09150
128051438,117.6474,-24.8766,11.68,G09150
128051533,117.5433,-24.852,16.78,G09102
128127465,117.7853,-26.4693,11.84,G09150
128127559,117.7122,-26.4919,16.19,G09102
128325734,117.9003,-25.565,16.94,G09102;G09102;G09102;G09102
128326544,117.839,-25.3789,17.01,G09102
128336628,118.0237,-24.9849,16.85,G09102
128564719,118.11,-26.6572,11.19,G09150
128564945,118.1033,-26.6031,11.97,G09150
128576647,118.2893,-24.0501,16.35,G09102
128666345,118.2909,-26.5621,16.01,G09102
128671610,118.2597,-27.8328,13.76,G09102;20SECONDTARGET
128808726,118.4092,-26.234,9.31,G09150
128811735,118.3387,-25.5359,16.32,G09102
128812893,118.3879,-25.268,16.48,G09102
128898689,118.5649,-24.3268,15.39,G09041
128902569,118.5429,-25.3017,8.18,G09123
128902999,118.4834,-25.3989,15.47,G09016;G09017
129164534,118.6971,-24.2567,16.84,G09102
129170913,118.7806,-25.1696,17.29,G09102
129371913,118.8884,-26.0067,11.45,G09150
129437848,118.8826,-24.7441,16.34,G09102
129666810,119.2073,-25.9751,15.8,G09102
129671129,119.1522,-24.9117,15.71,G09102
129682867,119.3054,-25.3752,15.77,G09102
129793316,119.3847,-25.612,16.76,G09102
129922541,119.4096,-25.2603,17.42,G09166
139385056,111.7478,-23.086,5.61,G09150;20SECONDTARGET
139786309,112.3312,-18.9792,16.82,G09177
140096203,115.5394,-22.3903,11.83,G09196
140533683,116.0876,-22.7057,11.46,G09196
140744986,116.2914,-23.3382,10.35,G09150
140748121,116.4114,-23.7249,10.78,G09062
140818922,116.4116,-19.8213,16.34,G09166
140877882,116.5348,-21.2217,8.88,G09194
140879012,116.5285,-21.5431,16.57,G09025
140882409,116.5287,-22.5028,11.21,G09150
140947789,116.5139,-23.1418,6.46,G09062
141019807,116.7898,-18.1033,12.27,G09117
141260492,117.0497,-18.891,9.09,G09062
141261906,117.0323,-19.3313,7.81,G09062
141395223,117.1374,-22.4696,12.46,G09031
141402349,117.2419,-20.4184,17.19,G09166
141515459,117.3752,-23.5059,16.81,G09016;G09102;G09017
141515717,117.2718,-23.5668,14.46,G09041
141595550,117.4383,-20.2086,6.01,G09062
141653007,117.5529,-20.3469,16.9,G09102
141837416,117.7985,-20.7846,11.67,G09196
141920709,117.8068,-23.0325,7.81,G09062
141988284,117.9554,-20.7209,6.36,G09062
142126335,118.2104,-22.7323,17.01,G09102
142295037,118.4106,-23.663,17.05,G09102
142358230,118.451,-22.4892,15.67,G09102
142369467,118.427,-18.9208,8.76,G09062
142415262,118.4079,-18.0957,17.28,G09102
142695565,118.9331,-23.1203,15.32,G09102;G09166
142776664,119.1193,-20.9834,9.28,G09062
142778712,119.142,-21.5978,16.39,G09102
142837638,119.0643,-23.4186,17.23,G09166
142846728,119.209,-21.5679,15.99,G09102
142908390,119.2574,-20.4636,12.27,G09031
142910943,119.1612,-19.5024,11.46,G09196
142912191,119.1862,-19.0157,17.71,G09166
142915421,119.4023,-18.1947,16.94,G09102
142973021,119.3855,-23.0444,15.54,G09102
175924687,121.0993,-22.4191,16.79,G09102
175975960,121.3191,-21.4304,16.45,G09102
176045788,121.4234,-21.4188,17.02,G09102
176051262,121.384,-18.5149,11.78,G09150
176087258,121.48,-20.9601,7.81,G09062
176088248,121.5779,-21.4627,16.77,G09102
176157174,121.6691,-18.2824,17.1,G09102
176157205,121.6552,-18.2656,16.23,G09102
176352408,122.0689,-20.5768,17.18,G09102
231406987,115.1538,-19.4425,12.02,G09196
231419689,115.3158,-20.3663,8.6,G09062
231426825,115.2265,-22.4209,8.33,G09062
259070502,113.4498,-14.5239,2.89,G09036
259214713,113.5542,-16.1868,6.15,G09062
259217117,113.5774,-17.1074,17.52,G09025;G09041
262321830,108.7974,-23.0153,11.83,G09196
289011319,114.8951,-16.0271,8.07,G09062
289113764,115.0955,-17.4177,12.82,G09016;G09017;G09102
289325903,115.1812,-16.4427,17.46,G09102
293825481,119.5639,-20.7924,15.25,G09102
293829810,119.644,-19.3959,17.4,G09102
293834425,119.5825,-18.3456,16.04,G09177;G09102;20SECONDTARGET
293911989,119.7641,-21.3139,15.92,G09102
293916972,119.6966,-23.2788,15.91,G09102
293985176,122.3737,-19.5635,16.83,G09102
299844909,122.1855,-19.5596,17.34,G09102
331992200,120.0243,-17.8344,16.08,G09102
331993266,120.0703,-17.4891,17.42,G09102
334061567,116.5713,-16.191,14.16,G09041
346715528,117.1196,-16.514,17.44,G09102
346887826,117.3977,-17.5491,16.81,G09102
346889553,117.3909,-16.8611,7.56,G09062
348744589,113.9227,-21.4825,7.73,G09052
348802343,113.8121,-18.9048,8.06,G09062
349043273,114.1709,-19.7023,5.91,G09150;20SECONDTARGET
349201305,114.422,-23.3287,16.48,G09102
349318274,114.3764,-19.4104,11.9,G09117
349323840,114.4562,-18.2689,16.12,G09016;G09102;G09017
349414705,114.5166,-20.3895,11.55,G09196
385722763,110.8927,-17.6881,16.83,G09102
385910710,111.2091,-17.1631,18.11,G09016;G09017
386070356,111.5146,-15.6667,6.31,G09062;20SECONDTARGET
405111559,113.677,-17.6791,9.43,G09062
405113468,113.8007,-17.5471,6.74,G09062;20SECONDTARGET
412344084,110.4899,-18.1144,16.89,G09166
412458408,110.786,-18.1341,16.53,G09177
412515802,110.7578,-20.3735,15.02,G09102;20SECONDTARGET
412670422,110.9116,-18.0871,16.91,G09166
412743856,111.2169,-21.9641,10.3,G09117
412784279,111.307,-19.802,9.99,G09062
412842729,111.3158,-22.1001,17.01,G09025
415276070,114.9426,-21.4856,11.4,G09058;G09114;20SECONDTARGET
423127506,113.0652,-19.0348,11.55,G09196
423245334,113.5769,-23.4737,5.41,G09062;20SECONDTARGET
431842620,120.1642,-22.7426,17.33,G09102
431843568,120.0653,-22.3879,15.29,G09102
431883441,120.1774,-21.6688,17.1,G09102
431910629,120.3817,-21.7702,12.03,G09196
431917249,120.3601,-18.915,17.96,G09166
431947378,120.4616,-23.1825,15.67,G09102
431973233,120.6105,-22.9919,17.01,G09102
431975623,120.5632,-22.0681,16.42,G09102
431999662,120.8103,-19.8943,16.88,G09102;G09102;G09102;G09102
432005016,120.8182,-22.1798,17.17,G09102
432040816,120.8536,-20.0415,11.78,G09196
432056457,121.0411,-18.2358,16.59,G09102
432063405,121.0035,-21.307,16.67,G09166
432063408,121.008,-21.3089,16.89,G09102
432065242,121.0583,-22.0259,17.11,G09102
456736556,112.784,-21.7058,16.02,G09102
456765540,112.9385,-19.3719,11.8,G09196
456796636,113.2165,-21.0948,14.88,G09025;20SECONDTARGET
456852749,113.4899,-23.8055,16.78,G09102
456871289,113.5129,-22.2957,3.94,G09062;G09123;20SECONDTARGET
744906234,107.8288,-23.7333,16.67,G09177
744966372,106.4646,-23.3836,18.04,G09016;G09017
745089593,109.0445,-22.5953,17.35,G09016;G09017;G09166
745123103,109.2185,-21.7062,18.61,G09016;G09017
745167492,107.7463,-21.5639,18.63,G09016;G09017
745183654,108.5711,-21.4594,17.47,G09166
745183686,108.5634,-21.4533,17.51,G09102
745190869,108.6794,-21.1091,17.55,G09016;G09102;G09017
745195351,107.8017,-21.4312,19.19,G09016
745196629,107.7242,-21.3497,18.46,G09016;G09017
745198175,107.815,-21.2028,18.43,G09016;G09017
745411191,108.1452,-20.6917,17.82,G09016;G09102;G09017
745516161,109.4559,-21.7084,17.82,G09016;G09017
745667044,110.0054,-20.2804,17.0,G09102
745683415,109.1355,-20.1285,19.23,G09016
745788327,111.5214,-19.2537,18.2,G09016;G09017
745833592,109.8918,-19.4807,17.53,G09102;G09166
745904208,108.6905,-20.1849,18.98,G09016;G09017
746048306,110.5955,-18.5387,19.02,G09016;G09017
746059300,110.921,-18.0909,17.43,G09102
746067208,110.2663,-18.2785,18.42,G09016;G09017
746073229,110.0177,-17.994,17.7,G09102
746074212,110.4981,-18.1089,17.0,G09016;G09102;G09017
746111336,109.9116,-17.8593,18.95,G09016;G09017
748433298,112.7046,-19.1325,18.44,G09016;G09017
748436543,112.5142,-19.0243,19.24,G09016
748443078,112.914,-18.6733,18.7,G09016;G09017
748460262,113.3599,-18.4291,18.69,G09016;G09017
748498875,112.2167,-18.0366,17.27,G09016;G09102;G09017;G09166
748509996,112.0421,-17.8474,17.87,G09016;G09102;G09017
748520529,112.9243,-17.5547,17.78,G09016;G09102;G09017;G09166
748526716,112.1925,-17.429,17.14,G09016;G09102;G09017
748586827,114.2526,-17.1248,18.8,G09016;G09017
748621185,112.5463,-16.9681,16.59,G09016;G09102;G09017;G09166
748696746,110.9459,-17.283,19.03,G09016
748701552,111.9604,-17.2194,18.39,G09016;G09017
748701923,111.553,-17.3576,19.21,G09016
748702832,111.8175,-17.2464,17.45,G09016;G09102;G09017
748729780,110.779,-17.1251,18.05,G09016;G09017
748759206,110.8184,-16.3856,16.87,G09016;G09102;G09017;G09166
748817028,112.9219,-15.9417,18.15,G09016;G09017
748846891,111.5805,-15.9045,19.02,G09016
748920727,114.8602,-16.2901,18.23,G09016;G09017
748937131,116.0727,-16.0299,16.37,G09102
748949220,116.326,-15.6167,19.02,G09016
748958637,115.5194,-15.5575,18.2,G09016;G09017
749023007,114.772,-15.1519,18.95,G09025
776558753,116.8561,-28.2378,17.58,G09016;G09102;G09017;G09166
776564227,116.6338,-28.0879,19.21,G09016
776585501,116.1666,-27.8641,19.18,G09016
776586392,116.3199,-27.8466,18.31,G09016;G09017
776717437,117.1474,-26.7436,19.1,G09016
776717501,117.1476,-26.7085,17.92,G09016;G09017
776743323,116.7202,-26.3829,16.39,G09102
776753359,116.6972,-26.0977,16.77,G09177
776914466,117.361,-25.7284,18.41,G09016;G09017
776918754,117.6516,-25.503,17.41,G09102
776960018,117.7836,-25.4452,16.6,G09102
779313819,115.0709,-27.0574,18.65,G09016;G09017
779318713,114.5018,-27.3105,18.93,G09016;G09017
779404448,114.0126,-26.5874,18.78,G09016;G09017
779413962,113.5892,-26.6384,18.71,G09016;G09017
779418537,113.3411,-26.5012,18.25,G09016;G09017
779678826,112.8219,-26.4372,18.23,G09016;G09017
779717891,113.165,-25.9832,18.82,G09016;G09017
779724160,113.7808,-25.8538,18.38,G09016;G09017
779789809,111.7154,-25.851,18.26,G09016;G09017
779789830,111.6979,-25.8329,17.05,G09016;G09102;G09017;G09166
779790682,111.7712,-25.7149,18.62,G09016;G09017
779858851,115.7618,-26.6088,17.46,G09102;G09166
779908146,116.3012,-26.0796,17.93,G09016;G09102;G09017;G09166
779991706,114.5079,-25.5698,18.66,G09016;G09017
780016862,115.6489,-25.2791,17.73,G09016;G09102;G09017
780142689,117.3688,-24.6006,18.98,G09016;G09017
780171850,115.8111,-25.0125,18.06,G09016;G09017
780235595,117.1868,-24.1828,18.1,G09016;G09017
780403725,113.214,-24.4699,19.0,G09016
780407423,113.2351,-24.3256,18.57,G09016;G09017
780470923,115.5916,-24.1909,19.2,G09016
780473514,115.9493,-24.0227,18.6,G09016;G09017
780473706,115.99,-23.9796,18.0,G09016;G09102;G09017
780529810,116.117,-23.3865,19.06,G09016
780618996,115.5479,-22.9696,17.16,G09102
780851614,109.6599,-25.2179,18.62,G09016;G09017
780879758,110.7517,-25.5225,17.88,G09102
780883703,111.0628,-25.2852,18.8,G09016;G09017
780917046,112.1186,-24.3696,17.98,G09102;G09166
780929167,111.6352,-24.3777,18.77,G09016;G09017
780939610,110.4598,-24.9501,18.53,G09016;G09017
780948603,110.7509,-24.7776,17.63,G09016;G09102;G09017;G09166
780996712,111.287,-23.945,17.05,G09177
781018068,111.032,-23.5629,18.14,G09016;G09017
781081228,109.2623,-24.5968,19.22,G09016
781090879,108.7133,-24.6906,18.56,G09016;G09017
781090893,108.73,-24.6747,16.21,G09177;G09102
781152902,108.2116,-24.4734,18.88,G09016;G09017
781192552,108.3925,-23.6558,17.57,G09102
781200592,108.2616,-23.3781,17.36,G09102
781217454,110.0692,-23.9905,19.22,G09016
781228459,109.2545,-24.0166,18.42,G09016;G09017
781231961,109.3702,-23.7937,18.83,G09016;G09017
781274831,110.6148,-23.0961,18.09,G09016;G09017;G09166
781276478,110.4423,-22.9779,18.89,G09016;G09017
781290085,108.8947,-23.7073,16.67,G09016;G09102;G09017
781323205,109.1081,-23.0884,18.93,G09016;G09017
781324288,109.2243,-22.9485,17.33,G09016;G09102;G09017;G09166
781344589,110.142,-22.8611,18.49,G09016;G09017
781357616,109.2407,-22.8096,18.85,G09016;G09017
781358726,109.5173,-22.7826,18.03,G09166
781372793,109.8035,-22.3126,17.97,G09025
781380503,112.4283,-24.5055,17.6,G09016;G09102;G09017;G09166
781425059,113.1932,-23.7239,18.09,G09016;G09017
781470384,112.2538,-23.5328,19.11,G09016
781518441,112.3726,-22.7635,15.88,G09025
781523733,112.1904,-22.4229,18.02,G09166
781523734,112.1937,-22.4229,18.04,G09016;G09017
781526136,112.7823,-22.3956,18.03,G09016;G09017
781592165,114.9192,-22.1361,19.02,G09016
781651090,113.0253,-21.9326,18.37,G09016;G09017
781658094,113.1483,-21.894,19.17,G09016
781658096,113.1458,-21.896,17.92,G09016;G09102;G09017;G09166
781744643,111.2538,-22.3576,19.14,G09016
781754850,112.0056,-22.258,18.33,G09016;G09017
781877451,111.181,-21.1566,18.84,G09016;G09017
781982370,111.8045,-20.9462,18.17,G09166
782000624,111.5842,-20.8297,17.78,G09102;G09166
782037411,112.8059,-20.2708,18.07,G09016;G09017
782040877,113.0121,-20.074,17.88,G09016;G09102;G09017;G09166
782050287,112.3264,-20.2228,19.11,G09016
782112895,119.4135,-25.261,17.48,G09102
782260312,118.1806,-24.3809,19.12,G09016
782318866,119.0637,-23.4265,17.46,G09102
782321737,119.2354,-23.2661,17.83,G09025;G09041
782347741,118.8924,-22.9216,17.05,G09102
782349574,118.7475,-22.7681,15.56,G09102
782382858,117.3791,-23.1506,18.29,G09016;G09017
782437931,119.6993,-22.8573,18.2,G09016;G09017
782458079,119.3535,-22.5722,17.72,G09016;G09102;G09017;G09166
782463248,119.1595,-22.3943,17.88,G09166
782463249,119.155,-22.3917,17.91,G09102
782476260,119.8695,-22.156,17.21,G09102
782482009,119.9,-21.8202,16.65,G09102
782532037,119.6632,-21.5741,18.97,G09016;G09017
782568181,116.4775,-22.9785,18.15,G09016;G09017
782584518,116.2286,-22.825,18.92,G09016;G09017
782596998,116.6622,-22.4253,17.95,G09016;G09102;G09017;G09166
782621856,117.8536,-21.913,19.24,G09016
782755323,117.7756,-21.6599,19.11,G09016
782755608,117.7319,-21.6229,18.75,G09016;G09017
782769614,118.3281,-21.0731,18.87,G09016;G09017
782850859,117.2489,-20.4247,17.2,G09102
782924892,119.1131,-20.0198,18.92,G09016;G09017
782968807,118.4461,-19.2626,18.34,G09016;G09017
782986894,119.9302,-18.9771,18.03,G09166
782993243,119.177,-19.0163,17.71,G09102
783127903,114.4395,-20.8179,18.66,G09016;G09017
783145106,115.4336,-20.6128,18.7,G09016;G09017
783216450,116.4175,-19.8308,16.35,G09016;G09102;G09017
783217275,116.4927,-19.7253,19.07,G09016
783226668,117.2704,-19.6724,18.31,G09016;G09017
783228248,117.3142,-19.6339,19.04,G09016
783254874,117.4969,-19.0171,18.09,G09016;G09017
783267141,116.2408,-19.6603,17.57,G09016;G09102;G09017;G09166
783340019,113.9886,-20.4976,17.68,G09016;G09102;G09017;G09166
783400689,114.6326,-19.4091,18.27,G09016;G09017
783409166,113.2291,-20.0549,17.05,G09102
783481304,115.7337,-18.9344,18.49,G09016;G09017
783552685,114.792,-18.4131,17.76,G09016;G09102;G09017
783575017,114.3349,-18.1106,18.8,G09016;G09017
783595260,115.2835,-17.817,17.93,G09016;G09102;G09017
783603253,115.6259,-17.5804,18.81,G09016;G09017
783661277,118.0822,-18.3608,19.15,G09016
783672186,119.3336,-18.3246,18.09,G09016;G09017
783730092,118.1914,-18.0273,17.94,G09016;G09102;G09017;G09166
783732870,118.3283,-17.8128,17.32,G09016;G09102;G09017
783782968,119.1467,-17.3317,17.93,G09016;G09102;G09017
783783263,119.6004,-17.4953,17.45,G09102
783813175,118.6668,-17.0952,19.19,G09016
783816073,118.2102,-17.0321,18.18,G09016;G09017
783920456,117.458,-16.7112,17.91,G09016;G09102;G09017;G09166
783923791,117.4009,-16.6436,19.03,G09016
783948206,116.3337,-16.6827,18.0,G09016;G09017
833266596,120.1886,-23.0846,18.49,G09016;G09017
833269261,120.374,-22.9359,16.84,G09016;G09102;G09017
833280474,120.6918,-23.0432,18.89,G09016;G09017
833307065,121.1325,-22.3795,18.03,G09016;G09017
833307068,121.132,-22.3735,17.89,G09166
833642287,121.467,-21.7024,18.13,G09016;G09017;G09166
834671031,120.3687,-22.1397,18.71,G09016;G09017
834675974,120.0949,-22.0802,18.29,G09016;G09017
834697964,120.844,-21.5176,18.89,G09016;G09017
834741367,121.266,-20.9298,19.14,G09016
834754561,121.3535,-20.3816,18.55,G09016;G09017
834813365,121.0358,-19.7602,18.86,G09016;G09017
834837658,121.7835,-20.0538,18.66,G09016;G09017
834843314,122.2012,-19.9162,18.72,G09016;G09017
834843319,122.2003,-19.9159,18.43,G09016;G09017
834845236,122.378,-19.713,16.88,G09102;G09166
834863474,122.4419,-19.5051,18.6,G09016;G09017
834953008,120.2187,-19.0726,17.99,G09102;G09166
834957024,120.9345,-19.3806,17.47,G09016;G09102;G09017
834957641,120.8725,-19.3514,17.43,G09102
834975812,120.3663,-18.9138,17.96,G09016;G09102;G09017
834996451,121.7929,-18.3396,17.84,G09016;G09102;G09017
834996460,121.7911,-18.3315,17.82,G09166
835026932,120.5865,-18.0024,18.44,G09016;G09017
22598327,108.0621,-38.1747,7.42,G09062;G09123;20SECONDTARGET
22641002,108.1426,-36.222,8.86,G09117
22641187,108.1371,-36.094,15.63,G09041;20SECONDTARGET
22644202,108.2625,-38.1651,10.24,G09062
22866080,108.9581,-37.1105,16.36,G09016;G09017;20SECONDTARGET
22866110,108.9467,-37.1311,16.3,G09177
22868366,108.9453,-38.8679,15.75,G09016;G09102;G09017;G09166
52393967,100.3822,-34.5021,17.42,G09166
52446910,100.2963,-33.219,16.0,G09177
52447844,100.36,-32.2291,16.07,G09177
52640302,101.1148,-32.8584,12.05,G09058;20SECONDTARGET
52641093,101.005,-33.6341,9.72,G09062
52683870,101.1371,-31.0234,12.82,G09180
52683875,101.1366,-31.0216,9.13,G09180
52687259,101.3437,-31.796,5.44,G09062;20SECONDTARGET
52689469,101.3948,-33.8817,13.64,G09142;20SECONDTARGET
52692117,101.5475,-35.2805,16.24,G09177
52918500,102.1614,-32.4687,7.69,G09062;20SECONDTARGET
52924466,102.3875,-33.7094,8.88,G09036
52982382,102.4602,-32.5084,3.55,G09164;20SECONDTARGET
53059882,102.6211,-34.6049,10.11,G09036
53063082,102.5973,-31.7059,5.37,G09164;20SECONDTARGET
53175558,103.0078,-33.9151,6.66,G09062;G09123;20SECONDTARGET
53457068,102.6895,-29.4476,7.39,G09062;20SECONDTARGET
53458803,102.8474,-29.0587,11.87,G09058;G09114;20SECONDTARGET
53688090,103.3938,-28.5431,5.42,G09062;20SECONDTARGET
53823089,103.6371,-27.5594,8.27,G09062;20SECONDTARGET
63050430,104.585,-29.6455,9.25,G09062
63198307,104.6565,-28.9722,2.48,G09052;20SECONDTARGET
63199687,104.7211,-29.8669,9.82,G09062
63305683,105.0389,-25.9753,12.01,G09194
63352695,104.9116,-27.9281,17.17,G09102
63355088,105.0002,-29.2874,15.6,G09166
63475995,105.1769,-28.4899,5.84,G09062;20SECONDTARGET
63579446,105.4939,-25.5321,11.04,G09020
63579455,105.515,-25.5347,12.27,G09117
63661147,105.4513,-27.7021,7.58,G09062;20SECONDTARGET
63663439,105.5227,-28.9204,8.67,G09062
63720865,105.6765,-26.0924,9.97,G09196
63731792,105.779,-25.5567,17.04,G09166
63731809,105.7786,-25.562,17.33,G09102
63801778,105.7239,-28.636,15.54,G09102;20SECONDTARGET
63893927,106.0196,-25.6783,8.45,G09062
63951167,106.1826,-28.7319,10.84,G09196
64203116,106.4945,-25.3121,8.58,G09062
64450677,106.7788,-27.5466,16.18,G09177;G09102
64538339,106.9481,-28.4851,17.31,G09102
64540088,107.0004,-27.7364,17.12,G09102
64608449,107.1403,-28.6129,7.01,G09062
65057472,107.6706,-29.661,9.51,G09062
65133086,107.7418,-29.4288,16.73,G09177
65133944,107.8213,-29.0653,16.57,G09177
65142573,107.8006,-25.9078,7.7,G09062;20SECONDTARGET
65144290,107.8091,-25.3027,14.47,G09016;G09017;G09166;20SECONDTARGET
65191207,107.845,-25.751,16.88,G09177
65401386,108.0643,-26.5805,9.68,G09062
65664136,108.4018,-27.3563,6.36,G09150
65803653,108.5633,-26.3525,4.72,G09150;20SECONDTARGET
65900170,108.628,-25.8034,9.14,G09062
65903024,108.7026,-26.7726,4.05,G09164;20SECONDTARGET
65911723,108.8385,-29.8893,16.91,G09102
66340558,109.2349,-28.3292,13.61,G09102;20SECONDTARGET
66421167,109.1555,-29.3152,16.84,G09177
66599481,109.4655,-28.491,16.43,G09016;G09102;G09017;G09166
96322307,103.7885,-35.6494,17.38,G09166
96391724,104.0028,-32.5578,16.92,G09166
96391732,103.9923,-32.5617,17.07,G09016;G09102;G09017
96520633,104.3229,-35.507,5.82,G09062;20SECONDTARGET
96522055,104.37,-35.0628,8.32,G09062
96580348,104.4864,-33.7678,16.77,G09177
96739823,104.7974,-33.8803,8.22,G09062
96799506,105.1765,-30.7191,11.5,G09079;G09036;G09039
96921920,105.4251,-32.5241,18.09,G09166
96928050,105.4907,-34.7454,15.24,G09102;20SECONDTARGET
97062473,105.8423,-34.0588,16.24,G09177;G09102
97065627,105.8818,-31.9292,16.0,G09177
97161543,105.9987,-32.514,16.04,G09177;G09102
97162204,105.9047,-32.9816,7.81,G09062
97163088,106.0304,-33.574,16.64,G09177
97273469,106.185,-31.9454,6.91,G09062
97276720,106.1959,-34.1226,16.3,G09177
97280658,106.383,-34.7774,6.1,G09062
97281605,106.3205,-34.1431,7.06,G09062
97416936,106.5647,-33.319,17.64,G09166
97578039,107.0085,-35.0594,17.48,G09166
97579288,106.9255,-34.2065,8.86,G09062
97582089,106.9921,-32.4275,16.75,G09177
97646800,107.0461,-31.4282,6.61,G09062
97656215,107.2592,-34.2984,16.94,G09016;G09102;G09017;G09166
97704990,107.3046,-30.2752,16.57,G09177
97708390,107.3528,-32.0816,15.57,G09102;G09166
97790682,107.3568,-33.4547,8.2,G09062
97791435,107.4241,-33.889,16.83,G09177
97797267,107.4841,-34.0312,9.07,G09150
97840441,107.6006,-30.1548,17.7,G09166
97847605,107.7133,-34.3528,16.27,G09102;G09166
97921547,107.8333,-35.8505,11.1,G09058;G09114;20SECONDTARGET
97924419,107.7475,-33.8403,16.71,G09177
98168772,108.327,-33.9699,9.29,G09062
98283926,108.4524,-33.4374,13.15,G09058;G09142;20SECONDTARGET
98293921,108.6522,-32.5413,14.32,G09102;20SECONDTARGET
98293937,108.6834,-32.532,17.57,G09166
98393577,108.7486,-32.8029,8.11,G09062
98544203,109.0441,-30.4791,17.56,G09102
98545929,109.1045,-31.2444,12.45,G09058;20SECONDTARGET
101266495,103.4442,-35.838,8.39,G09062
106338071,109.5614,-28.9445,16.71,G09102;G09166
106413626,109.705,-27.1287,15.8,G09025
106619926,110.0125,-29.7487,13.03,G09194
106830354,110.2288,-26.9638,6.16,G09150
106839739,110.4799,-29.1696,12.24,G09194
106886673,110.3697,-28.621,11.55,G09196
107083703,110.7395,-28.8869,16.49,G09177
107088110,110.6421,-27.2471,16.13,G09177;G09102;20SECONDTARGET
107255233,110.834,-27.7895,14.92,G09016;G09102;G09017;20SECONDTARGET
107259081,110.8661,-29.2492,16.29,G09177
107414398,111.0974,-28.8721,17.38,G09166
107415639,111.0237,-29.3031,4.06,G09052;20SECONDTARGET
107538847,111.1565,-27.7125,17.29,G09102
107948929,111.7096,-27.6419,16.4,G09177;G09102
108121382,111.9462,-28.7334,16.36,G09177;20SECONDTARGET
108183404,112.0678,-27.7227,17.46,G09166
108413068,112.1758,-27.9045,7.96,G09062
108644881,112.4628,-28.24,14.44,G09102;20SECONDTARGET
108946093,112.7887,-29.3266,16.59,G09177
109443319,113.1636,-28.9358,11.91,G09196;G09196
109447298,113.3037,-29.7973,10.47,G09196;G09196
109449497,113.3664,-29.1922,11.84,G09196
109692639,113.409,-28.2723,16.05,G09016;G09102;G09017;G09166
110204755,113.9953,-29.3619,17.25,G09102
110481341,114.4133,-29.7493,14.89,G09016;G09102;G09017;G09166
110713000,114.5339,-28.7397,7.63,G09062;20SECONDTARGET
110714491,114.5871,-29.1978,9.73,G09062
111235557,110.3908,-30.1041,8.3,G09062
111242086,110.5084,-32.6303,16.49,G09177
111317402,110.4454,-35.5642,16.6,G09177;G09102
111381080,110.717,-30.7068,16.89,G09102
111383067,110.7186,-31.4372,16.84,G09177
111494999,110.7914,-35.8316,16.56,G09177
111539246,110.8971,-33.3845,9.28,G09062
111636453,111.0447,-32.5209,15.77,G09102
111636476,111.0485,-32.529,15.55,G09166
111644228,111.0381,-35.8743,11.38,G09194
112064333,111.5404,-33.8112,16.87,G09102
112069360,111.7619,-35.7756,18.11,G09166
112115538,111.7805,-30.6706,16.65,G09016;G09102;G09017;G09166
112115898,111.6559,-30.552,11.77,G09031;20SECONDTARGET
112117384,111.6577,-30.112,16.57,G09177
112234243,111.8258,-33.4812,16.5,G09166
112236473,111.8332,-34.3481,9.46,G09036
112407780,111.992,-31.2219,16.8,G09177
112604564,112.4192,-29.9379,12.32,G09058;20SECONDTARGET
112659652,112.3853,-31.915,16.71,G09177
112726375,112.5079,-32.9281,8.61,G09062
112727684,112.5784,-32.503,16.8,G09177
112923257,112.6419,-34.0906,7.81,G09150
113027515,112.8051,-31.6907,10.0,G09062
113177336,112.991,-35.2588,8.57,G09062
113292892,113.1747,-30.403,17.07,G09177
113661364,113.5492,-33.1194,15.15,G09102;20SECONDTARGET
113844912,113.7892,-31.5003,7.73,G09062
114115352,114.1256,-32.2118,10.75,G09102;20SECONDTARGET
114299824,114.2834,-32.7554,12.93,G09058;20SECONDTARGET
114300451,114.2403,-32.5459,15.74,G09152
114658086,114.5907,-32.5727,10.97,G09062
126206007,115.7666,-29.06,8.41,G09062
126436062,115.8523,-29.3591,7.64,G09062
126922075,116.4509,-29.3547,17.82,G09166
148662156,114.7796,-32.1031,8.09,G09062
148794925,115.0294,-33.5423,11.86,G09150
148795222,115.1267,-33.4251,6.8,G09062;20SECONDTARGET
148872191,115.2515,-30.9276,10.18,G09062
148982298,115.3055,-32.6439,7.17,G09052
149075809,115.4567,-30.3862,8.27,G09062
149212278,115.7091,-30.4617,15.35,G09102;G09102;G09102;G09102;G09166
157051253,104.9313,-35.9815,16.69,G09177
157250130,105.6043,-36.7134,16.65,G09166
157250132,105.5985,-36.7121,16.88,G09177;G09102
157250629,105.6099,-36.3112,12.23,G09194
157250746,105.6807,-36.212,12.03,G09196
157633138,107.0987,-36.8256,10.67,G09194
157698565,107.4881,-37.2309,10.72,G09123;20SECONDTARGET
173141118,111.1558,-38.2734,7.0,G09062;20SECONDTARGET
173324797,111.5697,-37.6408,9.38,G09062;20SECONDTARGET
173387002,111.8961,-38.3179,9.86,G09062
173435454,112.1147,-37.4114,16.36,G09166
173755791,112.7826,-37.1486,16.87,G09016;G09102;G09017
231455095,109.124,-33.8982,17.51,G09102
231459128,109.178,-31.8138,16.52,G09166
231484259,109.3774,-30.2103,17.16,G09102
284655957,110.7688,-39.205,10.27,G09062
319862613,109.4469,-33.2422,9.58,G09194
319933613,109.5534,-33.4648,8.23,G09062
320214991,109.8295,-35.0391,7.6,G09062
320220653,110.0652,-33.7352,11.22,G09062
320346426,110.1993,-31.784,14.44,G09102;20SECONDTARGET
320346431,110.1957,-31.7865,14.3,G09166
320350213,110.1074,-33.549,8.28,G09062
320411045,110.1704,-33.9223,12.32,G09058;G09126;20SECONDTARGET
738413659,99.7746,-33.9434,18.5,G09016;G09017
738413735,99.9551,-33.9653,19.17,G09016
738414966,99.8889,-33.6436,18.53,G09016;G09017
738415311,99.9761,-33.5803,17.98,G09016;G09102;G09017;G09166
738418803,99.9984,-33.1975,19.0,G09016;G09017
744072384,104.9783,-26.2432,18.37,G09016;G09017
744075782,104.6821,-26.1863,17.95,G09102
744157718,105.956,-25.1674,17.67,G09016;G09102;G09017;G09166
744158219,105.6171,-25.3589,18.25,G09016;G09017
744178013,105.4779,-24.7766,19.1,G09016
771488699,109.4146,-38.5206,17.82,G09102;G09166
771494505,108.9746,-38.5107,19.1,G09016
771498710,109.0232,-38.0986,18.97,G09016;G09017
771498838,108.9212,-38.1673,16.76,G09177
771526572,108.4612,-37.8932,18.09,G09016;G09017
771527689,108.5726,-37.7712,19.2,G09016
771531211,107.8255,-37.8288,18.44,G09016;G09017
771593864,105.3726,-37.4257,17.83,G09102
771605262,106.5678,-37.9025,17.26,G09177;G09102
771608833,106.8696,-37.5635,16.7,G09177;G09102
771632058,106.2636,-37.4944,18.59,G09016;G09017
771638971,105.9179,-37.2832,18.21,G09016;G09017
771649952,106.8055,-36.6077,19.09,G09016
771657291,106.9668,-36.2816,17.86,G09016;G09017
771847698,104.6632,-36.5104,18.5,G09016;G09017
771858992,105.3357,-36.7789,17.7,G09016;G09102;G09017
771873713,106.3862,-36.0682,18.3,G09016;G09017
771881847,105.7117,-35.887,19.16,G09016
771882549,106.0758,-35.7301,18.26,G09016;G09017
771890147,104.7669,-36.329,19.15,G09016
771892658,104.8087,-35.9006,18.64,G09016;G09017
771909270,105.8456,-35.0283,17.91,G09016;G09017
771913185,105.2602,-35.1688,17.88,G09016;G09017
771932457,102.6877,-35.9127,18.57,G09016;G09017
771937827,103.7747,-35.6526,17.39,G09016;G09102;G09017
771961277,102.7329,-35.5869,18.48,G09016;G09017
771961457,102.7487,-35.5232,18.69,G09016;G09017
771964056,102.543,-35.0891,19.27,G09016
771965133,103.1342,-35.0535,16.83,G09102;G09017;G09166;20SECONDTARGET
771985792,103.9145,-34.5646,17.53,G09016;G09102;G09017;G09166
772003983,103.3804,-34.6134,17.91,G09166
772004558,103.3882,-34.6102,18.01,G09016;G09017
772006659,103.3305,-34.2884,18.53,G09016;G09017
772026385,104.019,-33.5462,18.24,G09016;G09017
772051088,101.6495,-35.0994,17.55,G09016;G09102;G09017
772060916,102.1594,-34.458,19.02,G09016
772064731,102.1464,-34.1515,17.28,G09016;G09102;G09017;G09166
772073696,100.3919,-34.4983,17.43,G09016;G09102;G09017
772084056,101.0603,-34.0158,17.68,G09102;G09166
772084194,101.1061,-33.91,18.96,G09016;G09017
772084617,101.0782,-33.8256,18.31,G09016;G09017
772099393,103.1274,-33.5568,17.59,G09016;G09102;G09017
772112550,103.6389,-32.9774,18.56,G09016;G09017
772126942,101.9415,-32.8514,17.77,G09102
772139292,102.5667,-32.487,17.78,G09016;G09102;G09017;G09166
772145519,102.4369,-32.1857,18.24,G09016;G09017
772162583,100.2665,-32.8001,19.08,G09016
772168244,100.1858,-32.2172,19.1,G09016
772181263,101.1828,-31.959,17.88,G09102;G09166
772182595,101.411,-31.5839,18.39,G09016;G09017
772187661,101.8522,-31.4932,17.41,G09016;G09102;G09017;G09166
772188327,102.4007,-31.5321,18.48,G09016;G09017
772477411,110.5833,-39.4934,19.15,G09016
772479724,110.7805,-39.1273,17.73,G09016;G09017
772509713,111.5457,-38.3141,17.88,G09016;G09017
772512319,110.4113,-39.3603,18.32,G09016;G09017
772525926,109.8326,-38.7513,18.36,G09016;G09017
772548268,110.7488,-38.0265,18.69,G09016;G09017
772614969,112.8178,-37.0274,17.95,G09016;G09017
772630557,111.7276,-37.5034,18.57,G09016;G09017
772643111,111.3846,-37.3113,18.17,G09016;G09017;G09166
773204390,114.0074,-34.3925,19.25,G09016
773370205,109.3196,-38.0341,18.61,G09016;G09017
773390882,110.6839,-37.2314,17.95,G09016;G09017
773413276,108.9558,-37.228,19.01,G09016
773421732,108.848,-37.1807,19.29,G09016
773430803,108.9495,-36.6497,18.55,G09016;G09017
773436582,109.5336,-36.6938,17.55,G09016;G09102;G09017
773449021,109.0896,-36.5002,17.95,G09166
773449025,109.0848,-36.5047,18.04,G09016;G09017
773476273,111.0098,-36.4272,19.02,G09016
773490199,111.6832,-36.2963,18.85,G09016;G09017
773510638,111.3368,-35.7113,17.92,G09016;G09102;G09017
773521589,111.8834,-35.0567,18.99,G09016;G09017
773528420,110.3459,-35.9194,18.25,G09016;G09017
773535432,110.5209,-35.5634,18.04,G09166
773535438,110.522,-35.5696,17.93,G09102
773550887,110.3815,-35.225,18.99,G09016;G09017
773558720,111.1564,-35.2215,17.76,G09016;G09017
773589557,108.0086,-36.7587,19.02,G09016
773599527,108.0529,-36.5195,18.17,G09016;G09017
773600529,108.1551,-36.3572,19.25,G09016
773601312,107.8198,-36.3989,19.3,G09016
773615049,108.9074,-35.8384,18.82,G09016;G09017
773628734,108.93,-35.5283,18.19,G09016;G09017
773642717,107.9366,-35.477,18.92,G09016;G09017
773678094,109.7791,-35.4103,17.92,G09166
773735838,110.2675,-33.9339,19.01,G09016
773757228,108.8212,-34.251,18.84,G09016;G09017
773774884,109.6284,-33.8535,17.74,G09016;G09017
773783127,109.8791,-33.6508,19.24,G09016
773893612,111.9052,-34.6378,19.05,G09016
773986434,114.3018,-33.7563,19.16,G09016
774041611,114.9887,-32.6705,19.22,G09016
774205944,111.8231,-33.4778,16.59,G09102
774218658,112.1745,-32.8726,18.76,G09016;G09017
774227223,112.0769,-32.538,17.23,G09016;G09102;G09017;G09166
774340574,112.6167,-32.564,18.16,G09016;G09017
774363052,112.8779,-31.8114,19.1,G09016;G09017
774410042,113.474,-31.4361,17.92,G09166
774434710,113.3504,-31.1346,18.91,G09016;G09017
774538309,112.1595,-30.6707,18.67,G09016;G09017
774551754,112.2043,-30.3113,19.11,G09016
775312136,115.7904,-31.8888,18.61,G09016;G09017
775350994,115.7644,-31.798,18.44,G09016;G09017
775372627,115.75,-31.4022,17.93,G09102
775454745,115.3031,-31.1323,17.96,G09016;G09017
775500770,114.964,-30.3798,17.23,G09102
775564028,116.5212,-30.4805,19.11,G09016
775564285,116.5581,-30.4317,16.04,G09016;G09102;G09017;G09166;20SECONDTARGET
775646480,116.1704,-29.9628,18.84,G09016;G09017
775712953,116.4451,-29.361,17.86,G09016;G09102;G09017
775738113,114.1383,-30.9353,18.8,G09016;G09017
775794634,114.5214,-30.4095,17.54,G09102;G09166
775829417,114.694,-29.8298,17.62,G09016;G09102;G09017
775829418,114.6855,-29.8247,17.61,G09166
775851904,112.9118,-30.3078,18.49,G09016;G09017
775870979,113.5308,-29.723,16.77,G09016;G09102;G09017;G09166
775878600,112.7303,-30.062,16.28,G09177
775884348,112.79,-29.7858,19.13,G09016;G09017
775964805,115.377,-29.6861,17.32,G09016;G09102;G09017
775981687,115.7637,-29.3462,19.11,G09016
776991379,107.1049,-35.4317,18.96,G09016;G09017
776997740,106.9975,-35.0661,17.69,G09102
776998775,106.9837,-34.8708,17.77,G09016;G09017
777007376,106.9643,-34.5546,19.2,G09016
777036547,106.2018,-34.6129,19.01,G09016
777061270,107.3134,-33.615,18.64,G09016;G09017
777071001,106.5416,-33.4829,17.41,G09016;G09102;G09017;G09166
777071545,106.5678,-33.3232,17.82,G09016;G09102;G09017
777075080,107.0343,-33.1199,19.11,G09016
777098781,107.948,-33.3971,18.55,G09016;G09017
777104887,108.1474,-33.1473,17.89,G09016;G09017;G09166
777133291,108.6859,-32.5431,17.62,G09102
777158024,107.1441,-32.9691,19.16,G09016
777219473,105.2536,-33.0368,18.14,G09016;G09017;G09166
777276071,105.1224,-31.8608,19.0,G09016
777338168,106.113,-31.8,17.42,G09016;G09017;G09166
777338561,106.3666,-31.7982,18.25,G09016;G09017
777352466,105.5482,-31.402,17.29,G09177;G09102
777365883,106.907,-30.9402,17.99,G09016;G09017;G09166
777373755,107.3253,-30.4582,16.7,G09016;G09102;G09017
777377620,106.5916,-30.6707,19.11,G09016
777382059,107.0275,-30.5344,18.35,G09016;G09017
777419727,109.7179,-32.0043,17.45,G09016;G09102;G09017
777460384,109.9243,-31.4979,16.93,G09177
777479354,108.8627,-31.9635,18.46,G09016;G09017
777480658,109.1839,-31.8061,16.56,G09016;G09102;G09017
777504592,108.5723,-31.2769,17.96,G09016;G09017
777513065,108.7024,-31.0075,18.82,G09016;G09017
777575426,111.3674,-30.8727,17.9,G09102
777582932,111.3109,-30.5903,18.63,G09016;G09017
777607740,110.8003,-30.292,17.85,G09016;G09102;G09017;G09166
777662346,111.6602,-29.6763,17.74,G09102
777666362,111.7294,-29.5388,17.79,G09016;G09102;G09017;G09166
777798051,107.6743,-30.6959,18.38,G09016;G09017
777811636,109.0835,-30.4944,19.02,G09016
777816546,108.8682,-30.4018,18.29,G09016;G09017
777858462,107.5988,-30.1548,17.81,G09016;G09102;G09017
777864400,107.8295,-30.0854,16.87,G09016;G09102;G09017;G09166
777873693,106.9638,-29.9685,18.76,G09016;G09017
777957111,109.3625,-29.0214,17.95,G09102
777963242,109.8462,-28.8621,16.64,G09177
777983062,110.4055,-28.7045,17.93,G09016;G09017
777999164,109.9602,-28.8478,18.36,G09016;G09017
778073352,109.8845,-28.1897,18.93,G09016;G09017
778093189,109.9628,-27.7023,17.88,G09166
778093208,109.969,-27.6922,17.93,G09016;G09102;G09017
778126442,104.2262,-32.0896,18.67,G09016;G09017
778126740,104.2764,-31.991,19.28,G09041
778127059,104.3593,-32.0197,17.91,G09016;G09102;G09017;G09166
778131484,103.6546,-31.9945,18.85,G09016;G09017
778143542,105.3213,-31.3798,17.79,G09016;G09102;G09017;G09166
778146065,105.1624,-31.2183,18.66,G09025
778165605,103.588,-31.2077,18.7,G09016;G09017
778177298,103.8741,-31.1444,18.5,G09016;G09017
778193053,103.8152,-30.2972,18.41,G09016;G09017
778200300,105.4505,-30.7242,19.0,G09016
778215425,105.3582,-30.4088,19.24,G09016
778223526,106.1538,-30.2285,18.79,G09016;G09017
778224585,106.2175,-30.0655,18.58,G09016;G09017
778242197,105.9346,-29.7168,18.87,G09016;G09017
778272614,105.504,-29.5536,19.08,G09016;G09017
778284326,104.9877,-29.2836,16.09,G09016;G09102;G09017
778292076,105.4436,-28.8475,17.51,G09102
778293206,105.4223,-28.7179,18.41,G09016;G09017
778295592,102.5982,-31.0903,18.62,G09016;G09017
778300228,102.7791,-30.6649,18.98,G09016;G09017
778305525,102.6511,-30.6712,19.01,G09016
778315241,103.8396,-30.1549,18.38,G09016;G09017
778320343,102.9742,-30.1858,18.09,G09016;G09017
778330675,102.1017,-30.2625,18.74,G09016;G09017
778335796,102.3434,-29.9077,18.03,G09016;G09017
778342157,102.2378,-29.6486,18.39,G09016;G09017
778354951,102.221,-29.4693,18.23,G09016;G09017
778388095,104.9392,-28.8555,16.96,G09016;G09102;G09017;G09166
778402705,104.3128,-28.5254,18.59,G09016;G09017
778418297,103.7329,-28.56,18.0,G09016;G09017;G09166
778444300,103.6149,-27.9553,18.76,G09016;G09017
778445411,103.7909,-27.8398,18.49,G09016;G09017
778453140,106.9308,-29.8262,19.25,G09016
778497296,107.8271,-28.6787,18.0,G09102;G09166
778498245,107.6724,-28.6201,17.31,G09016;G09102;G09017;G09166
778505856,107.0701,-28.7341,18.08,G09016;G09017
778529771,106.5916,-28.6367,19.22,G09016
778535136,105.9267,-28.7677,19.18,G09016
778537070,105.9286,-28.6771,18.93,G09016;G09017
778651033,108.946,-27.2633,17.79,G09016;G09017
778741335,108.3706,-26.285,17.31,G09102
778776593,106.0362,-27.7983,16.89,G09177
778784008,106.4502,-27.4779,19.3,G09016
778794268,105.9528,-27.3205,17.61,G09016;G09102;G09017
778794279,105.9476,-27.3155,17.29,G09166
778799169,106.1169,-27.2112,18.48,G09016;G09017
778816924,105.0898,-27.2613,17.34,G09102;G09166
778819274,105.0283,-27.0398,19.06,G09016
778821867,104.7102,-27.266,17.8,G09016;G09102;G09017;G09166
778822592,104.6658,-27.1977,16.33,G09177;G09102
778839616,105.3004,-26.7772,17.99,G09016;G09102;G09017;G09166
778871733,107.212,-26.7674,18.68,G09016;G09017
778919037,107.2294,-26.0974,19.21,G09016
778932463,107.5107,-25.5788,18.73,G09016;G09017
778936128,107.5146,-25.3754,17.58,G09166
778936133,107.5054,-25.3739,17.61,G09016;G09102;G09017
778986525,107.0601,-25.2313,19.2,G09016
779004039,107.0684,-24.8994,18.93,G09016;G09017
779019738,112.2372,-29.5756,17.14,G09177;G09102
779036458,112.9669,-29.2,19.07,G09016
779225704,112.0787,-27.7284,17.53,G09102
779240900,113.8957,-28.5024,18.16,G09016;G09017
779554692,110.0999,-27.6036,17.27,G09102
779586308,110.1054,-27.1056,19.18,G09016
780674748,109.5815,-26.9262,19.22,G09016
780681834,110.0676,-26.7495,17.03,G09177;G09102
780684028,110.2684,-26.5873,17.88,G09016;G09017
780779662,108.9582,-25.9761,17.66,G09016;G09102;G09017
780779775,109.3487,-26.2309,19.15,G09016
11749208,129.0731,-34.4591,8.18,G09123
52778818,125.5701,-43.6015,11.14,G09062
53473419,126.5009,-43.294,10.16,G09150
55511261,126.0009,-33.4207,8.64,G09062
55513753,126.0227,-34.0857,16.24,G09102
55790630,126.3216,-33.9546,17.48,G09166
55792361,126.3237,-34.3672,7.27,G09062;20SECONDTARGET
56087556,126.5779,-34.9463,16.7,G09166
56263068,126.8072,-33.4577,8.43,G09062
56630835,127.1791,-34.7316,7.81,G09150
79556847,120.1665,-43.1855,16.9,G09025
80810516,122.1924,-43.6725,15.5,G09102;20SECONDTARGET
80814494,122.1835,-42.6187,10.53,G09150
81090603,122.7427,-44.2566,9.47,G09062
81209540,122.8713,-43.3754,15.69,G09102;20SECONDTARGET
81210526,122.8525,-43.1159,8.38,G09150
81285690,122.8578,-42.9872,4.63,G09052;20SECONDTARGET
81427796,123.1381,-43.5284,14.63,G09102;20SECONDTARGET
81428432,123.2071,-43.3589,9.47,G09062
81711052,123.4133,-43.9514,16.98,G09102;G09166
81711950,123.5771,-43.6941,8.28,G09062;20SECONDTARGET
81795775,123.6689,-43.6949,16.44,G09177
82469453,124.5363,-42.5714,14.13,G09041;20SECONDTARGET
82470990,124.4823,-42.138,9.0,G09062
82471184,124.4261,-42.0832,17.02,G09166
82471192,124.4283,-42.0814,17.28,G09016;G09102;G09017
82738849,124.9503,-42.8844,10.44,G09194
82739585,124.9046,-43.0572,13.08,G09031
82997288,125.3724,-43.3434,9.1,G09062
83081722,125.3291,-43.6154,16.42,G09177
130792766,116.9706,-40.337,8.76,G09062
130955391,117.3123,-39.0175,16.49,G09166
131188704,117.761,-36.6497,16.55,G09177
131341343,117.9681,-38.9107,7.82,G09062
131343095,117.8862,-38.4769,13.9,G09102;20SECONDTARGET
131419572,118.0686,-37.7014,15.95,G09166
131419589,118.0692,-37.7093,15.69,G09102
131571805,118.1988,-38.2157,9.7,G09194
131640050,118.3865,-38.6062,10.01,G09194
131744564,118.4814,-39.5943,17.89,G09166
131788884,118.5239,-37.3162,9.16,G09194
131847036,118.8242,-41.8291,7.08,G09062
132325018,119.4455,-37.5507,16.51,G09102;G09017;G09166;20SECONDTARGET
132766482,119.9634,-38.1276,14.53,G09031
132864430,120.163,-39.6186,17.61,G09102;G09102;G09102;G09102;G09166
132923808,120.3331,-41.4813,17.6,G09102
133488240,121.1043,-36.0339,8.76,G09062
133570951,121.0839,-39.769,16.82,G09016;G09102;G09017
133570954,121.0694,-39.7702,16.55,G09166
134113566,121.7861,-36.3807,6.81,G09062;20SECONDTARGET
134522557,122.3693,-38.8581,9.15,G09150
134637308,122.6324,-40.5467,12.47,G09102;20SECONDTARGET
134737814,122.6433,-39.6642,7.33,G09062
134821648,122.9016,-37.2132,8.75,G09150
143263616,117.4841,-41.9902,16.17,G09177
143490878,118.1574,-41.9636,10.17,G09194
143592769,118.3093,-42.8198,16.61,G09177
143739729,118.798,-42.1422,16.34,G09177
144358830,121.2586,-34.3118,7.84,G09062
144361392,121.2635,-33.5912,6.18,G09062
144535458,121.4868,-33.0061,11.22,G09150
144746973,121.8041,-33.2659,11.24,G09150
144859500,121.9713,-32.5168,8.53,G09062
144860431,121.9314,-32.75,17.11,G09166
145620527,122.9419,-35.3514,14.81,G09025;20SECONDTARGET
145631857,122.8813,-32.751,12.55,G09166
145760541,123.0878,-32.5842,10.55,G09150
145863747,123.1122,-35.4956,14.0,G09016;G09017;G09102
145867411,123.2294,-35.3926,7.9,G09062
146036695,123.3729,-35.8994,5.15,G09164;20SECONDTARGET
146039664,123.4615,-35.2084,6.18,G09036
146264536,123.5548,-35.4899,4.89,G09123;20SECONDTARGET
146328742,123.7629,-34.9009,11.56,G09150
146332758,123.7754,-34.0372,11.01,G09150
146480942,123.8782,-34.3565,16.88,G09177
146703842,124.1292,-33.244,9.31,G09020
146772271,124.3134,-35.5018,8.06,G09062
147442521,125.098,-34.4549,8.07,G09062
149134319,115.6742,-35.1616,8.88,G09062
149672905,116.3935,-34.1598,4.78,G09062;20SECONDTARGET
149744486,116.4076,-33.9184,15.58,G09016;G09102;G09017;20SECONDTARGET
150082567,117.0286,-35.3928,17.67,G09166
150082579,117.0285,-35.3913,17.81,G09102
150470230,117.5396,-33.6107,9.86,G09062
150473921,117.5906,-32.4831,15.98,G09016;G09102;G09102;G09102;G09102;G09017
150560248,117.6531,-31.5966,17.88,G09166
150750364,118.0751,-30.8349,9.12,G09062
150796339,118.0635,-34.7037,4.64,G09062;G09157;20SECONDTARGET
151005205,118.3293,-32.9932,16.83,G09177
151066148,118.2282,-35.8525,17.02,G09102
151157566,118.4651,-30.4072,16.1,G09177
151223679,118.571,-32.9213,17.9,G09166
151483286,119.0598,-35.1167,11.39,G09058;G09114;20SECONDTARGET
151710029,119.1401,-34.3977,17.89,G09166
152154985,119.6356,-33.5176,17.33,G09166
152159822,119.7292,-34.6682,9.28,G09062
152399684,120.0281,-31.9125,8.19,G09062
152401009,119.9204,-32.2369,9.75,G09062
152683125,120.2393,-33.0869,16.56,G09177
173510881,112.2681,-39.9124,18.11,G09166
173639806,112.5247,-39.5828,7.97,G09062;20SECONDTARGET
174146868,113.9166,-37.645,8.61,G09062
174210045,114.0764,-40.8949,17.68,G09166
174275318,114.0649,-38.4288,17.67,G09166
174276401,114.0174,-37.9238,10.46,G09194
174430779,114.4262,-37.1891,8.85,G09062
174464448,114.5114,-38.1909,16.93,G09177
174539349,114.5676,-37.018,16.47,G09177
174546820,114.7203,-37.6717,11.97,G09031
174601778,114.7695,-40.6119,11.56,G09194
174664153,114.9916,-37.5795,6.04,G09164
174752576,115.0085,-41.2269,16.97,G09166
174754221,115.1966,-41.79,9.29,G09062
174754526,115.2031,-41.6408,16.77,G09177;G09102
174792475,115.1781,-38.9395,11.46,G09194
174867675,115.3015,-36.6177,16.71,G09177
174867843,115.3195,-36.6795,9.81,G09062
174869379,115.2975,-37.2393,16.25,G09025;G09177
174952296,115.3372,-41.8881,7.09,G09062;20SECONDTARGET
175175901,115.7621,-36.6514,16.27,G09016;G09102;G09017
175178258,116.0396,-36.0619,5.49,G09062;20SECONDTARGET
175253445,115.9569,-40.7662,8.69,G09062
175523591,116.5438,-37.9336,6.0,G09164;20SECONDTARGET
175610054,116.7854,-37.1159,16.38,G09177
175708640,116.9054,-41.576,16.2,G09177;G09102
180573885,129.0996,-36.0852,14.44,G09102;20SECONDTARGET
180929040,129.8405,-36.6063,5.84,G09062;20SECONDTARGET
182267768,123.3421,-40.8459,17.1,G09166
182315791,123.3443,-36.3104,7.47,G09150
182318468,123.4929,-36.3222,5.28,G09150;20SECONDTARGET
182320704,123.5158,-36.9522,7.25,G09150
182659932,124.083,-39.8487,8.65,G09150
182661485,124.0522,-40.4205,16.42,G09016;G09017;G09102
182753718,124.196,-36.9359,9.33,G09150
182754359,124.1577,-36.7874,16.47,G09016;G09102;G09017;G09166
182932920,124.4905,-36.547,8.94,G09196
182992572,124.6595,-40.6188,9.79,G09031
183346553,125.2196,-41.2543,17.76,G09166
183356952,125.3653,-39.7037,6.54,G09123
183467433,125.5051,-38.8707,17.64,G09166
183467456,125.5156,-38.8753,17.84,G09102
183513288,125.5341,-40.9911,7.11,G09062
183612639,125.7993,-38.4872,17.81,G09166
183815751,126.1385,-40.2134,17.68,G09166
184027575,126.6612,-41.5267,17.85,G09166
184070341,126.6415,-39.273,8.73,G09062
184226481,126.8818,-41.4134,9.9,G09150
184351709,127.0517,-41.8345,9.12,G09150
184356078,127.2055,-41.1445,17.81,G09166
184408044,127.204,-37.7679,17.6,G09166
184912380,128.1785,-37.4693,7.78,G09062
185099888,128.5466,-36.9057,6.28,G09062;20SECONDTARGET
185102925,128.6218,-37.6111,4.58,G09194
185623265,130.35,-35.2003,17.75,G09166
394080042,128.5802,-34.3202,17.26,G09102
419424892,121.1677,-32.8728,9.91,G09062
461796487,128.8448,-35.8817,10.15,G09194
461799854,128.7331,-34.8475,16.21,G09016;G09102;G09017;G09166
769123588,119.5538,-43.3715,17.59,G09102;G09166
769156700,119.4282,-42.7948,18.82,G09016;G09017
769264190,119.6529,-41.0775,19.07,G09016;G09017
769290160,119.4733,-40.5223,20.39,G09025
769498790,117.6074,-41.3591,18.68,G09016;G09017
769536009,116.2688,-41.3735,17.77,G09102;G09166
769673727,114.0842,-40.9039,17.74,G09102
769709604,115.0216,-41.2262,17.22,G09177;G09102
769710784,114.9074,-41.1233,19.06,G09016;G09017
769820161,115.0016,-39.031,17.63,G09016;G09102;G09017;G09166
769832939,118.1539,-41.3089,18.57,G09016;G09017
769951956,117.1001,-40.1341,17.79,G09016;G09102;G09017;G09166
769963603,117.5396,-39.6184,18.97,G09016;G09017
769967841,118.1245,-39.9856,18.29,G09016;G09017
769980691,118.4776,-39.5965,17.93,G09016;G09102;G09017
769986478,118.2184,-39.4224,18.27,G09016;G09017
770052911,119.4713,-39.2274,16.85,G09102
770223961,117.3161,-39.0118,16.5,G09102;G09017;20SECONDTARGET
770256780,117.6694,-38.2679,17.67,G09016;G09102;G09017;G09166
770266862,115.9518,-39.1875,16.94,G09016;G09102;G09017
770329580,117.0851,-37.5773,18.79,G09016;G09017
770358706,118.2621,-38.4339,18.61,G09016;G09017
770378949,118.3505,-37.7109,18.63,G09016;G09017
770427030,118.3653,-37.2515,18.11,G09016;G09017;G09166
770429081,118.2937,-37.1137,18.18,G09016;G09017
770455090,117.728,-37.2587,18.95,G09016;G09017
770591953,119.7206,-35.2993,17.55,G09102;G09166
770597497,119.7109,-35.1115,18.71,G09016;G09017
770622629,119.6393,-34.2921,19.07,G09016
772248779,112.5944,-40.3814,18.32,G09016;G09017
772287554,112.3072,-40.0414,18.59,G09016;G09017
772290795,111.7275,-40.1904,17.12,G09016;G09102;G09017
772308774,112.7913,-39.5417,17.32,G09102;G09166
772340584,114.1109,-39.2796,18.31,G09016;G09017
772347931,113.4499,-39.2962,19.09,G09016
772415455,112.7808,-38.6731,18.2,G09016;G09017
772428725,114.0725,-38.4265,17.8,G09016;G09102;G09017
772432106,113.668,-38.2642,18.56,G09016;G09017
772445055,113.5962,-38.1747,18.02,G09166
772695662,115.3625,-38.2919,18.57,G09016;G09017
772771710,115.8822,-37.018,18.63,G09016;G09017
772835896,115.6262,-36.7271,18.3,G09016;G09017
772852812,114.8326,-36.5449,19.0,G09016;G09017
772862798,115.4238,-36.0234,18.9,G09016;G09017
772865470,115.0397,-36.0028,19.04,G09016;G09017
772910035,116.6052,-36.2186,17.48,G09016;G09102;G09017;G09166
772923041,117.5749,-36.0864,19.25,G09016
772949590,117.2919,-35.4718,18.53,G09016;G09017
772988207,115.6484,-35.4752,17.14,G09016;G09102;G09017
773033571,116.9224,-34.7028,19.28,G09016
774568041,118.8113,-34.9434,17.55,G09016;G09017
774573717,117.8135,-35.1227,18.19,G09016;G09017
774583367,117.8852,-34.6357,17.76,G09016;G09102;G09017
774594656,119.1383,-34.4054,17.91,G09102
774596198,119.4215,-34.2606,18.89,G09016;G09017
774633893,117.1292,-34.457,17.55,G09102
774639417,117.0891,-33.911,17.8,G09016;G09102;G09017;G09166
774642178,117.6034,-33.6992,19.18,G09016
774651181,117.9822,-33.7133,17.86,G09016;G09017
774662559,118.4806,-33.2609,18.72,G09016;G09017
774669459,118.2004,-33.2882,17.07,G09016;G09102;G09017
774691773,119.6463,-33.5143,17.33,G09016;G09017
774753695,119.1063,-32.6716,19.14,G09016
774756541,118.5692,-32.9125,17.97,G09016;G09017
774767724,118.9256,-32.5133,18.7,G09016;G09017
774842064,116.6691,-33.4381,18.6,G09016;G09017
774844964,116.4793,-33.1483,18.87,G09016;G09017
774853502,117.8898,-32.7886,19.12,G09016
774959917,118.3515,-32.0473,19.2,G09016
774974569,118.0806,-32.0353,18.61,G09016;G09017
775030020,117.4625,-32.0365,19.26,G09016
775041282,117.6439,-31.5895,17.89,G09016;G09102;G09017
775049313,117.6883,-31.2633,17.76,G09016;G09102;G09017;G09166
775157094,119.1996,-30.5342,18.84,G09016;G09017
818663597,125.3032,-44.6193,18.96,G09016;G09017
818755112,124.3659,-44.2703,17.81,G09016;G09102;G09017;G09166
818760291,124.2829,-44.0774,19.11,G09016
819044235,123.0639,-43.6914,16.64,G09102
819047147,123.2633,-43.5489,17.7,G09016;G09102;G09017;G09166
819107979,122.7072,-43.7584,18.29,G09016;G09017
820358158,125.9242,-43.2014,18.57,G09016;G09017
820379914,126.3403,-42.8231,18.45,G09016;G09017
820388311,126.1401,-42.6524,17.62,G09016;G09102;G09017;G09166
820492020,127.1935,-41.1379,17.82,G09102
820515475,127.3814,-40.9604,19.29,G09016
820527001,125.2446,-42.9766,19.21,G09016
820559092,124.8036,-42.1965,19.09,G09016
820563243,126.0375,-41.9532,17.73,G09016;G09017
820566328,125.5367,-42.0354,18.49,G09016;G09017
820569315,125.3877,-41.6172,19.13,G09016
820585099,124.924,-41.795,18.14,G09016;G09017;G09166
820601724,125.2061,-41.2525,17.78,G09016;G09102;G09017
820621930,126.6629,-41.5306,17.96,G09016;G09102;G09017
820655959,127.1807,-40.3542,18.59,G09016;G09017
820683129,126.1361,-40.2037,17.69,G09016;G09102;G09017
820703774,127.1162,-39.5622,19.16,G09016
820960936,128.0547,-40.0528,19.0,G09016
820967627,128.1012,-39.5954,19.1,G09016
820995847,128.2102,-38.7964,18.88,G09016;G09017
821029560,126.8236,-38.5653,19.18,G09016
821057722,127.3964,-37.9198,18.48,G09016;G09017
821111728,129.0395,-37.6831,18.77,G09016;G09017
821209206,129.0072,-37.166,18.51,G09016;G09017
821301468,129.1851,-36.0042,17.37,G09102;G09166
821415238,121.3764,-42.7127,19.14,G09016
821448111,121.1022,-42.7483,17.17,G09177;G09102
821582890,122.4471,-41.8578,18.34,G09016;G09017
821691306,122.0659,-40.5873,18.48,G09016;G09017
821704029,120.0307,-42.0064,18.9,G09016;G09017
821747203,121.0422,-40.9676,18.0,G09166
821835819,120.0687,-40.4257,17.2,G09016;G09102;G09017;G09166
821859434,120.3713,-39.7017,18.32,G09016;G09017
821901685,121.1065,-38.9066,19.14,G09016;G09017
821903583,120.7262,-39.0924,16.71,G09016;G09102;G09017;G09166
821917938,120.1345,-39.1034,18.5,G09016;G09017
821928731,120.6313,-38.7085,16.89,G09016;G09102;G09017;G09166
821965963,123.399,-41.0277,19.26,G09016
821970845,123.3496,-40.8454,17.21,G09016;G09102;G09017
822028904,123.5436,-39.7206,18.92,G09016;G09017
822053819,125.2447,-39.6158,18.6,G09016;G09017
822063317,125.4682,-39.1948,17.33,G09016;G09102;G09017;G09166
822112504,125.8014,-38.4897,17.82,G09016;G09102;G09017
822235905,122.2176,-39.3359,18.09,G09016;G09017;G09166
822247673,122.3993,-39.048,17.97,G09016;G09017
822295806,121.5947,-38.7994,18.75,G09016;G09017
822424241,124.7334,-37.6159,17.79,G09016;G09102;G09017;G09166
822454655,124.1624,-37.1739,17.67,G09102
822492630,123.4366,-37.4528,17.96,G09016;G09017
822494373,123.295,-37.413,17.6,G09102
822597381,126.5375,-37.9335,18.79,G09016;G09017
822620810,127.2075,-37.7751,17.62,G09102
822629699,127.4061,-37.3346,18.46,G09016;G09017
822644723,127.5814,-36.8734,18.11,G09016;G09017
822810712,128.5855,-36.418,18.71,G09025
822926723,126.9421,-35.8545,19.19,G09016
822953490,127.9925,-35.4416,17.25,G09016;G09102;G09017;G09166
822955922,128.0551,-35.3729,17.99,G09166
822965436,128.2552,-35.1814,18.45,G09016;G09017
822972868,128.1127,-34.9146,17.83,G09016;G09102;G09017;G09166
823012085,124.9096,-36.7494,17.97,G09016;G09017
823020466,125.6833,-36.5577,17.34,G09166
823020478,125.6906,-36.5513,17.44,G09102
823130214,124.7974,-35.5893,16.91,G09177
823138491,124.023,-35.6789,16.9,G09016;G09102;G09017;G09166
823143105,124.3352,-35.4704,19.13,G09016
823150773,125.1732,-35.5938,18.05,G09016;G09017
823150780,125.1656,-35.597,18.04,G09166
823171525,125.6466,-34.8779,19.18,G09016
823194372,125.2118,-34.7756,18.28,G09016;G09017
823215144,126.4699,-35.3692,18.7,G09016;G09017
823230135,126.5802,-34.9405,16.75,G09102
823277726,127.5989,-34.5464,18.75,G09016;G09017
823284820,127.4466,-34.2741,18.43,G09016;G09017
823295004,127.1933,-34.2776,18.44,G09016;G09017
823378683,125.8155,-33.5595,18.77,G09016;G09017
823386731,126.3216,-33.9636,17.59,G09102
823391951,126.4868,-33.7636,18.07,G09166
823396273,126.7964,-33.6337,18.8,G09016;G09017
823406415,126.833,-33.3128,18.12,G09166
823628077,122.4594,-36.7944,16.28,G09177;G09102
823678548,123.2239,-35.9116,18.07,G09016;G09017;G09166
823680375,123.0277,-35.9855,17.96,G09016;G09017
823701618,122.5873,-35.5274,17.41,G09016;G09102;G09017
823727153,122.2036,-35.5527,17.42,G09102;G09166
823731279,121.947,-35.4197,17.56,G09016;G09102;G09017;G09166
823799874,122.3151,-34.5979,18.5,G09016;G09017
823847220,121.3492,-34.8238,18.32,G09016;G09017
823858038,120.3852,-34.8843,18.29,G09016;G09017
824024045,121.1088,-33.0299,17.87,G09016;G09102;G09017
824178571,123.0837,-34.3473,17.85,G09016;G09102;G09017
824194176,123.4729,-34.0832,18.5,G09016;G09017
824225501,122.9846,-33.8842,18.7,G09016;G09017
824297044,123.5639,-32.9853,19.14,G09016
824577930,122.9187,-33.5266,17.87,G09102
824703907,121.9236,-32.7414,17.15,G09102
824705655,121.7559,-32.6885,18.15,G09016;G09017
824733248,121.408,-32.4308,18.28,G09016;G09017
824772598,121.6951,-32.0887,17.92,G09016;G09102;G09017
825067896,120.2084,-32.4559,18.05,G09016;G09017
825146983,121.7481,-31.6722,19.05,G09016
825156549,121.965,-31.6192,18.79,G09016;G09017
827363613,130.3477,-35.2005,17.92,G09016;G09102;G09017
828325192,129.7646,-34.7403,17.6,G09016;G09102;G09017
828352523,129.481,-34.3783,18.93,G09016;G09017
869015,130.4921,-26.248,15.8,G09102
943322,130.8052,-25.1918,13.66,G09123
1014196,130.9084,-29.8247,15.45,G09102
1084245,130.9265,-25.1197,12.29,G09052
1088319,130.9667,-25.7446,8.95,G09062
1130644,131.0711,-29.555,16.27,G09102
1133914,131.1022,-27.5223,11.98,G09196;G09196
1137418,131.1444,-25.1566,9.61,G09194
1202936,131.24,-28.2914,17.23,G09102
1205359,131.3033,-29.7423,17.32,G09102
1205965,131.3843,-29.7913,15.17,G09102
1206178,131.366,-29.6629,15.9,G09102
1407086,131.7408,-25.3372,13.57,G09123
1563155,132.0298,-27.8015,10.44,G09117
1573839,132.1691,-25.3324,17.19,G09102
1618392,132.2897,-24.5424,17.68,G09166
1737550,132.5521,-26.8584,16.51,G09166
1814380,132.7387,-25.0611,15.71,G09102
1816359,132.807,-24.466,13.13,G09123
1868257,133.0608,-24.3863,15.75,G09102
1967409,133.1376,-27.16,17.31,G09102
1968612,133.1888,-27.9727,16.78,G09102
2019023,133.2048,-24.3837,14.25,G09123
2089490,133.5031,-26.9153,8.74,G09062
2094712,133.6278,-25.1473,16.16,G09016;G09017;G09102
2133062,133.6725,-26.1276,12.84,G09180
2133065,133.6717,-26.1291,11.43,G09180
2220684,133.8486,-24.5801,12.29,G09180
2220688,133.8463,-24.5774,12.05,G09180
2398191,134.284,-24.7048,17.75,G09166
11076279,122.3243,-21.7649,16.72,G09102
11076396,122.2742,-21.8242,11.48,G09117
11168378,122.4943,-23.5087,15.93,G09102
11169173,122.589,-23.1465,10.43,G09196
11172641,122.4895,-21.4937,16.85,G09102
11225798,122.6212,-21.1131,16.68,G09102
11226863,122.6866,-21.6576,16.15,G09102
11228069,122.6506,-22.2574,17.0,G09102
11229156,122.6459,-22.7363,16.43,G09102
11301111,122.8058,-22.8108,16.78,G09102
11301758,122.8291,-22.4935,17.19,G09102
11302776,122.7834,-21.9987,16.93,G09102
11663625,128.9575,-30.5649,8.77,G09194
11665403,129.0943,-30.0371,7.37,G09123
11741512,129.0324,-31.7218,14.45,G09102;G09166
55139557,125.5142,-30.0435,16.15,G09177
55139729,125.542,-29.9799,17.28,G09102
55143327,125.7155,-31.0558,17.0,G09166
55638992,126.0786,-32.1459,9.02,G09062
55728798,126.1341,-30.6193,17.18,G09102
56250703,126.722,-30.2591,17.27,G09102
56524988,127.0647,-31.4863,16.44,G09102
56709209,127.3013,-32.1924,16.7,G09102
56978844,127.5747,-31.0235,8.68,G09062
56980182,127.5191,-30.5652,17.16,G09102
56983306,127.6448,-30.4622,16.97,G09102
56983397,127.6804,-30.5013,17.66,G09166
117885256,128.274,-22.8089,16.56,G09041
117948083,128.4376,-23.3543,6.56,G09062;20SECONDTARGET
118062633,128.6252,-22.8038,16.68,G09102
118157830,128.8899,-21.0149,12.06,G09196
118158912,128.8832,-21.7936,10.3,G09180
118158916,128.8807,-21.7966,12.3,G09180
118159186,128.8765,-22.0015,10.5,G09123
118208997,129.169,-21.8979,16.59,G09102
118285243,129.3277,-23.3095,17.75,G09102
118287070,129.2501,-22.0845,15.97,G09166
118333218,129.3899,-22.542,12.25,G09123
118339710,129.572,-23.5502,10.35,G09034;G09126;20SECONDTARGET
118342897,129.5633,-22.1804,11.69,G09180
118342900,129.5606,-22.1784,8.78,G09180
118343753,129.5691,-21.5518,17.33,G09166
118428912,129.7157,-21.2283,12.99,G09180
118428917,129.7139,-21.2301,12.65,G09180
118429656,129.7393,-21.7697,15.44,G09016;G09017;G09102;G09166
118486580,129.7809,-22.6584,4.97,G09062;20SECONDTARGET
118488188,129.842,-21.46,9.06,G09062
118560530,129.8823,-22.1583,17.0,G09102
118560974,129.8885,-22.4733,17.3,G09102
118562817,129.9536,-23.7507,9.79,G09062
118606408,130.1977,-22.2311,17.51,G09166
118608254,130.2429,-23.4503,9.51,G09123
118812041,134.7763,-23.0246,8.86,G09062
129269428,118.7938,-29.0169,9.72,G09150
129526049,119.11,-29.4239,9.58,G09150
129876891,119.3921,-29.182,11.32,G09150
130096032,119.7559,-29.5809,9.36,G09194
130100502,119.7371,-28.5584,11.23,G09150
130101059,119.6789,-28.4388,10.89,G09150
130348163,119.9346,-29.0153,10.84,G09150
130530138,120.0618,-26.7647,17.18,G09102
130530816,120.1488,-26.9298,16.41,G09016;G09102;G09017;G09166
143318295,124.9798,-23.2746,17.16,G09102
143321318,124.9536,-21.7356,15.62,G09102
143322022,124.9403,-21.3654,17.19,G09102
143364800,124.9751,-20.2538,17.05,G09102
143365091,125.0245,-20.0733,16.77,G09102
143371275,125.0464,-19.7473,8.64,G09062
143378501,125.0498,-21.9614,17.09,G09102
143430377,125.2051,-23.8241,16.66,G09102
143482306,125.3744,-22.25,16.5,G09102
143516671,125.4202,-22.7917,17.05,G09102
143581262,125.6595,-21.7769,16.59,G09166
143581734,125.617,-22.0344,17.14,G09102
143584970,125.6115,-23.6985,16.11,G09102
143589488,125.6559,-21.7678,16.66,G09016;G09102;G09017
143721385,125.8343,-22.8515,17.15,G09102
143721787,125.9152,-23.0766,16.37,G09102
143789159,126.0972,-21.1755,17.28,G09102
143824501,126.2194,-23.6887,6.5,G09062
143900456,126.3289,-21.0455,5.61,G09062;20SECONDTARGET
143906278,126.4688,-23.6762,17.27,G09102
143906785,126.4858,-23.4002,15.99,G09102
143908928,126.4704,-22.1953,17.0,G09102
144084448,126.8855,-20.1676,15.42,G09102
144085107,126.9372,-20.6083,16.66,G09102
144088477,126.8847,-22.6594,17.07,G09102
144420530,121.3978,-30.4897,16.05,G09166
144633165,121.6608,-30.2373,11.62,G09194
145702409,123.078,-30.4949,16.48,G09102
147018085,124.6698,-31.1782,15.11,G09016;G09102;G09017;20SECONDTARGET
147105872,124.7476,-31.371,15.26,G09102
147290752,125.0629,-30.0709,17.25,G09102
147674961,125.3856,-30.5322,15.6,G09102
153042595,120.3229,-27.0753,15.65,G09102
153044084,120.3614,-27.4808,15.95,G09102
153120436,120.4637,-28.4762,16.41,G09016;G09102;G09017
153193840,120.4606,-25.8505,17.07,G09102
153274018,120.6454,-27.3264,8.99,G09062
153437008,120.7392,-25.2727,16.91,G09102
153519958,120.8485,-27.5801,17.0,G09102
153597206,121.062,-27.8295,17.26,G09102
153597396,121.0863,-27.7804,17.12,G09102
153600301,121.0052,-26.973,6.75,G09062;20SECONDTARGET
153651777,121.1014,-26.1123,16.48,G09102
153657168,121.1051,-24.4495,13.12,G09150
153849956,121.294,-27.5169,15.19,G09102
153920788,121.3017,-26.082,16.86,G09102
153921851,121.3165,-25.764,16.48,G09102
154002332,121.3935,-29.0787,8.97,G09062
154071836,121.5341,-29.5977,16.96,G09102
154076220,121.5329,-28.4385,9.48,G09062
154171664,121.6524,-24.1558,15.73,G09102;G09166
154177868,121.661,-26.1641,16.57,G09102
154178878,121.7434,-26.4648,16.57,G09102
154368337,121.9895,-26.1752,16.79,G09102
154541003,122.1588,-25.8059,11.44,G09196;G09196
154545006,122.1411,-24.4799,16.47,G09102
154606518,122.195,-26.1043,17.15,G09102
154607212,122.2249,-26.3108,15.52,G09102
154607248,122.2194,-26.3238,15.67,G09102
154616309,122.2171,-28.9378,13.31,G09031
154673737,122.3598,-28.9202,17.19,G09166
154674069,122.3828,-28.8325,16.37,G09102
154677787,122.4266,-27.7399,16.75,G09102
154678933,122.377,-27.4106,17.32,G09166
154679055,122.308,-27.3669,16.2,G09102
154679502,122.3551,-27.219,9.61,G09062
154746370,122.3105,-25.9242,16.63,G09102
154747887,122.3766,-25.4274,17.4,G09102
154749597,122.3162,-24.8703,17.06,G09102
154753360,122.5035,-24.3503,15.74,G09016;G09017;G09102
154986479,122.7287,-23.8663,17.01,G09102
154987672,122.7435,-24.3831,17.29,G09102
155124623,122.947,-27.1428,9.47,G09062
155133323,122.8954,-24.1029,17.29,G09102
155212559,123.0221,-25.9586,16.79,G09102
155213492,123.0815,-26.2776,15.16,G09102
155214809,123.1008,-26.719,17.48,G09016;G09017
155221935,123.0508,-28.88,11.65,G09194
155263542,123.1824,-29.597,15.84,G09102
155340815,123.2815,-24.6505,16.79,G09102
155342764,123.2991,-25.3916,16.86,G09102
155429793,123.3072,-27.5596,17.07,G09102
155437725,123.2788,-28.8803,16.82,G09102
155482540,123.4717,-28.0023,17.09,G09102
155486300,123.396,-26.7653,17.24,G09102
155493809,123.6226,-23.8883,17.17,G09102
155494946,123.5518,-24.4066,17.23,G09102
155564378,123.63,-25.217,14.45,G09041
155571411,123.51,-27.7472,9.4,G09150
155572157,123.5116,-27.9989,16.82,G09166
155573117,123.5154,-28.3239,10.62,G09164;G09150
155721134,123.6986,-24.7915,16.02,G09102
155884819,123.9206,-26.0879,17.14,G09102
155892278,124.1326,-24.7438,15.6,G09102
155958705,124.1125,-27.4033,16.92,G09102
156107409,124.3814,-24.1139,15.85,G09102
156117613,124.3196,-27.9121,17.37,G09102
156174585,124.4076,-28.8133,14.21,G09102;G09102;G09102;G09102
156184826,124.5491,-27.852,17.32,G09102
156262228,124.4774,-25.3611,7.83,G09062
156264367,124.5559,-24.5281,16.83,G09102
156265652,124.4569,-23.9704,17.09,G09102
156318182,124.6145,-26.8063,17.13,G09102
156326805,124.6695,-29.7252,11.22,G09150
156328505,124.7862,-29.667,17.19,G09102
156404954,124.8175,-25.1183,20.38,G09025
156407047,124.7329,-24.1881,16.95,G09102
156407385,124.7851,-24.0343,16.09,G09102
156466394,124.8422,-24.5035,16.88,G09102
156472714,124.8689,-27.0711,16.63,G09102
156537816,124.9852,-27.5145,12.44,G09194
156580142,125.0094,-25.1248,17.35,G09102
176093204,121.5463,-23.6504,16.24,G09102
176252827,121.8164,-23.2436,17.07,G09102
176254404,121.7762,-23.8361,17.18,G09102
176356654,122.0792,-22.4793,16.47,G09102
176438645,131.7445,-22.3681,8.88,G09062
176558976,132.2629,-23.8015,10.59,G09194
185369994,129.806,-30.5334,17.18,G09102
185370035,129.8195,-30.5535,16.55,G09102
185374889,129.8387,-32.7223,16.51,G09102
185476952,129.9748,-30.5,9.77,G09150
185617406,130.3757,-32.9324,11.73,G09016;G09017;G09102;G09166;20SECONDTARGET
185815213,130.8979,-33.1863,3.88,G09150;20SECONDTARGET
185938909,131.1972,-31.3516,17.07,G09166
185942104,131.1807,-32.8312,17.57,G09166
186012744,131.4831,-30.2411,17.03,G09102
186100808,131.6364,-30.9936,17.0,G09102
186103592,131.7226,-30.3071,15.97,G09102
186222446,132.0592,-31.0955,16.75,G09102
196318162,125.4958,-26.5141,14.97,G09102;G09166
196357294,129.4385,-29.0287,17.49,G09102
196429262,129.5748,-27.9535,16.61,G09102
196460607,129.49,-28.7431,16.98,G09102
196461131,129.5666,-28.9877,17.34,G09102
196466745,129.6764,-28.4495,17.42,G09166
196468637,129.6463,-27.5687,16.2,G09102
196512087,129.7494,-25.0608,17.28,G09102
196513419,129.7427,-25.7687,16.5,G09102
196518001,129.8359,-28.0255,15.51,G09016;G09102;G09017;20SECONDTARGET
196550606,129.7792,-29.924,17.69,G09166
196607323,130.0116,-28.6859,15.87,G09102
218525425,124.0497,-19.3327,9.96,G09194
218528552,124.099,-21.9825,16.22,G09102
218528803,124.0145,-23.0903,16.98,G09102
218535502,124.0643,-20.5054,17.14,G09102
218591874,124.1582,-22.0412,15.89,G09102;G09102;G09102;G09102
218592052,124.2241,-21.737,15.3,G09102
218703524,124.4386,-22.8699,14.8,G09102
218705221,124.3486,-21.0655,16.2,G09102
218705520,124.4196,-22.8758,16.63,G09102
218713443,124.375,-23.3305,16.74,G09102
218714031,124.39,-23.2292,17.34,G09102
218714397,124.3778,-22.6915,17.15,G09102
218714750,124.3495,-22.8194,16.52,G09102
218795833,124.6066,-19.6627,14.44,G09142;G09031;20SECONDTARGET
218885572,124.675,-23.8169,15.71,G09102
218887009,124.54,-21.713,16.05,G09102
218887195,124.6405,-21.318,16.12,G09102
218889345,124.5279,-22.5751,17.0,G09102
218894071,124.7026,-19.9856,15.51,G09102
218998567,124.7999,-21.9772,16.64,G09102
231497787,127.3202,-28.925,17.06,G09102
231508963,127.354,-24.4862,17.02,G09102
231512013,127.3587,-26.0772,16.2,G09102
231558350,127.7329,-26.6792,8.08,G09062;20SECONDTARGET
231560003,127.7576,-27.4966,16.7,G09016;G09102;G09017
231589639,127.7522,-27.4897,16.67,G09166
231592937,127.8107,-25.7025,16.97,G09102
231599925,127.9689,-26.2021,15.65,G09016;G09102;G09017;G09166;20SECONDTARGET
231601660,127.958,-27.0978,16.11,G09102
231606406,127.9497,-29.3371,16.95,G09102
231609255,128.1378,-29.2884,16.64,G09102
257789485,126.4086,-29.6783,16.44,G09102
257872205,126.3716,-27.8441,17.07,G09102
257878173,126.298,-25.0222,16.17,G09102
257880349,126.5896,-23.9921,17.23,G09102
257880501,126.6515,-24.0788,17.12,G09102
257881200,126.6756,-24.4666,17.23,G09102
257982176,126.6022,-26.0379,16.93,G09102
257984571,126.5735,-27.1455,6.58,G09062;20SECONDTARGET
258051694,126.715,-26.9175,8.19,G09062
258155834,126.9158,-28.7061,16.9,G09102
258155860,126.8762,-28.714,15.88,G09102
258225456,127.0433,-28.6853,16.88,G09102
258231640,126.9624,-25.7782,15.88,G09102
270150709,126.5043,-27.7806,17.07,G09102
270152128,126.4345,-28.3393,16.55,G09102
271037745,125.138,-26.7827,17.06,G09102
271116055,125.1968,-27.436,16.07,G09016;G09017;G09102;G09166
271301333,125.2911,-28.8893,15.74,G09102
271381285,125.2347,-25.4766,16.9,G09102
271382379,125.2934,-24.9933,16.5,G09102
271383199,125.2601,-24.6029,17.25,G09102
271386749,125.4895,-24.9983,14.42,G09102
271387154,125.378,-25.195,15.72,G09016;G09017;G09102;G09166
271387690,125.4363,-25.4357,17.14,G09102
271387778,125.4138,-25.4771,16.29,G09102
271388661,125.4497,-25.8724,16.99,G09102
271483382,125.7208,-29.6654,17.05,G09102
271487103,125.6415,-28.9777,7.35,G09062;20SECONDTARGET
271582611,125.7292,-27.9272,15.32,G09102
271584681,125.6742,-27.0582,14.75,G09102;20SECONDTARGET
271588465,125.6827,-25.3726,17.04,G09102
271590468,125.719,-24.3923,17.34,G09102
271590821,125.6459,-24.2107,16.89,G09102
271590845,125.6764,-24.1941,16.18,G09016;G09017;G09102;G09166
271679017,125.8233,-28.5569,17.45,G09166
271681034,125.8777,-29.3673,16.91,G09102
271774615,125.9934,-28.7032,17.32,G09102
271785747,126.121,-24.3168,16.97,G09102
271861708,126.099,-25.4462,16.25,G09102
271863493,126.0936,-26.2842,16.58,G09102
271931479,126.2173,-24.8497,15.7,G09102
283308260,128.2283,-25.731,17.13,G09102
283311563,128.2777,-27.2625,16.38,G09016;G09102;G09017;G09166
283397030,128.1847,-29.7852,17.38,G09102
283402168,128.3287,-28.076,17.07,G09102
283403398,128.3973,-27.5366,16.98,G09102
283497784,128.3733,-26.1674,16.41,G09177;20SECONDTARGET
283581337,128.5387,-28.0803,16.86,G09102
283582645,128.5407,-28.6393,16.56,G09102
283583403,128.4995,-28.9579,16.98,G09102
283584163,128.532,-29.2667,15.71,G09102
283588331,128.6093,-28.9738,16.74,G09102
283696308,128.7466,-24.2941,17.16,G09102
283777340,128.8298,-29.719,14.88,G09102
283779853,128.9318,-28.6742,16.14,G09102
283783277,128.8325,-27.1453,16.02,G09102
283882408,129.0121,-27.0792,17.24,G09102
285222557,129.1557,-28.2777,15.91,G09016;G09017;G09102;G09166;20SECONDTARGET
285315101,129.1576,-27.2022,16.23,G09102
285317890,129.1285,-25.8103,16.84,G09102
285325755,129.2394,-26.4633,16.22,G09102
285406245,129.3315,-29.6949,10.16,G09194
293977076,122.3574,-23.4818,17.03,G09102
294088094,130.355,-23.6065,9.79,G09062
294089506,130.5044,-23.1511,16.89,G09166
294168783,132.7757,-23.6334,13.46,G09123
294225731,132.7006,-22.7938,12.46,G09123
393557934,127.872,-32.5255,16.91,G09102
393557959,127.8701,-32.5168,16.87,G09166
393617973,127.8376,-30.985,9.43,G09062
393781133,128.1616,-30.9903,15.85,G09102
393989510,128.3341,-31.5077,16.7,G09102
394222786,128.7169,-30.9739,16.94,G09102
410211252,133.8297,-23.8705,10.76,G09123
410242957,134.0702,-23.4489,12.73,G09123
412849128,127.0002,-22.9656,16.87,G09102
412849594,127.0417,-22.678,16.98,G09102
412894944,126.9381,-20.834,17.38,G09102
413025641,127.4852,-23.4969,17.18,G09102
413028058,127.5441,-21.9354,13.99,G09102;20SECONDTARGET
415285271,130.6326,-23.6994,17.62,G09166
415340789,130.6233,-22.0194,16.23,G09102
415350115,130.64,-22.3861,7.5,G09150
415528958,131.3942,-21.967,11.62,G09020
415538651,131.4594,-22.7468,8.65,G09062
434412464,128.0501,-22.107,17.24,G09102
434425405,128.1617,-23.2353,15.4,G09102;20SECONDTARGET
437081255,122.8778,-22.9688,15.83,G09102
437083147,122.8627,-22.1524,16.94,G09102
437119851,123.0463,-22.861,17.4,G09102
437127301,123.2134,-21.6727,17.0,G09102
437137578,123.3324,-19.7169,17.12,G09102
437143765,123.2896,-22.7103,16.14,G09016;G09102;G09017;G09166
437143895,123.3549,-22.7765,17.22,G09102
437146510,123.2451,-23.9213,16.93,G09102
437150938,123.4816,-21.9562,16.86,G09102
437154051,123.3685,-20.4032,17.17,G09102
437183588,123.5757,-22.0409,16.69,G09102
437183706,123.5425,-22.0906,16.4,G09102
437185410,123.5203,-22.8377,16.5,G09102
437186096,123.5089,-23.1364,17.07,G09102
437186115,123.5957,-23.1444,14.85,G09102
437187573,123.5924,-23.7649,17.01,G09102
437191859,123.6957,-22.2532,15.11,G09166
437191877,123.679,-22.2436,16.77,G09102
437212326,123.6465,-21.2368,16.94,G09102
437212966,123.7028,-20.9134,11.31,G09079;G09036;G09039
437220261,123.7785,-19.0554,15.64,G09041;G09102;20SECONDTARGET
437222002,123.7795,-20.0694,16.54,G09102
437227606,123.8472,-22.8733,17.19,G09102
437227670,123.7877,-22.9036,16.74,G09102
461831423,128.7971,-30.1374,16.97,G09102
775251859,119.3578,-29.4048,18.74,G09016;G09017
775280468,119.6859,-28.7604,18.57,G09016;G09017
824978543,123.5518,-31.0727,18.86,G09016;G09017
824986141,124.178,-30.9044,18.26,G09016;G09017
825010723,123.3928,-30.5547,18.5,G09016;G09017
825290785,121.3913,-30.4979,16.16,G09102
825315320,121.0184,-30.3498,19.11,G09016
825340971,122.8295,-30.8519,17.83,G09166
825369954,121.9657,-30.4114,17.02,G09102;G09166
825401735,123.4825,-30.1656,19.12,G09016
825525250,122.7022,-29.1022,17.99,G09166
825551281,122.3593,-28.9174,17.28,G09102
825588216,120.1494,-29.8215,17.79,G09102;G09166
825605038,121.1276,-29.7896,19.29,G09016
825716768,120.2548,-29.0513,18.8,G09016;G09017
825782355,121.3114,-27.7625,17.88,G09016;G09017
828495549,129.3159,-33.1176,18.98,G09016;G09017
828510029,130.6875,-33.628,17.41,G09016;G09102;G09017
828558665,131.3292,-32.9484,18.98,G09016;G09017
828560018,131.1693,-32.8332,17.69,G09016;G09102;G09017
828575698,129.9188,-33.3476,17.38,G09102;G09166
828624215,130.8019,-32.2234,18.57,G09016;G09017
828628477,131.3458,-32.0423,18.42,G09016;G09017
828810968,128.336,-32.3498,19.14,G09016
828842762,127.9201,-31.6369,18.94,G09016;G09017
828867187,129.0219,-32.2882,19.02,G09016
828897295,130.0338,-31.5723,18.64,G09016;G09017
828911596,130.0044,-31.3483,18.7,G09016;G09017
828925933,130.0366,-30.9444,18.62,G09016;G09017
828968083,128.484,-30.8934,16.82,G09102
828969793,128.5584,-30.882,19.12,G09016
828970970,129.4245,-31.2829,19.1,G09016;G09017
828989142,129.8158,-30.6002,18.95,G09016;G09017
828990717,129.7096,-30.4215,17.73,G09102
829081334,131.5535,-31.3333,18.18,G09016;G09017
829087352,131.2063,-31.3491,17.15,G09016;G09102;G09017
829114523,131.9719,-30.8855,19.29,G09016
829125242,132.0864,-30.4035,18.55,G09016;G09017
829251868,130.5998,-30.2047,19.08,G09016
829251869,130.6025,-30.2116,17.5,G09102
829266857,131.8321,-29.9666,17.65,G09016;G09017
829281621,131.3429,-29.6055,18.96,G09016;G09017
829308183,129.7819,-29.9161,17.8,G09016;G09102;G09017
829317593,130.0958,-29.4059,18.34,G09016;G09017
829326813,131.2663,-29.4531,17.43,G09102
829329925,131.3125,-29.1476,19.12,G09016;G09017
829332527,131.2539,-29.1188,19.26,G09016
829356748,132.5873,-29.4539,18.98,G09016;G09017
829362870,131.8577,-29.5613,19.12,G09016
829409714,131.6287,-28.6807,18.59,G09016;G09017
829493966,126.8967,-31.7247,18.21,G09016;G09017
829505867,127.5319,-31.7542,18.51,G09016;G09017
829518193,127.8003,-31.317,17.88,G09102
829518308,127.8103,-31.3122,17.84,G09166
829524372,126.9086,-31.7217,18.03,G09166
829545481,127.2422,-30.939,18.12,G09016;G09017
829612500,126.4936,-30.8727,17.73,G09016;G09102;G09017
829617956,127.1752,-30.6694,18.99,G09016;G09017
829641683,126.7288,-30.3601,17.69,G09102;G09166
829644752,126.4907,-30.4097,17.46,G09102;G09166
829680293,127.6797,-30.5033,17.89,G09102
829765974,127.5202,-29.7217,18.57,G09016;G09017
829871008,126.0422,-30.4107,17.77,G09102
830025014,126.4978,-29.5171,18.74,G09016;G09017
830060907,127.4209,-29.0085,17.44,G09016;G09102;G09017;G09166
830064296,127.0206,-28.994,17.58,G09102
830075082,127.4681,-28.4878,18.44,G09016;G09017
830128335,125.8274,-28.5532,17.75,G09102
830172752,126.5184,-27.5772,18.75,G09016;G09017
830200083,129.1355,-29.1646,18.92,G09016;G09017
830230824,129.6805,-28.4502,17.82,G09016;G09102;G09017
830246816,128.7333,-28.7043,19.16,G09016
830247684,129.1155,-28.8532,16.17,G09102
830258486,128.5404,-28.6186,17.78,G09016;G09017
830272366,129.4465,-28.546,18.24,G09016;G09017
830313979,130.972,-27.8669,17.45,G09016;G09102;G09017
830328152,130.6329,-27.542,19.11,G09016
830329377,130.7469,-27.4639,17.63,G09102
830331510,131.4324,-27.7198,19.0,G09016;G09017
830351181,131.5213,-26.9397,18.99,G09016;G09017
830351814,131.3561,-27.0183,18.39,G09016;G09017
830353303,131.5084,-26.8421,16.65,G09016;G09017;G09102
830371872,129.953,-27.219,18.52,G09016;G09017
830375593,129.7361,-26.9978,18.99,G09016;G09017
830381765,129.9238,-26.7668,18.58,G09016;G09017
830388340,130.6191,-26.7827,16.79,G09016;G09017;G09102;G09166
830391182,131.3986,-26.5365,17.72,G09016;G09102;G09017;G09166
830399810,130.3532,-26.519,20.54,G09025
830402972,131.067,-26.3071,18.51,G09016;G09017
830408033,128.0572,-28.423,17.8,G09102
830539454,127.9417,-26.09,18.58,G09016;G09017
830582010,129.5182,-25.8152,17.43,G09102
830605671,128.0293,-25.9562,18.62,G09016;G09017
830808227,133.0182,-27.3559,18.67,G09016;G09017
830811624,132.5928,-27.3583,18.24,G09016;G09017
830834184,133.6215,-26.4961,17.65,G09016;G09102;G09017;G09166
831028793,132.3364,-26.8714,16.49,G09016;G09017;G09102
831028830,132.29,-26.8489,17.33,G09102
831030214,131.9448,-26.8782,16.98,G09102
831031819,132.5641,-26.8564,16.83,G09102
831041660,132.2044,-26.5849,18.99,G09016;G09017
831050365,132.9058,-26.0776,18.35,G09016;G09017
831093845,131.8038,-25.1779,18.05,G09016;G09017
831096543,132.2885,-24.8652,18.54,G09016;G09017
831105456,133.1733,-25.4063,16.7,G09016;G09017;G09102;G09166
831111266,133.4954,-24.7811,17.42,G09016;G09102;G09017
831132424,132.2974,-24.5483,17.74,G09016;G09102;G09017
831137359,133.616,-24.3696,18.49,G09016;G09017
831166356,130.6649,-25.0482,19.25,G09016
831180294,131.1185,-24.4943,18.91,G09016;G09017
831181835,131.4101,-24.4259,17.87,G09016;G09102;G09017;G09166
831199543,130.0062,-24.5516,18.62,G09016;G09017
831206143,130.557,-24.3521,16.84,G09102
831219579,130.8418,-23.5591,18.24,G09016;G09017
831238510,133.3308,-23.262,18.05,G09016;G09017
831243124,132.5543,-23.1008,18.92,G09016;G09017
831243614,132.9531,-23.1038,18.05,G09016;G09017
831244453,132.9291,-22.9855,19.05,G09016
831254241,131.411,-23.289,18.61,G09016;G09017
831260771,132.4013,-22.975,18.02,G09016;G09017;G09166
831293054,134.6751,-23.3464,18.38,G09016;G09017
831602356,123.3671,-29.0733,18.97,G09016;G09017
831618961,124.5744,-28.9608,16.74,G09016;G09102;G09017;G09166
831641030,124.2608,-28.597,18.12,G09016;G09017
831641033,124.2595,-28.5885,18.03,G09166
831652843,124.3275,-28.3887,18.77,G09016;G09017
831658702,123.1339,-29.225,18.63,G09016;G09017
831735913,123.5002,-27.9949,16.94,G09016;G09102;G09017
831818078,125.6874,-27.3893,18.16,G09016;G09017
831819686,125.6003,-27.2332,18.76,G09016;G09017
831824264,125.469,-27.092,17.79,G09016;G09102;G09017;G09166
831825129,125.5468,-26.9893,17.88,G09102
831833125,125.9413,-26.8224,17.43,G09102
831858179,123.963,-27.4432,18.83,G09016;G09017
831871935,124.4917,-26.9423,18.28,G09016;G09017
831907629,124.679,-26.4859,17.86,G09016;G09102;G09017;G09166
831968501,122.3709,-27.4024,17.43,G09016;G09102;G09017
831985198,123.67,-27.3443,16.27,G09177;20SECONDTARGET
832038277,121.8197,-27.2968,19.18,G09016
832048065,121.4307,-27.335,18.48,G09016;G09017
832063734,121.7909,-26.9476,18.88,G09016;G09017
832109309,121.9384,-26.4418,18.54,G09016;G09017
832141842,123.8112,-26.6016,18.43,G09016;G09017
832155643,123.3853,-26.4449,18.01,G09016;G09017
832257734,123.5288,-25.6197,19.14,G09016
832261935,124.2018,-25.4372,18.81,G09016;G09017
832298168,126.9113,-26.9208,17.94,G09016;G09017
832332724,127.26,-25.9718,18.23,G09016;G09017
832355988,127.2775,-25.3771,18.37,G09016;G09017
832367056,126.0898,-26.1189,17.94,G09102
832367058,126.0863,-26.111,17.76,G09166
832370428,126.1408,-25.9966,18.41,G09016;G09017
832390333,125.8942,-25.421,17.05,G09102
832408837,126.1618,-25.3534,18.69,G09016;G09017
832426908,127.6945,-25.5817,17.71,G09102
832445739,127.7761,-25.0106,18.99,G09016;G09017
832460149,128.2563,-24.7722,17.93,G09016;G09102;G09017
832463793,128.378,-24.4981,18.85,G09016;G09017
832507810,128.3771,-23.8399,17.64,G09166
832507914,128.3782,-23.8321,17.67,G09016;G09102;G09017
832510190,127.5689,-24.0413,18.73,G09016;G09017
832514458,127.572,-23.7077,17.15,G09102
832516183,128.1744,-23.7317,17.37,G09016;G09102;G09017
832541975,125.0295,-25.2332,17.48,G09102
832571321,125.5983,-24.7819,19.07,G09016
832585748,125.8435,-24.0254,18.11,G09016;G09017
832615049,124.2817,-24.3934,19.22,G09016
832628563,125.3845,-24.091,17.73,G09102;G09166
832639426,124.5378,-23.983,18.83,G09016;G09017
832656360,126.5378,-24.0522,18.91,G09016;G09017
832658726,127.2218,-23.9501,18.43,G09016;G09017
832706221,125.8077,-23.4147,18.75,G09016;G09017
832718074,125.4747,-23.2168,17.02,G09016;G09102;G09017;G09166
832721154,126.1123,-23.0656,18.32,G09016;G09017
832735845,126.9267,-22.5876,18.66,G09016;G09017
832747565,126.6396,-22.1841,18.69,G09016;G09017
832809621,121.8327,-26.2042,16.13,G09102
832821689,122.2574,-25.8933,18.67,G09016;G09017
832824343,121.9481,-25.9556,17.6,G09102;G09166
832916561,121.3354,-25.3882,18.0,G09016;G09017
833024347,123.1701,-24.4941,17.55,G09102
833024932,122.9394,-24.4903,17.78,G09016;G09017
833025831,122.9942,-24.3646,17.16,G09102
833032229,123.0652,-24.1125,18.67,G09016;G09017
833043564,121.6833,-24.6837,17.39,G09016;G09102;G09017;G09166
833053593,121.8829,-24.4703,16.66,G09102
833106806,122.2655,-23.7327,18.03,G09016;G09017
833107297,122.4764,-23.7382,18.7,G09016;G09017
833171269,121.2282,-24.2063,17.37,G09102
833212759,121.6226,-23.4579,17.11,G09102
833220737,121.9491,-23.2198,17.68,G09016;G09102;G09017
833315371,123.8231,-24.3837,16.91,G09102
833327271,123.9978,-23.9332,18.28,G09016;G09017
833329118,124.1298,-23.8263,17.2,G09102
833339581,123.8517,-23.86,17.09,G09102
833346831,123.6738,-23.4443,18.57,G09016;G09017
833355282,124.4592,-23.3671,18.64,G09025
833362565,124.7969,-23.0464,17.66,G09166
833362595,124.7879,-23.0474,17.67,G09016;G09102;G09017
833377644,124.3415,-22.8465,17.28,G09102
833393184,123.3804,-23.2018,17.35,G09102
833398246,122.7942,-23.3867,17.66,G09102
833439754,123.6282,-22.3438,18.86,G09016;G09017
833469996,125.7411,-22.5499,18.48,G09016;G09017
833470780,126.0412,-22.447,19.03,G09016
833472659,125.7584,-22.3587,18.14,G09016;G09017
833477874,126.4584,-21.9354,18.81,G09016;G09017
833520558,125.2042,-21.8447,19.05,G09016
833530479,125.3392,-21.2667,18.49,G09016;G09017
833605608,123.0751,-21.6771,18.53,G09016;G09017
833648456,122.6118,-21.7338,17.97,G09102;G09166
833648920,122.4514,-21.7372,19.26,G09016
833657408,122.8562,-21.3469,16.61,G09102
833696517,123.218,-21.2552,18.94,G09016;G09017
833701558,123.5644,-21.1693,16.82,G09102
833703621,123.8813,-20.9223,18.53,G09016;G09017
833704085,123.7121,-20.9016,18.59,G09016;G09017
833718714,124.2377,-20.7954,19.2,G09016
833719755,124.3269,-20.6719,17.37,G09102
833728471,124.5556,-20.2485,18.94,G09016;G09017
833731685,123.327,-21.054,16.77,G09102
833738437,123.6788,-20.7565,18.64,G09016;G09017
833738910,123.4444,-20.7713,17.79,G09102
833751659,123.079,-20.5276,18.75,G09016;G09017
833801698,130.1747,-23.6929,19.21,G09016
833807777,130.4929,-23.1486,16.93,G09016;G09102;G09017
833819517,128.5638,-23.6495,17.77,G09016;G09102;G09017;G09166
833823204,129.3327,-23.3167,17.45,G09166
833849450,129.3109,-22.4159,17.62,G09016;G09102;G09017
833854127,130.9599,-22.9907,18.66,G09016;G09017
833857743,131.1877,-22.6504,17.91,G09016;G09102;G09017;G09166
833866426,130.7143,-22.2823,19.14,G09016;G09017
833867164,131.4829,-22.6508,17.88,G09166
833867167,131.4813,-22.6417,17.93,G09102
833867720,131.3918,-22.4831,18.54,G09016;G09017
833880790,130.3573,-22.2963,19.24,G09016;G09017
833882425,130.1895,-22.2368,17.53,G09102
833886442,130.3408,-21.7999,18.22,G09016;G09017
833890599,130.0306,-21.9527,18.38,G09016;G09017
833910467,127.726,-22.9339,17.48,G09016;G09102;G09017
833910720,127.7234,-22.9225,17.47,G09166
833917651,127.6407,-22.8471,17.74,G09016;G09102;G09017;G09166
833919438,127.7197,-22.6471,17.85,G09102;G09166
833923226,127.8971,-22.5244,17.58,G09102;G09166
833926100,127.7738,-22.2902,18.29,G09016;G09017
833961817,127.4213,-21.6943,19.12,G09016
833987393,129.5633,-21.5432,17.36,G09016;G09102;G09017
833990123,129.6008,-21.1819,18.15,G09016;G09017
834199879,126.9679,-21.3093,19.07,G09016
834219072,127.5805,-20.6623,18.59,G09016;G09017
834229519,125.905,-21.2728,17.07,G09102
834237046,126.0141,-20.8417,17.47,G09016;G09102;G09017
834250368,126.4868,-20.6262,17.52,G09102
834255085,126.8801,-20.2699,16.63,G09102
834263522,126.2644,-19.8505,18.8,G09016;G09017
834334762,125.5763,-20.2996,18.41,G09016;G09017
834345086,125.1619,-20.0931,19.13,G09016
834349392,125.2643,-19.6322,16.77,G09102
1861139,132.9509,-29.4645,7.86,G09062
2026234,133.3291,-28.7786,17.47,G09166
2084183,133.416,-29.3942,16.86,G09102
2084703,133.3561,-29.7222,17.02,G09016;G09102;G09017
2137185,133.6293,-28.998,13.88,G09123
2140147,133.8135,-28.981,16.11,G09016;G09102;G09017
2224747,133.961,-26.6301,16.8,G09016;G09102;G09017
2224750,133.9624,-26.6315,16.59,G09016;G09102;G09017
2241421,133.932,-29.121,15.11,G09123
2242348,133.9482,-29.7253,15.95,G09102
2349033,134.1437,-27.9043,16.71,G09102
2352319,134.3585,-29.7811,13.0,G09123
2355179,134.3116,-27.7955,12.71,G09123
5627318,143.4187,-36.2348,9.2,G09062
11521555,146.4472,-25.4578,9.1,G09062
17682482,135.7013,-32.9517,12.99,G09123
17682958,135.6123,-33.1934,12.19,G09194
17685932,135.7178,-34.7777,14.15,G09102
17754631,135.7704,-34.5872,17.12,G09016;G09102;G09017;G09166
17755302,135.8332,-34.2012,8.16,G09062
17762855,135.9997,-30.1047,14.65,G09123
17763136,135.9609,-30.2945,8.61,G09062
17842115,135.9816,-32.0705,10.56,G09180
17842118,135.9833,-32.0709,10.38,G09180
17890137,136.0374,-31.9327,17.57,G09166
18011473,136.3357,-34.8911,12.64,G09123
18213411,136.6695,-30.2076,15.72,G09016;G09017;G09102;G09166
18286951,136.936,-34.1222,7.6,G09062;20SECONDTARGET
18288340,136.9898,-33.351,9.97,G09062
18289624,136.9899,-32.6483,15.78,G09025
18558724,137.5987,-30.859,17.3,G09102
18649456,137.6678,-32.6904,16.73,G09025
18654235,137.7078,-35.2252,10.42,G09180
18657235,137.7094,-35.2253,12.4,G09180
19089910,138.6328,-30.5347,10.07,G09194
19199541,138.9032,-31.8484,12.62,G09180
19199543,138.9047,-31.8478,11.91,G09180
19204398,139.04,-31.5042,17.08,G09102
19271382,139.1789,-35.2245,11.69,G09079;G09036;G09039
19354044,139.1301,-30.1314,8.01,G09062;20SECONDTARGET
19434778,139.2756,-34.5909,14.39,G09025
19488490,139.515,-30.5965,15.69,G09041;20SECONDTARGET
19492690,139.5714,-32.2671,17.27,G09102
19493614,139.6207,-32.9007,13.78,G09123
19549751,139.708,-31.4112,11.59,G09194
19684256,140.0875,-31.2691,13.18,G09058;G09142;20SECONDTARGET
19826447,140.3776,-30.7143,12.81,G09180
19826450,140.3784,-30.715,12.85,G09180
19909275,140.7354,-30.5728,12.24,G09196
21812699,146.5209,-26.6821,11.26,G09123
21816192,146.6368,-26.5106,9.54,G09062
21816201,146.6858,-26.5301,11.85,G09180
21816202,146.6835,-26.5303,11.78,G09180
21893023,147.104,-26.0034,8.74,G09062
24435416,140.7977,-35.3871,12.21,G09123
24437956,140.8808,-33.1216,10.75,G09123
24441509,140.9403,-30.3634,15.06,G09016;G09102;G09166;20SECONDTARGET
24540584,141.2598,-32.2385,16.47,G09166
24541237,141.2856,-32.8667,12.68,G09123
24615998,141.3959,-33.2294,13.35,G09031
24617011,141.3844,-32.2608,8.37,G09062
24800263,142.1767,-35.6125,7.33,G09062;20SECONDTARGET
24836923,142.242,-34.9543,9.73,G09062
24840626,142.3131,-31.829,11.34,G09180
24840629,142.3109,-31.826,9.74,G09062;G09180
24912764,142.3699,-34.0301,7.11,G09062;20SECONDTARGET
24969638,142.5041,-30.4125,14.52,G09123
24970055,142.5487,-29.9948,16.71,G09016;G09017;G09102
25058480,142.882,-30.1765,14.75,G09123
25061884,143.02,-33.4334,8.19,G09062
25102706,143.1371,-31.1816,13.48,G09123
25103548,143.121,-30.3459,16.61,G09016;G09017;G09102
25103549,143.1329,-30.3439,16.57,G09166
25163406,143.4012,-35.6969,8.68,G09062
25207317,143.3606,-30.4948,17.47,G09166
25278108,143.6845,-31.9401,10.66,G09180;G09180
25321576,143.7986,-35.8238,6.07,G09062
25453526,144.1719,-31.7613,9.2,G09062
25611385,144.9568,-32.4394,15.93,G09025
25666192,145.0746,-35.8147,15.54,G09166
25670484,144.9954,-31.8819,11.97,G09123
25776767,145.3196,-31.8195,10.64,G09079;G09036;G09039
25836202,145.7752,-31.9529,15.66,G09102
25836205,145.7671,-31.9562,13.49,G09102
25837172,145.7188,-32.9753,14.89,G09025
25906552,146.0054,-30.3154,7.93,G09062
25950248,145.9779,-31.453,9.34,G09123
37371801,134.7599,-27.1644,15.92,G09025;G09041
37377027,134.723,-29.6255,8.02,G09062
37430543,134.8325,-24.4821,14.95,G09041
37435001,134.9325,-27.776,16.33,G09102
37435039,134.9276,-27.8166,6.22,G09062;G09123
37531274,135.0687,-24.4747,10.08,G09062
37533318,135.3024,-25.5291,7.9,G09123
37644584,135.452,-26.5613,6.74,G09062;20SECONDTARGET
37646060,135.5216,-27.8144,7.63,G09062
37690653,135.7729,-24.2648,12.21,G09180
37690656,135.7726,-24.2672,11.46,G09180
37692009,135.8214,-25.5847,10.8,G09180
37692012,135.8249,-25.5871,11.29,G09180
37780662,135.9192,-24.1312,13.22,G09123
37867104,136.2032,-25.6625,7.54,G09062
37921735,136.4673,-29.1925,12.1,G09180
37921741,136.4699,-29.1902,9.84,G09180
37924796,136.5006,-26.6235,10.96,G09180
37924801,136.4999,-26.6224,12.49,G09180
37925216,136.5017,-26.2381,8.31,G09062
37926787,136.4536,-24.7422,16.6,G09102;G09166;20SECONDTARGET
38004089,136.6399,-26.4495,16.16,G09016;G09017;G09102
38007053,136.5721,-29.0012,11.53,G09194
38009069,136.7058,-29.2926,7.83,G09062
38034523,136.8481,-25.3148,11.51,G09194
38035614,136.8328,-26.4183,9.64,G09194
38036544,136.8387,-27.3049,12.59,G09194
38037534,136.8907,-28.1747,11.01,G09062
38118182,136.9739,-28.9931,17.41,G09166
38125059,137.1498,-25.8394,6.24,G09062;20SECONDTARGET
38146136,137.0663,-28.1218,10.37,G09062
38149453,137.2566,-28.9564,7.3,G09062
38149907,137.2815,-28.5571,10.9,G09180
38149909,137.2821,-28.5548,12.12,G09180
38340995,137.6165,-29.1436,11.95,G09180
38340997,137.6176,-29.1443,12.03,G09180
38348412,137.8488,-24.263,13.85,G09102
38453603,138.1636,-25.4033,10.07,G09194
38454876,138.1166,-26.7015,16.52,G09016;G09017;G09102;20SECONDTARGET
51915236,136.3126,-23.7157,15.74,G09016;G09017;G09102;G09166
70443148,138.8229,-24.6277,12.01,G09123
70509940,139.1187,-25.3032,8.38,G09062
70563385,139.1816,-24.7948,9.96,G09123
70566571,139.3026,-27.1068,17.28,G09016;G09102;G09017
70625581,139.4661,-25.3309,13.98,G09102;20SECONDTARGET
119062150,135.9836,-23.8486,7.99,G09123
186315815,132.3056,-31.2063,15.8,G09102
186392108,132.4149,-31.9311,8.68,G09062
186461402,132.6012,-33.0666,15.89,G09025;20SECONDTARGET
186615126,133.1421,-30.4265,12.21,G09194
186710739,133.2907,-30.0887,17.18,G09102
186777643,133.5584,-31.8852,8.47,G09062
186779497,133.5076,-30.8602,10.72,G09123;20SECONDTARGET
186925997,134.058,-32.3562,17.02,G09016;G09102;G09017
186975208,134.0682,-32.3518,16.98,G09166
186977075,134.1429,-31.2992,13.26,G09123
186977101,134.1439,-31.2844,14.59,G09123
186981654,134.2163,-31.341,17.26,G09102
187052535,134.3984,-31.1914,10.1,G09062
187058423,134.5858,-32.1426,7.46,G09062
187096198,134.5492,-34.1112,17.15,G09016;G09017
187122267,134.8416,-30.6403,17.07,G09102
187123483,134.8059,-31.4046,16.35,G09016;G09017;G09102
187188422,135.0188,-33.9389,17.77,G09166
187245616,135.039,-31.7178,12.57,G09123
189062995,140.356,-24.4171,12.71,G09123
189063837,140.3895,-24.5619,10.21,G09062
189107379,140.7331,-24.5755,9.46,G09062
189112745,140.8467,-29.477,16.91,G09016;G09017;G09102;G09166
189138832,141.0437,-29.7668,11.23,G09194
189163244,141.2083,-24.385,16.3,G09016;G09017;G09102;G09166
189164706,141.2789,-26.2715,14.63,G09123
189224575,141.1858,-29.9096,12.32,G09123
189269503,141.5478,-29.2445,10.0,G09062
189271907,141.642,-28.0841,11.87,G09180
189271909,141.6413,-28.0829,12.0,G09180
189272898,141.6807,-26.8901,8.7,G09062
189272916,141.6567,-26.8724,16.77,G09016;G09017;G09102;G09166
189273142,141.6611,-26.5766,8.37,G09062
189343031,142.2241,-26.2335,15.89,G09102
189386434,142.4718,-28.0982,16.8,G09102
189443737,142.9827,-26.9458,9.51,G09020
189475575,143.0924,-27.5297,12.28,G09123
189565557,143.6189,-26.7243,11.2,G09123
189570671,143.717,-27.0238,9.96,G09123
189589280,143.8375,-28.3476,17.99,G09166
189617625,144.0571,-27.9029,16.1,G09041
189617943,144.0119,-27.522,7.47,G09194
189619789,144.0106,-25.0764,14.27,G09123
189623013,144.1648,-27.575,10.33,G09180
189623014,144.1661,-27.5755,12.44,G09180
189625051,144.2876,-29.8004,12.49,G09058;20SECONDTARGET
189640773,144.2411,-26.1698,10.67,G09123
270207170,138.7654,-28.9358,11.73,G09194
315002523,144.9269,-28.5856,12.43,G09058;20SECONDTARGET
315004351,144.985,-29.7746,13.64,G09123
461833637,140.5051,-34.8085,14.69,G09102
461837710,140.6012,-31.693,15.75,G09016;G09017;G09102;G09166
826639542,139.2749,-35.8166,18.69,G09016;G09017
826663137,138.8847,-35.6785,17.29,G09102
826677426,138.4411,-35.06,17.71,G09016;G09102;G09017;G09166
826678779,139.0902,-35.4559,18.09,G09016;G09017
826695409,139.3549,-34.5721,19.04,G09016;G09017
826697503,139.262,-34.4465,19.19,G09016
826798308,136.0676,-34.7439,19.25,G09016
826808695,137.8815,-35.2154,17.51,G09016;G09102;G09017;G09166
826818094,137.2012,-35.0435,18.97,G09016;G09017
826843008,138.7587,-33.7646,18.66,G09016;G09017
826850608,137.1194,-34.2907,18.46,G09016;G09017
826861192,136.7308,-33.9488,18.87,G09016;G09017
826872489,138.3017,-33.5902,18.41,G09025
826883078,137.7418,-33.1846,18.67,G09016;G09017
827593489,134.5032,-34.2763,18.81,G09016;G09017
827603084,133.8437,-34.0683,18.93,G09016;G09017
827612692,135.0267,-33.9342,17.92,G09102
827633876,135.1215,-33.2299,19.07,G09016
827647172,136.5666,-33.6228,18.52,G09016;G09017
827651484,136.2132,-33.5878,18.79,G09016;G09017
827666793,137.3302,-33.0214,17.61,G09016;G09102;G09017;G09166
827672565,136.9782,-32.8759,16.89,G09016;G09017;G09102;G09166
827681461,135.6998,-33.3923,18.42,G09016;G09017
827712787,136.8445,-32.0445,16.69,G09102
827720489,136.0361,-31.9258,17.6,G09016;G09102;G09017
827728230,133.7882,-33.9708,18.86,G09016;G09017
827781677,134.1069,-32.3217,18.56,G09016;G09017
827848068,135.431,-32.0982,19.15,G09016
827880266,135.7629,-31.0947,18.4,G09016;G09017
827886604,134.1366,-31.8523,18.28,G09016;G09017
827901915,134.3414,-31.1363,18.97,G09016;G09017
827907829,135.1589,-31.1201,19.05,G09016
827917200,134.7285,-30.957,18.57,G09016;G09017
827920597,134.4326,-30.7219,18.19,G09016;G09017
827928570,139.8121,-34.8346,19.03,G09016
827935168,139.5283,-34.1237,19.28,G09016
827957906,139.8193,-33.3191,18.28,G09016;G09017
827967425,139.8178,-32.2075,17.36,G09016;G09102;G09017;G09166
827975205,138.7331,-32.7192,17.74,G09016;G09017
827991462,139.6765,-32.0657,18.95,G09016;G09017
828000072,139.2251,-31.7324,19.22,G09016
828007843,139.3924,-31.2442,18.95,G09016;G09017
828038400,138.1946,-31.4523,19.18,G09016
828040405,138.0298,-31.3418,18.75,G09016;G09017
828044966,138.575,-30.81,19.25,G09016
828054496,137.4177,-31.1448,17.85,G09102;G09166
828076002,137.7274,-30.4609,18.09,G09016;G09017
828077910,137.6193,-30.2965,16.51,G09016;G09102;G09017;20SECONDTARGET
828100088,139.8253,-29.4395,19.07,G09016
828106395,138.9359,-29.9275,18.34,G09016;G09017
828109268,138.121,-29.9612,19.0,G09016;G09017
828111555,138.7087,-29.7075,16.03,G09102;G09166
828122982,138.6724,-29.1767,18.79,G09016;G09017
828131869,136.4461,-30.8157,18.22,G09016;G09017
828141859,136.2723,-30.5534,16.85,G09102
828143172,136.5407,-30.2488,18.74,G09016;G09017
828145422,137.1087,-30.6144,18.66,G09016;G09017
828152717,137.4332,-29.6972,18.28,G09016;G09017
828156380,136.6602,-29.7572,17.86,G09016;G09102;G09017;G09166
828172023,135.1468,-30.1187,18.89,G09016;G09017
828176241,135.7966,-29.5851,18.84,G09016;G09017
828192028,136.23,-29.1318,18.68,G09016;G09017
828207333,137.7588,-28.8311,18.9,G09016;G09017
828207955,138.6505,-29.1658,17.96,G09166
828208340,138.533,-29.1132,17.65,G09102
828221772,136.9688,-28.9839,17.48,G09016;G09102;G09017;20SECONDTARGET
828227599,136.9271,-28.7464,17.04,G09102
828230075,136.7254,-28.4229,18.13,G09016;G09017
828240529,137.3632,-28.054,18.63,G09016;G09017
828261583,138.8852,-27.9006,18.66,G09016;G09017
828267464,139.4061,-27.4551,18.28,G09016;G09017
828274446,138.4787,-27.3266,19.22,G09016
828277405,138.093,-27.5262,19.23,G09016
828278915,138.0106,-27.325,19.18,G09016
828284942,138.9604,-26.9958,17.77,G09166
828284943,138.9587,-26.9907,17.99,G09102
828288649,139.5755,-26.4278,18.86,G09016;G09017
829063692,133.1422,-30.9684,18.72,G09016;G09017
829135971,134.1121,-30.7435,18.92,G09016;G09017
829141325,133.2965,-30.7542,17.67,G09016;G09102;G09017;G09166
829149839,133.3162,-30.3293,18.28,G09016;G09017
829382780,133.3236,-28.7727,17.61,G09102
830636550,134.9787,-29.74,18.14,G09016;G09017
830649674,134.5276,-29.1119,16.75,G09102
830669341,135.5511,-28.2159,18.14,G09016;G09017
830722366,137.3465,-27.7139,17.97,G09016;G09102;G09017
830722910,137.215,-27.5779,18.69,G09016;G09017
830736555,135.8824,-27.5203,17.41,G09102;G09166
830739089,135.9389,-27.4431,19.05,G09016
830741127,135.8321,-27.2268,18.55,G09016;G09017
830751150,136.7091,-26.929,18.6,G09016;G09017
830756437,136.8002,-26.398,19.21,G09016
830761448,136.1604,-26.3673,17.58,G09016;G09102;G09017
830770490,133.8959,-27.9113,19.23,G09016
830792853,134.2522,-27.3203,18.91,G09016;G09017
830795565,133.8701,-27.0436,18.05,G09166
830795899,134.2644,-27.2328,19.23,G09016
830842934,135.5247,-26.7487,18.52,G09016;G09017
830869653,134.7142,-25.9632,18.7,G09016;G09017
830879157,135.1185,-25.5308,18.9,G09016;G09017
830891775,137.7806,-26.9039,18.42,G09016;G09017
830894619,137.9977,-26.4846,18.59,G09016;G09017
830899146,138.0749,-26.1999,18.55,G09016;G09017
830908257,138.5743,-25.7884,19.11,G09016;G09017
830911836,136.87,-26.3539,18.76,G09016;G09017
830913427,137.3838,-26.1472,19.16,G09016
830930152,139.3975,-25.7007,19.16,G09016
830930393,139.4689,-25.5477,19.12,G09016
830932203,139.4734,-25.436,18.69,G09016;G09017
830935258,138.6903,-25.3081,16.86,G09016;G09017;G09102;G09166
830938394,139.9324,-25.1299,18.99,G09016;G09017
830950911,138.3821,-24.2506,18.49,G09016;G09017
830959923,136.3765,-25.6884,18.62,G09016;G09017
830967611,136.5488,-25.0141,17.87,G09102
830972078,137.4501,-24.7129,18.98,G09016;G09017
830977720,137.221,-24.1454,16.34,G09102;G09166
830984041,135.2495,-24.7055,19.29,G09016
830986110,135.7196,-24.2957,18.39,G09016;G09017
830993181,135.8009,-23.8808,17.4,G09016;G09102;G09017;G09166
830996058,137.7631,-24.4415,17.8,G09016;G09017
831273719,135.0326,-24.1095,19.18,G09016
831279630,135.1041,-23.8019,18.72,G09016;G09017
873092816,143.7891,-36.188,18.76,G09016;G09017
873094935,143.387,-36.3976,19.2,G09016
873117820,144.4712,-36.2113,18.87,G09016;G09017
873140826,144.1958,-36.0646,18.68,G09016;G09017
873155712,144.2188,-35.1625,18.46,G09016;G09017
873163017,144.9823,-34.973,17.16,G09102;G09166
873164229,145.2435,-34.7086,19.1,G09016
873164345,145.1632,-34.6608,19.02,G09016
873189118,141.5758,-36.1667,18.05,G09016;G09017
873194690,142.7369,-36.3351,18.03,G09016;G09017
873204515,142.5265,-35.8507,18.98,G09016;G09017
873252522,142.1154,-34.5163,17.02,G09016;G09017;G09102
873276054,144.1986,-34.3501,19.08,G09016
873277632,144.6324,-34.3505,18.26,G09016;G09017
873285117,144.0462,-34.0164,17.5,G09016;G09102;G09017;20SECONDTARGET
873312330,143.7593,-33.4224,18.27,G09166
873316681,143.0632,-33.3383,18.68,G09016;G09017
873358398,145.1067,-34.2717,18.8,G09016;G09017
873359213,145.1383,-34.1449,18.94,G09016;G09017
873359942,145.1207,-33.9568,19.13,G09016
873433068,144.8699,-33.3174,16.96,G09102
873441340,145.6247,-32.7789,19.27,G09016
873445748,145.5579,-32.634,18.99,G09016;G09017
873446556,145.6986,-32.469,17.55,G09102;G09166
873451715,144.0508,-33.0163,18.73,G09016;G09017
873456178,143.6793,-32.9744,18.08,G09166
873459077,143.7232,-32.5533,18.52,G09016;G09017
873461271,144.0314,-32.38,18.88,G09016;G09017
873463839,145.0157,-32.4131,17.58,G09016;G09102;G09017;G09166
873466914,145.4126,-31.9749,18.3,G09016;G09017
873467684,145.2045,-32.0511,17.32,G09016;G09102;G09017;G09166
873470452,144.3548,-31.9674,18.25,G09016;G09017
873480965,145.7113,-32.2325,18.92,G09016;G09017
873503652,145.5668,-31.0402,18.64,G09016;G09017
873512101,145.8397,-30.5155,16.66,G09016;G09017;G09102;G09166
873513680,146.1949,-30.3827,18.47,G09016;G09017
874817602,140.4347,-35.1258,18.03,G09016;G09017
874819221,140.3305,-34.91,17.43,G09016;G09102;G09017;G09166
874825339,140.7775,-34.4156,17.83,G09016;G09102;G09017
874827925,141.561,-34.5577,17.96,G09016;G09102;G09017;G09166
874853153,140.4926,-34.0189,18.63,G09016;G09017
874880983,141.7289,-33.5223,18.91,G09016;G09017
874893443,143.2827,-32.7626,19.06,G09016
874921804,142.128,-32.5798,19.18,G09016
874952276,140.2704,-32.1558,18.29,G09016;G09017
874962888,141.6778,-31.5876,18.03,G09166
874965726,141.6384,-31.1762,19.17,G09016
874974185,140.3069,-31.6782,18.84,G09016;G09017
874990248,140.7487,-30.1531,18.0,G09166
874996854,143.6853,-31.9404,10.98,G09180
874999217,142.9729,-32.0463,18.61,G09016;G09017
875005209,143.843,-31.7309,18.79,G09016;G09017
875008193,144.2782,-31.2608,18.18,G09016;G09017
875024894,142.7996,-30.9799,18.45,G09016;G09017
875035122,143.3515,-30.4957,17.59,G09016;G09102;G09017
875037714,144.8034,-31.2328,18.68,G09016;G09017
875044438,144.3279,-30.5968,18.82,G09016;G09017
875047108,144.8591,-30.2001,18.82,G09016;G09017
875047137,144.9005,-30.2132,18.37,G09016;G09017
875049319,145.5296,-30.2529,19.02,G09016;G09017
875061662,143.8478,-30.2688,18.98,G09016;G09017
875075048,144.5627,-28.9065,18.4,G09016;G09017
875078867,141.9989,-30.7962,18.48,G09016;G09017
875078976,142.3921,-31.0148,19.15,G09016;G09017
875090430,142.7725,-30.1925,18.97,G09016;G09017
875094566,142.5993,-30.0166,18.26,G09016;G09017
875096925,142.9286,-29.7312,17.83,G09016;G09102;G09017
875097462,142.9053,-29.5046,17.51,G09016;G09102;G09017;G09166
875110763,142.0863,-29.9035,18.23,G09016;G09017
875117007,141.8016,-29.2928,19.27,G09016
875119491,142.351,-28.9665,18.96,G09016;G09017
875124332,144.0072,-29.4122,18.82,G09016;G09017
875125794,143.7148,-29.1374,18.67,G09016;G09017
875131535,144.411,-29.0022,17.66,G09166
875132765,144.2704,-28.7641,19.07,G09016
875133020,144.2129,-28.7256,18.83,G09016;G09017
875136470,143.6164,-28.7568,18.87,G09016;G09017
875136565,143.5953,-28.6826,19.06,G09016
875137424,143.8393,-28.3474,17.99,G09016;G09102;G09017
875146360,142.4801,-28.528,18.01,G09166
875146361,142.4841,-28.5275,18.22,G09016;G09017
875146941,142.7552,-28.4861,19.02,G09016
875160454,140.0485,-30.0975,16.89,G09016;G09017;G09102;G09166
875175560,141.2486,-28.9641,18.61,G09016;G09017
875182868,141.5169,-28.2655,18.68,G09016;G09017
875183295,141.1996,-28.3253,18.92,G09016;G09017
875184789,140.2274,-28.9528,17.36,G09102
875187002,140.168,-28.6648,18.17,G09016;G09017
875187700,140.3682,-28.4901,17.58,G09016;G09102;G09017;G09166
875189402,140.7123,-28.405,19.13,G09016
875204375,141.6455,-28.2422,16.87,G09102
875207621,142.3416,-27.6516,19.26,G09016
875209240,142.7435,-27.8584,17.57,G09016;G09102;G09017
875210039,142.8409,-27.6166,18.57,G09016;G09017
875213495,143.1173,-27.0304,17.87,G09016;G09102;G09017;G09166
875221148,141.9204,-27.326,19.21,G09016
875251943,141.1995,-26.2797,19.13,G09016
875256845,141.3692,-25.8667,19.26,G09016
875257235,141.3204,-25.6907,19.08,G09016
875263975,140.7199,-25.3973,18.6,G09016;G09017
875265448,140.8677,-25.2488,17.97,G09016;G09017
875287076,146.3692,-28.6761,19.13,G09016
875290695,145.757,-28.8925,18.39,G09016;G09017
875303440,145.9833,-27.9319,17.44,G09102
875323624,146.6692,-27.3816,17.44,G09102
875336065,145.3794,-27.8193,18.32,G09016;G09017
875341924,145.555,-27.704,19.23,G09016
875344024,145.8636,-27.3441,18.28,G09041
875347255,145.2226,-27.1354,18.42,G09016;G09017
875347495,145.2621,-27.0394,18.46,G09016;G09017
875347797,145.6041,-27.1219,17.88,G09016;G09017;G09102;G09166
875350231,144.3334,-27.7394,17.89,G09016;G09102;G09017
875350438,144.3721,-27.6007,17.52,G09102;G09166
875350439,144.342,-27.5923,18.88,G09016;G09017
875360825,145.1703,-26.6625,18.25,G09016;G09017
875369433,146.5471,-26.559,17.78,G09016;G09102;G09017;G09166
875370601,146.0387,-26.6678,18.59,G09016;G09017
875370894,146.1422,-26.5259,19.16,G09016;G09017
875378845,146.8171,-25.7707,19.25,G09016
875378939,146.9623,-25.6629,18.95,G09016;G09017
875390107,146.3943,-25.3893,18.36,G09016;G09017
875477919,143.5579,-27.1541,18.77,G09016;G09017
875480522,143.8951,-26.6918,18.91,G09016;G09017
875484530,143.3342,-26.4115,17.75,G09016;G09102;G09017;G09166
875485125,143.6215,-26.1285,17.89,G09102
875485292,143.3962,-26.2942,18.01,G09016;G09017;G09166
875489230,144.2777,-25.9924,18.03,G09016;G09017
875493964,144.0298,-25.4093,16.91,G09102
875498908,142.6741,-25.9476,18.08,G09016;G09017
875501090,142.5417,-25.6552,17.64,G09016;G09102;G09017;G09166
875502433,143.5802,-25.6927,18.48,G09016;G09017
875505728,143.1807,-25.3891,17.75,G09016;G09102;G09017
875507073,143.2167,-25.0762,18.52,G09016;G09017
875508293,143.2912,-25.0125,18.75,G09016;G09017
875511120,145.2684,-25.5068,17.58,G09166
875511130,145.2622,-25.5068,17.64,G09016;G09102;G09017
875511668,145.2303,-25.2905,19.23,G09016
875539642,141.6164,-25.184,19.21,G09016
875540854,142.1488,-24.9092,18.38,G09016;G09017
875542418,142.9277,-25.0693,18.37,G09016;G09017
2886565,138.1926,-39.7669,16.47,G09166
2886586,138.194,-39.7586,16.54,G09016;G09102;G09017
2962605,138.2996,-39.1726,16.74,G09016;G09102;G09017
3120302,138.6628,-38.5618,16.29,G09177
3360041,139.1292,-37.0835,16.21,G09166
3360044,139.1343,-37.0823,16.62,G09102
3360066,139.0964,-37.0724,16.56,G09166
3447241,139.2154,-39.0948,12.8,G09194
3525057,139.3299,-38.2991,14.77,G09123
3585136,139.4833,-37.3976,6.47,G09062;G09123
3588352,139.4679,-38.8481,11.46,G09196
3588888,139.5763,-39.0836,13.16,G09123
3839024,139.8122,-38.8588,11.16,G09196
3843279,139.8829,-40.5616,8.83,G09062
4004533,140.0712,-41.4625,17.34,G09166
4261575,140.5383,-40.4718,12.83,G09180
4261594,140.5501,-40.4658,12.46,G09180
4264922,140.5534,-39.0237,13.07,G09102
4814256,141.5668,-37.2228,16.39,G09041
4959676,141.6999,-38.6269,10.64,G09031
4970499,141.9664,-39.1812,16.27,G09041
5093341,142.2337,-37.8322,7.93,G09062
5230879,142.4631,-38.1808,8.81,G09062
5295337,142.6731,-40.4663,3.47,G09062;G09123;20SECONDTARGET
5471796,143.0111,-41.6206,11.35,G09180
5471801,143.0173,-41.6154,12.35,G09180
5476310,142.9024,-39.2484,11.68,G09180
5476311,142.8986,-39.2482,12.62,G09180
5542320,143.1454,-38.2696,11.85,G09194
5622763,143.3185,-38.6371,6.63,G09062
5624184,143.1996,-37.7412,16.0,G09016;G09102;G09017;G09166;20SECONDTARGET
5703872,143.36,-39.3652,7.88,G09036
5709015,143.5816,-41.6664,14.67,G09102;20SECONDTARGET
5709037,143.5903,-41.6572,14.61,G09166
28556267,131.5708,-45.5313,17.49,G09166
28656959,131.7359,-45.712,10.94,G09150
28658119,131.6502,-45.4049,9.51,G09150
28699677,131.7224,-44.7222,9.96,G09150
28709025,131.8905,-42.4852,8.14,G09150
28949811,132.5406,-44.6229,9.36,G09150
28957011,132.3978,-46.3887,9.26,G09150
29036690,132.4152,-46.8481,9.99,G09150
29123576,132.567,-45.384,10.47,G09150
29126751,132.7062,-44.5824,17.38,G09166
29207816,132.5875,-42.0898,6.19,G09150
29341343,132.9457,-46.9878,10.37,G09196
29426246,133.0172,-44.0097,8.44,G09150
29585482,133.1238,-45.6176,10.57,G09150
29589708,133.0667,-46.5795,16.69,G09177
29593481,133.1923,-47.333,8.35,G09062
29871807,133.4569,-47.0577,9.66,G09062
30122338,133.8501,-44.1872,9.5,G09020
30122649,133.7488,-44.2887,10.07,G09031
30311173,134.189,-44.0047,10.13,G09062
30562668,134.2814,-43.2561,5.99,G09164;G09150;20SECONDTARGET
30569481,134.4749,-43.1535,9.24,G09150
30572496,134.3678,-44.2654,7.51,G09150
30973463,135.0162,-42.6188,16.96,G09166
31158811,135.2816,-43.0757,8.48,G09062
31911487,136.9102,-47.5628,7.9,G09062;20SECONDTARGET
31921921,136.9271,-44.6324,6.79,G09150
31923183,136.8656,-44.3078,16.23,G09102;G09166;20SECONDTARGET
53300747,126.352,-45.015,9.73,G09062
74197071,137.2092,-46.433,10.34,G09150
74377969,137.3207,-46.8182,9.45,G09062;20SECONDTARGET
74480543,137.6112,-44.5931,17.25,G09166
74522926,137.5834,-42.7598,15.61,G09166
74522933,137.5794,-42.7582,15.87,G09016;G09102;G09102;G09102;G09102;G09017
74534430,137.6739,-45.0998,9.85,G09031
74704403,137.8585,-45.0818,12.78,G09194
74706228,137.9171,-44.5423,9.07,G09062
74786091,137.9931,-43.9704,10.85,G09194
74792160,138.057,-45.8484,6.21,G09062
74970196,138.3004,-44.2399,8.93,G09062
75308392,138.6074,-47.1452,17.88,G09166
75319835,138.8033,-44.8722,12.2,G09194
75401353,139.0042,-42.2573,16.04,G09016;G09017;G09102
75743635,139.2855,-45.7705,15.75,G09016;G09017;G09102
75745359,139.3121,-46.275,9.02,G09150
75823453,139.5318,-44.621,16.34,G09016;G09102;G09017
75828830,139.4671,-42.835,11.1,G09196;G09196
75830130,139.5675,-42.3425,10.51,G09123
75885700,139.6943,-42.3477,17.93,G09166
75985275,139.8256,-47.5649,15.32,G09017;G09102;20SECONDTARGET
76334323,140.1809,-42.9141,13.24,G09123
76334584,140.2116,-42.829,7.56,G09062
76419059,140.3364,-47.367,17.69,G09166
77101194,141.2808,-42.2526,7.94,G09180
77101201,141.282,-42.2546,11.61,G09180
77729463,142.0491,-46.4267,17.95,G09166
77736770,142.0314,-44.2524,9.41,G09123;20SECONDTARGET
77855134,142.3267,-44.5389,6.47,G09062;20SECONDTARGET
78009874,142.3989,-42.6649,12.54,G09180
78009893,142.3913,-42.6587,13.0,G09180
78104629,142.5806,-44.8598,7.1,G09062
140006471,127.2814,-44.1604,6.01,G09164
140006710,127.2581,-44.2392,7.83,G09062
140129492,127.3644,-44.7248,5.5,G09150;20SECONDTARGET
140129494,127.3642,-44.7235,7.36,G09150
140194669,127.586,-43.174,8.72,G09194
140309502,127.7229,-44.9759,9.29,G09150
140644000,128.2879,-45.1814,9.26,G09150
140843324,128.6096,-45.021,10.2,G09150
140986020,128.9047,-42.5604,7.02,G09062;20SECONDTARGET
141056084,128.8475,-43.9994,15.53,G09016;G09102;G09017;G09166
141190209,128.9683,-44.6565,10.74,G09150
141292310,129.3311,-45.2072,8.18,G09150
141365778,129.4589,-43.556,9.93,G09150
141497301,129.7548,-46.2303,11.0,G09150
141497319,129.7453,-46.2271,8.84,G09150
141744440,130.082,-46.1443,9.57,G09150
141745052,129.9863,-46.0142,16.71,G09177
180497060,128.803,-39.9701,5.91,G09062;20SECONDTARGET
180540045,129.0451,-40.2269,8.88,G09150
180581211,129.0968,-38.4549,6.73,G09062;20SECONDTARGET
180661948,129.3181,-41.3179,8.33,G09123;20SECONDTARGET
180664865,129.3303,-40.1474,5.98,G09062;20SECONDTARGET
180665630,129.2661,-39.7983,11.02,G09194
180668917,129.3415,-38.4944,9.28,G09062
180731211,129.4195,-40.194,9.64,G09196
180838732,129.8051,-39.1275,17.33,G09166
180842215,129.7016,-40.568,10.18,G09062
180886238,129.9438,-37.8689,9.24,G09196
180935063,130.047,-37.1281,9.34,G09062
181174670,130.5539,-35.9439,17.81,G09166
181208162,130.6968,-37.5866,16.55,G09166
181208184,130.6929,-37.5968,16.64,G09016;G09017;G09102
181272668,130.8176,-39.1376,7.3,G09062;20SECONDTARGET
181298422,130.8669,-37.086,8.91,G09062
181511158,131.4474,-40.6156,7.3,G09150
181560282,131.4634,-37.1042,10.77,G09062
181682119,131.6413,-37.9094,8.44,G09062
181686257,131.6457,-36.3686,16.81,G09102
181726529,131.9124,-39.6651,12.1,G09196
181741837,131.9181,-41.7385,5.83,G09062;20SECONDTARGET
181741991,131.8921,-41.798,12.13,G09196
185013064,128.3662,-41.6177,6.41,G09062
185167317,128.5125,-39.9682,17.33,G09166
185754724,130.5956,-35.7403,18.11,G09166
186373893,132.2783,-34.9769,17.16,G09166
186760876,133.5039,-35.6494,6.88,G09062
187024332,134.4218,-35.8433,15.86,G09102;G09166
190122499,132.3819,-41.5638,8.79,G09150
190216154,132.6513,-41.1979,9.71,G09062
190496853,133.4086,-40.5436,10.3,G09058;20SECONDTARGET
190599978,133.3851,-36.5623,12.41,G09194
190605891,133.5692,-37.5572,10.54,G09194
190783321,133.858,-41.0788,8.24,G09150
190783581,133.7802,-41.1624,17.77,G09166
190856325,134.0811,-37.1224,6.32,G09062;20SECONDTARGET
191021183,134.638,-41.7981,16.31,G09041;G09102;20SECONDTARGET
191164779,134.6536,-37.9766,11.96,G09194
191174923,134.7191,-41.3379,12.44,G09194
191190652,134.8595,-40.1327,15.96,G09166
191233258,134.7939,-36.7919,15.43,G09016;G09017;G09102;G09166
191398882,135.3477,-37.1182,10.07,G09062
191457397,135.4198,-38.2081,10.79,G09196
191532802,135.5545,-39.7649,15.88,G09016;G09102;G09017
191535452,135.5743,-40.6033,11.55,G09196;G09196
191536753,135.6836,-41.0312,7.79,G09062
191678773,135.9635,-41.5555,7.23,G09062
191712017,136.0109,-40.372,17.87,G09166
191748452,135.9928,-36.7386,6.87,G09062;20SECONDTARGET
191780450,136.1602,-41.0643,8.37,G09062
191787817,136.3323,-40.4613,18.12,G09166
191933324,136.44,-40.4204,14.16,G09102
191951879,136.6389,-41.6006,17.6,G09166
192003064,136.8333,-36.2671,17.72,G09166
192010047,136.8047,-38.9834,18.78,G09025
192057239,137.0307,-41.0741,7.69,G09062;20SECONDTARGET
192079072,137.0101,-38.4701,17.44,G09025
192083079,136.9839,-36.8975,15.57,G09016;G09102;G09017;G09166;20SECONDTARGET
192084774,136.8924,-36.1532,17.04,G09102
192087959,137.0709,-37.1149,7.66,G09194;G09123
192088566,137.0994,-37.3765,12.21,G09194
192301452,137.4479,-41.7905,17.39,G09166
192311642,137.6107,-38.5073,14.95,G09123
192401112,137.6905,-39.5521,8.41,G09062
192405672,137.7681,-41.245,8.05,G09062
192514915,137.9924,-37.5941,17.55,G09166
192517401,137.9871,-38.5914,8.77,G09062
270837789,131.9619,-46.4302,11.35,G09150
285823086,130.4871,-45.4107,5.0,G09052;20SECONDTARGET
294732401,140.1618,-48.1201,17.98,G09166
296287664,141.4416,-47.9715,14.78,G09041
393204653,144.3969,-38.8702,16.53,G09016;G09102;G09017
393346713,130.6634,-45.0186,10.21,G09150
430426898,130.7969,-42.4549,10.19,G09062
430498169,130.8484,-44.5786,10.05,G09150
430503923,130.8846,-45.8934,9.75,G09150
430551276,131.2313,-46.3123,17.88,G09166
430585469,131.1391,-45.6879,10.25,G09150
430587359,131.2203,-45.2716,16.37,G09177
430590314,131.2095,-44.5416,6.05,G09062;20SECONDTARGET
430591603,131.2325,-44.1425,15.27,G09016;G09017;G09102;G09166;20SECONDTARGET
430596379,131.0993,-42.4504,10.84,G09062
430625041,131.3311,-45.9595,9.01,G09150
430625174,131.2935,-45.9818,10.43,G09150
447933173,135.7008,-46.9635,9.13,G09150
447955805,135.8907,-42.2688,7.91,G09062
447963577,136.0112,-43.8432,8.12,G09062
447968793,136.0598,-45.232,9.16,G09062
447970305,136.0831,-45.615,15.86,G09016;G09017;G09102;G09166
461607866,129.2482,-45.2898,9.56,G09150
814708092,139.2298,-48.4923,19.28,G09016
814708301,139.0208,-48.5038,18.45,G09016;G09017
814708466,139.1787,-48.3184,18.47,G09016;G09017
814708610,139.5527,-48.2884,18.72,G09016;G09017
814709744,139.0551,-47.7456,16.69,G09016;G09102;G09017;G09166
814737354,136.3755,-47.286,17.87,G09016;G09102;G09017;G09166
814738910,136.3177,-46.9398,18.61,G09016;G09017
814739788,138.2595,-47.6354,16.97,G09016;G09102;G09017
814739893,138.2037,-47.4763,18.51,G09016;G09017
814739995,138.6464,-47.4777,18.59,G09016;G09017
814740905,138.5951,-47.1452,17.96,G09016;G09102;G09017
814743540,137.9274,-47.1413,19.12,G09016
814744486,137.829,-46.9144,17.34,G09016;G09102;G09017
814746313,138.9058,-47.051,18.98,G09016;G09017
814756581,139.0002,-46.4046,19.18,G09016
814775625,137.4016,-46.2925,17.5,G09102;G09166
815660875,132.8038,-45.9785,19.09,G09016;G09017
815726292,131.2373,-46.323,17.89,G09102
815753928,131.7236,-46.2817,17.14,G09016;G09102;G09017;G09166
815786209,131.5694,-45.5218,17.61,G09016;G09102;G09017
815806094,136.0144,-46.6988,18.66,G09016;G09017
815812351,135.5643,-46.2002,18.77,G09016;G09017
815842898,135.004,-45.1776,18.66,G09016;G09017
815843675,136.711,-46.1829,16.84,G09016;G09017;G09102;G09166
815848195,137.2538,-45.777,17.15,G09016;G09102;G09017;G09166
815905282,135.8149,-45.418,17.61,G09016;G09102;G09017
815911189,135.8447,-45.07,16.82,G09102
815916163,135.7915,-44.2601,17.7,G09016;G09102;G09017;G09166
815972457,133.2909,-45.4743,18.46,G09016;G09017
815984429,134.1506,-44.8708,18.74,G09016;G09017
816007494,132.1245,-44.9711,19.28,G09016
816014963,132.7136,-44.5891,17.53,G09016;G09102;G09017
816025053,133.4115,-44.113,18.57,G09016;G09017
816029028,135.3305,-44.3192,17.77,G09016;G09017
816029627,134.6885,-44.4283,19.15,G09016
816029929,134.5385,-44.1997,18.65,G09016;G09017
816030113,134.7458,-43.9557,18.2,G09016;G09017;G09166
816051294,135.8917,-42.9761,17.9,G09016;G09102;G09017
816052984,135.3855,-42.9793,18.8,G09016;G09017
816055737,134.2271,-44.0614,18.85,G09016;G09017
816056573,134.637,-43.6955,17.21,G09016;G09017
816056648,134.891,-43.5078,17.91,G09016;G09017;G09102;G09166
816058663,133.7096,-43.3848,18.76,G09016;G09017
816069128,135.0189,-42.6197,17.09,G09016;G09102;G09017
816070395,134.8539,-42.4641,17.96,G09016;G09102;G09017
816074787,134.9879,-42.0008,18.54,G09016;G09017
816215680,139.6353,-43.6071,18.93,G09016;G09017
816247627,137.6019,-44.5928,17.55,G09102
816408560,139.6892,-42.3369,17.95,G09016;G09102;G09017
816430935,139.78,-42.3247,19.0,G09016;G09017
816431196,139.8612,-42.228,17.85,G09016;G09102;G09017;G09166
816470877,138.836,-41.8653,18.96,G09016;G09017
816501973,138.5511,-41.2494,18.0,G09016;G09017
816531898,138.7302,-41.1323,17.58,G09016;G09102;G09017;G09166
816604759,137.4531,-41.7935,17.48,G09016;G09102;G09017
816612416,136.8512,-41.7705,19.16,G09016
816618330,136.6411,-41.6049,17.66,G09016;G09102;G09017
816634532,135.8774,-42.1288,19.27,G09016
816666121,136.3162,-41.6197,18.57,G09016;G09017
816704476,136.3356,-40.4628,18.2,G09016;G09017
816771068,137.989,-40.1997,18.55,G09016;G09017
816801709,137.5485,-40.0444,17.58,G09102;G09166
816866006,139.8733,-40.615,18.98,G09016;G09017
816968463,138.2778,-38.4765,19.16,G09016
816990387,139.8468,-37.8778,18.21,G09016;G09017
817019726,139.8119,-37.1375,18.54,G09041
819619195,129.4002,-45.4392,18.94,G09016;G09017
819746533,127.6207,-45.245,19.2,G09016
819789662,127.7217,-45.0718,18.61,G09016;G09017
819819248,126.9164,-45.1366,18.91,G09016;G09017
819821621,127.3247,-44.7794,17.92,G09016;G09102;G09017;G09166
819844862,127.6802,-44.5629,18.94,G09016;G09017
819858206,127.3987,-44.2374,17.88,G09102;G09166
819865709,127.5378,-43.7077,18.88,G09016;G09017
819866213,127.8394,-43.5782,18.83,G09016;G09017
819875924,128.9668,-44.5112,18.84,G09016;G09017
819951699,129.8375,-43.0479,19.0,G09016
819965154,128.0791,-43.4439,18.54,G09016;G09017
819973256,128.4503,-42.8981,18.11,G09016;G09017;G09166
819979238,129.3113,-42.6543,18.96,G09016;G09017
820000199,131.979,-44.3963,19.29,G09016
820015968,132.9056,-43.6117,17.57,G09102
820017814,133.3357,-43.5432,18.53,G09016;G09017
820031778,131.9083,-43.308,18.43,G09016;G09017
820032444,131.8752,-43.2503,19.0,G09016;G09017
820034402,130.8725,-43.4531,19.15,G09016
820034871,130.8117,-43.2528,17.8,G09016;G09102;G09017;G09166
820048176,132.3048,-42.1575,17.02,G09016;G09102;G09017;G09166
820050523,133.8232,-42.9803,17.72,G09016;G09102;G09017;G09166
820060754,133.1189,-42.5286,17.31,G09102
820063697,133.3959,-42.318,19.11,G09016
820075627,134.6195,-41.7752,17.93,G09016;G09017
820099146,133.3028,-41.8472,18.48,G09016;G09017
820125167,133.7655,-41.1655,17.79,G09016;G09102;G09017
820148795,130.3698,-42.6314,19.25,G09016
820163546,130.3811,-41.396,19.29,G09016
820164376,130.5417,-41.3818,17.45,G09102;G09166
820165576,130.8883,-41.0487,19.06,G09016
820169148,130.7829,-40.3714,19.24,G09016
820188032,132.7514,-40.5692,19.23,G09016
820188651,132.8777,-40.5349,18.81,G09016;G09017
820194097,133.4139,-40.1521,17.7,G09102
820201013,132.8228,-40.195,18.12,G09016;G09017;G09166
820206287,132.9023,-40.0353,18.99,G09016;G09017
820322112,127.3627,-43.4895,18.09,G09016;G09017
820326512,126.5583,-43.7255,18.74,G09016;G09017
820329173,126.8227,-43.5382,19.13,G09016;G09017
820405758,128.2461,-42.7373,19.06,G09016
820409778,128.0686,-42.6515,18.45,G09016;G09017
820441203,128.1232,-42.0117,18.89,G09016;G09017
820504128,128.4854,-41.1351,17.84,G09102;G09166
820508705,128.2307,-40.7596,18.49,G09016;G09017
820728065,129.3293,-41.6646,18.7,G09016;G09017
820731588,129.7458,-40.9552,18.52,G09016;G09017
820748938,130.0327,-40.117,18.86,G09016;G09017
820769515,128.5079,-39.9727,17.38,G09016;G09102;G09017
820769748,128.4841,-39.8752,19.21,G09016
820778395,128.9806,-39.3912,17.76,G09016;G09102;G09017
820783081,129.3903,-39.0278,18.16,G09166
820788432,130.9328,-39.6379,17.98,G09016;G09102;G09017;G09166
820860326,129.7998,-39.1216,17.37,G09016;G09102;G09017
820871053,130.2987,-38.8,19.0,G09016
820988010,129.1849,-38.7903,17.71,G09016;G09017
825886671,134.488,-41.0587,19.19,G09016
825901402,135.6199,-40.8758,17.52,G09016;G09102;G09017;G09166
825911549,136.0095,-40.3722,17.97,G09016;G09102;G09017
825951381,134.8516,-40.1285,16.06,G09016;G09102;G09017
825992546,135.3673,-39.2481,18.39,G09016;G09017
826026313,136.8984,-39.5829,18.93,G09016;G09017
826034599,135.9337,-39.6328,18.95,G09016;G09017
826039535,136.1385,-39.3278,18.18,G09016;G09017
826067507,137.4588,-38.6768,17.6,G09102
826072671,136.994,-38.7581,18.44,G09016;G09017
826081361,137.0223,-38.4463,17.95,G09016;G09102;G09017
826081388,137.0232,-38.444,17.94,G09166
826133032,136.5928,-38.2129,19.07,G09016
826159889,136.2191,-37.7022,17.85,G09016;G09102;G09017;G09166
826172504,134.0636,-39.6658,19.23,G09016
826240814,134.2467,-38.5275,17.95,G09102
826253529,133.1381,-39.0003,18.26,G09016;G09017
826290327,133.1467,-38.3178,17.15,G09016;G09102;G09017
826332345,133.2986,-37.7329,18.39,G09016;G09017
826337653,133.7886,-37.5765,18.8,G09016;G09017
826405252,135.0943,-37.0786,18.67,G09016;G09017
826417055,134.1782,-37.7303,17.88,G09016;G09102;G09017
826425653,134.774,-37.3637,18.55,G09016;G09017
826429462,134.4781,-37.236,18.07,G09016;G09017
826503329,137.7219,-37.8417,18.33,G09016;G09017
826510429,137.8368,-37.6632,18.02,G09166
826511201,138.0067,-37.596,17.57,G09102
826529198,139.088,-37.0706,16.68,G09016;G09017;G09102
826561593,137.5567,-37.1065,17.3,G09102
826583903,137.7296,-36.9625,16.8,G09016;G09102;G09017
826711638,136.833,-36.2769,17.85,G09016;G09102;G09017
826915470,131.8914,-37.8535,17.29,G09102
826986973,131.7506,-37.4065,19.09,G09016
826994906,131.7883,-36.8731,17.78,G09016;G09102;G09017;G09166
827072305,134.0656,-36.391,18.76,G09016;G09017
827087572,133.5493,-36.3365,18.1,G09016;G09017
827158984,132.9577,-35.5208,18.32,G09016;G09017
827243762,130.5532,-35.9449,17.85,G09102
827305616,130.5895,-35.7329,18.15,G09016;G09017
827360543,131.1772,-34.7798,16.67,G09016;G09102;G09017;G09166
827400551,132.28,-34.9687,17.17,G09016;G09102;G09017
860303055,141.1756,-48.4087,17.77,G09016;G09102;G09017;G09166
860305506,140.8421,-48.2335,17.79,G09016;G09102;G09017;G09166
860309210,140.1606,-48.1131,18.07,G09016;G09017
860314538,140.3254,-47.3592,17.77,G09016;G09102;G09017
871264412,141.0399,-46.4797,19.29,G09016
871278860,141.1919,-46.486,19.27,G09016
871293807,140.8055,-46.0801,18.42,G09016;G09017
871407736,141.2805,-45.0868,19.24,G09016
871483142,140.9539,-44.8849,18.78,G09016;G09017
871484542,140.9218,-44.6654,18.86,G09016;G09017
871490158,141.3283,-44.311,18.55,G09016;G09017
871539917,141.4571,-42.6906,18.78,G09016;G09017
871554846,140.8304,-43.0382,18.84,G09016;G09017
871571025,140.4177,-42.9571,18.58,G09016;G09017
871697428,142.7227,-43.411,18.55,G09016;G09017
871739666,143.3343,-42.3053,18.89,G09016;G09017
871866009,142.1407,-42.774,17.99,G09016;G09102;G09017;G09166
871913231,142.4558,-41.7826,17.7,G09016;G09102;G09017;G09166
871936282,141.7971,-42.1002,18.01,G09166
871992952,142.2368,-40.7325,18.58,G09016;G09017
872008304,143.8146,-41.0906,19.14,G09016
872020709,142.957,-40.8096,18.51,G09016;G09017
872020838,143.101,-40.7902,18.75,G09016;G09017
872023961,143.5489,-40.613,18.86,G09016;G09017
872026557,143.3945,-40.4914,18.12,G09016;G09017
872061493,143.2754,-40.1845,17.39,G09016;G09102;G09017;G09166
872077146,142.7134,-39.7359,17.16,G09016;G09102;G09017
872077751,142.6708,-39.6679,18.43,G09016;G09017
872088004,143.8192,-39.4166,18.26,G09016;G09017
872090265,143.0665,-39.6475,17.3,G09016;G09102;G09017;G09166
872116637,140.0674,-41.4534,17.45,G09016;G09102;G09017;G09166
872116647,140.0671,-41.4513,17.45,G09016;G09102;G09017
872116797,140.1689,-41.449,19.21,G09016
872203258,140.0304,-40.2993,19.2,G09016
872206439,140.0339,-40.0665,16.83,G09102
872229051,140.3636,-39.3868,18.45,G09016;G09017
872246021,141.791,-39.7484,17.99,G09016;G09017
872249561,142.6725,-39.4994,17.92,G09016;G09017
872259069,141.5034,-39.3632,16.8,G09016;G09017;G09102;G09166
872268479,142.7323,-39.4139,18.75,G09016;G09017
872275537,143.1488,-38.7709,18.93,G09016;G09017
872362262,140.9135,-38.3404,17.74,G09102;G09166
872374411,140.2736,-38.2982,18.54,G09016;G09017
872397114,141.9584,-37.1725,17.4,G09102
872402607,140.8986,-37.2556,18.14,G09016;G09017
872674811,144.2369,-38.9347,17.49,G09016;G09102;G09017;G09166
872684828,143.6933,-38.7414,19.15,G09016
873025817,143.7587,-37.6832,19.16,G09016
32822369,144.1709,-44.2472,12.2,G09180
32822378,144.1747,-44.25,10.22,G09180
32988997,144.4731,-44.3919,11.78,G09180
32988999,144.4715,-44.3916,12.24,G09180
32994970,144.64,-42.3917,12.18,G09180
32994973,144.6388,-42.3925,10.26,G09180
33049037,144.5038,-45.541,11.23,G09102
33243603,144.9015,-43.1453,17.03,G09016;G09017;G09102
33250468,144.8473,-45.7759,8.87,G09180;G09180;G09180;G09180
33406297,145.2204,-42.5398,16.82,G09016;G09017;G09102
33724884,145.6684,-46.6219,15.21,G09016;G09017;G09102;20SECONDTARGET
33890453,146.0339,-47.9151,8.3,G09062
33973621,146.0384,-45.1477,17.04,G09166
34068865,146.1194,-45.7809,8.03,G09123;20SECONDTARGET
34637068,147.1795,-44.902,9.02,G09194;20SECONDTARGET
34871128,147.4963,-42.2982,12.48,G09180
34871132,147.4978,-42.2994,12.66,G09180
34967182,147.4779,-46.9705,16.83,G09016;G09102;G09017
34967208,147.4891,-46.9786,16.71,G09166
34976531,147.6252,-47.1876,9.47,G09194
35051273,147.7967,-42.6916,16.63,G09016;G09017;G09102
35127461,147.8445,-46.6158,8.11,G09062
35129221,147.8651,-47.1824,12.44,G09180
35129233,147.8637,-47.1861,11.4,G09180
35367551,148.3237,-46.2285,10.88,G09180
35367556,148.3245,-46.227,9.73,G09194;G09180
35426426,148.4037,-42.3106,6.99,G09062
35516889,148.4166,-45.6591,11.6,G09058;G09114;20SECONDTARGET
35526913,148.5606,-47.037,11.77,G09194;G09180;G09180
35595665,148.6304,-45.7307,7.56,G09062
35655828,148.7444,-45.2905,9.47,G09079;G09036;G09039
35909965,149.3316,-45.6325,8.92,G09150
35976533,149.4364,-42.5411,15.7,G09041
36077464,149.6305,-47.4889,11.77,G09123
36124955,149.6482,-46.4287,8.75,G09123
36452991,150.0627,-47.4452,11.94,G09058;G09114;G09031;20SECONDTARGET
36455801,150.3284,-47.5326,8.46,G09062
36718592,150.7822,-44.0223,11.43,G09180
36718594,150.7756,-44.023,12.12,G09180
36719346,150.8286,-44.3916,12.49,G09180
36719347,150.8247,-44.392,12.95,G09180
36846661,150.9066,-45.2649,15.74,G09016;G09017;G09102;G09166;20SECONDTARGET
44373083,145.246,-40.5658,17.17,G09166
44571067,145.8387,-39.9891,14.84,G09041;G09025
44919709,146.7062,-39.3262,7.08,G09062
45156716,147.3962,-39.1831,15.25,G09102;20SECONDTARGET
45163849,147.6019,-38.6341,15.91,G09016;G09017;G09102;G09166
45235393,147.7059,-41.3894,15.71,G09041;20SECONDTARGET
45421861,148.3453,-38.4088,6.98,G09062
45598176,148.8278,-38.7628,9.05,G09150
45599777,148.8261,-39.883,12.37,G09079;G09036;G09039
45604186,148.9493,-41.1809,11.74,G09180
45604189,148.9508,-41.1799,12.7,G09180
45605492,148.9986,-40.3282,12.99,G09123
45770266,149.1001,-40.3916,16.77,G09016;G09017;G09102;G09166;20SECONDTARGET
72605231,151.7921,-40.4713,10.45,G09079;G09036;G09039
72665978,152.0317,-39.3432,12.28,G09123
73010117,153.2708,-38.711,16.77,G09102
73205660,153.9488,-40.3413,7.67,G09062;20SECONDTARGET
73205791,153.9519,-40.4381,7.78,G09062
73319029,154.2459,-41.0624,17.48,G09041;G09102;20SECONDTARGET
73319961,154.2266,-41.7369,12.12,G09180
73319962,154.2275,-41.7371,11.95,G09180;G09180
73672645,155.4956,-39.5931,16.92,G09102
73723286,155.6373,-40.5165,9.11,G09036
101762346,152.8551,-43.7321,16.86,G09016;G09102;G09017
101840286,153.449,-45.2671,12.92,G09180
101840288,153.4495,-45.2662,12.56,G09180
101955023,153.7042,-47.1536,10.84,G09031;G09123;20SECONDTARGET
102120170,153.9687,-44.9895,11.82,G09196
102195354,154.2154,-42.3301,8.82,G09062
102195674,154.1917,-42.5591,11.34,G09079;G09036;G09039
102298710,154.3205,-43.9755,11.39,G09196;G09196
102420651,154.694,-44.9874,16.97,G09166
102620952,155.2099,-43.5201,9.68,G09062
102628881,155.2212,-47.7423,12.79,G09194
102767131,155.5322,-46.5662,7.98,G09062
102767573,155.5148,-46.7722,10.29,G09180
102767579,155.5177,-46.7735,10.78,G09180
102833322,155.6203,-44.3911,13.33,G09123
102837813,155.8449,-42.3054,11.51,G09180
102837814,155.843,-42.3061,12.8,G09180
102840237,155.8711,-43.8334,11.41,G09180
102840239,155.872,-43.8349,9.36,G09031;G09123;G09126;G09180;20SECONDTARGET
102914937,155.7711,-46.0943,12.21,G09180;G09180
102920308,156.0057,-47.418,17.54,G09166
102978235,155.9917,-43.4241,11.5,G09079;G09036;G09039
102981863,156.0705,-42.898,17.46,G09041
103067269,156.2537,-45.8336,17.71,G09041
103103391,156.3723,-45.1829,7.72,G09062;20SECONDTARGET
103103604,156.2413,-45.0696,9.23,G09194
103107644,156.3367,-42.6983,10.97,G09123;20SECONDTARGET
103111024,156.4013,-43.4152,11.72,G09180
103111027,156.4019,-43.416,12.19,G09180
103181404,156.5435,-45.5619,6.95,G09062
103248880,156.6845,-42.322,11.83,G09180
103249957,156.7254,-42.2908,11.53,G09180
103318943,157.0035,-45.4106,16.04,G09102
103459506,157.3397,-45.692,11.69,G09196
105708489,156.3249,-41.2451,12.99,G09180
105708492,156.3186,-41.2509,9.37,G09180
105710145,156.5083,-41.0983,10.8,G09123;20SECONDTARGET
105992511,157.5133,-39.6945,13.56,G09123
105994999,157.7038,-41.8913,15.87,G09041;20SECONDTARGET
106080062,157.9349,-41.2109,15.97,G09102
106082086,157.9975,-39.1803,8.73,G09062
106145033,158.1664,-41.241,16.62,G09016;G09102;G09017
106145150,158.0968,-41.353,15.61,G09102;20SECONDTARGET
106308250,158.8859,-41.004,16.65,G09102
106315632,159.0595,-38.9065,14.66,G09123
106400760,159.3009,-41.3361,15.05,G09102
106402532,159.4094,-40.8882,8.84,G09123;20SECONDTARGET
106528036,159.977,-41.0657,8.42,G09062
106608272,160.2174,-39.1003,11.76,G09123
132965136,149.2057,-49.3719,9.82,G09123
135318059,150.4755,-48.974,17.76,G09166
138700126,151.348,-48.9886,9.57,G09123
146316410,158.2006,-44.0628,10.91,G09196
146377331,158.6611,-46.7583,17.31,G09166
146377739,158.6149,-46.516,11.21,G09180
146377740,158.6183,-46.5157,12.16,G09180
146424394,158.5397,-45.7415,7.79,G09062
146428867,158.5603,-42.4239,17.13,G09102
146432812,158.7832,-44.5586,8.94,G09062
146530594,159.0193,-45.0979,11.78,G09079;G09036;G09039
146535008,159.0721,-47.8497,6.8,G09062
146587982,159.2759,-44.209,16.68,G09016;G09017;G09102
146665631,159.8412,-42.8468,10.81,G09196;G09196
146714732,160.0218,-42.1269,13.54,G09123
146717415,160.1031,-44.2325,12.26,G09180
146717420,160.1019,-44.2333,11.45,G09180
146721954,159.9998,-47.0239,16.09,G09177
219356803,153.6542,-48.9698,12.11,G09180
219356805,153.652,-48.967,11.18,G09180
220540652,155.4239,-49.8232,16.24,G09041
259751521,153.4618,-48.0159,7.71,G09062;20SECONDTARGET
259757222,153.395,-49.9618,17.34,G09166
259999047,144.938,-41.0649,8.43,G09123;20SECONDTARGET
260403054,152.6146,-47.3306,17.06,G09016;G09017
260403059,152.6276,-47.3286,16.98,G09166
260405078,152.5137,-46.4703,8.12,G09062;20SECONDTARGET
260493663,152.7907,-44.465,12.75,G09180
260493699,152.7901,-44.4889,12.56,G09180
280655495,144.5376,-49.3352,10.81,G09058;G09114;20SECONDTARGET
280965566,144.7417,-49.0609,7.58,G09123
281062539,144.9178,-48.2368,6.96,G09062;20SECONDTARGET
286763141,150.3508,-38.8417,9.72,G09031
286999694,150.7346,-41.4254,11.69,G09180
286999699,150.741,-41.4288,10.85,G09180
294191640,159.3642,-45.3633,12.11,G09079;G09036;G09039
298800974,143.1846,-48.6137,17.79,G09025
303297349,159.3246,-48.2257,3.81,G09123;20SECONDTARGET
303301402,159.5596,-49.5666,12.09,G09123
310496058,152.515,-47.9512,12.5,G09180
310496060,152.5158,-47.9502,12.41,G09180
311142672,151.6633,-44.0732,16.06,G09102;G09166
311251785,151.863,-43.1225,7.92,G09062
358756531,151.4149,-45.1617,9.22,G09062
362714717,145.5241,-48.5231,10.04,G09123;20SECONDTARGET
363326796,146.0977,-48.8372,9.84,G09036
374158843,159.9101,-48.5382,11.4,G09031
375353623,152.085,-43.1944,12.03,G09052
375477302,152.4205,-46.4984,12.03,G09036
432372776,146.4096,-48.4017,16.25,G09177
446207570,147.5447,-49.6202,7.55,G09062
446463792,155.909,-49.4659,8.97,G09150
446693027,156.1751,-48.4452,16.74,G09041
446758311,156.2782,-50.107,6.35,G09062;20SECONDTARGET
446764692,156.3544,-49.3104,10.72,G09123;20SECONDTARGET
447207196,156.9436,-49.6163,8.69,G09062
447979551,158.0833,-49.5318,16.47,G09166
447981029,158.077,-49.5402,16.61,G09102;20SECONDTARGET
864128897,153.4092,-49.9592,17.36,G09016;G09102;G09017
864200831,154.9284,-49.8442,19.27,G09016
864210567,155.9297,-50.0371,18.46,G09016;G09017
864218983,156.3549,-49.7745,18.99,G09016;G09017
864301365,153.8531,-49.5452,19.29,G09016
864382692,154.1486,-48.4066,18.33,G09016;G09017
864469605,159.6647,-50.1385,18.46,G09016;G09017
864509930,157.9242,-50.1922,19.09,G09016
864515428,157.408,-50.059,18.9,G09016;G09017
864524541,157.987,-49.6907,18.86,G09016;G09017
864597364,159.566,-49.4221,18.34,G09016;G09017
864599702,159.7708,-49.1989,19.15,G09016
864719707,158.4367,-46.7279,18.05,G09016;G09017
864721178,156.5356,-49.6175,18.61,G09016;G09017
864768019,156.9349,-48.5924,19.0,G09016;G09017
864808976,155.4709,-48.5698,17.98,G09016;G09102;G09017
864808977,155.4733,-48.5701,17.85,G09166
864811829,155.2036,-48.6479,17.21,G09102
864869118,156.0053,-47.422,17.65,G09016;G09102;G09017
864879111,155.1109,-47.4573,17.9,G09102
864883567,154.7623,-47.3195,18.79,G09016;G09017
864896846,157.534,-47.9745,17.72,G09102
864921040,156.3832,-47.2634,17.61,G09016;G09102;G09017
864961589,157.3014,-45.986,18.65,G09016;G09017
864964328,156.1155,-47.139,17.99,G09016;G09017
864983855,155.7282,-46.4721,17.91,G09016;G09017
864994698,155.7711,-46.095,12.23,G09180
864999106,156.8673,-46.1633,17.4,G09016;G09102;G09017;G09166
865017320,155.9908,-45.6993,18.79,G09016;G09017
865026398,159.8682,-47.5039,18.86,G09016;G09017
865030631,159.8584,-47.1945,18.13,G09016;G09017
865030656,159.8535,-47.1897,18.0,G09166
865054283,158.6635,-46.7637,17.48,G09016;G09102;G09017
865061392,159.0194,-46.3361,18.21,G09016;G09017
865074867,159.4963,-45.8777,18.19,G09016;G09017
865091373,159.3841,-45.3478,18.76,G09016;G09017
865112790,159.2955,-44.3311,19.08,G09016
865112802,159.3233,-44.322,16.97,G09102
865116319,159.6162,-44.277,17.67,G09102
865122775,159.7228,-43.4774,17.28,G09016;G09102;G09017
865131094,158.5059,-45.9817,17.82,G09102
865142118,157.3678,-45.7274,17.97,G09016;G09102;G09017
865142134,157.371,-45.7233,17.91,G09166
865201420,156.3281,-44.6611,19.24,G09016
865217260,156.7131,-44.4315,18.56,G09016;G09017
865230877,158.9048,-44.5957,16.64,G09102
865231134,159.0007,-44.5623,17.19,G09102
865234933,159.087,-44.5122,19.16,G09016
865257283,159.223,-43.6241,19.27,G09016
865294184,157.1625,-43.083,19.11,G09016
865299151,157.9163,-43.1299,19.05,G09016;G09017
865305810,158.1816,-42.3285,18.11,G09016;G09017
865319081,159.9938,-42.8337,17.8,G09016;G09017
865337882,159.0934,-42.1747,18.54,G09016;G09017
865338082,159.0206,-42.0676,18.95,G09016;G09017
865340623,159.8495,-42.0965,16.7,G09102
865347248,159.3288,-41.8345,18.96,G09016;G09017
865367680,158.2377,-41.7455,19.08,G09016
865382669,158.3863,-40.9422,18.93,G09016;G09017
865388332,159.9303,-41.0928,18.82,G09016;G09017
865389551,159.9676,-40.8309,18.06,G09016;G09017
866730457,148.8304,-49.7474,18.37,G09016;G09017
866850497,147.152,-49.3077,16.97,G09102;G09166
866851216,147.0951,-49.2557,17.51,G09102;G09166
867054200,153.0623,-49.6065,18.43,G09016;G09017
867054534,153.0361,-49.5707,17.92,G09166
867061326,152.8941,-49.485,17.73,G09016;G09102;G09017
867061501,152.8976,-49.4777,17.67,G09166
867143900,150.767,-49.678,19.07,G09016
867205955,151.0518,-49.1685,18.67,G09016;G09017
867215915,150.7573,-48.8945,16.55,G09016;G09102;G09017;G09166
867250141,152.9508,-49.142,16.98,G09102
867256079,153.7418,-49.0294,17.59,G09102
867283674,152.491,-48.5874,19.23,G09016
867308831,153.4169,-48.4446,18.23,G09016;G09017
867331981,153.3326,-48.1581,19.05,G09016
867349235,153.1851,-47.6988,18.21,G09016;G09017
867420588,152.4059,-47.7304,19.29,G09016
867487409,150.4894,-48.9792,17.83,G09102
867507111,149.2937,-48.9525,19.24,G09016
867547983,150.8694,-48.0489,18.57,G09016;G09017
867566432,149.9288,-48.0424,18.89,G09016;G09017
867622106,148.5101,-48.1816,18.31,G09016;G09017
867630468,148.1802,-48.0424,17.84,G09166
867658642,149.3972,-47.5898,18.59,G09016;G09017
867670429,149.4446,-47.3157,17.48,G09016;G09102;G09017;G09166
867676861,148.9962,-47.5768,17.96,G09166
867677011,148.9988,-47.5679,18.16,G09016;G09017
867696092,149.1232,-46.9306,16.65,G09016;G09017;G09102
867700755,149.1136,-46.9236,16.59,G09166
867725889,150.958,-47.4333,18.66,G09016;G09017
867755602,150.3779,-46.8176,18.85,G09016;G09017
867761216,151.4121,-47.1206,17.07,G09102
867819925,150.2621,-46.8285,19.16,G09016
867830009,150.1628,-46.3508,17.41,G09016;G09102;G09017
867877236,150.5076,-45.6692,18.16,G09166
867892956,150.3524,-45.4751,18.96,G09016;G09017
868152434,145.2625,-49.3016,18.67,G09016;G09017
868324346,146.8028,-48.3315,18.36,G09016;G09017
868532918,143.0131,-48.6362,18.49,G09016;G09017
868537558,143.1902,-48.322,18.91,G09016;G09017
868695997,144.4208,-47.7113,18.77,G09016;G09017
868734169,143.9624,-47.1576,18.75,G09016;G09017
868758922,145.4807,-46.9956,19.1,G09016
868788758,144.8066,-46.4472,19.23,G09016
868794952,144.6941,-46.3216,19.26,G09016
868826071,143.9932,-46.7353,17.72,G09016;G09102;G09017
868844587,143.3771,-46.6135,18.61,G09016;G09017
868878655,144.8476,-45.7762,9.59,G09180
868968612,148.5618,-47.0369,12.23,G09180
869030407,146.8126,-46.7715,18.43,G09016;G09017
869096178,147.647,-45.7514,17.88,G09016;G09102;G09017;G09166
869172505,148.93,-45.4765,18.11,G09016;G09017
869210012,148.844,-44.6859,18.57,G09016;G09017
869220990,147.8068,-45.6014,17.88,G09016;G09102;G09017
869221264,147.792,-45.5986,17.74,G09166
869222991,148.0074,-45.4823,19.03,G09016
869252292,147.1839,-44.8732,18.24,G09016;G09017
869288736,147.7543,-44.3767,18.47,G09016;G09017
869366146,146.4576,-45.3944,16.57,G09016;G09102;G09017
869391302,146.0519,-45.1434,17.11,G09016;G09102;G09017
869431169,145.2903,-45.1234,18.37,G09016;G09017
869480692,145.721,-44.4938,18.67,G09016;G09017
869488381,145.4758,-44.1768,18.44,G09016;G09017
869532604,146.9198,-44.2777,18.99,G09016;G09017
869574293,147.1764,-43.6066,18.74,G09016;G09017
869585839,147.4204,-42.9303,18.74,G09016;G09017
869588415,147.2028,-42.8526,18.72,G09016;G09017
869621415,145.9696,-43.1427,18.88,G09016;G09017
869625276,145.7881,-42.9787,17.16,G09016;G09017;G09166
869669576,154.4702,-47.5193,17.76,G09166
869669699,154.4846,-47.5199,17.84,G09102
869693018,153.8664,-47.0548,19.97,G09025
869723769,154.6387,-46.4215,18.86,G09016;G09017
869767817,154.1804,-46.1206,18.07,G09166
869807867,152.4459,-46.1348,17.74,G09166
869813960,153.7659,-46.2218,18.93,G09016;G09017
869861611,155.1867,-45.7553,18.81,G09016;G09017
869866527,154.7222,-45.7765,18.42,G09016;G09017
869884392,155.2984,-45.3556,18.39,G09016;G09017
869907319,155.0081,-44.4958,17.4,G09166
869907328,155.0054,-44.4895,17.44,G09016;G09102;G09017
869941753,154.3047,-44.7864,17.88,G09102
870035317,152.1355,-44.7411,17.09,G09102
870085130,151.5201,-44.4665,17.66,G09102
870093894,151.4407,-44.3593,17.01,G09102
870124602,153.0753,-44.2294,19.29,G09016
870130543,152.9539,-43.842,19.14,G09016
870155319,153.8275,-43.4253,17.75,G09016;G09017
870160854,152.8045,-43.5924,19.19,G09016
870160982,152.7205,-43.5974,18.57,G09016;G09017
870164493,152.5222,-43.3457,17.41,G09016;G09102;G09017;G09166
870177041,151.6857,-43.9362,17.9,G09016;G09102;G09017;G09166
870183237,152.3468,-43.3558,18.0,G09102
870205560,152.0723,-43.1086,17.91,G09102;G09166
870251566,155.3404,-43.6296,17.37,G09016;G09102;G09017
870259591,156.3909,-43.4845,18.49,G09016;G09017
870272017,156.1388,-42.9377,17.37,G09102
870298142,154.5809,-42.8421,16.73,G09102
870300561,154.2795,-42.8192,16.68,G09102
870304788,155.061,-43.004,18.99,G09016;G09017
870309762,155.4595,-42.4571,18.26,G09016;G09017
870310469,155.2061,-42.5566,16.61,G09016;G09017;G09102;20SECONDTARGET
870318273,154.525,-42.2631,17.72,G09102
870346191,157.0639,-42.0811,18.27,G09016;G09017
870351038,157.0875,-41.9213,18.04,G09016;G09017;G09166
870405094,153.4081,-42.9817,19.05,G09016
870414976,153.5349,-42.6109,17.78,G09102;G09166
870416536,153.1808,-42.5951,17.48,G09102
870428659,153.8054,-42.1781,19.19,G09016
870429745,154.1478,-42.0063,17.88,G09016;G09102;G09017;G09166
870438901,153.5433,-41.7941,19.12,G09016
870442359,154.1122,-41.5434,19.09,G09016
870459301,152.4422,-41.7303,18.86,G09016;G09017
870462591,152.5679,-41.7028,17.98,G09102;G09166
870472077,153.224,-41.219,18.14,G09016;G09017
870480733,152.9226,-40.9348,17.56,G09016;G09102;G09017;G09166
870491740,154.9687,-41.1869,17.03,G09016;G09102;G09017;G09166;20SECONDTARGET
870492249,155.2718,-41.0866,17.32,G09102
870497900,154.1851,-41.1108,19.1,G09016
870500772,154.6017,-40.7282,18.68,G09016;G09017
870511249,155.4259,-40.2512,17.91,G09166
870511254,155.4293,-40.2419,18.13,G09016;G09017
870531972,153.4691,-40.1323,18.55,G09016;G09017
870533299,154.0327,-40.0932,17.77,G09016;G09102;G09017;G09166
870536416,154.0095,-39.7318,19.17,G09016
870542567,155.3045,-39.4401,17.4,G09016;G09102;G09017
870581758,149.7498,-43.7733,18.96,G09016;G09017
870598622,150.5397,-43.3708,19.04,G09016
870631262,149.0614,-43.1493,17.96,G09166
870652663,149.4859,-42.8316,17.85,G09016;G09102;G09017
870674506,150.9059,-43.0654,18.81,G09016;G09017
870682201,151.2114,-42.6778,18.95,G09016;G09017
870719085,151.4774,-41.431,18.91,G09016;G09017
870720185,150.9433,-41.5033,16.94,G09102
870722823,150.0086,-42.536,18.67,G09016;G09017
870747458,150.509,-41.5519,18.33,G09016;G09017
870748330,150.7233,-41.3649,18.95,G09016;G09017
870757686,150.0184,-41.2986,18.7,G09016;G09017
870757912,149.9882,-41.2065,19.27,G09016
870758347,150.1262,-41.0305,17.91,G09016;G09102;G09017
870778919,147.9593,-42.5388,18.27,G09016;G09017
870796055,148.2628,-42.2346,19.05,G09016
870856230,147.6359,-40.9086,15.38,G09016;G09102;G09017;G09166
870914366,148.6452,-40.0257,17.8,G09016;G09102;G09017;G09166
870917693,147.9378,-40.2509,18.42,G09016;G09017
870923494,148.4255,-39.7332,18.55,G09016;G09017
870935732,148.6937,-39.5898,18.79,G09016;G09017
870943651,148.9892,-38.807,17.41,G09102
870953312,152.1529,-40.9253,17.65,G09016;G09017
870957361,151.3415,-41.0294,18.67,G09016;G09017
870969112,152.9523,-40.5795,17.91,G09016;G09102;G09017;G09166
870972097,152.7645,-40.1539,19.03,G09016
870975208,152.2691,-40.2713,18.89,G09016;G09017
870976742,152.1957,-40.1883,17.66,G09016;G09102;G09017;G09166
870977306,152.1651,-40.0832,18.19,G09166
870978689,152.4764,-39.9655,19.25,G09016
870986088,151.1257,-40.5551,18.87,G09016;G09017
871003958,151.6567,-39.9443,18.28,G09016;G09017
871006912,152.29,-39.5486,18.0,G09016;G09102;G09017;G09166
871021955,152.9835,-39.8868,18.61,G09016;G09017
871059603,152.2608,-38.8927,18.75,G09016;G09017
871062469,152.1911,-38.5741,17.46,G09016;G09102;G09017
871091357,150.8687,-39.1686,19.14,G09016
871109104,151.5983,-38.474,18.86,G09016;G09017
871111119,151.047,-38.6516,19.22,G09016
871112316,150.5884,-38.6927,17.5,G09102
871129530,149.2375,-38.6919,18.23,G09016;G09017
871152368,151.7718,-38.5214,17.38,G09016;G09102;G09017;G09166
871658332,144.1591,-43.7611,19.12,G09016
871772647,144.8005,-42.1374,18.32,G09016;G09017
871800099,145.5554,-41.2741,18.8,G09016;G09017
872460126,146.5988,-40.8377,18.63,G09016;G09017
872478327,146.6799,-40.6978,18.75,G09016;G09017
872497010,147.1075,-39.6223,17.5,G09016;G09102;G09017
872497039,147.106,-39.6197,17.34,G09166
872505288,145.9613,-40.4614,18.91,G09016;G09017
872508903,145.6648,-40.2303,17.79,G09016;G09102;G09017;G09166
872511229,145.2397,-40.556,17.21,G09016;G09102;G09017
872529354,146.2716,-39.4873,16.85,G09016;G09102;G09017;G09166
872563361,147.6342,-39.1302,18.48,G09016;G09017
872568058,148.353,-39.2321,19.06,G09016
872584883,148.2044,-38.131,18.65,G09016;G09017
872609318,147.6836,-38.0862,19.04,G09016
872615036,147.3806,-38.0459,18.78,G09016;G09017
872650290,145.4043,-39.1945,19.19,G09016
872719326,146.2688,-38.0056,16.88,G09102;G09166
873528303,157.5193,-40.7002,16.82,G09016;G09017;G09102
873545539,158.1682,-39.6961,19.12,G09016
873547930,156.9249,-40.6191,17.55,G09016;G09102;G09017
873558446,156.406,-39.9192,19.2,G09016
873569943,157.1676,-39.6693,17.92,G09102
873590154,158.7837,-38.9272,17.87,G09102
873601846,158.2186,-39.4228,18.92,G09016;G09017
873628002,156.3995,-39.8794,18.61,G09016;G09017
873633891,156.4944,-39.3083,17.54,G09016;G09102;G09017;G09166
873634713,155.6871,-39.7552,17.21,G09016;G09102;G09017;G09166
873636005,155.8216,-39.5172,19.04,G09016;G09017
938247146,160.0797,-43.9586,19.13,G09016
941797332,160.3539,-40.3287,17.05,G09102
11560959,149.9049,-26.0735,15.77,G09016;G09102;G09017
11561667,149.8236,-27.3928,14.92,G09142;G09031;20SECONDTARGET
11562321,149.7943,-28.4909,13.52,G09123
12008201,146.4989,-35.8644,6.48,G09062;20SECONDTARGET
22016715,147.8666,-28.0849,16.49,G09016;G09017;G09102;G09166
22019381,147.848,-27.4162,8.77,G09062
22083201,148.2512,-26.9625,15.77,G09016;G09017;G09102;G09166
22083423,148.2394,-27.3315,5.73,G09062
22224872,149.1352,-29.649,12.04,G09196;G09196
22234651,149.1357,-27.7362,14.82,G09102;20SECONDTARGET
22288696,149.5793,-28.77,9.77,G09123
29658306,150.8954,-35.5401,11.09,G09123
29660596,150.9938,-32.7371,10.18,G09123
29723418,151.0742,-35.248,17.33,G09102;G09166
29726448,151.2488,-32.6628,12.37,G09180
29726450,151.2489,-32.6615,12.43,G09180
44640568,146.1144,-36.3487,12.45,G09180
44640569,146.1159,-36.3494,12.55,G09180
44851957,146.7855,-36.8387,16.39,G09016;G09017;G09102;G09166;20SECONDTARGET
45046270,147.1159,-36.5525,17.93,G09166
45493374,148.5695,-37.1516,17.35,G09166
45553805,148.6205,-37.2904,7.11,G09062;20SECONDTARGET
45555201,148.6396,-36.1054,12.1,G09180;G09180
45656993,148.947,-37.1611,8.29,G09062
45992056,150.0226,-36.0428,6.83,G09062;20SECONDTARGET
47683119,158.8569,-29.7023,12.1,G09194
47683222,158.9282,-29.5088,10.09,G09123
48011814,146.9661,-34.0156,15.97,G09016;G09017;G09102;G09166
48163508,147.7343,-31.7467,9.26,G09062
48206636,147.8497,-33.7143,12.51,G09123
48209184,148.0177,-35.5687,16.42,G09016;G09017;G09102
48279084,148.2452,-34.4325,17.37,G09016;G09102;G09017
48280477,148.2283,-33.03,16.68,G09102
48330841,148.2521,-31.0461,16.96,G09166
48333387,148.4227,-32.1029,7.52,G09062
48337030,149.5069,-35.9034,15.58,G09016;G09017;G09102;G09166
48338645,149.569,-34.2623,9.92,G09123
48474538,149.9562,-34.5705,10.59,G09123
48474934,149.9579,-35.0206,9.64,G09194
48475480,149.8938,-35.6407,16.72,G09102
53574111,157.0623,-31.2907,11.15,G09180
53574112,157.0659,-31.2904,12.77,G09180
53576382,157.2408,-32.5142,17.61,G09102;G09166
53694196,157.9587,-33.1372,8.68,G09062
53735810,158.2251,-34.99,11.25,G09058;G09114;20SECONDTARGET
53834319,158.7044,-31.3469,6.93,G09062;20SECONDTARGET
53930971,158.9992,-34.3097,12.96,G09180
53930974,158.9958,-34.3077,11.76,G09180
53932929,159.0668,-31.3488,7.95,G09062
53933417,159.0917,-30.5746,12.58,G09180
53933418,159.0913,-30.5738,12.83,G09180
53957850,159.4033,-30.4412,17.77,G09166
54040794,159.7892,-33.943,7.62,G09062
54044014,159.9537,-33.2168,16.92,G09177;G09102;20SECONDTARGET
54044891,159.8819,-31.806,13.3,G09123
54079452,160.0757,-31.3857,16.05,G09016;G09017;G09102;G09166
54115923,160.4219,-32.9827,17.18,G09016;G09102;G09017;G09166
54144306,160.4334,-31.4987,16.66,G09016;G09102;G09017;G09166
54144488,160.4364,-31.2004,12.95,G09123
70829383,152.3783,-35.8566,5.57,G09062;20SECONDTARGET
70909003,152.795,-30.6446,16.3,G09102
70910585,152.7897,-32.7537,7.71,G09062;20SECONDTARGET
70986117,152.9546,-34.3344,6.22,G09062
70993061,152.9916,-30.5771,10.62,G09180
70993065,152.9845,-30.5831,12.18,G09180
71029363,153.0371,-31.4126,11.47,G09123;20SECONDTARGET
71120964,153.4806,-32.1418,11.8,G09194
71158426,153.7935,-30.6883,17.39,G09102
71218691,153.9729,-34.3001,10.93,G09196;G09196
71222516,154.1889,-31.1454,10.74,G09180;G09180
71222521,154.1911,-31.1472,11.88,G09123
71297294,154.4626,-30.8739,10.08,G09194
71298589,154.3683,-32.6025,16.13,G09016;G09102;G09166;20SECONDTARGET
71302293,154.5556,-34.648,16.87,G09016;G09102;G09017;20SECONDTARGET
71304330,154.6191,-31.8343,10.03,G09123;20SECONDTARGET
71338307,154.6644,-31.1333,14.86,G09102;G09166;20SECONDTARGET
71407717,154.9441,-34.0383,16.15,G09102;20SECONDTARGET
71448566,155.1757,-33.834,17.56,G09041
71450103,155.1409,-31.8133,6.1,G09062
71488415,155.3132,-35.5331,16.06,G09102
71489738,155.4092,-34.8033,16.3,G09016;G09017;G09102;G09166
71544757,155.5218,-35.6322,15.35,G09041;G09025
71545120,155.6508,-35.8243,16.32,G09102
71587260,155.8874,-32.8083,11.35,G09180
71591972,155.9872,-32.9026,9.94,G09180
71620115,156.1052,-35.5581,16.72,G09016;G09102;G09017
71670817,156.3179,-32.4944,12.86,G09180
71670818,156.3207,-32.4927,12.37,G09180
71671654,156.2665,-31.1801,16.32,G09102;G09166
71674064,156.403,-32.593,11.37,G09031
71718925,156.6915,-32.6665,14.64,G09102
73005766,153.2132,-37.3802,15.75,G09016;G09017;G09102
73257724,154.0914,-36.2777,16.84,G09016;G09102;G09017
73764693,155.8409,-37.6168,11.78,G09102;20SECONDTARGET
73764818,155.8873,-37.4871,15.87,G09016;G09017;G09102
101322657,148.5578,-33.3171,7.92,G09062
101423289,149.1385,-31.4419,9.82,G09150
101497151,149.219,-33.8536,11.85,G09123
101503099,149.408,-33.6618,12.91,G09180
101503100,149.4067,-33.6624,12.27,G09180
101528506,149.3324,-34.5422,17.13,G09102
101578442,150.3834,-33.0433,15.21,G09041
101579826,150.4158,-34.5119,9.91,G09123
101583521,150.57,-35.3455,15.37,G09016;G09017;G09102
101586121,150.503,-33.6846,8.7,G09062
101588793,150.4809,-31.7386,13.36,G09031
105916419,157.3254,-37.8084,15.79,G09102;G09166
106083819,157.9044,-37.2516,16.84,G09016;G09017
106260533,158.7059,-36.5941,16.67,G09102;G09166;20SECONDTARGET
106314552,158.9295,-37.7561,16.46,G09102
106470229,159.6018,-37.8383,13.08,G09079;G09036;G09039
106504049,159.9368,-37.9215,8.71,G09123
167930710,151.8783,-27.2866,13.23,G09123
167976324,151.9663,-29.4092,12.78,G09123;20SECONDTARGET
167977443,151.9973,-27.7452,12.61,G09123;20SECONDTARGET
167977531,151.9994,-27.611,11.09,G09123
167983141,152.1397,-29.5993,10.43,G09079;G09036;G09039
167999823,152.0647,-29.8581,11.27,G09180
167999825,152.063,-29.8584,11.87,G09180
168067013,152.3904,-29.6024,16.55,G09102
168067555,152.5175,-29.4536,12.16,G09194;G09194
168160336,153.3596,-27.9681,14.09,G09123
168205620,153.4412,-27.9661,18.68,G09025;G09041
168205635,153.4269,-27.9999,14.31,G09123
168276119,154.0151,-28.6135,6.72,G09062;20SECONDTARGET
168345200,154.5409,-27.1918,7.75,G09062
168346586,154.4807,-29.5046,17.21,G09102
187922557,159.1165,-28.4543,9.92,G09123
192929432,154.59,-29.5518,17.51,G09102
192942178,154.7846,-28.4705,10.45,G09123
192943007,154.7672,-29.7463,17.09,G09102
192943661,154.8539,-29.0748,17.43,G09166
192943720,154.9495,-28.9624,7.71,G09062;20SECONDTARGET
192945188,154.9283,-26.5254,16.47,G09025
192989962,155.2999,-28.5771,16.62,G09102
192991819,155.4137,-28.3798,17.48,G09025;G09041;G09102;20SECONDTARGET
193023697,155.5978,-28.8474,8.6,G09031;20SECONDTARGET
193025607,155.7136,-28.0132,7.73,G09062;20SECONDTARGET
193032655,155.98,-29.6448,6.29,G09123;20SECONDTARGET
193069576,156.3771,-27.1815,9.46,G09062
193086733,156.5035,-26.7699,17.11,G09166
193090606,156.7,-28.6655,16.66,G09102;G09166;20SECONDTARGET
193092806,156.7353,-27.3826,14.7,G09102;20SECONDTARGET
193159342,157.3646,-26.9388,17.3,G09016;G09017;G09102
193218888,157.8081,-28.0614,17.9,G09016;G09017
193222805,157.9521,-28.2371,5.57,G09062;20SECONDTARGET
193260904,158.2264,-29.1321,16.21,G09102
193266989,158.3062,-26.8144,8.49,G09062
193271278,158.5786,-29.8154,10.34,G09079;G09036;G09039
286682975,150.1121,-37.4496,17.26,G09166
286936972,150.5814,-37.2314,16.14,G09016;G09017;G09102;G09166;20SECONDTARGET
293918644,147.7375,-29.7794,17.18,G09041;G09102;20SECONDTARGET
293919815,147.7716,-28.0113,15.88,G09102;20SECONDTARGET
308932824,150.6287,-28.2413,11.8,G09123;20SECONDTARGET
308983854,150.9831,-28.4984,7.52,G09062
309025566,151.0739,-28.379,7.41,G09062
309025727,151.0072,-28.6789,16.44,G09102;G09166;20SECONDTARGET
309027811,151.1361,-27.5474,17.38,G09166
309028466,151.2017,-26.3406,13.25,G09123
350196128,151.0342,-36.8222,14.51,G09123
350197024,151.1861,-36.1923,11.18,G09123
350197340,151.2058,-36.571,16.53,G09102
871188496,151.666,-37.1125,19.12,G09016
871189379,151.2479,-37.1118,17.4,G09016;G09102;G09017;G09166
871192237,150.8839,-37.1353,16.91,G09016;G09102;G09017
871198498,151.8936,-36.9661,16.46,G09102
871198997,151.8493,-36.8599,18.13,G09016;G09017
872773152,146.1653,-36.9826,18.95,G09016;G09017
872776683,146.174,-36.5303,18.79,G09016;G09017
872810699,150.1068,-37.4425,18.0,G09016;G09017
872829025,148.5731,-37.1496,17.41,G09016;G09102;G09017
872834252,148.0007,-37.0189,19.23,G09016
872834391,148.0488,-36.9865,19.09,G09016
872836923,148.5079,-36.7126,19.07,G09016
872837379,148.3099,-36.8073,17.77,G09016;G09102;G09017;G09166
872847377,148.6184,-36.6482,18.61,G09016;G09017
872852437,149.132,-35.9999,18.71,G09016;G09017
872853278,148.8389,-36.0262,18.97,G09016;G09017
872873321,151.3079,-35.7692,19.14,G09016
872876534,150.7163,-35.6757,18.54,G09016;G09017
872880535,151.1108,-35.1307,18.57,G09016;G09017
872884936,149.9793,-35.8494,18.86,G09016;G09017
872891042,149.7819,-35.5194,18.7,G09016;G09017
872892510,149.6277,-35.4112,19.14,G09016
872907680,147.7412,-36.7667,18.12,G09016;G09017
872912274,147.836,-36.5668,19.01,G09016
872916405,147.1248,-36.5497,18.0,G09016;G09017
872923650,148.6391,-36.1058,12.66,G09180
872928207,148.5042,-35.7538,18.34,G09016;G09017
872956057,147.5059,-35.1466,19.15,G09016
872971918,149.2041,-34.8628,19.27,G09016
872998703,147.7747,-34.3331,16.91,G09016;G09017;G09102
873346335,146.847,-34.0932,18.72,G09016;G09017
873377731,147.7485,-33.7905,18.82,G09016;G09017
873378220,147.5322,-33.8673,16.56,G09016;G09017;G09102;G09166
873384021,147.1049,-33.6545,17.59,G09016;G09102;G09017;G09166
873386487,147.789,-33.1967,19.25,G09016
873389362,148.5296,-33.3063,18.9,G09016;G09017
873413495,147.555,-32.3901,18.07,G09016;G09017;G09166
873416934,147.9713,-31.8242,18.8,G09016;G09017
873418066,147.4416,-32.0929,19.12,G09016;G09017
873421361,147.4716,-31.6401,18.11,G09016;G09017;G09166
873493543,147.135,-30.9039,18.72,G09016;G09017
873621360,158.4759,-38.069,16.92,G09102;G09166
873688614,157.9025,-38.0606,19.28,G09016
873698612,158.4803,-37.5249,19.19,G09016
873702375,158.3035,-37.1264,19.18,G09016
873720630,156.6143,-36.7479,18.61,G09016;G09017
873725972,157.763,-36.3664,17.64,G09016;G09102;G09017;G09166
873739417,159.4734,-37.1281,18.52,G09016;G09017
873741087,159.2491,-36.9646,17.73,G09016;G09017;G09166
873752936,158.5093,-36.197,18.78,G09016;G09017
873755887,159.5863,-36.1648,17.0,G09016;G09017;G09102;G09166
873758005,159.7966,-35.8247,18.4,G09016;G09017
873774014,158.8772,-35.0241,18.1,G09016;G09017;G09166
873774407,159.1477,-35.0928,18.77,G09016;G09017
873788471,159.6429,-33.5328,17.46,G09016;G09102;G09017;G09166
873804893,155.2423,-37.6132,18.4,G09016;G09017
873812052,154.8133,-37.0599,17.97,G09016;G09017
873816044,154.0306,-37.8118,18.14,G09166
873816262,154.1227,-37.7052,17.58,G09016;G09102;G09017;20SECONDTARGET
873818195,153.7499,-37.5909,18.39,G09016;G09017
873826414,153.641,-36.8224,17.45,G09041
873832197,154.8038,-36.5494,18.85,G09016;G09017
873833475,155.2247,-36.5044,16.73,G09102
873837205,154.1243,-36.4463,17.44,G09016;G09102;G09017
873844885,156.5383,-36.5044,18.94,G09016;G09017
873847788,155.8066,-36.3996,19.25,G09016
873848504,155.4265,-36.3867,19.1,G09016
873853724,156.8066,-35.9596,17.97,G09016;G09102;G09017
873858169,156.1341,-35.6894,18.58,G09016;G09017
873859668,156.983,-35.3306,17.66,G09166
873859764,156.989,-35.332,17.71,G09016;G09102;G09017
873862783,155.351,-36.0408,17.68,G09016;G09017
873867165,154.8698,-35.7852,17.75,G09016;G09102;G09017;G09166
873868712,155.2747,-35.4406,18.35,G09016;G09017
873869528,155.1971,-35.3907,18.81,G09016;G09017
873903690,152.5492,-35.9947,18.4,G09016;G09017
873932190,155.4828,-34.5813,19.18,G09016
873937212,155.1436,-34.0203,17.43,G09016;G09102;G09017
873940152,154.2307,-34.6884,19.07,G09016;G09017
873948336,154.6674,-34.1965,18.63,G09016;G09017
873949446,154.4873,-33.9673,18.48,G09016;G09017
873950254,154.6977,-33.6556,17.67,G09016;G09102;G09017;G09166
873959009,157.8887,-35.0152,17.88,G09016;G09102;G09017;G09166
873965970,158.0961,-34.6823,19.02,G09016
873970768,157.7213,-34.0777,18.04,G09016;G09017;G09166
873973917,156.9032,-34.5078,18.9,G09016;G09017
873975005,156.8188,-34.2726,18.92,G09016;G09017
873977737,156.6909,-34.258,18.32,G09016;G09017
873990452,158.9069,-33.6779,19.07,G09016;G09017
873990894,159.2698,-33.6215,18.64,G09016;G09017
873993581,158.3587,-33.4034,18.12,G09016;G09017
873995558,159.0485,-32.9628,19.11,G09016
874004483,158.6872,-32.7358,18.68,G09016;G09017
874010250,158.7625,-32.3239,17.07,G09016;G09017;G09102;G09166
874010853,159.3263,-32.3171,18.82,G09016;G09017
874019551,156.2997,-33.3007,18.97,G09016;G09017
874024288,156.8925,-33.2248,18.15,G09016;G09017;G09166
874034480,155.5366,-32.6741,17.5,G09016;G09017;G09166
874037534,155.7156,-32.434,16.13,G09102;20SECONDTARGET
874044623,155.9905,-31.8716,18.0,G09016;G09017
874045629,156.1166,-31.7073,18.05,G09016;G09017
874056911,157.7916,-31.577,19.29,G09016
874060513,156.96,-31.7955,18.0,G09016;G09017
874064789,156.1532,-31.436,18.83,G09016;G09017
874066090,156.8832,-31.057,18.73,G09016;G09017
874068579,157.5026,-30.8814,18.8,G09016;G09017
874083648,159.1328,-30.7635,18.79,G09016;G09017
874085044,158.8024,-30.6083,18.83,G09016;G09017
874088074,159.766,-30.2139,17.67,G09025
874088138,159.3906,-30.4434,17.86,G09016;G09102;G09017
874090300,159.3608,-29.9864,16.76,G09102;G09166
874093688,157.9898,-30.3454,18.89,G09016;G09017
874096535,158.0286,-29.9536,17.45,G09016;G09102;G09017;G09166
874099595,159.0964,-29.596,18.43,G09016;G09017
874103160,158.6275,-29.1876,16.92,G09102
874106648,159.5066,-28.9404,18.87,G09016;G09017
874107282,159.9315,-28.8163,19.12,G09016
874114932,152.3639,-35.0733,18.96,G09016;G09017
874121674,151.6144,-34.5705,18.41,G09016;G09017
874126659,152.7004,-34.1551,17.88,G09016;G09102;G09017;G09166
874134221,151.1593,-34.452,18.95,G09016;G09017
874140717,151.051,-33.9934,17.08,G09016;G09017;G09102
874144676,151.7027,-33.788,19.12,G09016
874156088,153.3447,-33.5018,18.2,G09016;G09017
874156724,153.6725,-33.22,19.2,G09016
874156984,152.981,-33.7073,18.8,G09016;G09017
874168151,154.174,-32.3571,17.99,G09102;G09166
874172867,152.6163,-32.8297,16.75,G09016;G09017;G09102
874182766,153.025,-32.0329,18.49,G09016;G09017
874188851,150.8877,-33.7057,17.55,G09102;G09166
874190648,150.7787,-33.4242,19.24,G09016
874195668,150.3561,-33.0872,19.06,G09016
874211380,149.466,-32.9717,17.99,G09016;G09017
874211460,149.3487,-33.0107,18.54,G09016;G09017
874211623,149.4492,-32.9196,19.13,G09016
874216205,149.6524,-32.2234,17.77,G09102
874216703,150.3702,-32.6774,18.59,G09016;G09017
874219237,150.7208,-32.2224,19.24,G09016
874231141,151.3562,-32.1427,19.02,G09016;G09017
874231627,151.5292,-32.017,18.23,G09016;G09017
874233559,151.7137,-31.7233,18.83,G09016;G09017
874237109,152.9573,-31.3721,18.95,G09016;G09017
874240265,152.498,-31.275,18.19,G09016;G09017
874241343,152.3588,-30.9674,18.55,G09016;G09017
874243165,151.0387,-31.7602,18.84,G09016;G09017
874243534,151.1479,-31.6904,18.9,G09016;G09017
874244103,151.5454,-31.636,18.84,G09016;G09017
874255990,152.0724,-30.3155,18.55,G09016;G09017
874258457,154.8009,-32.3121,19.2,G09016
874262556,154.6919,-32.0312,18.89,G09016;G09017
874265519,155.301,-31.6904,17.69,G09016;G09102;G09017;G09166
874266286,155.734,-31.6669,18.32,G09016;G09017
874271022,155.2949,-31.0135,18.9,G09016;G09017
874271851,153.9224,-31.9917,18.32,G09016;G09017
874272620,154.0502,-31.6727,17.09,G09016;G09017;G09102;G09166
874273503,153.9604,-31.5637,17.7,G09016;G09017
874278066,154.1883,-31.1449,10.89,G09180
874279147,153.896,-30.9443,18.89,G09016;G09017
874280351,154.5067,-31.1049,18.62,G09016;G09017
874281866,155.0629,-30.6766,18.62,G09016;G09017
874286521,156.2439,-31.1274,18.96,G09016;G09017
874292004,156.1838,-30.3503,16.6,G09016;G09102;G09017
874295753,156.9363,-30.0602,18.91,G09016;G09017
874296136,157.1843,-29.8908,19.06,G09016;G09017
874302955,155.0775,-30.0098,20.12,G09025
874306048,155.82,-29.7192,18.54,G09016;G09017
874307377,156.2135,-29.3331,19.7,G09041
874310063,156.1004,-28.9559,17.28,G09016;G09102;G09017;G09166
874310592,153.161,-31.2657,18.84,G09016;G09017
874316413,153.1535,-30.3559,18.84,G09016;G09017
874328542,152.7797,-29.5653,19.11,G09016
874335855,154.4066,-29.626,18.94,G09016;G09017
874339385,154.861,-29.0797,17.64,G09102
874339411,154.8341,-29.0787,19.12,G09016;G09017
874341531,155.3233,-28.8277,19.21,G09016
874344078,155.0284,-28.465,19.18,G09016;G09017
874346261,153.9324,-28.9826,17.72,G09016;G09102;G09017
874351627,154.4839,-28.4146,17.19,G09016;G09017;G09102
874352290,155.0558,-28.2234,18.7,G09016;G09017
874353372,154.9908,-27.8274,19.19,G09016
874357769,148.7621,-32.4139,19.17,G09016
874363954,149.035,-31.932,18.73,G09016;G09017
874366362,149.847,-31.8903,19.15,G09016
874367751,149.5496,-31.627,18.64,G09016;G09017
874383420,148.2492,-31.0463,17.05,G09102;20SECONDTARGET
874385247,149.1824,-31.0333,17.86,G09016;G09102;G09017;G09166
874388421,149.3811,-30.4705,17.78,G09102
874391794,148.8706,-30.4439,18.87,G09016;G09017
874396393,150.7552,-30.4338,19.21,G09016
874397483,149.934,-30.7434,17.06,G09102;G09166
874399132,150.621,-30.3384,18.71,G09016;G09017
874405858,151.1636,-29.7227,18.75,G09016;G09017
874408240,149.5867,-30.4037,18.91,G09016;G09017
874409272,150.126,-30.1775,18.57,G09016;G09017
874409462,150.1123,-30.1326,18.34,G09016;G09017
874418786,150.1239,-29.307,17.25,G09016;G09017;G09102;G09166
874420197,150.4334,-29.0263,18.25,G09016;G09017
874421281,150.4236,-28.8281,17.99,G09102
874423125,147.451,-30.9664,18.78,G09016;G09017
874424683,148.1254,-30.7412,18.18,G09016;G09017;G09166
874424701,148.0846,-30.7193,18.25,G09016;G09017
874434479,148.7196,-29.9315,19.07,G09016
874441998,147.5637,-30.0692,17.54,G09016;G09102;G09017;G09166
874465435,150.324,-28.7259,18.57,G09016;G09017
874467369,149.587,-28.6114,18.08,G09016;G09017
874467918,149.3946,-28.5959,18.66,G09016;G09017
874470161,148.4523,-29.1683,18.87,G09016;G09017
874472035,148.7628,-28.8453,18.21,G09016;G09017
874473690,148.0351,-28.9269,17.72,G09016;G09102;G09017;G09166
874474709,147.9035,-28.6988,18.15,G09016;G09017
874474832,147.7401,-28.6874,17.47,G09016;G09102;G09017;G09166
874478099,148.8721,-28.4386,17.81,G09016;G09102;G09017;G09166
874478551,149.0402,-28.2465,18.63,G09016;G09017
874479738,149.6367,-27.8309,19.23,G09025;G09041
874487923,151.3671,-29.1953,18.88,G09016;G09017
874495216,152.5351,-28.1471,17.92,G09016;G09017
874502390,151.6985,-28.1317,18.68,G09016;G09017
874506038,151.7687,-27.6951,16.7,G09102
874508305,153.6197,-27.9703,19.1,G09016
874515874,154.2685,-26.952,18.57,G09016;G09017
874516459,153.9509,-26.8331,19.01,G09016
874517110,152.7239,-27.6614,18.1,G09016;G09017
874518385,153.0952,-27.2795,18.26,G09016;G09017
874518399,153.0444,-27.2604,8.84,G09194
874522788,153.1965,-26.7384,18.09,G09166
874525826,153.3957,-26.192,17.16,G09102
874528581,150.9612,-27.9708,18.59,G09016;G09017
874533110,151.4502,-27.622,18.34,G09016;G09017
874533806,151.1317,-27.5495,17.68,G09016;G09102;G09017
874535432,150.8465,-27.5104,18.71,G09016;G09017
874536664,150.7491,-27.1538,18.69,G09016;G09017
874538431,149.6488,-27.8336,17.76,G09166
874540772,149.8638,-27.3232,19.16,G09016
874547927,150.2475,-26.6621,18.35,G09016;G09017
874550224,150.5035,-26.1614,17.59,G09102
874550679,151.9286,-27.1522,18.86,G09016;G09017
874553612,151.6926,-26.6076,18.43,G09016;G09017
874555374,151.6256,-26.1906,17.84,G09016;G09102;G09017;G09166
874556729,152.6646,-26.1622,17.59,G09016;G09102;G09017;G09166
874572162,157.6901,-29.7822,18.89,G09016;G09017
874574507,157.7669,-29.1019,18.0,G09016;G09017;G09166
874575996,157.4331,-29.2152,17.18,G09016;G09017;G09102;G09166
874577772,158.3272,-28.8657,19.19,G09016
874580286,158.0932,-28.537,17.49,G09016;G09017;G09102;G09166
874581081,158.3227,-28.4842,18.76,G09041
874582338,156.8962,-29.1028,18.66,G09016;G09017
874582916,156.7426,-28.962,18.72,G09016;G09017
874585646,156.4436,-28.574,18.42,G09016;G09017
874588178,157.396,-28.153,19.17,G09016
874589139,157.6651,-27.9109,18.44,G09016;G09017
874589210,157.8789,-27.9151,17.88,G09016;G09017
874592235,159.2266,-28.2881,18.75,G09016;G09017
874595536,158.8686,-27.8702,19.68,G09025
874597298,159.8315,-27.5097,18.94,G09016;G09017
874599849,159.619,-26.9984,19.28,G09016
874601151,158.4468,-27.5686,18.71,G09016;G09017
874602809,158.4959,-27.2098,17.3,G09016;G09017;G09166
874604183,158.2153,-27.2319,18.95,G09016;G09017
874610193,156.2078,-28.3699,19.13,G09016;G09017
874610371,156.282,-28.2268,18.16,G09016;G09017
874616635,157.153,-27.1703,17.37,G09102;G09166
874617547,156.4048,-27.2672,19.14,G09016
874617599,156.1821,-27.2996,18.72,G09016;G09017
874620432,155.676,-27.4231,18.04,G09016;G09017
874622942,155.659,-26.9885,18.94,G09016;G09017
874623019,155.4987,-26.9846,18.08,G09016;G09017
874623068,155.5118,-26.9108,17.44,G09102;G09166
874623734,155.3844,-26.6222,19.02,G09016
874624056,156.2598,-27.0667,18.8,G09016;G09017
874624700,156.21,-26.7764,18.42,G09016;G09017
874624977,156.5036,-26.7617,17.59,G09016;G09102;G09017
874672519,154.804,-26.5749,18.72,G09016;G09017
875398950,149.0243,-26.3361,18.13,G09016;G09017
875399345,149.2386,-26.1597,17.51,G09102
875401675,149.7653,-26.0871,18.88,G09016;G09017
875403301,149.4693,-26.1898,19.16,G09016
875404086,149.2845,-26.0198,17.63,G09016;G09102;G09017;G09166
875404497,149.5078,-25.8365,18.16,G09016;G09017
875406421,148.5065,-26.4454,18.87,G09016;G09017
875407595,148.3547,-26.1463,18.37,G09016;G09017
875409654,148.0393,-26.1277,19.12,G09016
942516526,160.4099,-37.394,19.07,G09016
942530263,160.4473,-36.665,19.27,G09016
942573989,160.4975,-35.324,18.75,G09016;G09017
942593202,160.1155,-33.1698,18.65,G09016;G09017
942787844,160.3818,-32.7122,18.97,G09016;G09017
942788057,160.1695,-32.6424,18.83,G09016;G09017
942829998,160.5339,-29.3195,19.18,G09016
942840867,160.1173,-27.9664,17.05,G09016;G09102;G09017;G09166
942841320,160.2664,-27.6974,18.39,G09016;G09017
942917452,160.1286,-26.8889,19.23,G09016
